Title,Company,Location,URL,Description,Tags,Salary,Source,Scraped At
Pastry Chef Commi II,Esbe restaurants llc,Dubai,https://ae.indeed.com/rc/clk?jk=50d461b20b76173d&bb=kSrMiOeR2fbyp-EEhd8PNwOCSSvcsSd73EJ17i12SaVNo-NZQHT-BYC2Vox-oufMwOm6evY_kJayJ0EGCEIRGwmOcJYBD3xFC83CLfm0w2tMLWLNtFL76V38QPSwhi98P83_Z-wS6zo5J84Jvb83bw%3D%3D&xkcb=SoC567M3iLOLN-T42x0MbzkdCdPP&rjs=0&qd=Xd-cji1-rrfYy0m8LpokE8dF20pwsUrmctm8cTGFOXDOAPLLNYb6wmUg8gjYJafwpsXE23qShaYtGgdtUJu_X5BBGG-ayCiM-gQi8HpsYsLtZozk31ERKPJGlDLUboAG50chrnGX4B46HyqhlSj9xMohy02t3MX0n-6xoRHLk5Oh8V2c0duIS4mZo0TAq11Zl61No7XvcMPz961yBIpblougDO3NlIXerppYqweTrkxdIR2u4KVXi5XGrbZ08pfBgjrEyAE0GkSkYu3jG0wyzz3Y1gCYqZnOBVg83E4dTUME3myYFpBsHQ4QBab9PatwWOxvghNOg8rM6Po_qXQU-g&atk=1jqb3179ghmvo801,"Shop # 02, Ground Floor, AI Raffa Building C, Kuwait St. Mankhool, Dubai, U.A.E.*. As a Pastry Commis II you are responsible for preparing a wide variety of delicious desserts, pastries, and sweet…",,,indeed_ae,2026-06-05 05:10:29.672736+00:00
Pastry Sous Chef,Esbe restaurants llc,Dubai,https://ae.indeed.com/rc/clk?jk=eeafbd46db6cae1d&bb=kSrMiOeR2fbyp-EEhd8PN_ruokImbhbqd74JXo6mxxAicAu80eEdMYm20SQOW0RDyCW5ecxyaulM_uNSKDMcjdemtTjD5sTECgQxYX-NQCJ90kG3fVHnQ2-Y-3R3peL35GPkXV9HoizWJZIYLCLSCA%3D%3D&xkcb=SoAN67M3iLOLN-T42x0NbzkdCdPP&rjs=0&qd=Xd-cji1-rrfYy0m8LpokE8dF20pwsUrmctm8cTGFOXDOAPLLNYb6wmUg8gjYJafwpsXE23qShaYtGgdtUJu_X5BBGG-ayCiM-gQi8HpsYsLtZozk31ERKPJGlDLUboAG50chrnGX4B46HyqhlSj9xMohy02t3MX0n-6xoRHLk5Oh8V2c0duIS4mZo0TAq11Zl61No7XvcMPz961yBIpblougDO3NlIXerppYqweTrkxdIR2u4KVXi5XGrbZ08pfBgjrEyAE0GkSkYu3jG0wyzz3Y1gCYqZnOBVg83E4dTUME3myYFpBsHQ4QBab9PatwWOxvghNOg8rM6Po_qXQU-g&atk=1jqb3179ghmvo801,"Shop # 02, Ground Floor, AI Raffa Building C, Kuwait St. Mankhool, Dubai, U.A.E.*. The Pastry & Cake Sous Chef is responsible for assisting in managing the pastry section of the kitchen, specializing…",,,indeed_ae,2026-06-05 05:10:29.626962+00:00
Continental Chef Commi I,Esbe restaurants llc,Dubai,https://ae.indeed.com/rc/clk?jk=7cccd5b4150e9935&bb=kSrMiOeR2fbyp-EEhd8PN8bCd6gtdLWVhkPFbAnvRhMkWtA_vr6NcKaIMhy5Ay7qdf1C8AW-poaEXsJtY_4p6c4BxW0FruKoKKnbB1zqC3H8rDYbZu9QAjH48PYhBtnaexc5ZBL_-G8FFRhM9hmyOg%3D%3D&xkcb=SoCQ67M3iLOLN-T42x0ObzkdCdPP&rjs=0&qd=Xd-cji1-rrfYy0m8LpokE8dF20pwsUrmctm8cTGFOXDOAPLLNYb6wmUg8gjYJafwpsXE23qShaYtGgdtUJu_X5BBGG-ayCiM-gQi8HpsYsLtZozk31ERKPJGlDLUboAG50chrnGX4B46HyqhlSj9xMohy02t3MX0n-6xoRHLk5Oh8V2c0duIS4mZo0TAq11Zl61No7XvcMPz961yBIpblougDO3NlIXerppYqweTrkxdIR2u4KVXi5XGrbZ08pfBgjrEyAE0GkSkYu3jG0wyzz3Y1gCYqZnOBVg83E4dTUME3myYFpBsHQ4QBab9PatwWOxvghNOg8rM6Po_qXQU-g&atk=1jqb3179ghmvo801,"Shop # 02, Ground Floor, AI Raffa Building C, Kuwait St. Mankhool, Dubai, U.A.E.*. Assist DCDP/CDP with basic prep and cooking tasks. Learn and perform simple cooking techniques under supervision (…",,,indeed_ae,2026-06-05 05:10:29.579610+00:00
Real Estate Sales Agent – Spanish Speaker,Metropolitan Capital Real Estate,Abu Dhabi,https://ae.indeed.com/rc/clk?jk=9b9c3a2f463d9daf&bb=kSrMiOeR2fbyp-EEhd8PNy2H39--Uid6YGnNfU3MF98lkMFlG9TWK3Lr4gY0-57tCi7RATqIoYX-OF5APjhx0CPGQ1EZT_wFFkZYWegXu9KbMVKn6CkrwB6zlKy-EnvqDoxyuflYOkywhbv_LxrTkQ%3D%3D&xkcb=SoAk67M3iLOLN-T42x0PbzkdCdPP&rjs=0&qd=Xd-cji1-rrfYy0m8LpokE8dF20pwsUrmctm8cTGFOXDOAPLLNYb6wmUg8gjYJafwpsXE23qShaYtGgdtUJu_X5BBGG-ayCiM-gQi8HpsYsLtZozk31ERKPJGlDLUboAG50chrnGX4B46HyqhlSj9xMohy02t3MX0n-6xoRHLk5Oh8V2c0duIS4mZo0TAq11Zl61No7XvcMPz961yBIpblougDO3NlIXerppYqweTrkxdIR2u4KVXi5XGrbZ08pfBgjrEyAE0GkSkYu3jG0wyzz3Y1gCYqZnOBVg83E4dTUME3myYFpBsHQ4QBab9PatwWOxvghNOg8rM6Po_qXQU-g&atk=1jqb3179ghmvo801,Experience in real estate sales or client‑facing roles is preferred. Ability to build trust with international clients and high‑net‑worth individuals. Valid UAE driving license and access to a car.,,,indeed_ae,2026-06-05 05:10:29.537189+00:00
Massage Therapist (Female),Blaura Wellness and Fitness Center LLC,Dubai,https://ae.indeed.com/rc/clk?jk=598c90c31804e11f&bb=kSrMiOeR2fbyp-EEhd8PNyTOyLiof3ddf_BMs5NHLlkT_ldF9HnZ6dH94Xrjp6792upaA2XHeHYUsSMwtqm7qLLF1EEeanFDnTUFB7FUMU56YHiPqy7FLzHYEKDC-enG5ZaO3-cvygiF9IL0Rm1IMg%3D%3D&xkcb=SoCq67M3iLOLN-T42x0IbzkdCdPP&rjs=0&qd=Xd-cji1-rrfYy0m8LpokE8dF20pwsUrmctm8cTGFOXDOAPLLNYb6wmUg8gjYJafwpsXE23qShaYtGgdtUJu_X5BBGG-ayCiM-gQi8HpsYsLtZozk31ERKPJGlDLUboAG50chrnGX4B46HyqhlSj9xMohy02t3MX0n-6xoRHLk5Oh8V2c0duIS4mZo0TAq11Zl61No7XvcMPz961yBIpblougDO3NlIXerppYqweTrkxdIR2u4KVXi5XGrbZ08pfBgjrEyAE0GkSkYu3jG0wyzz3Y1gCYqZnOBVg83E4dTUME3myYFpBsHQ4QBab9PatwWOxvghNOg8rM6Po_qXQU-g&atk=1jqb3179ghmvo801,"Experience in fitness recovery or sports therapy environments. Multilingual skills (Arabic or other languages a plus). Exposure to VIP clients, celebrities, or elite memberships.",,,indeed_ae,2026-06-05 05:10:29.490400+00:00
German-Speaking Property Specialist,Metropolitan Capital Real Estate,Abu Dhabi,https://ae.indeed.com/rc/clk?jk=bc302f9d11d899d2&bb=kSrMiOeR2fbyp-EEhd8PN4M0H1W7Qn-EHiFkXc89n8EXDDodhGfzX8D2yZI3sPTR6RTmnBRJ7nf1ScYn_OzxMIwcp46m9kCpFGbVFtdfIDhAyBYNgENdq03eoeNintNLl_m-Lbc_71n9pU6tw-akKQ%3D%3D&xkcb=SoAe67M3iLOLN-T42x0JbzkdCdPP&rjs=0&qd=Xd-cji1-rrfYy0m8LpokE8dF20pwsUrmctm8cTGFOXDOAPLLNYb6wmUg8gjYJafwpsXE23qShaYtGgdtUJu_X5BBGG-ayCiM-gQi8HpsYsLtZozk31ERKPJGlDLUboAG50chrnGX4B46HyqhlSj9xMohy02t3MX0n-6xoRHLk5Oh8V2c0duIS4mZo0TAq11Zl61No7XvcMPz961yBIpblougDO3NlIXerppYqweTrkxdIR2u4KVXi5XGrbZ08pfBgjrEyAE0GkSkYu3jG0wyzz3Y1gCYqZnOBVg83E4dTUME3myYFpBsHQ4QBab9PatwWOxvghNOg8rM6Po_qXQU-g&atk=1jqb3179ghmvo801,Experience in real estate sales or client‑facing roles is preferred. Ability to build trust with international clients and high‑net‑worth individuals. Valid UAE driving license and access to a car.,,,indeed_ae,2026-06-05 05:10:29.411103+00:00
Real Estate Sales Agent – Mandarin & English,Metropolitan Capital Real Estate,Abu Dhabi,https://ae.indeed.com/rc/clk?jk=cd3de83f670f8d0a&bb=kSrMiOeR2fbyp-EEhd8PN0NLLeVFv9ZpRIvPaOPMtsUOLdjR2qml6mkDEQzZLonfGFfPbWmTiP3Mx8HJHFwDtKsnWnqBeS-xlX8Ie3YllLnxkZ49xzml0HMLMbAm-dQkAinECgTCleS_ML5VjuZEyg%3D%3D&xkcb=SoCD67M3iLOLN-T42x0KbzkdCdPP&rjs=0&qd=Xd-cji1-rrfYy0m8LpokE8dF20pwsUrmctm8cTGFOXDOAPLLNYb6wmUg8gjYJafwpsXE23qShaYtGgdtUJu_X5BBGG-ayCiM-gQi8HpsYsLtZozk31ERKPJGlDLUboAG50chrnGX4B46HyqhlSj9xMohy02t3MX0n-6xoRHLk5Oh8V2c0duIS4mZo0TAq11Zl61No7XvcMPz961yBIpblougDO3NlIXerppYqweTrkxdIR2u4KVXi5XGrbZ08pfBgjrEyAE0GkSkYu3jG0wyzz3Y1gCYqZnOBVg83E4dTUME3myYFpBsHQ4QBab9PatwWOxvghNOg8rM6Po_qXQU-g&atk=1jqb3179ghmvo801,Experience in real estate sales or client‑facing roles is preferred. Ability to build trust with international clients and high‑net‑worth individuals. Valid UAE driving license and access to a car.,,,indeed_ae,2026-06-05 05:10:29.345939+00:00
Sales and Branch In charge - Retail Flower Shop,Black Tulip Flowers,Dubai,https://ae.indeed.com/rc/clk?jk=1df8e32414fdfa41&bb=kSrMiOeR2fbyp-EEhd8PN9iFPPmPyDbFDH6dhffmzBCA1iaplLBNVWLYelxv8LLCqJwV8c_R9_R4LJkS6t_OYyzBxGNRYcX_AGVy-5sAGjt1QbVOJUYV-BFtTfzW6CVwDzcaWrbrfNVilh4gwz30WA%3D%3D&xkcb=SoA367M3iLOLN-T42x0LbzkdCdPP&rjs=0&qd=Xd-cji1-rrfYy0m8LpokE8dF20pwsUrmctm8cTGFOXDOAPLLNYb6wmUg8gjYJafwpsXE23qShaYtGgdtUJu_X5BBGG-ayCiM-gQi8HpsYsLtZozk31ERKPJGlDLUboAG50chrnGX4B46HyqhlSj9xMohy02t3MX0n-6xoRHLk5Oh8V2c0duIS4mZo0TAq11Zl61No7XvcMPz961yBIpblougDO3NlIXerppYqweTrkxdIR2u4KVXi5XGrbZ08pfBgjrEyAE0GkSkYu3jG0wyzz3Y1gCYqZnOBVg83E4dTUME3myYFpBsHQ4QBab9PatwWOxvghNOg8rM6Po_qXQU-g&atk=1jqb3179ghmvo801,Procurement - Coordinate with the respective personnel to ensure customer requested products are imported on time or purchased locally for delivery. Must have UAE driving license*.,,,indeed_ae,2026-06-05 05:10:29.286908+00:00
Real Estate Agent - Abu Dhabi,Top of the Top Properties,Abu Dhabi,https://ae.indeed.com/rc/clk?jk=7f97135122ce3b2a&bb=74dC8xJgBj5688lmFGbbsKcOzDMYlyuZbKleISS_IVzEYwuYCCqHyV-cPxQCc19m1twLgJpS6S9FGCPUNQmNXFO_pqGRyYqE85YnAGGiST5bBcybnc0viI-uHG__ApVvwNMiYdS4ShdyNHjcTpKS1A%3D%3D&xkcb=SoAE67M3iLOLiNT43J0TbzkdCdPP&rjs=0&qd=Xd-cji1-rrfYy0m8LpokE8dF20pwsUrmctm8cTGFOXDOAPLLNYb6wmUg8gjYJafwpsXE23qShaYtGgdtUJu_X5BBGG-ayCiM-gQi8HpsYsLtZozk31ERKPJGlDLUboAG50chrnGX4B46HyqhlSj9xMohy02t3MX0n-6xoRHLk5Oh8V2c0duIS4mZo0TAq11Zl61No7XvcMPz961yBIpblougDO3NlIXerppYqweTrkxdIR2u4KVXi5XGrbZ08pfBgjrEyAE0GkSkYu3jG0wyzz3Y1gCYqZnOBVg83E4dTUO1yh5oo3Lv2qPCnIfwhIiZWOxvghNOg8rM6Po_qXQU-g&atk=1jqb312fhhmvh801,Bachelor’s degree or equivalent experience. Real estate license (or willingness to obtain one). Abu Dhabi: Reliably commute or planning to relocate before starting work (Preferred).,,,indeed_ae,2026-06-05 05:10:25.817534+00:00
Off Plan Tele sales Executive (Female),Realtree Properties,Dubai,https://ae.indeed.com/rc/clk?jk=4755ca8d32f08704&bb=74dC8xJgBj5688lmFGbbsJmJYX2M8_NQqLrWQYk9YRHZQnYw9YA6d4cC6lOlLRO4HIu-XEoNHjP5osh2jirii2Rqw4-eJ0AOlaqOsW0Q8kfn1M1jO5RG8regOQ1ErRFSr-6g_1qOGuqtAmko8FcbDQ%3D%3D&xkcb=SoDt67M3iLOLiNT43J0cbzkdCdPP&rjs=0&qd=Xd-cji1-rrfYy0m8LpokE8dF20pwsUrmctm8cTGFOXDOAPLLNYb6wmUg8gjYJafwpsXE23qShaYtGgdtUJu_X5BBGG-ayCiM-gQi8HpsYsLtZozk31ERKPJGlDLUboAG50chrnGX4B46HyqhlSj9xMohy02t3MX0n-6xoRHLk5Oh8V2c0duIS4mZo0TAq11Zl61No7XvcMPz961yBIpblougDO3NlIXerppYqweTrkxdIR2u4KVXi5XGrbZ08pfBgjrEyAE0GkSkYu3jG0wyzz3Y1gCYqZnOBVg83E4dTUO1yh5oo3Lv2qPCnIfwhIiZWOxvghNOg8rM6Po_qXQU-g&atk=1jqb312fhhmvh801,Experience in Tele sales or Telemarketing. Telesales or Sales: 2 years (Required). Proven track record in Tele sales or sales. Minimum experience of one year in the Dubai Real Estate market Offplan.,,,indeed_ae,2026-06-05 05:10:25.770690+00:00
Senior Structural Engineer with G+12 License from Dubai Municipality,Al Anwar Architectural Engineering Consultancies...,Dubai,https://ae.indeed.com/rc/clk?jk=0c6909717ab57d75&bb=74dC8xJgBj5688lmFGbbsPFeM_by-jyMEK08qHks4bvosfo7pzPUxI-_PhcJBwbXsRCjVR3VzhyjSrNnMMW2sBwcxehRX-Q3pGXxq-Ts0K6jFv0VIsulVwOcMETT3e8JvEO3mQgwXRSl30SEmzKMkw%3D%3D&xkcb=SoBZ67M3iLOLiNT43J0dbzkdCdPP&rjs=0&qd=Xd-cji1-rrfYy0m8LpokE8dF20pwsUrmctm8cTGFOXDOAPLLNYb6wmUg8gjYJafwpsXE23qShaYtGgdtUJu_X5BBGG-ayCiM-gQi8HpsYsLtZozk31ERKPJGlDLUboAG50chrnGX4B46HyqhlSj9xMohy02t3MX0n-6xoRHLk5Oh8V2c0duIS4mZo0TAq11Zl61No7XvcMPz961yBIpblougDO3NlIXerppYqweTrkxdIR2u4KVXi5XGrbZ08pfBgjrEyAE0GkSkYu3jG0wyzz3Y1gCYqZnOBVg83E4dTUO1yh5oo3Lv2qPCnIfwhIiZWOxvghNOg8rM6Po_qXQU-g&atk=1jqb312fhhmvh801,Bachelor’s or Master’s Degree in Structural or Civil Engineering. Provide technical guidance and mentorship to junior engineers and drafters. Demonstrated experience handling full-cycle approval…,,,indeed_ae,2026-06-05 05:10:25.725673+00:00
"Receptionist / Admin Assistant ( Female , English and Arabic speaker )",House of Skincare Clinic,Abu Dhabi,https://ae.indeed.com/pagead/clk?mo=r&ad=-6NYlbfkN0B-GLCrAPOYR8qS7qBlEPvJojsJdHYsBTfVT092uHg8DaayUBD8ARUAew1Vcew0_RME8BAbyLmsT3TlZw9msUhs7KdRU1a_DzHg4mv1DWYbQZPZS_XQcvN2Q2Q5LlcmNdNgtXL8B580l0T96IasSs6z7l2o_Z3XKSl7eTVNdwUYWRRSvqjxpWARQtUZnvcGaLZcQl3I8sRfNDmK3Hj9miZbfjJNdQ8F6HAHfN6O1ZvpagAxenrY0XpM53zQJOHLE_fOHFCvFNdfUhMwAP2L_JhtW-lUZWoZnUOd4yZplq942frppoH1qcki4u4lker6JZ0LAxQ1czg3IWtUqf0HjxeyXVtATLgs7CffKBeD7N_3_8IPLqEE95z3dz_1ExMkiKvgt8oE8zGWQRlc_lLxIRuq0iZPTN_VcmgpX5Sj6biyhg740VliAX7-_7cdC-MP2isOBSSJhGZvoYm0fRU9eeMFnGHLO14SfUf-saGu7xXPrhTJU0vkc0mUZrFxOKAnxbC-tSEJpe0ySIrdu5wizTfQ8g1ntDSQloEVQjQKg6FrStkol68DA6BFcapWkHCx8UxSglLHCrkZrbbyz2Kc0mLsZRvxIXqIMv6x7vOyHGw3r5W4CsM4FGig4saIezY7swNFNvoMW0ObG4UiNdA67NDvCK3cT2r0rCnO5XtP_NL83eDo3O_u2UwKhYvptgFVusVnJQllrksl0BkCVNF8GR4IPTiwgpMXClaJexJUtBm9JgdZ9XrGsOksMdxPx-USzbPwkSncHG07FwntFWdNU9olH3KqOsITOIiaXuD_gnHXvwCkdO1FJY_2tW1F47HjM2y_i02WMOzUK2GOAiN4P5sSIJOnzvD0loyEzQ4TKDY4bP8u1IedNbfkw1t0bY2oM8l41veSl2seBx5Po5gwvwLTbik3zx97w84GKzDy272GKMmZsMD4BLyeFl0peMWh8e-ZZMc6ND4j8WQseN8fW6RqgsiXaVTB9LnzHleZqS8vkQjWcc0glo72&xkcb=SoAw6_M3iLOLiNT43J0ebzkdCdPP&camk=C3EPSzFlQw_kHUSWVh55Ng==&p=21&atk=1jqb312fhhmvh801,"Ability to work under pressure and react effectively to emergency situations. Abu Dhabi: Reliably commute or planning to relocate before starting work (Preferred). Job Types: Full-time, Permanent.",,,indeed_ae,2026-06-05 05:10:25.651105+00:00
Real Estate Broker - Spanish Speaker,Metropolitan Capital Real Estate,Abu Dhabi,https://ae.indeed.com/rc/clk?jk=d0f12d44b738a93d&bb=74dC8xJgBj5688lmFGbbsL86ihV_NUATN_wSzg17YpjXIPbPBw34220GDf3EXSdVQA-cp4SzJEU4MOS5ER50Ur6xuIOcsVkoDuMMAGDSsoa6S0xDG6PI2hJwBeePAmTGjMoZd-G4nRxsvslnIUECBA%3D%3D&xkcb=SoBw67M3iLOLiNT43J0fbzkdCdPP&rjs=0&qd=Xd-cji1-rrfYy0m8LpokE8dF20pwsUrmctm8cTGFOXDOAPLLNYb6wmUg8gjYJafwpsXE23qShaYtGgdtUJu_X5BBGG-ayCiM-gQi8HpsYsLtZozk31ERKPJGlDLUboAG50chrnGX4B46HyqhlSj9xMohy02t3MX0n-6xoRHLk5Oh8V2c0duIS4mZo0TAq11Zl61No7XvcMPz961yBIpblougDO3NlIXerppYqweTrkxdIR2u4KVXi5XGrbZ08pfBgjrEyAE0GkSkYu3jG0wyzz3Y1gCYqZnOBVg83E4dTUO1yh5oo3Lv2qPCnIfwhIiZWOxvghNOg8rM6Po_qXQU-g&atk=1jqb312fhhmvh801,Experience in real estate brokerage or sales is preferred. Ability to build trust with international clients and high‑net‑worth individuals. Full‑Time | On‑Site | High Commission Earnings | Spanish‑…,,,indeed_ae,2026-06-05 05:10:25.597419+00:00
Luxury Property Sales Advisor,Metropolitan Capital Real Estate,Abu Dhabi,https://ae.indeed.com/rc/clk?jk=42f43f38fee71860&bb=74dC8xJgBj5688lmFGbbsPKonpZzvYp559wHrCXRU0rsfsPOItIrAmjSu-mw4RgJkNzI6Tq6BiRY9UTMI5Xh-F7HszBa0CjEaJk0Ede2GS5o3-xJ59ZxHrmNBtqHqjeWEEUGYT_Js060-uostNJdMg%3D%3D&xkcb=SoD-67M3iLOLiNT43J0YbzkdCdPP&rjs=0&qd=Xd-cji1-rrfYy0m8LpokE8dF20pwsUrmctm8cTGFOXDOAPLLNYb6wmUg8gjYJafwpsXE23qShaYtGgdtUJu_X5BBGG-ayCiM-gQi8HpsYsLtZozk31ERKPJGlDLUboAG50chrnGX4B46HyqhlSj9xMohy02t3MX0n-6xoRHLk5Oh8V2c0duIS4mZo0TAq11Zl61No7XvcMPz961yBIpblougDO3NlIXerppYqweTrkxdIR2u4KVXi5XGrbZ08pfBgjrEyAE0GkSkYu3jG0wyzz3Y1gCYqZnOBVg83E4dTUO1yh5oo3Lv2qPCnIfwhIiZWOxvghNOg8rM6Po_qXQU-g&atk=1jqb312fhhmvh801,"Build and manage a portfolio of high‑net‑worth clients, investors, and referral partners. Proven experience in luxury real estate, premium sales, or high‑end client services.",,,indeed_ae,2026-06-05 05:10:25.552839+00:00
Senior Civil / Architectural Engineer – 10+ Years Experience for Company Classification in Abu Dhabi,CHINA JIANGSU INTERNATIONAL ECONOMIC AND TECHNICAL...,Remote,https://ae.indeed.com/rc/clk?jk=fd1fa8bb423eec45&bb=74dC8xJgBj5688lmFGbbsFLfU7jA5bsZFRW9cGDru4k7sZJsPNbFkZyrYPkFc88OpbPb-1Bwwi2ReD1qRqFajiUpsB_tapR2d_8kPwH2WU6Q_64729A0jjQAQY0DkeecNj940egzjeNXPQrrZICPgg%3D%3D&xkcb=SoBK67M3iLOLiNT43J0ZbzkdCdPP&rjs=0&qd=Xd-cji1-rrfYy0m8LpokE8dF20pwsUrmctm8cTGFOXDOAPLLNYb6wmUg8gjYJafwpsXE23qShaYtGgdtUJu_X5BBGG-ayCiM-gQi8HpsYsLtZozk31ERKPJGlDLUboAG50chrnGX4B46HyqhlSj9xMohy02t3MX0n-6xoRHLk5Oh8V2c0duIS4mZo0TAq11Zl61No7XvcMPz961yBIpblougDO3NlIXerppYqweTrkxdIR2u4KVXi5XGrbZ08pfBgjrEyAE0GkSkYu3jG0wyzz3Y1gCYqZnOBVg83E4dTUO1yh5oo3Lv2qPCnIfwhIiZWOxvghNOg8rM6Po_qXQU-g&atk=1jqb312fhhmvh801,Minimum 10 years of total professional experience in Civil Engineering or Architectural Engineering. Must have a valid or eligible *Engineering Practicing License / Engineer Registration /…,,,indeed_ae,2026-06-05 05:10:25.510287+00:00
Real Estate Sales Agent – Turkish Speaker,Metropolitan Capital Real Estate,Abu Dhabi,https://ae.indeed.com/rc/clk?jk=626863af2e8fa45a&bb=74dC8xJgBj5688lmFGbbsONjl0XOiJkRFENNVVqm8JBjgD7znoDf7RzN8XVH83suSWbvwIBAWTvHb15bBG-BooaqfzeqnkR3SLrd9xASocjymB1ROgzgS8FbbynayZglCnxffRIk4VgOit7xpxbmqA%3D%3D&xkcb=SoDX67M3iLOLiNT43J0abzkdCdPP&rjs=0&qd=Xd-cji1-rrfYy0m8LpokE8dF20pwsUrmctm8cTGFOXDOAPLLNYb6wmUg8gjYJafwpsXE23qShaYtGgdtUJu_X5BBGG-ayCiM-gQi8HpsYsLtZozk31ERKPJGlDLUboAG50chrnGX4B46HyqhlSj9xMohy02t3MX0n-6xoRHLk5Oh8V2c0duIS4mZo0TAq11Zl61No7XvcMPz961yBIpblougDO3NlIXerppYqweTrkxdIR2u4KVXi5XGrbZ08pfBgjrEyAE0GkSkYu3jG0wyzz3Y1gCYqZnOBVg83E4dTUO1yh5oo3Lv2qPCnIfwhIiZWOxvghNOg8rM6Po_qXQU-g&atk=1jqb312fhhmvh801,Experience in real estate sales or client‑facing roles is preferred. Ability to build trust with international clients and high‑net‑worth individuals. Valid UAE driving license and access to a car.,,,indeed_ae,2026-06-05 05:10:25.446546+00:00
"Senior Manager/ Manager, Institutional Sales",Crypto.com,Remote in Dubai,https://ae.indeed.com/rc/clk?jk=629b27a1da1f1046&bb=74dC8xJgBj5688lmFGbbsPGNPis7VNFu4DbXq73Nk0UkqZWf8Pwh1PKAAyqC8JJrYubLC3o813kRJ66dD75jISgNitkRPBu-2oCY_9CGSXbbRK_sr_vNq49iKP3nnHYU3KP2t4_xiUgpryWzRGIA5A%3D%3D&xkcb=SoBj67M3iLOLiNT43J0bbzkdCdPP&rjs=0&qd=Xd-cji1-rrfYy0m8LpokE8dF20pwsUrmctm8cTGFOXDOAPLLNYb6wmUg8gjYJafwpsXE23qShaYtGgdtUJu_X5BBGG-ayCiM-gQi8HpsYsLtZozk31ERKPJGlDLUboAG50chrnGX4B46HyqhlSj9xMohy02t3MX0n-6xoRHLk5Oh8V2c0duIS4mZo0TAq11Zl61No7XvcMPz961yBIpblougDO3NlIXerppYqweTrkxdIR2u4KVXi5XGrbZ08pfBgjrEyAE0GkSkYu3jG0wyzz3Y1gCYqZnOBVg83E4dTUO1yh5oo3Lv2qPCnIfwhIiZWOxvghNOg8rM6Po_qXQU-g&atk=1jqb312fhhmvh801,"Experience:4–8 years of experience in Institutional Sales, Business Development, or Relationship Management within FinTech, Traditional Finance, or a regulated derivatives/exchange environment.",,,indeed_ae,2026-06-05 05:10:25.405163+00:00
Real Estate Agent – Japanese Speaker,Metropolitan Capital Real Estate,Abu Dhabi,https://ae.indeed.com/rc/clk?jk=3ad8b4e30beb1f53&bb=74dC8xJgBj5688lmFGbbsEaut4OQy0W_XrFka1rjy6KtYP4z1FK0F3dJuvwRjnpxXsvb6o-YoJCGn6IbsI_BqVkznI_Q6Y-OuYTYusxkceoWkVgCdgZi9KRRDXApjL0EbZMsszWBp7_Njhf8IO7jKQ%3D%3D&xkcb=SoBE67M3iLOLiNT43J0EbzkdCdPP&rjs=0&qd=Xd-cji1-rrfYy0m8LpokE8dF20pwsUrmctm8cTGFOXDOAPLLNYb6wmUg8gjYJafwpsXE23qShaYtGgdtUJu_X5BBGG-ayCiM-gQi8HpsYsLtZozk31ERKPJGlDLUboAG50chrnGX4B46HyqhlSj9xMohy02t3MX0n-6xoRHLk5Oh8V2c0duIS4mZo0TAq11Zl61No7XvcMPz961yBIpblougDO3NlIXerppYqweTrkxdIR2u4KVXi5XGrbZ08pfBgjrEyAE0GkSkYu3jG0wyzz3Y1gCYqZnOBVg83E4dTUO1yh5oo3Lv2qPCnIfwhIiZWOxvghNOg8rM6Po_qXQU-g&atk=1jqb312fhhmvh801,Experience in real estate sales or client‑facing roles is preferred. Ability to build trust with international clients and high‑net‑worth individuals. Valid UAE driving license and access to a car.,,,indeed_ae,2026-06-05 05:10:25.355317+00:00
Real Estate Sales Agent – Luxury Properties,Metropolitan Capital Real Estate,Abu Dhabi,https://ae.indeed.com/rc/clk?jk=435a83b857d1c136&bb=74dC8xJgBj5688lmFGbbsIIBEAT1EojdaT5LUnn5AeO07ZHL19GY3kTd75xHY0EAGVP2vjewFyl9QjIrDZP_aWVO-NhM-ZgdJYpkV92cda45S7WgvtL5lgPYMU97vFHORCmrMrLYNWA-TLodTyyshw%3D%3D&xkcb=SoDw67M3iLOLiNT43J0FbzkdCdPP&rjs=0&qd=Xd-cji1-rrfYy0m8LpokE8dF20pwsUrmctm8cTGFOXDOAPLLNYb6wmUg8gjYJafwpsXE23qShaYtGgdtUJu_X5BBGG-ayCiM-gQi8HpsYsLtZozk31ERKPJGlDLUboAG50chrnGX4B46HyqhlSj9xMohy02t3MX0n-6xoRHLk5Oh8V2c0duIS4mZo0TAq11Zl61No7XvcMPz961yBIpblougDO3NlIXerppYqweTrkxdIR2u4KVXi5XGrbZ08pfBgjrEyAE0GkSkYu3jG0wyzz3Y1gCYqZnOBVg83E4dTUO1yh5oo3Lv2qPCnIfwhIiZWOxvghNOg8rM6Po_qXQU-g&atk=1jqb312fhhmvh801,"Build and manage a portfolio of high‑net‑worth clients, investors, and referral partners. Proven experience in luxury real estate, premium sales, or high‑end client services.",,,indeed_ae,2026-06-05 05:10:25.310444+00:00
Structural Design Engineer (Steel Structures) – 5 to 7 Years Experience,Rushdi and Partners General Contracting &...,Abu Dhabi,https://ae.indeed.com/rc/clk?jk=b03697fb7625d9d2&bb=74dC8xJgBj5688lmFGbbsFQQhySiwiYQGdf4uGzjiIUidIkEBnYDcr-PS33q3AvDW1zgwJ-sruy-Whi3UFG7iJaxJW_CTltt-Smm6zEoIt0CQZVDpe3xfPDVIxcISCslKBtZf_Fv7MwAOjTLAcJYFw%3D%3D&xkcb=SoBt67M3iLOLiNT43J0GbzkdCdPP&rjs=0&qd=Xd-cji1-rrfYy0m8LpokE8dF20pwsUrmctm8cTGFOXDOAPLLNYb6wmUg8gjYJafwpsXE23qShaYtGgdtUJu_X5BBGG-ayCiM-gQi8HpsYsLtZozk31ERKPJGlDLUboAG50chrnGX4B46HyqhlSj9xMohy02t3MX0n-6xoRHLk5Oh8V2c0duIS4mZo0TAq11Zl61No7XvcMPz961yBIpblougDO3NlIXerppYqweTrkxdIR2u4KVXi5XGrbZ08pfBgjrEyAE0GkSkYu3jG0wyzz3Y1gCYqZnOBVg83E4dTUO1yh5oo3Lv2qPCnIfwhIiZWOxvghNOg8rM6Po_qXQU-g&atk=1jqb312fhhmvh801,Proficiency in structural analysis and design software . Bachelor's Degree in Civil or Structural Engineering. Structural Design Engineer (Steel Structures) – 5 to 7 Years Experience*.,,,indeed_ae,2026-06-05 05:10:25.263003+00:00
Senior Property Consultant - Abu Dhabi,Top of the Top Properties,Abu Dhabi,https://ae.indeed.com/rc/clk?jk=e6c24f233a771b83&bb=74dC8xJgBj5688lmFGbbsM6WujdGuTfv7fAscJDrqkHZC9d7k9EBxMr8YUZafF3f9R4ROBAeoyyNHT6665LL-riVC5kXozqinhcwn-Ak3oorgERNBxsVvDOu9ZNjFYEysSTE6RxJCEvlzHRZ8LGEJg%3D%3D&xkcb=SoDZ67M3iLOLiNT43J0HbzkdCdPP&rjs=0&qd=Xd-cji1-rrfYy0m8LpokE8dF20pwsUrmctm8cTGFOXDOAPLLNYb6wmUg8gjYJafwpsXE23qShaYtGgdtUJu_X5BBGG-ayCiM-gQi8HpsYsLtZozk31ERKPJGlDLUboAG50chrnGX4B46HyqhlSj9xMohy02t3MX0n-6xoRHLk5Oh8V2c0duIS4mZo0TAq11Zl61No7XvcMPz961yBIpblougDO3NlIXerppYqweTrkxdIR2u4KVXi5XGrbZ08pfBgjrEyAE0GkSkYu3jG0wyzz3Y1gCYqZnOBVg83E4dTUO1yh5oo3Lv2qPCnIfwhIiZWOxvghNOg8rM6Po_qXQU-g&atk=1jqb312fhhmvh801,"Bachelor’s degree or equivalent experience. Real estate license (or willingness to obtain one). Previous experience in real estate, sales, or client-facing roles is an advantage.",,,indeed_ae,2026-06-05 05:10:25.216589+00:00
A/C Technician,Al Yanbou Electromechanical Works LLC,Dubai,https://ae.indeed.com/rc/clk?jk=be679d1fee629a62&bb=74dC8xJgBj5688lmFGbbsBfm-yCgkNQKS3RPyvxwnUFOtFOijSexrkHQ-V6p9FXj83ZdW2C0m8ZUxdl_lPayumXWMEyYvunjrLIT7DWUHJMdlYX3vYN755-MEq9Ilko8y6OU_5eBWQgzzcvq9pUZ6Q%3D%3D&xkcb=SoBX67M3iLOLiNT43J0AbzkdCdPP&rjs=0&qd=Xd-cji1-rrfYy0m8LpokE8dF20pwsUrmctm8cTGFOXDOAPLLNYb6wmUg8gjYJafwpsXE23qShaYtGgdtUJu_X5BBGG-ayCiM-gQi8HpsYsLtZozk31ERKPJGlDLUboAG50chrnGX4B46HyqhlSj9xMohy02t3MX0n-6xoRHLk5Oh8V2c0duIS4mZo0TAq11Zl61No7XvcMPz961yBIpblougDO3NlIXerppYqweTrkxdIR2u4KVXi5XGrbZ08pfBgjrEyAE0GkSkYu3jG0wyzz3Y1gCYqZnOBVg83E4dTUO1yh5oo3Lv2qPCnIfwhIiZWOxvghNOg8rM6Po_qXQU-g&atk=1jqb312fhhmvh801,Good communication in basic English or Arabic. Minimum 3–5 years of hands-on experience as an AC Technician in the UAE or GCC. The ideal candidate will be experienced in the installation of air…,,,indeed_ae,2026-06-05 05:10:25.169964+00:00
Mobile Pump Operator - Ready Mix Concrete,Danube Group,Dubai,https://ae.indeed.com/rc/clk?jk=b9b5b37056f9fd49&bb=74dC8xJgBj5688lmFGbbsM0uZywRTSxeBvQNRrPdu6TVl1uYKbapqJUt1aqcShEOPX0Dik0hnAYKwGUUqYA2TIhxN4AKSH_7ilNO_iAYiBLY1KuH-tT4xnezQHxh3JkTINvruTQ3DUriXlsDZb1hEA%3D%3D&xkcb=SoDj67M3iLOLiNT43J0BbzkdCdPP&rjs=0&qd=Xd-cji1-rrfYy0m8LpokE8dF20pwsUrmctm8cTGFOXDOAPLLNYb6wmUg8gjYJafwpsXE23qShaYtGgdtUJu_X5BBGG-ayCiM-gQi8HpsYsLtZozk31ERKPJGlDLUboAG50chrnGX4B46HyqhlSj9xMohy02t3MX0n-6xoRHLk5Oh8V2c0duIS4mZo0TAq11Zl61No7XvcMPz961yBIpblougDO3NlIXerppYqweTrkxdIR2u4KVXi5XGrbZ08pfBgjrEyAE0GkSkYu3jG0wyzz3Y1gCYqZnOBVg83E4dTUO1yh5oo3Lv2qPCnIfwhIiZWOxvghNOg8rM6Po_qXQU-g&atk=1jqb312fhhmvh801,"Experience operating mobile concrete pumps in the construction or RMC industry. Coordinate with site engineers , supervisors, and concrete mixer drivers to ensure smooth pumping activities.",,,indeed_ae,2026-06-05 05:10:25.125261+00:00
Project Manager / Site Engineer - Interior Fit-Out (driving licence),One Bespoke Interiors,Dubai,https://ae.indeed.com/rc/clk?jk=c73c5199f1afff34&bb=74dC8xJgBj5688lmFGbbsE_5vQ1Sag_l-_klFNYshyZEMoWA7BSC9oIZVV5M_9NZYucd-BYUOMvZVqEj6hTUU6UEOy5h0yEe2vo5MIvE9vUaLu7rEWDXQFX47LT0hKanxF_GX8mbOYhsWF4QOlNl9Q%3D%3D&xkcb=SoB-67M3iLOLiNT43J0CbzkdCdPP&rjs=0&qd=Xd-cji1-rrfYy0m8LpokE8dF20pwsUrmctm8cTGFOXDOAPLLNYb6wmUg8gjYJafwpsXE23qShaYtGgdtUJu_X5BBGG-ayCiM-gQi8HpsYsLtZozk31ERKPJGlDLUboAG50chrnGX4B46HyqhlSj9xMohy02t3MX0n-6xoRHLk5Oh8V2c0duIS4mZo0TAq11Zl61No7XvcMPz961yBIpblougDO3NlIXerppYqweTrkxdIR2u4KVXi5XGrbZ08pfBgjrEyAE0GkSkYu3jG0wyzz3Y1gCYqZnOBVg83E4dTUO1yh5oo3Lv2qPCnIfwhIiZWOxvghNOg8rM6Po_qXQU-g&atk=1jqb312fhhmvh801,"We are seeking an experienced Project Manager / Site Engineer to oversee project execution, coordinate site activities, and ensure the successful delivery of luxury interior fit-out projects.",,,indeed_ae,2026-06-05 05:10:25.079563+00:00
Real Estate Agent,Luminary Real Estate,Dubai,https://ae.indeed.com/rc/clk?jk=b723a1da90341fe3&bb=74dC8xJgBj5688lmFGbbsPI7NfNCjEyfL6EVlT1FJ6q0f0uU0q40_rf1gwn11YvoqXeOyMMNYYEv_1_Cb2thdGRxKt3OXPsDEaZ0b5q0Al75FoiJB4EX_bv6Qycv-Y0YG2hOuRNN5vG44yi0mPSsPA%3D%3D&xkcb=SoDK67M3iLOLiNT43J0DbzkdCdPP&rjs=0&qd=Xd-cji1-rrfYy0m8LpokE8dF20pwsUrmctm8cTGFOXDOAPLLNYb6wmUg8gjYJafwpsXE23qShaYtGgdtUJu_X5BBGG-ayCiM-gQi8HpsYsLtZozk31ERKPJGlDLUboAG50chrnGX4B46HyqhlSj9xMohy02t3MX0n-6xoRHLk5Oh8V2c0duIS4mZo0TAq11Zl61No7XvcMPz961yBIpblougDO3NlIXerppYqweTrkxdIR2u4KVXi5XGrbZ08pfBgjrEyAE0GkSkYu3jG0wyzz3Y1gCYqZnOBVg83E4dTUO1yh5oo3Lv2qPCnIfwhIiZWOxvghNOg8rM6Po_qXQU-g&atk=1jqb312fhhmvh801,Lead Conversion: Manage and nurture high-intent leads generated through our multi-channel marketing efforts. Property Lifecycle: Conduct professional property viewings and manage the sales process…,,,indeed_ae,2026-06-05 05:10:25.019085+00:00
Real Estate Broker – Off-Plan Sales,Metropolitan Capital Real Estate,Abu Dhabi,https://ae.indeed.com/rc/clk?jk=05f00c79b58af453&bb=74dC8xJgBj5688lmFGbbsFNaV-twV8-h7aRdKbwKYAfTvU3Z5yDYchigPn4iQVaxT-DCap8xQpD9VYJiibNkBhu3Nkumc7lb4I5KoZyxmOKIeQikfFO1xmLHQO6aizmfE28VKnuqxwkzu2AQrVntuw%3D%3D&xkcb=SoAj67M3iLOLiNT43J0MbzkdCdPP&rjs=0&qd=Xd-cji1-rrfYy0m8LpokE8dF20pwsUrmctm8cTGFOXDOAPLLNYb6wmUg8gjYJafwpsXE23qShaYtGgdtUJu_X5BBGG-ayCiM-gQi8HpsYsLtZozk31ERKPJGlDLUboAG50chrnGX4B46HyqhlSj9xMohy02t3MX0n-6xoRHLk5Oh8V2c0duIS4mZo0TAq11Zl61No7XvcMPz961yBIpblougDO3NlIXerppYqweTrkxdIR2u4KVXi5XGrbZ08pfBgjrEyAE0GkSkYu3jG0wyzz3Y1gCYqZnOBVg83E4dTUO1yh5oo3Lv2qPCnIfwhIiZWOxvghNOg8rM6Po_qXQU-g&atk=1jqb312fhhmvh801,"Ability to build trust with investors and high‑net‑worth clients. With premium project access, strong developer relationships, and full operational support, you’ll have everything you need to maximize…",,,indeed_ae,2026-06-05 05:10:24.973229+00:00
Investment Property Sales Advisor,Metropolitan Capital Real Estate,Abu Dhabi,https://ae.indeed.com/rc/clk?jk=5ddf069fb91b7569&bb=74dC8xJgBj5688lmFGbbsKUabYFUG_w9wyam00j5ruBJvgu2gbpML_kULeLdXcnso0T44LgPAOpkkmvDwM6NOQoavPUxlkczZzbbukWAUxIbYJ0pHl-o0pravIfX5RszJmyYCdM9vK47gJeIoIWLGQ%3D%3D&xkcb=SoCX67M3iLOLiNT43J0NbzkdCdPP&rjs=0&qd=Xd-cji1-rrfYy0m8LpokE8dF20pwsUrmctm8cTGFOXDOAPLLNYb6wmUg8gjYJafwpsXE23qShaYtGgdtUJu_X5BBGG-ayCiM-gQi8HpsYsLtZozk31ERKPJGlDLUboAG50chrnGX4B46HyqhlSj9xMohy02t3MX0n-6xoRHLk5Oh8V2c0duIS4mZo0TAq11Zl61No7XvcMPz961yBIpblougDO3NlIXerppYqweTrkxdIR2u4KVXi5XGrbZ08pfBgjrEyAE0GkSkYu3jG0wyzz3Y1gCYqZnOBVg83E4dTUO1yh5oo3Lv2qPCnIfwhIiZWOxvghNOg8rM6Po_qXQU-g&atk=1jqb312fhhmvh801,"Ability to build trust with investors and high‑net‑worth clients. Build and manage a portfolio of investors, high‑net‑worth individuals, and referral partners.",,,indeed_ae,2026-06-05 05:10:24.925733+00:00
Placing Boom Operator - Ready Mix Concrete,Danube Group,Dubai,https://ae.indeed.com/rc/clk?jk=72b0f8b4ef0c2420&bb=74dC8xJgBj5688lmFGbbsETI3dsWpnZC2L2x8AGof8g4fTwovWXLDNwgkQeSa32VrtfWcnyp_5g2JbPuD4Z3xlFsK2DWpwj0aO0l3h6xuUj4YA8QqVi6hrioYJFqfuzu6ZT2YhTNs1OG_JSBO7zsjg%3D%3D&xkcb=SoAK67M3iLOLiNT43J0ObzkdCdPP&rjs=0&qd=Xd-cji1-rrfYy0m8LpokE8dF20pwsUrmctm8cTGFOXDOAPLLNYb6wmUg8gjYJafwpsXE23qShaYtGgdtUJu_X5BBGG-ayCiM-gQi8HpsYsLtZozk31ERKPJGlDLUboAG50chrnGX4B46HyqhlSj9xMohy02t3MX0n-6xoRHLk5Oh8V2c0duIS4mZo0TAq11Zl61No7XvcMPz961yBIpblougDO3NlIXerppYqweTrkxdIR2u4KVXi5XGrbZ08pfBgjrEyAE0GkSkYu3jG0wyzz3Y1gCYqZnOBVg83E4dTUO1yh5oo3Lv2qPCnIfwhIiZWOxvghNOg8rM6Po_qXQU-g&atk=1jqb312fhhmvh801,"High school education or equivalent preferred. Relevant certification or license for operating placing boom equipment, where required. Identify and report mechanical defects, wear, or operational…",,,indeed_ae,2026-06-05 05:10:24.881012+00:00
PMC Senior Mechanical Engineer (UAE National),Wood,Abu Dhabi,https://ae.indeed.com/rc/clk?jk=fb53c2a5b8119bd6&bb=74dC8xJgBj5688lmFGbbsNh-dhjmOrUY19qouc3aH-5KZJ-q5Efcu1_E1IhI5X4hWgSBPspMWdu6PWp4Y7gesJld4hisa1QiSNa2HkvaC6FFAdXT-HIwa5ffRWyynBjlpL--EZX_HY2HuUXOqQ2sUw%3D%3D&xkcb=SoC-67M3iLOLiNT43J0PbzkdCdPP&rjs=0&qd=Xd-cji1-rrfYy0m8LpokE8dF20pwsUrmctm8cTGFOXDOAPLLNYb6wmUg8gjYJafwpsXE23qShaYtGgdtUJu_X5BBGG-ayCiM-gQi8HpsYsLtZozk31ERKPJGlDLUboAG50chrnGX4B46HyqhlSj9xMohy02t3MX0n-6xoRHLk5Oh8V2c0duIS4mZo0TAq11Zl61No7XvcMPz961yBIpblougDO3NlIXerppYqweTrkxdIR2u4KVXi5XGrbZ08pfBgjrEyAE0GkSkYu3jG0wyzz3Y1gCYqZnOBVg83E4dTUO1yh5oo3Lv2qPCnIfwhIiZWOxvghNOg8rM6Po_qXQU-g&atk=1jqb312fhhmvh801,Knowledge of engineering computer programs and general business software . Provide technical assistance and coordination with other discipline engineers .,,,indeed_ae,2026-06-05 05:10:24.832023+00:00
Project Engineer - Swimming Pool Experience,PERFECT TECHNICAL WORKS & LANDSCAPING LLC,Dubai,https://ae.indeed.com/rc/clk?jk=508d1ad6a6332e74&bb=74dC8xJgBj5688lmFGbbsNtK551n5aROt1mhSudDSHpWjLv1xxZE0Q1-8wZHxSzrUoA3wS2uvpkZNRJTTugP3k5FqbTk-VccgkyQUx8kE6vp16Ic_xfOsrjW2aS6_0tIS9Xq8lAto4rrRwZfzhczqA%3D%3D&xkcb=SoAw67M3iLOLiNT43J0IbzkdCdPP&rjs=0&qd=Xd-cji1-rrfYy0m8LpokE8dF20pwsUrmctm8cTGFOXDOAPLLNYb6wmUg8gjYJafwpsXE23qShaYtGgdtUJu_X5BBGG-ayCiM-gQi8HpsYsLtZozk31ERKPJGlDLUboAG50chrnGX4B46HyqhlSj9xMohy02t3MX0n-6xoRHLk5Oh8V2c0duIS4mZo0TAq11Zl61No7XvcMPz961yBIpblougDO3NlIXerppYqweTrkxdIR2u4KVXi5XGrbZ08pfBgjrEyAE0GkSkYu3jG0wyzz3Y1gCYqZnOBVg83E4dTUO1yh5oo3Lv2qPCnIfwhIiZWOxvghNOg8rM6Po_qXQU-g&atk=1jqb312fhhmvh801,"Supervise site engineers , foremen, subcontractors, and workforce activities. Bachelor’s Degree in Civil Engineering, Mechanical Engineering, or a related field. Quality Control & HSE Compliance.",,,indeed_ae,2026-06-05 05:10:24.785140+00:00
Real Estate Broker,DNH Real Estate,Dubai,https://ae.indeed.com/rc/clk?jk=d53572367cba1623&bb=74dC8xJgBj5688lmFGbbsDxLVNnwBuixaOJeLzRCkjBksKN2_bZfF2YIMEW46XSXcyXRzmx7OdFRCLbuq0o8uOVc8gjCuZqVT3p0-2hpcNZpbGbVTbmoECLa76bp0G0kVdGR63bcs22Ns8jlGHVK6g%3D%3D&xkcb=SoCE67M3iLOLiNT43J0JbzkdCdPP&rjs=0&qd=Xd-cji1-rrfYy0m8LpokE8dF20pwsUrmctm8cTGFOXDOAPLLNYb6wmUg8gjYJafwpsXE23qShaYtGgdtUJu_X5BBGG-ayCiM-gQi8HpsYsLtZozk31ERKPJGlDLUboAG50chrnGX4B46HyqhlSj9xMohy02t3MX0n-6xoRHLk5Oh8V2c0duIS4mZo0TAq11Zl61No7XvcMPz961yBIpblougDO3NlIXerppYqweTrkxdIR2u4KVXi5XGrbZ08pfBgjrEyAE0GkSkYu3jG0wyzz3Y1gCYqZnOBVg83E4dTUO1yh5oo3Lv2qPCnIfwhIiZWOxvghNOg8rM6Po_qXQU-g&atk=1jqb312fhhmvh801,"Must be based in – or willing to relocate to – Dubai. Dubai: Reliably commute or willing to relocate with an employer-provided relocation package (Required). Full training, mentorship, and support.",,,indeed_ae,2026-06-05 05:10:24.713170+00:00
Female QC Civil Engineer,Al Sarh Technical Services LLC,Ajman,https://ae.indeed.com/pagead/clk?mo=r&ad=-6NYlbfkN0C-2X5L1zWOd5XV6RlNLwkP12w9jSd5JZ6AyN_5Vb72dRpVOSdAsHum0po8pofh4dkOs_eCW97mbv2UfJFZCx7qdFrPHa73W-NStfrp3GXeHA0K3b45Xg6sEF7DlMaEqnAeqw7Tk1Ufq_eBFPT3zkApJtECG47bjr2e0HaDi3V13xs05-2PVFFTQdfxpz12Vj_MdipGugjLgNabEaQ0aMf9IOJoicp5AmdwL8VoYUFAkDlGpeXc4exNuY2VousCvg9P1LyGi7hufH2ySIyHj-43mdXdqxNi-m2WADZ-qfUGEXEEURQ0zwczrpDgaz5IolNgGFevNgJ0-VJufcIrw4INX_xmR6t5FhxrQSojAx93R5AkYSUu3mspMWXVojqoWgX07NGxEzudcvNMGAQDEtD8Y610GJRjkVn7t9ZazfP_OrUY8e6lgu3nOjAg_xcx3QEKWImztjAJpSobfDxDxofIJR7AIh3XgC5-tLcMrPqxFpUfiFg6AlaTJjIujyMGYvRxYT4YC04KpY1aT77oDVMHCmcHTHENqihdD0sYU0QUgT6c29vqzpNs13lX5pVjw7PfntOnxYXfWO97cky_STbHGjGSq2GLt1KSXybbsjGEUT4DRp15Ow6ngP5n491QWEVFTKq1xuQ7zS15YCofDKLzht_dSjXlg9j8nNeD_grwnlpaE36ipRcJ4W984ofQHVkLp9xj7STZdJXgK3CsmI217wEwrjZuGmZdhCsKCdq5YlPgh8vIPYiWa_LRBlRZZKeSA2gIQJSfG5yDuy5RTTCgpFPq03hMIuLsNs0bwgYO8BZSA2E9U8uRHcT_AtNtMqRY2xa2I6oIcCQvkbM3Wdr3U5wEr_A-zNwyWxjw5QUCs-8BabD5qaULPPrtimN4Gbs7PTfuewgLABpUjXCiRMw8rnhCoWc1C1l-HlTByXfFoS7Lu1G1XeeKHpxuarWvp20=&xkcb=SoDt6_M3iLOLiNT43J0KbzkdCdPP&camk=C3EPSzFlQw_tYlWF2wuCcw==&p=1&atk=1jqb312fhhmvh801,"We are hiring a Female QC Civil Engineer for our Ajman-based office. This is a great opportunity for fresh graduates /diploma holder, looking to start their career in quality control within the…",,,indeed_ae,2026-06-05 05:10:24.665420+00:00
Technician (Mason),BOSIO CONSTRUCTION LLC,Dubai,https://ae.indeed.com/rc/clk?jk=a4c23244c61bfb98&bb=74dC8xJgBj5688lmFGbbsGgzLWd6tH3HFjBy1V1Tt-CVKc9UkqRdCu6ntTMfTIRQLLNscSzUlsmQK6S0jVXBXYOQk8Ng1Mj5KH8hij7OaAVObtq5Y0CTqkpQ1RC1mlZ5GvEaJ4nf9voLcZkzJq8rBA%3D%3D&xkcb=SoCt67M3iLOLiNT43J0LbzkdCdPP&rjs=0&qd=Xd-cji1-rrfYy0m8LpokE8dF20pwsUrmctm8cTGFOXDOAPLLNYb6wmUg8gjYJafwpsXE23qShaYtGgdtUJu_X5BBGG-ayCiM-gQi8HpsYsLtZozk31ERKPJGlDLUboAG50chrnGX4B46HyqhlSj9xMohy02t3MX0n-6xoRHLk5Oh8V2c0duIS4mZo0TAq11Zl61No7XvcMPz961yBIpblougDO3NlIXerppYqweTrkxdIR2u4KVXi5XGrbZ08pfBgjrEyAE0GkSkYu3jG0wyzz3Y1gCYqZnOBVg83E4dTUO1yh5oo3Lv2qPCnIfwhIiZWOxvghNOg8rM6Po_qXQU-g&atk=1jqb312fhhmvh801,"Collaborate with engineers , supervisors, and other construction workers. Good compensation package + visa + excellent insurance + flight tickets + benefits (Free accommodation, transport, Nestlé…",,,indeed_ae,2026-06-05 05:10:24.617599+00:00
Civil Engineer cum Project Coordinator,Blue Pearl Construction LLC,Dubai,https://ae.indeed.com/rc/clk?jk=7eb9a845a8b32343&bb=VxH8Z0WwFK25GZbps3doALyPsx56IOyx9X9enpcXol0yU5-ugxJ5u8KNXid4H20ack-tO7p0oIko4WrCFmwf8HhA3AqtnnzF-x05nL2Q04Nwq7wy3sSPL1EokgGszh7QAerlZfZWTIywk_J2jfR90A%3D%3D&xkcb=SoCD67M3iLOMYOzF1J0TbzkdCdPP&rjs=0&qd=Xd-cji1-rrfYy0m8LpokE8dF20pwsUrmctm8cTGFOXDOAPLLNYb6wmUg8gjYJafwpsXE23qShaYtGgdtUJu_X5BBGG-ayCiM-gQi8HpsYsLtZozk31ERKPJGlDLUboAG50chrnGX4B46HyqhlSj9xMohy02t3MX0n-6xoRHLk5Oh8V2c0duIS4mZo0TAq11Zl61No7XvcMPz961yBIpblougDO3NlIXerppYqweTrkxdIR2u4KVXi5XGrbZ08pfBgjrEyAE0GkSkYu3jG0wyzz3Y1gCYqZnOBVg83E4dTUPo-X5ObcnBlitGBkP9_7nAWOxvghNOg8rM6Po_qXQU-g&atk=1jqb30tnqha8t800,"Female candidate with minimum 2 years of experience in Dubai (UAE). Bachelor’s Degree in Civil Engineering. Experience in project coordination, site supervision, and documentation.",,,indeed_ae,2026-06-05 05:10:20.880194+00:00
Civil Engineer (DM Approved – G+1 Projects),Tricircle Technical Services,Dubai,https://ae.indeed.com/rc/clk?jk=8d05e10dab213726&bb=VxH8Z0WwFK25GZbps3doADjbBP0RtzG2yCktTUNhAPTc5TSIm6J2_DESQGk9Bh0f-Pe7fT0zcLraU67FfdgD0naOT_MutYwuoVJGuHZzlHkI3BaKlVkrjkNK_nUwcpIg1WjLRn-HnG6HWAAkTkU_9Q%3D%3D&xkcb=SoBq67M3iLOMYOzF1J0cbzkdCdPP&rjs=0&qd=Xd-cji1-rrfYy0m8LpokE8dF20pwsUrmctm8cTGFOXDOAPLLNYb6wmUg8gjYJafwpsXE23qShaYtGgdtUJu_X5BBGG-ayCiM-gQi8HpsYsLtZozk31ERKPJGlDLUboAG50chrnGX4B46HyqhlSj9xMohy02t3MX0n-6xoRHLk5Oh8V2c0duIS4mZo0TAq11Zl61No7XvcMPz961yBIpblougDO3NlIXerppYqweTrkxdIR2u4KVXi5XGrbZ08pfBgjrEyAE0GkSkYu3jG0wyzz3Y1gCYqZnOBVg83E4dTUPo-X5ObcnBlitGBkP9_7nAWOxvghNOg8rM6Po_qXQU-g&atk=1jqb30tnqha8t800,Proficiency in AutoCAD and engineering software . We are seeking a qualified and experienced Civil Engineer with Dubai Municipality (DM) approval for Ground Plus One (G+1) projects.,,,indeed_ae,2026-06-05 05:10:20.828665+00:00
Civil Maintenance Engineer – Real Estate Company,Conwell contracting llc,Dubai,https://ae.indeed.com/rc/clk?jk=2b47987219ee45b4&bb=VxH8Z0WwFK25GZbps3doAPghNqzVRnEvbH4a5XyMNVa_8DuFRyQzjx3wFu4sW2auwBvO0MyIdOPQPk5hRcS0KnrJYkJy_zQxGWLIhaeP8f5x_fX7K_IA7h1Mg0i50_1LNsaJ3pNiU1Sis42COiTyEw%3D%3D&xkcb=SoDe67M3iLOMYOzF1J0dbzkdCdPP&rjs=0&qd=Xd-cji1-rrfYy0m8LpokE8dF20pwsUrmctm8cTGFOXDOAPLLNYb6wmUg8gjYJafwpsXE23qShaYtGgdtUJu_X5BBGG-ayCiM-gQi8HpsYsLtZozk31ERKPJGlDLUboAG50chrnGX4B46HyqhlSj9xMohy02t3MX0n-6xoRHLk5Oh8V2c0duIS4mZo0TAq11Zl61No7XvcMPz961yBIpblougDO3NlIXerppYqweTrkxdIR2u4KVXi5XGrbZ08pfBgjrEyAE0GkSkYu3jG0wyzz3Y1gCYqZnOBVg83E4dTUPo-X5ObcnBlitGBkP9_7nAWOxvghNOg8rM6Po_qXQU-g&atk=1jqb30tnqha8t800,"Experience in Real Estate or Property Management companies in the UAE. Minimum 3–5 years of UAE experience in civil maintenance, facilities management, or property maintenance.",,,indeed_ae,2026-06-05 05:10:20.767565+00:00
Civil Engineer (Abu Dhabi DMT Registered),Al Marina Holding,Abu Dhabi,https://ae.indeed.com/rc/clk?jk=5916aeedd3831be6&bb=VxH8Z0WwFK25GZbps3doAHkEOI7OR2qE9Y_xUjXzWDuaMYYxYcao7YpRbBBTdPkgqH5jfouIdulkTxwTzfSbMSrddIqNoVByJZ09llpyuk0wdN7-wNA3l0RbAr92_2ZyYM9J4M1LyerSuCiEH0qPAA%3D%3D&xkcb=SoBD67M3iLOMYOzF1J0ebzkdCdPP&rjs=0&qd=Xd-cji1-rrfYy0m8LpokE8dF20pwsUrmctm8cTGFOXDOAPLLNYb6wmUg8gjYJafwpsXE23qShaYtGgdtUJu_X5BBGG-ayCiM-gQi8HpsYsLtZozk31ERKPJGlDLUboAG50chrnGX4B46HyqhlSj9xMohy02t3MX0n-6xoRHLk5Oh8V2c0duIS4mZo0TAq11Zl61No7XvcMPz961yBIpblougDO3NlIXerppYqweTrkxdIR2u4KVXi5XGrbZ08pfBgjrEyAE0GkSkYu3jG0wyzz3Y1gCYqZnOBVg83E4dTUPo-X5ObcnBlitGBkP9_7nAWOxvghNOg8rM6Po_qXQU-g&atk=1jqb30tnqha8t800,Proficiency in AutoCAD and other relevant engineering software . Minimum 5 years of UAE experience in villa and/or building construction projects. *Valid Abu Dhabi DMT (Department of Municipalities…,,,indeed_ae,2026-06-05 05:10:20.712665+00:00
Civil Inspector - (rails/ tracks),AECOM,Dubai,https://ae.indeed.com/rc/clk?jk=4f8c2f114d1bc13d&bb=VxH8Z0WwFK25GZbps3doABm9KCd3dtlXW5Y6nrukXqfPDlU14pU7i1SI7lYDilx4uqVcanroW2h32dMDC_ZRCKxqxa6e3JScZxNAEWwaggVCM2QHhE6r2QyemK_PXPMMJNhRcEE8KYDE1m67AhZmUg%3D%3D&xkcb=SoD367M3iLOMYOzF1J0fbzkdCdPP&rjs=0&qd=Xd-cji1-rrfYy0m8LpokE8dF20pwsUrmctm8cTGFOXDOAPLLNYb6wmUg8gjYJafwpsXE23qShaYtGgdtUJu_X5BBGG-ayCiM-gQi8HpsYsLtZozk31ERKPJGlDLUboAG50chrnGX4B46HyqhlSj9xMohy02t3MX0n-6xoRHLk5Oh8V2c0duIS4mZo0TAq11Zl61No7XvcMPz961yBIpblougDO3NlIXerppYqweTrkxdIR2u4KVXi5XGrbZ08pfBgjrEyAE0GkSkYu3jG0wyzz3Y1gCYqZnOBVg83E4dTUPo-X5ObcnBlitGBkP9_7nAWOxvghNOg8rM6Po_qXQU-g&atk=1jqb30tnqha8t800,"Diploma in Civil Engineering or an equivalent qualification from a recognized institution. Coordinate with engineers , contractors, subcontractors, and client representatives for inspection activities.",,,indeed_ae,2026-06-05 05:10:20.657657+00:00
Lead Engineer – Construction- Civil,Worley,Abu Dhabi,https://ae.indeed.com/rc/clk?jk=3edb0549d29209c8&bb=VxH8Z0WwFK25GZbps3doAGnSqEWWrsG9lnvjnriScYClWNkbFrcpDbgubdAz9o50m_H0AitWqsal_fuVjfHYuwWxRkvoZy_J6PwYhYMoyTlpUs0zp6RC28wk33VPwybj2bVirf6m0WVhkXpflPKK4g%3D%3D&xkcb=SoB567M3iLOMYOzF1J0YbzkdCdPP&rjs=0&qd=Xd-cji1-rrfYy0m8LpokE8dF20pwsUrmctm8cTGFOXDOAPLLNYb6wmUg8gjYJafwpsXE23qShaYtGgdtUJu_X5BBGG-ayCiM-gQi8HpsYsLtZozk31ERKPJGlDLUboAG50chrnGX4B46HyqhlSj9xMohy02t3MX0n-6xoRHLk5Oh8V2c0duIS4mZo0TAq11Zl61No7XvcMPz961yBIpblougDO3NlIXerppYqweTrkxdIR2u4KVXi5XGrbZ08pfBgjrEyAE0GkSkYu3jG0wyzz3Y1gCYqZnOBVg83E4dTUPo-X5ObcnBlitGBkP9_7nAWOxvghNOg8rM6Po_qXQU-g&atk=1jqb30tnqha8t800,"Liaise with project engineers to ensure priorities are maintained. The Lead Construction Engineer responsibility for providing construction support, ensuring that all project work is carried out…",,,indeed_ae,2026-06-05 05:10:20.592396+00:00
Senior Associate - Landscape,AECOM,Dubai,https://ae.indeed.com/rc/clk?jk=73397104cfdab1c1&bb=VxH8Z0WwFK25GZbps3doAF54GRE1kIlUtuYKLghYs-2LJCcrISlYjcsmXDXT0TtB6ruazwDhkN_NmogKU_1H_hFb3I5ov8TMoxN0tu4HJXsmTJfDmAU2Ujyqb6qrsJ9NJtLKNK-eclFg5dZFU3rxjg%3D%3D&xkcb=SoDN67M3iLOMYOzF1J0ZbzkdCdPP&rjs=0&qd=Xd-cji1-rrfYy0m8LpokE8dF20pwsUrmctm8cTGFOXDOAPLLNYb6wmUg8gjYJafwpsXE23qShaYtGgdtUJu_X5BBGG-ayCiM-gQi8HpsYsLtZozk31ERKPJGlDLUboAG50chrnGX4B46HyqhlSj9xMohy02t3MX0n-6xoRHLk5Oh8V2c0duIS4mZo0TAq11Zl61No7XvcMPz961yBIpblougDO3NlIXerppYqweTrkxdIR2u4KVXi5XGrbZ08pfBgjrEyAE0GkSkYu3jG0wyzz3Y1gCYqZnOBVg83E4dTUPo-X5ObcnBlitGBkP9_7nAWOxvghNOg8rM6Po_qXQU-g&atk=1jqb30tnqha8t800,"Bachelor’s or Master’s in Landscape Architecture. We are seeking a Senior Associate - Landscape to lead design, delivery and client engagement across our Middle East portfolio, advancing high-…",,,indeed_ae,2026-06-05 05:10:20.541542+00:00
Senior Structural Engineer (Bridge Works),Gunal Construction,Dubai,https://ae.indeed.com/pagead/clk?mo=r&ad=-6NYlbfkN0ADspYoFwcXxpm7dvLUjyXBXvw5RMFWm5c5GaTvE22gqUWP4mmf01xZZPhYqNgWRXqEXlLzQoEqJy7ixuK9Uz-meS-i3cs6YTiwwdTUzWoczO11caqdc6Re4Nc4iuGQa11jSwFzGYPqyYjb3KpGF5qG2Kil-Sf3GIfYLw8yqQfUSmLXF8Zc7tcxtrExr5LVpOtIeR-PZbQ4pa2uaXcIYKwTujtIpMhxbvExzZ1TusUDQsnBriFiwTKeZfNc0sVoIJaqCEyeGAeXzTqbuZYx2LdcHTGCCjoNDxLYIPRy3J73qRYfAuntrd6jYH1HUgd0ocYW6ajoqvBH35czTi0W3gGlPV1NTxpFJMMJ7qI8bM7-8392HyX7ne--bYip7H7gr7M0Pu2OdQ3kcYw3gjUfTEUgxfiwwR-pnhSdc_MMdDVCkzvEdLFYGcM9umdXZQusMrvRoaFi_7_p4OOdJvFONvYpttRyaneV_1pp30xJpmvfaYetcdoOpOk-kb7eZKvI_YX6zAFwPorJtg9Mgxa7nbTCKKYf-zrMwvc1I5woz59SYG73l006vnGsE9qWdELsT_MehNE4v2cUim4BACv350CyBCp27E52Kqdhs-L5kLLrUEBl6ASLzCmHSVQ9sVBce97VdCD0mnnATVCNBgikUtRgtScMW4s1WPeBDn-t01yKZH4Pcc6UIhTC-KdRPkvy3QNAg1VVVcWyXra-Fx2yOh0Umv7hkrXd6VtCZuxs-MVZ80FQl4XHJeqH8CVmzgP-EAlauAZMKF2z0GO1D_J-u4pTCcKt9kujduiN0dSskzwg-Q8UCCLlFeIPcNv5CLbg_6kM0GodlUZkvPlWLzHf3PsGaEorgPd8ZPcBgqegx12gKLMOJ9E3JH7W1Be310mlUHAp0yrg7w2c0nhaD6oYN18CA3bcTrDKSr-6LrA_Z-z7GvMW1IWF6-fh2PeHPnOLngVRr_u1EUNkPJV6MevNg67i&xkcb=SoCk6_M3iLOMYOzF1J0abzkdCdPP&camk=C3EPSzFlQw85RqWlVGuqjQ==&p=17&atk=1jqb30tnqha8t800,RTA or similar authority project experience preferred. We are seeking a Senior Structural Engineer with proven bridge construction experience for our large-scale RTA project in the UAE.,,,indeed_ae,2026-06-05 05:10:20.493402+00:00
Lead Engineer – Construction-Piping/Pipeline,Worley,Abu Dhabi,https://ae.indeed.com/rc/clk?jk=5c3449f89051b4aa&bb=VxH8Z0WwFK25GZbps3doAN3hND9k4aVzuqYSRgIObUZ14nej73D11_ly25UNK5KE63U6TTkDWhsrL9T4gCv-Xg5iJli1V6z-mad7xPeIbXpQmg-kbSkOgWxaQVjnb9PJTg2-dp_kHk33BqO4AKU5bQ%3D%3D&xkcb=SoDk67M3iLOMYOzF1J0bbzkdCdPP&rjs=0&qd=Xd-cji1-rrfYy0m8LpokE8dF20pwsUrmctm8cTGFOXDOAPLLNYb6wmUg8gjYJafwpsXE23qShaYtGgdtUJu_X5BBGG-ayCiM-gQi8HpsYsLtZozk31ERKPJGlDLUboAG50chrnGX4B46HyqhlSj9xMohy02t3MX0n-6xoRHLk5Oh8V2c0duIS4mZo0TAq11Zl61No7XvcMPz961yBIpblougDO3NlIXerppYqweTrkxdIR2u4KVXi5XGrbZ08pfBgjrEyAE0GkSkYu3jG0wyzz3Y1gCYqZnOBVg83E4dTUPo-X5ObcnBlitGBkP9_7nAWOxvghNOg8rM6Po_qXQU-g&atk=1jqb30tnqha8t800,"Liaise with project engineers to ensure priorities are maintained. The Lead Construction Engineer responsibility for providing construction support, ensuring that all project work is carried out…",,,indeed_ae,2026-06-05 05:10:20.443427+00:00
Sr. Engineer – Construction- Civil,Worley,Abu Dhabi,https://ae.indeed.com/rc/clk?jk=ba0ed1647857bed0&bb=VxH8Z0WwFK25GZbps3doAE5vhfsJUkqP0x4q3CDXMJqJppOMlewNLTdXIBNVOKttcQfc66Fcqj_3wERbn3ccNhfBFIVi7rmxdKj5A67-jR6wnfQeR6dZ2ucfM_Kle-ROPBIyx-NA7h-zpwqnIDwDYw%3D%3D&xkcb=SoDD67M3iLOMYOzF1J0EbzkdCdPP&rjs=0&qd=Xd-cji1-rrfYy0m8LpokE8dF20pwsUrmctm8cTGFOXDOAPLLNYb6wmUg8gjYJafwpsXE23qShaYtGgdtUJu_X5BBGG-ayCiM-gQi8HpsYsLtZozk31ERKPJGlDLUboAG50chrnGX4B46HyqhlSj9xMohy02t3MX0n-6xoRHLk5Oh8V2c0duIS4mZo0TAq11Zl61No7XvcMPz961yBIpblougDO3NlIXerppYqweTrkxdIR2u4KVXi5XGrbZ08pfBgjrEyAE0GkSkYu3jG0wyzz3Y1gCYqZnOBVg83E4dTUPo-X5ObcnBlitGBkP9_7nAWOxvghNOg8rM6Po_qXQU-g&atk=1jqb30tnqha8t800,Liaise with project engineers to ensure priorities are maintained. Experience in the Oil and Gas or petrochemical industry is mandatory and minimum 5 years GCC experience is preferred.,,,indeed_ae,2026-06-05 05:10:20.398787+00:00
Civil Engineer with UAE Experience,The Tower Plaza Hotel Dubai,Dubai,https://ae.indeed.com/rc/clk?jk=c4c33f40b19a1789&bb=VxH8Z0WwFK25GZbps3doAMXskARN6Jrwtbp6eXeSQ_oWWFASqQYRunr9gizhZ3Ttv7-7QSYaW1eo2pU73cfrP5si0hrRypBYcbizNdztrZaYqsmGaAH7pj7Au-yw1gSNHbfCitMmX72K1kIHoO9Ybw%3D%3D&xkcb=SoB367M3iLOMYOzF1J0FbzkdCdPP&rjs=0&qd=Xd-cji1-rrfYy0m8LpokE8dF20pwsUrmctm8cTGFOXDOAPLLNYb6wmUg8gjYJafwpsXE23qShaYtGgdtUJu_X5BBGG-ayCiM-gQi8HpsYsLtZozk31ERKPJGlDLUboAG50chrnGX4B46HyqhlSj9xMohy02t3MX0n-6xoRHLk5Oh8V2c0duIS4mZo0TAq11Zl61No7XvcMPz961yBIpblougDO3NlIXerppYqweTrkxdIR2u4KVXi5XGrbZ08pfBgjrEyAE0GkSkYu3jG0wyzz3Y1gCYqZnOBVg83E4dTUPo-X5ObcnBlitGBkP9_7nAWOxvghNOg8rM6Po_qXQU-g&atk=1jqb30tnqha8t800,"Supervise and monitor construction activities at project sites. Ensure works are executed according to drawings and specifications. Coordinate with consultants, subcontractors, and site teams.",,,indeed_ae,2026-06-05 05:10:20.347492+00:00
Civil Site Engineer,PERFECT TECHNICAL WORKS & LANDSCAPING LLC,Dubai,https://ae.indeed.com/rc/clk?jk=ebd47ca7f80f068a&bb=VxH8Z0WwFK25GZbps3doAJ69gF3S1dS6DWyPruF4xGk_qZm-IfCSWPDErFexDeZX5omnr5MnOyqqiZMfbc3JtiOHt7IsRxlBwczG676JUvUjIetjvsChgsO16E7uLL562DtsbNTLsutfLhPjBZZiYw%3D%3D&xkcb=SoDq67M3iLOMYOzF1J0GbzkdCdPP&rjs=0&qd=Xd-cji1-rrfYy0m8LpokE8dF20pwsUrmctm8cTGFOXDOAPLLNYb6wmUg8gjYJafwpsXE23qShaYtGgdtUJu_X5BBGG-ayCiM-gQi8HpsYsLtZozk31ERKPJGlDLUboAG50chrnGX4B46HyqhlSj9xMohy02t3MX0n-6xoRHLk5Oh8V2c0duIS4mZo0TAq11Zl61No7XvcMPz961yBIpblougDO3NlIXerppYqweTrkxdIR2u4KVXi5XGrbZ08pfBgjrEyAE0GkSkYu3jG0wyzz3Y1gCYqZnOBVg83E4dTUPo-X5ObcnBlitGBkP9_7nAWOxvghNOg8rM6Po_qXQU-g&atk=1jqb30tnqha8t800,"Bachelor’s Degree in Civil Engineering or a related field. Coordinate with consultants, architects, landscape designers, MEP engineers , subcontractors, and project teams.",,,indeed_ae,2026-06-05 05:10:20.299985+00:00
Civil Engineer - Factory Construction,Top Vantage Contracting LLC,Dubai,https://ae.indeed.com/rc/clk?jk=bb7b26b7445109e7&bb=VxH8Z0WwFK25GZbps3doACfEyaP78lCcrWhgM7cy_IWN_GOqnqIcVR1zmWoLBv4Ejhk9c3qLoGYkBf7bCZtwGchwmLqc6nFaLDlXDKWV-xW53NDL8F0kVcpUdP8l60juj_5x17sbW6KZVOmBvoSgdw%3D%3D&xkcb=SoBe67M3iLOMYOzF1J0HbzkdCdPP&rjs=0&qd=Xd-cji1-rrfYy0m8LpokE8dF20pwsUrmctm8cTGFOXDOAPLLNYb6wmUg8gjYJafwpsXE23qShaYtGgdtUJu_X5BBGG-ayCiM-gQi8HpsYsLtZozk31ERKPJGlDLUboAG50chrnGX4B46HyqhlSj9xMohy02t3MX0n-6xoRHLk5Oh8V2c0duIS4mZo0TAq11Zl61No7XvcMPz961yBIpblougDO3NlIXerppYqweTrkxdIR2u4KVXi5XGrbZ08pfBgjrEyAE0GkSkYu3jG0wyzz3Y1gCYqZnOBVg83E4dTUPo-X5ObcnBlitGBkP9_7nAWOxvghNOg8rM6Po_qXQU-g&atk=1jqb30tnqha8t800,"Making recommendations or presenting alternative solutions to problems. Familiarity with design software , such as Autodesk, AutoCAD and REVIT. The successful candidate will be able to effectively…",,,indeed_ae,2026-06-05 05:10:20.249325+00:00
Senior Contract Manager (Consultancy),AREC ENGINEERING CONSULTANT,Dubai,https://ae.indeed.com/rc/clk?jk=d077a159cf35f92e&bb=VxH8Z0WwFK25GZbps3doAHDJHEPX-lhs_AnEsIHSe51-f2rNCoGWkyEfBgbTsKujeqCuV8zVxiDRshUxuivSSSF8V7Asqxv3MjNcTWrTQ8VWmSWpciN057C95tDUMf-AWc-8NAPekDwePo4p76EOzA%3D%3D&xkcb=SoDQ67M3iLOMYOzF1J0AbzkdCdPP&rjs=0&qd=Xd-cji1-rrfYy0m8LpokE8dF20pwsUrmctm8cTGFOXDOAPLLNYb6wmUg8gjYJafwpsXE23qShaYtGgdtUJu_X5BBGG-ayCiM-gQi8HpsYsLtZozk31ERKPJGlDLUboAG50chrnGX4B46HyqhlSj9xMohy02t3MX0n-6xoRHLk5Oh8V2c0duIS4mZo0TAq11Zl61No7XvcMPz961yBIpblougDO3NlIXerppYqweTrkxdIR2u4KVXi5XGrbZ08pfBgjrEyAE0GkSkYu3jG0wyzz3Y1gCYqZnOBVg83E4dTUPo-X5ObcnBlitGBkP9_7nAWOxvghNOg8rM6Po_qXQU-g&atk=1jqb30tnqha8t800,"Target Keywords (For CV Screening):*Consultancy Background Only | 15+ Years Experience | FIDIC Expert | Dubai Regulations | Claims & Variations | Immediate Joiner. Job Types: Full-time, Permanent.",,,indeed_ae,2026-06-05 05:10:20.205243+00:00
Senior Site Civil Engineer,Surbana Jurong Private Limited,Dubai,https://ae.indeed.com/rc/clk?jk=5ee192ab64db0429&bb=VxH8Z0WwFK25GZbps3doAEd08tPx0xlfUiUvR9aTowR04CcKgV71RSyrQEEfHVGdr2F3QUFhHC5mMt6eOij7UTFPhMvMgQvILCeeIy5DrjHCkKLoaxCDJDKW3I5NA-zlERG3zgpcyfdPGyOybSaOsQ%3D%3D&xkcb=SoBk67M3iLOMYOzF1J0BbzkdCdPP&rjs=0&qd=Xd-cji1-rrfYy0m8LpokE8dF20pwsUrmctm8cTGFOXDOAPLLNYb6wmUg8gjYJafwpsXE23qShaYtGgdtUJu_X5BBGG-ayCiM-gQi8HpsYsLtZozk31ERKPJGlDLUboAG50chrnGX4B46HyqhlSj9xMohy02t3MX0n-6xoRHLk5Oh8V2c0duIS4mZo0TAq11Zl61No7XvcMPz961yBIpblougDO3NlIXerppYqweTrkxdIR2u4KVXi5XGrbZ08pfBgjrEyAE0GkSkYu3jG0wyzz3Y1gCYqZnOBVg83E4dTUPo-X5ObcnBlitGBkP9_7nAWOxvghNOg8rM6Po_qXQU-g&atk=1jqb30tnqha8t800,"Liaise with design engineers to clarify technical details and incorporate design modifications as required. Final inspections and conformance documentation for handover to clients, authorities, or…",,,indeed_ae,2026-06-05 05:10:20.151528+00:00
Branch Teller and Services Officer - Abu Dhabi (UAE National role),HSBC Global Services Limited,Abu Dhabi,https://ae.indeed.com/rc/clk?jk=afa8f477176d27aa&bb=VxH8Z0WwFK25GZbps3doAJNcZygYXSvfY0k6nnG9-7aVIDW9JZU8Uq9h_P5e9NbvfkhBtnzuP2izb-oYL-751J2mnOIL3xgcybeJ1zfuo_1pSWlmYfV_nYTFnbitlzpV0EIvyNXmSABJFiK1pmqA8g%3D%3D&xkcb=SoD567M3iLOMYOzF1J0CbzkdCdPP&rjs=0&qd=Xd-cji1-rrfYy0m8LpokE8dF20pwsUrmctm8cTGFOXDOAPLLNYb6wmUg8gjYJafwpsXE23qShaYtGgdtUJu_X5BBGG-ayCiM-gQi8HpsYsLtZozk31ERKPJGlDLUboAG50chrnGX4B46HyqhlSj9xMohy02t3MX0n-6xoRHLk5Oh8V2c0duIS4mZo0TAq11Zl61No7XvcMPz961yBIpblougDO3NlIXerppYqweTrkxdIR2u4KVXi5XGrbZ08pfBgjrEyAE0GkSkYu3jG0wyzz3Y1gCYqZnOBVg83E4dTUPo-X5ObcnBlitGBkP9_7nAWOxvghNOg8rM6Po_qXQU-g&atk=1jqb30tnqha8t800,A graduation degree is essential for obtaining a UAE visa and/or work permit. Contribute to the Bank’s business objectives and goals by providing personalized effective service while ensuring full…,,,indeed_ae,2026-06-05 05:10:20.075737+00:00
"Senior Regional Director, Enterprise, Growth",MongoDB,Dubai,https://ae.indeed.com/rc/clk?jk=f6808d11efc2b6d5&bb=VxH8Z0WwFK25GZbps3doAJ69gF3S1dS61sLo9E5ajis6l3dFeejHZjoeqLSLyTJSQTxkNjckoUmGsKDEC918sf17DE1CAa0zlnT6FSQhyJnQ6cv-8qr8R0W-_UfzwFjSC-FYBxV4cA63UYk_xQLfaw%3D%3D&xkcb=SoBN67M3iLOMYOzF1J0DbzkdCdPP&rjs=0&qd=Xd-cji1-rrfYy0m8LpokE8dF20pwsUrmctm8cTGFOXDOAPLLNYb6wmUg8gjYJafwpsXE23qShaYtGgdtUJu_X5BBGG-ayCiM-gQi8HpsYsLtZozk31ERKPJGlDLUboAG50chrnGX4B46HyqhlSj9xMohy02t3MX0n-6xoRHLk5Oh8V2c0duIS4mZo0TAq11Zl61No7XvcMPz961yBIpblougDO3NlIXerppYqweTrkxdIR2u4KVXi5XGrbZ08pfBgjrEyAE0GkSkYu3jG0wyzz3Y1gCYqZnOBVg83E4dTUPo-X5ObcnBlitGBkP9_7nAWOxvghNOg8rM6Po_qXQU-g&atk=1jqb30tnqha8t800,2+ years experience with recruiting and managing a highly successful and talented direct software sales team while driving them towards success. 5+ years field experience of quota-carrying experience…,,,indeed_ae,2026-06-05 05:10:20.026861+00:00
Sales Executive,AI Tech,Dubai,https://ae.indeed.com/rc/clk?jk=f3065b88c40f2db4&bb=VxH8Z0WwFK25GZbps3doANSqJR-K45_YzmuC7cy7nx-FarPNq9tnKsMmjxggZwI4kIljUcgS2j2W9-yfKCKqQDIPciq0Smd5IebaItQeNFcdAUfe8aEFlUz3FiZbmU2smtdzjjPTqL8fOUCk-KVorw%3D%3D&xkcb=SoCk67M3iLOMYOzF1J0MbzkdCdPP&rjs=0&qd=Xd-cji1-rrfYy0m8LpokE8dF20pwsUrmctm8cTGFOXDOAPLLNYb6wmUg8gjYJafwpsXE23qShaYtGgdtUJu_X5BBGG-ayCiM-gQi8HpsYsLtZozk31ERKPJGlDLUboAG50chrnGX4B46HyqhlSj9xMohy02t3MX0n-6xoRHLk5Oh8V2c0duIS4mZo0TAq11Zl61No7XvcMPz961yBIpblougDO3NlIXerppYqweTrkxdIR2u4KVXi5XGrbZ08pfBgjrEyAE0GkSkYu3jG0wyzz3Y1gCYqZnOBVg83E4dTUPo-X5ObcnBlitGBkP9_7nAWOxvghNOg8rM6Po_qXQU-g&atk=1jqb30tnqha8t800,"Use a variety of styles to persuade or negotiate appropriately. Promote the company’s products/services addressing or predicting clients’ objectives. Will be responsible for identifying opportunities,…",,,indeed_ae,2026-06-05 05:10:19.964152+00:00
Senior Structural Designer,Worley,Abu Dhabi,https://ae.indeed.com/rc/clk?jk=b538caac9399cad4&bb=VxH8Z0WwFK25GZbps3doACBcxtVnfu_QSKnEiqVRIPfT-RFVUGY37pEg4tHFZ9yV5sTjix1X-dMNve3SIG6AAvtpdNz2mtmjP9x28pfU9l2VshS2K1z_syGmvqJP-GrOq4HIlblfz8xQCxUaKQgxgQ%3D%3D&xkcb=SoAQ67M3iLOMYOzF1J0NbzkdCdPP&rjs=0&qd=Xd-cji1-rrfYy0m8LpokE8dF20pwsUrmctm8cTGFOXDOAPLLNYb6wmUg8gjYJafwpsXE23qShaYtGgdtUJu_X5BBGG-ayCiM-gQi8HpsYsLtZozk31ERKPJGlDLUboAG50chrnGX4B46HyqhlSj9xMohy02t3MX0n-6xoRHLk5Oh8V2c0duIS4mZo0TAq11Zl61No7XvcMPz961yBIpblougDO3NlIXerppYqweTrkxdIR2u4KVXi5XGrbZ08pfBgjrEyAE0GkSkYu3jG0wyzz3Y1gCYqZnOBVg83E4dTUPo-X5ObcnBlitGBkP9_7nAWOxvghNOg8rM6Po_qXQU-g&atk=1jqb30tnqha8t800,"Competent in the use of 2D & 3D software and developing skills in design software . Create plans or documents that supports construction, testing, commissioning, operations, maintenance, or…",,,indeed_ae,2026-06-05 05:10:19.917747+00:00
School Nurse,SABIS Network,Abu Dhabi,https://ae.indeed.com/rc/clk?jk=59e79ad6b940c168&bb=VxH8Z0WwFK25GZbps3doACBcxtVnfu_QMIuW9My9UUl6bp-d8T5PxahTV93lQBzm2_DXv-YabdqjwDRKu5zdMbKkruv3ftfw0QZ1iVMfxJSuworCFMsevS-FmBIG3yRKBnOnC2fkVuQk36ChPKDnTQ%3D%3D&xkcb=SoCN67M3iLOMYOzF1J0ObzkdCdPP&rjs=0&qd=Xd-cji1-rrfYy0m8LpokE8dF20pwsUrmctm8cTGFOXDOAPLLNYb6wmUg8gjYJafwpsXE23qShaYtGgdtUJu_X5BBGG-ayCiM-gQi8HpsYsLtZozk31ERKPJGlDLUboAG50chrnGX4B46HyqhlSj9xMohy02t3MX0n-6xoRHLk5Oh8V2c0duIS4mZo0TAq11Zl61No7XvcMPz961yBIpblougDO3NlIXerppYqweTrkxdIR2u4KVXi5XGrbZ08pfBgjrEyAE0GkSkYu3jG0wyzz3Y1gCYqZnOBVg83E4dTUPo-X5ObcnBlitGBkP9_7nAWOxvghNOg8rM6Po_qXQU-g&atk=1jqb30tnqha8t800,Recommending to management safety measures aimed at preventing injury or incidental harm to students and/ or staff. Bachelor's Degree in Nursing or equivalent qualification.,,,indeed_ae,2026-06-05 05:10:19.869321+00:00
"Bits Welder (O&G, TIG, MIG & ARC)",NOV Inc.,Dubai,https://ae.indeed.com/rc/clk?jk=b56539bfa9f109c5&bb=VxH8Z0WwFK25GZbps3doALqjElh5LfZhxbDHiBmWJ0cBoLF1Cc93cJ_QHU8lCc-VsQR1hNBgtQUh54rPPz3SPARTmnMWt4btAUGbchzHDkJRTKpPNueKPXy09LEs-ROt98wSPJDbfJ0JEDOi2KOjrg%3D%3D&xkcb=SoA567M3iLOMYOzF1J0PbzkdCdPP&rjs=0&qd=Xd-cji1-rrfYy0m8LpokE8dF20pwsUrmctm8cTGFOXDOAPLLNYb6wmUg8gjYJafwpsXE23qShaYtGgdtUJu_X5BBGG-ayCiM-gQi8HpsYsLtZozk31ERKPJGlDLUboAG50chrnGX4B46HyqhlSj9xMohy02t3MX0n-6xoRHLk5Oh8V2c0duIS4mZo0TAq11Zl61No7XvcMPz961yBIpblougDO3NlIXerppYqweTrkxdIR2u4KVXi5XGrbZ08pfBgjrEyAE0GkSkYu3jG0wyzz3Y1gCYqZnOBVg83E4dTUPo-X5ObcnBlitGBkP9_7nAWOxvghNOg8rM6Po_qXQU-g&atk=1jqb30tnqha8t800,"Weld components using manual or semi-automatic welding equipment in various positions (vertical, horizontal or overhead). Determine the appropriate welding equipment or method based on requirements.",,,indeed_ae,2026-06-05 05:10:19.824935+00:00
PMC Lead Technical HSE Engineer - Zirku,Wood,Abu Dhabi,https://ae.indeed.com/rc/clk?jk=4954b77e96aa72e7&bb=VxH8Z0WwFK25GZbps3doALZmHXiomAAOUBm6N8TYmCfmi1QnLi0SCDzXVDGFvAJN7r7jL34zAMQrjuVaxbWkzXyyyAiDVxmJxScswyCcfmmEmP3lRVSEVvdSGDLPTQNg4vC8HL4gxdLfkTxUi78g9g%3D%3D&xkcb=SoC367M3iLOMYOzF1J0IbzkdCdPP&rjs=0&qd=Xd-cji1-rrfYy0m8LpokE8dF20pwsUrmctm8cTGFOXDOAPLLNYb6wmUg8gjYJafwpsXE23qShaYtGgdtUJu_X5BBGG-ayCiM-gQi8HpsYsLtZozk31ERKPJGlDLUboAG50chrnGX4B46HyqhlSj9xMohy02t3MX0n-6xoRHLk5Oh8V2c0duIS4mZo0TAq11Zl61No7XvcMPz961yBIpblougDO3NlIXerppYqweTrkxdIR2u4KVXi5XGrbZ08pfBgjrEyAE0GkSkYu3jG0wyzz3Y1gCYqZnOBVg83E4dTUPo-X5ObcnBlitGBkP9_7nAWOxvghNOg8rM6Po_qXQU-g&atk=1jqb30tnqha8t800,Knowledge of engineering computer programs and general business software . Provide technical assistance and coordination with other discipline engineers .,,,indeed_ae,2026-06-05 05:10:19.775245+00:00
Project Engineer (Steel Structures) – 5 to 7 Years Experience (2 Positions),Rushdi and Partners General Contracting &...,Abu Dhabi,https://ae.indeed.com/rc/clk?jk=d036f86a0a57407d&bb=VxH8Z0WwFK25GZbps3doAG3Z0xqt_d6wHskOI--0yhRTEM0zhtZkdZiDK4tpG-roQCk5mn6CksChndk1VRMxDBdp747wobcVYWA_KyyJiAIaF4YY2C-pid0r9MpCD6kpn3SgX5DX3CDDLPy0zAs9nA%3D%3D&xkcb=SoAD67M3iLOMYOzF1J0JbzkdCdPP&rjs=0&qd=Xd-cji1-rrfYy0m8LpokE8dF20pwsUrmctm8cTGFOXDOAPLLNYb6wmUg8gjYJafwpsXE23qShaYtGgdtUJu_X5BBGG-ayCiM-gQi8HpsYsLtZozk31ERKPJGlDLUboAG50chrnGX4B46HyqhlSj9xMohy02t3MX0n-6xoRHLk5Oh8V2c0duIS4mZo0TAq11Zl61No7XvcMPz961yBIpblougDO3NlIXerppYqweTrkxdIR2u4KVXi5XGrbZ08pfBgjrEyAE0GkSkYu3jG0wyzz3Y1gCYqZnOBVg83E4dTUPo-X5ObcnBlitGBkP9_7nAWOxvghNOg8rM6Po_qXQU-g&atk=1jqb30tnqha8t800,"Bachelor's Degree in Civil, Mechanical, or Structural Engineering. We are seeking experienced Project Engineers to manage and coordinate structural steel projects from planning through completion…",,,indeed_ae,2026-06-05 05:10:19.727431+00:00
Site Civil Engineer,BOSIO CONSTRUCTION LLC,Dubai,https://ae.indeed.com/rc/clk?jk=5c3285a461c264d0&bb=VxH8Z0WwFK25GZbps3doAKBYm3pmL4VOj174tI9R_Ez8er_YP0rxQlvIBLlSv4s1UwD5OPdhVMyI8nZtXcyJLbOZyK3fcO3v0rEYTkSZP3HB5r_l2kKXNdYNgJ2JouDzLczeJO_XtI-NXhRhf-MGIQ%3D%3D&xkcb=SoCe67M3iLOMYOzF1J0KbzkdCdPP&rjs=0&qd=Xd-cji1-rrfYy0m8LpokE8dF20pwsUrmctm8cTGFOXDOAPLLNYb6wmUg8gjYJafwpsXE23qShaYtGgdtUJu_X5BBGG-ayCiM-gQi8HpsYsLtZozk31ERKPJGlDLUboAG50chrnGX4B46HyqhlSj9xMohy02t3MX0n-6xoRHLk5Oh8V2c0duIS4mZo0TAq11Zl61No7XvcMPz961yBIpblougDO3NlIXerppYqweTrkxdIR2u4KVXi5XGrbZ08pfBgjrEyAE0GkSkYu3jG0wyzz3Y1gCYqZnOBVg83E4dTUPo-X5ObcnBlitGBkP9_7nAWOxvghNOg8rM6Po_qXQU-g&atk=1jqb30tnqha8t800,"What we offer: Good compensation package + visa + excellent insurance + flight tickets + benefits (Free Accommodation, transport, Nestle drinking water, Wi-fi and company uniforms).*.",,,indeed_ae,2026-06-05 05:10:19.680895+00:00
MEP Engineer – Interior & Fit-Out Construction,Mana Advisory Consultancy LLC,Dubai,https://ae.indeed.com/rc/clk?jk=34f887089baea9f6&bb=VxH8Z0WwFK25GZbps3doAHEcW8-Ks5GvgkBWheR0GFe1EIbzwaLdQjpK7kkANVrphz1KEqRK_13-oBt3YCqkoLVcMC9XclOQuuyuBFRrNi2oWW_qSg-bTK4a6FW9QL79derTJzo707DQ1_7Cfs7n5w%3D%3D&xkcb=SoAq67M3iLOMYOzF1J0LbzkdCdPP&rjs=0&qd=Xd-cji1-rrfYy0m8LpokE8dF20pwsUrmctm8cTGFOXDOAPLLNYb6wmUg8gjYJafwpsXE23qShaYtGgdtUJu_X5BBGG-ayCiM-gQi8HpsYsLtZozk31ERKPJGlDLUboAG50chrnGX4B46HyqhlSj9xMohy02t3MX0n-6xoRHLk5Oh8V2c0duIS4mZo0TAq11Zl61No7XvcMPz961yBIpblougDO3NlIXerppYqweTrkxdIR2u4KVXi5XGrbZ08pfBgjrEyAE0GkSkYu3jG0wyzz3Y1gCYqZnOBVg83E4dTUPo-X5ObcnBlitGBkP9_7nAWOxvghNOg8rM6Po_qXQU-g&atk=1jqb30tnqha8t800,"Bachelor's Degree in Mechanical Engineering, Electrical Engineering, or related field. Montaigne Design is seeking a skilled and experienced MEP Engineer to join our Interior & Fit-Out Construction…",,,indeed_ae,2026-06-05 05:10:19.620577+00:00
Civil Site Foreman,Renova 360,Dubai,https://ae.indeed.com/rc/clk?jk=e464b0256b981ebe&bb=wfba-91VJUoEmX2-suIkwrfPkiQA0mZLamngkIKLQI8wgyr5Cq-G1DrGfFWWkqHOR1pXUdjIIokh9WXbcivsnE7mTJIX0QDi7uJkv8gMDGbA7Y9TUrxEWfZdKNZG3pLN556hqbMThaldADLohY4Upg%3D%3D&xkcb=SoB367M3iLOM_UTDa50TbzkdCdPP&rjs=0&qd=Xd-cji1-rrfYy0m8LpokE8dF20pwsUrmctm8cTGFOXDOAPLLNYb6wmUg8gjYJafwpsXE23qShaYtGgdtUJu_X5BBGG-ayCiM-gQi8HpsYsLtZozk31ERKPJGlDLUboAG50chrnGX4B46HyqhlSj9xMohy02t3MX0n-6xoRHLk5Oh8V2c0duIS4mZo0TAq11Zl61No7XvcMPz961yBIpblougDO3NlIXerppYqweTrkxdIR2u4KVXi5XGrbZ08pfBgjrEyAE0GkSkYu3jG0wyzz3Y1gCYqZnOBVg83E4dTUN9Ef1nQkDlXoq-olDAl2oKWOxvghNOg8rM6Po_qXQU-g&atk=1jqb30p2ohmvo800,"Monitor material usage and report shortages or requirements. UAE experience in villas, buildings, commercial, or fit-out projects. Renova 360 is seeking an experienced and proactive *Civil Site…",,,indeed_ae,2026-06-05 05:10:16.028032+00:00
Senior Structural Engineer,Parsons,Dubai,https://ae.indeed.com/rc/clk?jk=4fa8d7835b239d26&bb=wfba-91VJUoEmX2-suIkwmWOhRcwMyB74Ul9CPZySX9Z3ptWqosZNH-dqvsooxRbLX94q1Hh7CMc-x0x4R_iyUiCdzPBAvhNBeezCdl-6w3RIr3MEvOpICTqgcRX_aDk0HLTRfSVhDufN701dKHa5Q%3D%3D&xkcb=SoCe67M3iLOM_UTDa50cbzkdCdPP&rjs=0&qd=Xd-cji1-rrfYy0m8LpokE8dF20pwsUrmctm8cTGFOXDOAPLLNYb6wmUg8gjYJafwpsXE23qShaYtGgdtUJu_X5BBGG-ayCiM-gQi8HpsYsLtZozk31ERKPJGlDLUboAG50chrnGX4B46HyqhlSj9xMohy02t3MX0n-6xoRHLk5Oh8V2c0duIS4mZo0TAq11Zl61No7XvcMPz961yBIpblougDO3NlIXerppYqweTrkxdIR2u4KVXi5XGrbZ08pfBgjrEyAE0GkSkYu3jG0wyzz3Y1gCYqZnOBVg83E4dTUN9Ef1nQkDlXoq-olDAl2oKWOxvghNOg8rM6Po_qXQU-g&atk=1jqb30p2ohmvo800,Strong command of structural analysis software . Bachelor’s in Civil or Structural Engineering. At least 5 years’ UAE/GCC experience on RTA or similar authority projects.,,,indeed_ae,2026-06-05 05:10:15.974204+00:00
PMC Senior Process Engineer (UAE National),Wood,Abu Dhabi,https://ae.indeed.com/rc/clk?jk=cbf9ca6f2a528e4b&bb=wfba-91VJUoEmX2-suIkwrun3yNQUVL3swLzYzNq70y1dfJN_JzEF_unezy6uGubmf2d6N7bBj9B7f0Rh2LgCMGKOPylb9SEjA__T39gsDjjxYcLJKpO2rtmtxO8IVXu1N9xy_yTxvGrTDyOZPdY6Q%3D%3D&xkcb=SoAq67M3iLOM_UTDa50dbzkdCdPP&rjs=0&qd=Xd-cji1-rrfYy0m8LpokE8dF20pwsUrmctm8cTGFOXDOAPLLNYb6wmUg8gjYJafwpsXE23qShaYtGgdtUJu_X5BBGG-ayCiM-gQi8HpsYsLtZozk31ERKPJGlDLUboAG50chrnGX4B46HyqhlSj9xMohy02t3MX0n-6xoRHLk5Oh8V2c0duIS4mZo0TAq11Zl61No7XvcMPz961yBIpblougDO3NlIXerppYqweTrkxdIR2u4KVXi5XGrbZ08pfBgjrEyAE0GkSkYu3jG0wyzz3Y1gCYqZnOBVg83E4dTUN9Ef1nQkDlXoq-olDAl2oKWOxvghNOg8rM6Po_qXQU-g&atk=1jqb30p2ohmvo800,Knowledge of engineering computer programs and general business software . Provide technical assistance and coordination with other discipline engineers .,,,indeed_ae,2026-06-05 05:10:15.918331+00:00
Senior Electrical Engineer - SEWA Certified,AL HANOO CONTRACTING L.L.C,Sharjah,https://ae.indeed.com/rc/clk?jk=659536870b3460f2&bb=wfba-91VJUoEmX2-suIkwnDInbZtd14hIUxDy8-pzb0sdpv9FNaCVc17mCwFCwB9QqtxL-kvyse8mJrJVuRDINa6InmfMN7q38ccvzE36_6WHKX1aZQnhg2PEPBehQMRyNC5KRFE7jrr9D2Ygl5zOA%3D%3D&xkcb=SoC367M3iLOM_UTDa50ebzkdCdPP&rjs=0&qd=Xd-cji1-rrfYy0m8LpokE8dF20pwsUrmctm8cTGFOXDOAPLLNYb6wmUg8gjYJafwpsXE23qShaYtGgdtUJu_X5BBGG-ayCiM-gQi8HpsYsLtZozk31ERKPJGlDLUboAG50chrnGX4B46HyqhlSj9xMohy02t3MX0n-6xoRHLk5Oh8V2c0duIS4mZo0TAq11Zl61No7XvcMPz961yBIpblougDO3NlIXerppYqweTrkxdIR2u4KVXi5XGrbZ08pfBgjrEyAE0GkSkYu3jG0wyzz3Y1gCYqZnOBVg83E4dTUN9Ef1nQkDlXoq-olDAl2oKWOxvghNOg8rM6Po_qXQU-g&atk=1jqb30p2ohmvo800,Inspections: Coordinate and attend site inspections with SEWA engineers for permanent power connection and building completion certificates (BCC). Certification: Valid SEWA Card/Certification (…,,,indeed_ae,2026-06-05 05:10:15.857708+00:00
Fit out Site Engineer,Al Hadeer Marble & Stone Cutting Factory L.L.C,Sharjah,https://ae.indeed.com/rc/clk?jk=a4c393db69b3888f&bb=wfba-91VJUoEmX2-suIkwpN6km5O0sG2oKDwsEjvKwEnkR0W6_HJq2W9FRcTmmAwsrtd-Msq6xU0rTlcqQHOvkB90EUBOR-B8YMGAjR67g2YmNZoIEY1B6XF2gkAZbRa-Xn_ruoaubFMMOpHMTCDww%3D%3D&xkcb=SoAD67M3iLOM_UTDa50fbzkdCdPP&rjs=0&qd=Xd-cji1-rrfYy0m8LpokE8dF20pwsUrmctm8cTGFOXDOAPLLNYb6wmUg8gjYJafwpsXE23qShaYtGgdtUJu_X5BBGG-ayCiM-gQi8HpsYsLtZozk31ERKPJGlDLUboAG50chrnGX4B46HyqhlSj9xMohy02t3MX0n-6xoRHLk5Oh8V2c0duIS4mZo0TAq11Zl61No7XvcMPz961yBIpblougDO3NlIXerppYqweTrkxdIR2u4KVXi5XGrbZ08pfBgjrEyAE0GkSkYu3jG0wyzz3Y1gCYqZnOBVg83E4dTUN9Ef1nQkDlXoq-olDAl2oKWOxvghNOg8rM6Po_qXQU-g&atk=1jqb30p2ohmvo800,Bachelor’s or Diploma in Civil Engineering. Construction or Any related Field : 1 year (Required). Minimum 1 year of site experience in construction or stone/marble projects.,,,indeed_ae,2026-06-05 05:10:15.804889+00:00
ELV Sales Executive,AMVIN Group,Dubai,https://ae.indeed.com/rc/clk?jk=9b62b97a775d48cb&bb=wfba-91VJUoEmX2-suIkwlT2syaIrAeub77rD5GS-IZduUBP3MnEX_ifmlvAnLBPZ3DiynOVdY05gea1qBrQJmFLfBIGzswwTSCSP_OxKrvWlmU5IVwElM9MYeotcSBsBnT5gq6PVrmTQ1w4Jvzykw%3D%3D&xkcb=SoCN67M3iLOM_UTDa50YbzkdCdPP&rjs=0&qd=Xd-cji1-rrfYy0m8LpokE8dF20pwsUrmctm8cTGFOXDOAPLLNYb6wmUg8gjYJafwpsXE23qShaYtGgdtUJu_X5BBGG-ayCiM-gQi8HpsYsLtZozk31ERKPJGlDLUboAG50chrnGX4B46HyqhlSj9xMohy02t3MX0n-6xoRHLk5Oh8V2c0duIS4mZo0TAq11Zl61No7XvcMPz961yBIpblougDO3NlIXerppYqweTrkxdIR2u4KVXi5XGrbZ08pfBgjrEyAE0GkSkYu3jG0wyzz3Y1gCYqZnOBVg83E4dTUN9Ef1nQkDlXoq-olDAl2oKWOxvghNOg8rM6Po_qXQU-g&atk=1jqb30p2ohmvo800,"We are looking for a qualified and experienced ELV Sales Engineer for our client, an electronic retail store in Dubai. Process orders including final costing, supplier orders and coordinate with…",,,indeed_ae,2026-06-05 05:10:15.751403+00:00
Competent Person(Civil Engineer),Astraco Construction LLC,Abu Dhabi,https://ae.indeed.com/rc/clk?jk=03e898e589e4e8c8&bb=wfba-91VJUoEmX2-suIkwnOZxZl1RvQNGammzxAyWpy2z3LR3sNcbyIIcUlBQB3bKcZJw-ZlqEZHvCSBqqNpkH9_YmzjitmZi2765qjtzw4MK2rMXhmC8ugyK9hJPdvWA_Zwz-19nawfZUv7cfvunw%3D%3D&xkcb=SoA567M3iLOM_UTDa50ZbzkdCdPP&rjs=0&qd=Xd-cji1-rrfYy0m8LpokE8dF20pwsUrmctm8cTGFOXDOAPLLNYb6wmUg8gjYJafwpsXE23qShaYtGgdtUJu_X5BBGG-ayCiM-gQi8HpsYsLtZozk31ERKPJGlDLUboAG50chrnGX4B46HyqhlSj9xMohy02t3MX0n-6xoRHLk5Oh8V2c0duIS4mZo0TAq11Zl61No7XvcMPz961yBIpblougDO3NlIXerppYqweTrkxdIR2u4KVXi5XGrbZ08pfBgjrEyAE0GkSkYu3jG0wyzz3Y1gCYqZnOBVg83E4dTUN9Ef1nQkDlXoq-olDAl2oKWOxvghNOg8rM6Po_qXQU-g&atk=1jqb30p2ohmvo800,Bachelor’s degree in civil engineering or equivalent. Ensure strict compliance with TAQA PTW procedures before commencing any activity near live utilities or restricted zones.,,,indeed_ae,2026-06-05 05:10:15.702973+00:00
Structural Design Engineer wth DM G+12 License,Avenir Project Management LLC,Dubai,https://ae.indeed.com/rc/clk?jk=941d190ab9b119bb&bb=wfba-91VJUoEmX2-suIkwhCfWWEDOnGmY-s9VsVE3KiSHPKOyTilcKKIagaawttGXXMzAz4AtHWlSQnjzPgRE3dhpIYORlbf5957YfC5qBfoIbJLBKzTn19zlmYLc3k65KD6udydajpAXDhCaDdXAA%3D%3D&xkcb=SoCk67M3iLOM_UTDa50abzkdCdPP&rjs=0&qd=Xd-cji1-rrfYy0m8LpokE8dF20pwsUrmctm8cTGFOXDOAPLLNYb6wmUg8gjYJafwpsXE23qShaYtGgdtUJu_X5BBGG-ayCiM-gQi8HpsYsLtZozk31ERKPJGlDLUboAG50chrnGX4B46HyqhlSj9xMohy02t3MX0n-6xoRHLk5Oh8V2c0duIS4mZo0TAq11Zl61No7XvcMPz961yBIpblougDO3NlIXerppYqweTrkxdIR2u4KVXi5XGrbZ08pfBgjrEyAE0GkSkYu3jG0wyzz3Y1gCYqZnOBVg83E4dTUN9Ef1nQkDlXoq-olDAl2oKWOxvghNOg8rM6Po_qXQU-g&atk=1jqb30p2ohmvo800,Bachelor’s or Master’s Degree in Structural or Civil Engineering. Demonstrated experience handling full-cycle approval processes with relevant Dubai authorities.,,,indeed_ae,2026-06-05 05:10:15.640285+00:00
Civil Foreman,Imperial Group Pty Ltd,Abu Dhabi,https://ae.indeed.com/rc/clk?jk=1448d4200bacb76c&bb=wfba-91VJUoEmX2-suIkwta3lteSRjoMRdaaEqQWWqBhyb5ViAKL4qk43zKFvS-N-mVdH3rp4Hd22ybFYcTvIWSd2EPApReyYtPdZV3KcVnCI3w9Q0kDLO_LPQDQ9aGkx6VENOS5Cztei73VDdvrmA%3D%3D&xkcb=SoAQ67M3iLOM_UTDa50bbzkdCdPP&rjs=0&qd=Xd-cji1-rrfYy0m8LpokE8dF20pwsUrmctm8cTGFOXDOAPLLNYb6wmUg8gjYJafwpsXE23qShaYtGgdtUJu_X5BBGG-ayCiM-gQi8HpsYsLtZozk31ERKPJGlDLUboAG50chrnGX4B46HyqhlSj9xMohy02t3MX0n-6xoRHLk5Oh8V2c0duIS4mZo0TAq11Zl61No7XvcMPz961yBIpblougDO3NlIXerppYqweTrkxdIR2u4KVXi5XGrbZ08pfBgjrEyAE0GkSkYu3jG0wyzz3Y1gCYqZnOBVg83E4dTUN9Ef1nQkDlXoq-olDAl2oKWOxvghNOg8rM6Po_qXQU-g&atk=1jqb30p2ohmvo800,"Diploma or Technical Certification in Civil Engineering or Construction (preferred). Experience in residential, commercial, or infrastructure projects. Conduct daily toolbox talks and work briefings.",,,indeed_ae,2026-06-05 05:10:15.592755+00:00
Graduate - Civil Engineer إماراتيين (خلاصة القيد),AECOM,Dubai,https://ae.indeed.com/rc/clk?jk=d9e6e61ea650ee2e&bb=wfba-91VJUoEmX2-suIkwuqhrkTlEDwejOnGQWA9ZqIIW6D5EsIySIOhmY7NLAAgwrT26pIRa2wH68jxwpyd0OIICCnwjNAPH_I2au71OpKba6dnODzDT6VTuX3fSXvi--0Road3_R8s3aXMu6_NJg%3D%3D&xkcb=SoA367M3iLOM_UTDa50EbzkdCdPP&rjs=0&qd=Xd-cji1-rrfYy0m8LpokE8dF20pwsUrmctm8cTGFOXDOAPLLNYb6wmUg8gjYJafwpsXE23qShaYtGgdtUJu_X5BBGG-ayCiM-gQi8HpsYsLtZozk31ERKPJGlDLUboAG50chrnGX4B46HyqhlSj9xMohy02t3MX0n-6xoRHLk5Oh8V2c0duIS4mZo0TAq11Zl61No7XvcMPz961yBIpblougDO3NlIXerppYqweTrkxdIR2u4KVXi5XGrbZ08pfBgjrEyAE0GkSkYu3jG0wyzz3Y1gCYqZnOBVg83E4dTUN9Ef1nQkDlXoq-olDAl2oKWOxvghNOg8rM6Po_qXQU-g&atk=1jqb30p2ohmvo800,"Familiarity with engineering software such as AutoCAD, Civil 3D, or similar. Conducts engineering design under the supervision of an experienced engineer . Bachelor’s degree in civil engineering.",,,indeed_ae,2026-06-05 05:10:15.544371+00:00
Sr. Quantity Surveyor - Interior Fit Out,Blue Camel Design LLC (Interior Fit Out),Dubai,https://ae.indeed.com/pagead/clk?mo=r&ad=-6NYlbfkN0Ax8MLiWCr0UN4B6Vwj34Ylg97XNeHB4kt288N7w9vFVfgg3zzV7-td1Fi5NV4d3C9AME9LGNw5v8UoeB6WvUWFB-iezCpT4bx8YVSa6st_1a9H3vPScqaj-I_dltL4OiDMyaYiHoyKdN3Zx4eq4sF7ySN1mlxWcLnpXol0jky7RNtX5ilVeCoFCNWE_oTkUslwdL_ohnyk7uG7YziZo31b1pkNHiYSfeu1gIXDKq3AOaQrnT5nFOmjJiHoz-aZQQ4gesicOrplRtFejixq0at-Fhx8ep5BPWieFOIT8xY12c4j-hxYjCw3eBhHKINwBlSKRDjL6cHIvPQjsuSbFihu6GpQ2aYNERJCy_dybLtE_gVZUj-M50MIdwGuoOSnalD0bE4PcPCnZdXCRAAc4XzuGDeCPKk-zqeCLsf9kdr1_4EAHeOG0mrCPwUzR_zAHUA4_qMg-O_bd4Z_F7g0u9ZBkG0FK5glwZDoQB7NFbjQ6fuJkGwhkw-9KSDNvKyivsiw09_jQfSVh0rg6DABdFbX6YN9i1xzqke4Uhm9Y12q0_3NBWbF6qImrH_yjN-yVV6f5sa6O1QF5LydetkUK-Kk8wcqzaLHKw8w67y2BNtLqeYZaGt9C6XsLUnf4nXZ4GgTUyyU5mqj7IZD6INeV97a6NXi9VX0xyd6QFK8c6ih2fy9b7ZTgmL4kIKmGtuHVZdzr4qYbQs6DimXFnIi47-AX3aMbTi0zFuhpefZewqoeia2-J2arJ21QsItf-IvEkq_aLETp6-X-6hOKjcYgncAoU1TM34e86GRCMhNMvQLugmDtN4LbwVU5fbxtKrJVBjsFL0yqH6JflbEiMpB_kP6hdNQII6FaOzY7RAABfVZaBV-JYgzeJHnaXN_vqiGXccPI5WU_XlsJucEhCU0eD00TIzEc6wosX5vTC034n9OXliHdvsGE0OadG72Owa6xcEDW8zKUhvk5ArEn55CbssF2ULo3oWXGwDM9wjkFXlz6Q==&xkcb=SoB36_M3iLOM_UTDa50FbzkdCdPP&camk=C3EPSzFlQw_XcknmsroWQA==&p=14&atk=1jqb30p2ohmvo800,Quantity surveying / business administration / project management – or engineer with relevant experience. Experience in using ERP software applications. Manage the commercial aspects of the company.,,,indeed_ae,2026-06-05 05:10:15.500725+00:00
Senior Civil Engineer,Durat Al Khaleej Contracting LLC,Dubai,https://ae.indeed.com/rc/clk?jk=bad206ec084e2ff9&bb=wfba-91VJUoEmX2-suIkwiSVqxfQcH-KTxZhv8isEflJ6zc4cvqbJAkH66VX3AnnINsNtIHJlzk24UlB1Feokq69C0rTpNLvRfwhe9fFy6LmqXp5g2JIpubDXZRdyanw3_piwJmR49PP5GsVsAGrHQ%3D%3D&xkcb=SoAe67M3iLOM_UTDa50GbzkdCdPP&rjs=0&qd=Xd-cji1-rrfYy0m8LpokE8dF20pwsUrmctm8cTGFOXDOAPLLNYb6wmUg8gjYJafwpsXE23qShaYtGgdtUJu_X5BBGG-ayCiM-gQi8HpsYsLtZozk31ERKPJGlDLUboAG50chrnGX4B46HyqhlSj9xMohy02t3MX0n-6xoRHLk5Oh8V2c0duIS4mZo0TAq11Zl61No7XvcMPz961yBIpblougDO3NlIXerppYqweTrkxdIR2u4KVXi5XGrbZ08pfBgjrEyAE0GkSkYu3jG0wyzz3Y1gCYqZnOBVg83E4dTUN9Ef1nQkDlXoq-olDAl2oKWOxvghNOg8rM6Po_qXQU-g&atk=1jqb30p2ohmvo800,Bachelor's Degree in Civil Engineering or equivalent. Minimum 8 years of UAE experience in civil construction projects (mandatory). Proven experience in Healthcare Projects and *Musanada…,,,indeed_ae,2026-06-05 05:10:15.454943+00:00
PMC Mechanical Engineer (UAE National),Wood,Abu Dhabi,https://ae.indeed.com/rc/clk?jk=c8a76c03bb665d1f&bb=wfba-91VJUoEmX2-suIkwhCfWWEDOnGm4pkV2mCI2xZCjI60_s8MfKVJuITOfSz0ybIfbX7dkfzIYlji8DCQB4iYDlAlxefPMLZlFHHbgPvMFIEd_wOXSdIQnxVjletu4p4to9j5i6Zik-2kUy2cfA%3D%3D&xkcb=SoCq67M3iLOM_UTDa50HbzkdCdPP&rjs=0&qd=Xd-cji1-rrfYy0m8LpokE8dF20pwsUrmctm8cTGFOXDOAPLLNYb6wmUg8gjYJafwpsXE23qShaYtGgdtUJu_X5BBGG-ayCiM-gQi8HpsYsLtZozk31ERKPJGlDLUboAG50chrnGX4B46HyqhlSj9xMohy02t3MX0n-6xoRHLk5Oh8V2c0duIS4mZo0TAq11Zl61No7XvcMPz961yBIpblougDO3NlIXerppYqweTrkxdIR2u4KVXi5XGrbZ08pfBgjrEyAE0GkSkYu3jG0wyzz3Y1gCYqZnOBVg83E4dTUN9Ef1nQkDlXoq-olDAl2oKWOxvghNOg8rM6Po_qXQU-g&atk=1jqb30p2ohmvo800,Knowledge of engineering computer programs and general business software . Provide technical assistance and coordination with other discipline engineers .,,,indeed_ae,2026-06-05 05:10:15.407838+00:00
Senior Interior Designer - Site Engineer,RAC Decor L.L.C,Dubai,https://ae.indeed.com/rc/clk?jk=7247004981691620&bb=wfba-91VJUoEmX2-suIkwpN6km5O0sG216_fA7Dmsx5Lh21mU3H67lM1upq3TXAu8YGGcryoCkSA77zkPrHDf-ZD8m-do6OKoPLvTV0wv6GhndvtPjoTHmVHeJz0F_9Pif2tvg_LHFZQJ12wJPG8zA%3D%3D&xkcb=SoAk67M3iLOM_UTDa50AbzkdCdPP&rjs=0&qd=Xd-cji1-rrfYy0m8LpokE8dF20pwsUrmctm8cTGFOXDOAPLLNYb6wmUg8gjYJafwpsXE23qShaYtGgdtUJu_X5BBGG-ayCiM-gQi8HpsYsLtZozk31ERKPJGlDLUboAG50chrnGX4B46HyqhlSj9xMohy02t3MX0n-6xoRHLk5Oh8V2c0duIS4mZo0TAq11Zl61No7XvcMPz961yBIpblougDO3NlIXerppYqweTrkxdIR2u4KVXi5XGrbZ08pfBgjrEyAE0GkSkYu3jG0wyzz3Y1gCYqZnOBVg83E4dTUN9Ef1nQkDlXoq-olDAl2oKWOxvghNOg8rM6Po_qXQU-g&atk=1jqb30p2ohmvo800,3ds Max (or similar visualization software ). Lead on specialized or high-profile projects requiring senior expertise. Projects run smoothly with minimal back-and-forth or clarification needed.,,,indeed_ae,2026-06-05 05:10:15.358000+00:00
"Senior Fortinet Security Engineer- 3 Months project - Dubai, UAE",DeepSource Technologies,Dubai,https://ae.indeed.com/rc/clk?jk=668090ca6c69bf9d&bb=wfba-91VJUoEmX2-suIkwim2uVp4Ljv-z7L-xZJKTTynA01kcF1Zld4HVi6IUIiwRFTzwjmTQHyxWpCznxa3X9F8p7AQ3IY78SeTRA5fem-Vz2iVJ6xsflqchAFNiBPxL2O5a-DCWmYan0WpVBP4Lw%3D%3D&xkcb=SoCQ67M3iLOM_UTDa50BbzkdCdPP&rjs=0&qd=Xd-cji1-rrfYy0m8LpokE8dF20pwsUrmctm8cTGFOXDOAPLLNYb6wmUg8gjYJafwpsXE23qShaYtGgdtUJu_X5BBGG-ayCiM-gQi8HpsYsLtZozk31ERKPJGlDLUboAG50chrnGX4B46HyqhlSj9xMohy02t3MX0n-6xoRHLk5Oh8V2c0duIS4mZo0TAq11Zl61No7XvcMPz961yBIpblougDO3NlIXerppYqweTrkxdIR2u4KVXi5XGrbZ08pfBgjrEyAE0GkSkYu3jG0wyzz3Y1gCYqZnOBVg83E4dTUN9Ef1nQkDlXoq-olDAl2oKWOxvghNOg8rM6Po_qXQU-g&atk=1jqb30p2ohmvo800,"Experience in retail or enterprise environments is preferred. We are looking for a Senior Fortinet Security Engineer with hands-on experience in FortiGate, FortiAnalyzer, and FortiManager to support…",,,indeed_ae,2026-06-05 05:10:15.310835+00:00
Civil Draftsman - Female,Fiorentina Contracting LLC,Al Qusais,https://ae.indeed.com/rc/clk?jk=f02ed777f573704f&bb=wfba-91VJUoEmX2-suIkwhSi_ZUCG6zPBh8157LcxtakK41HskC_UtDpS-lxIgXP8iN7Y8sCtV75MG5zI7qSFgCGv4P0__nc-xCWnKcJQOZ3NWIwIAwBlBK8LTknvo4M3ubkZqpNS3JIN9X8_JV3Vw%3D%3D&xkcb=SoAN67M3iLOM_UTDa50CbzkdCdPP&rjs=0&qd=Xd-cji1-rrfYy0m8LpokE8dF20pwsUrmctm8cTGFOXDOAPLLNYb6wmUg8gjYJafwpsXE23qShaYtGgdtUJu_X5BBGG-ayCiM-gQi8HpsYsLtZozk31ERKPJGlDLUboAG50chrnGX4B46HyqhlSj9xMohy02t3MX0n-6xoRHLk5Oh8V2c0duIS4mZo0TAq11Zl61No7XvcMPz961yBIpblougDO3NlIXerppYqweTrkxdIR2u4KVXi5XGrbZ08pfBgjrEyAE0GkSkYu3jG0wyzz3Y1gCYqZnOBVg83E4dTUN9Ef1nQkDlXoq-olDAl2oKWOxvghNOg8rM6Po_qXQU-g&atk=1jqb30p2ohmvo800,"Proficiency in AutoCAD and related drafting software . Coordinate with engineers , project managers, and site teams. The ideal candidate must have a valid visa, strong drafting skills, and experience…",,,indeed_ae,2026-06-05 05:10:15.267450+00:00
Jedox EPM Support Consultant (L2/L3),Dicetek LLC,Dubai,https://ae.indeed.com/rc/clk?jk=99e615f2fa413efa&bb=wfba-91VJUoEmX2-suIkwuZLAVGVEh-0AZZa7TsrruWWJcaR8EqN8iblf3i9dnLxXYKA0eQyHYn7_pGPvBiN5vhp2DOdboNyeUJ3NqcGVILlqsN6N4dBKScGeheh4AzSHAncPGAqs5YSlWi6hsk61A%3D%3D&xkcb=SoC567M3iLOM_UTDa50DbzkdCdPP&rjs=0&qd=Xd-cji1-rrfYy0m8LpokE8dF20pwsUrmctm8cTGFOXDOAPLLNYb6wmUg8gjYJafwpsXE23qShaYtGgdtUJu_X5BBGG-ayCiM-gQi8HpsYsLtZozk31ERKPJGlDLUboAG50chrnGX4B46HyqhlSj9xMohy02t3MX0n-6xoRHLk5Oh8V2c0duIS4mZo0TAq11Zl61No7XvcMPz961yBIpblougDO3NlIXerppYqweTrkxdIR2u4KVXi5XGrbZ08pfBgjrEyAE0GkSkYu3jG0wyzz3Y1gCYqZnOBVg83E4dTUN9Ef1nQkDlXoq-olDAl2oKWOxvghNOg8rM6Po_qXQU-g&atk=1jqb30p2ohmvo800,Exposure to multi-entity or multi-business unit planning environments. We are seeking an experienced Jedox EPM Support Consultant to provide ongoing Application Maintenance & Support (AMC) services…,,,indeed_ae,2026-06-05 05:10:15.216916+00:00
Philippians Civil Engineer,Al Seyaj Metalic Industries,Sharjah,https://ae.indeed.com/rc/clk?jk=402359e16a6bac6f&bb=wfba-91VJUoEmX2-suIkwmDjq-r4mpJyK15CYMd6fcXDxHJPCjkP-a-RJc8daWvOSGie3quW3F1sPym6BIxOQ_WH8b1ALrHL8U64czIDRD1NmTYsR84KNDbKSs1KkC6-BzILkS0Gj6qAgdKgNKh7GQ%3D%3D&xkcb=SoBQ67M3iLOM_UTDa50MbzkdCdPP&rjs=0&qd=Xd-cji1-rrfYy0m8LpokE8dF20pwsUrmctm8cTGFOXDOAPLLNYb6wmUg8gjYJafwpsXE23qShaYtGgdtUJu_X5BBGG-ayCiM-gQi8HpsYsLtZozk31ERKPJGlDLUboAG50chrnGX4B46HyqhlSj9xMohy02t3MX0n-6xoRHLk5Oh8V2c0duIS4mZo0TAq11Zl61No7XvcMPz961yBIpblougDO3NlIXerppYqweTrkxdIR2u4KVXi5XGrbZ08pfBgjrEyAE0GkSkYu3jG0wyzz3Y1gCYqZnOBVg83E4dTUN9Ef1nQkDlXoq-olDAl2oKWOxvghNOg8rM6Po_qXQU-g&atk=1jqb30p2ohmvo800,"Minimum 3–4 years of relevant experience in construction, infrastructure, or building projects. Proficiency in AutoCAD, Civil 3D, Microsoft Office, and project management software .",,,indeed_ae,2026-06-05 05:10:15.169150+00:00
Sr. Project Engineer/ Construction Manager,NAF CONTRACTING LLC,Dubai,https://ae.indeed.com/rc/clk?jk=df147d847fdb6bea&bb=wfba-91VJUoEmX2-suIkwtx9aCNlPqmotvY7OTPY8P8QDE0-Vds_0QBFwkwZFfEpd44VvtwOyZnIDJhc5IOFD7OyR_6d_W-9wqOb5hDSA_Kx9HOr5HUByiW-TzdbpETeHrEb_xvKWr5-nJZCj5E4mg%3D%3D&xkcb=SoDk67M3iLOM_UTDa50NbzkdCdPP&rjs=0&qd=Xd-cji1-rrfYy0m8LpokE8dF20pwsUrmctm8cTGFOXDOAPLLNYb6wmUg8gjYJafwpsXE23qShaYtGgdtUJu_X5BBGG-ayCiM-gQi8HpsYsLtZozk31ERKPJGlDLUboAG50chrnGX4B46HyqhlSj9xMohy02t3MX0n-6xoRHLk5Oh8V2c0duIS4mZo0TAq11Zl61No7XvcMPz961yBIpblougDO3NlIXerppYqweTrkxdIR2u4KVXi5XGrbZ08pfBgjrEyAE0GkSkYu3jG0wyzz3Y1gCYqZnOBVg83E4dTUN9Ef1nQkDlXoq-olDAl2oKWOxvghNOg8rM6Po_qXQU-g&atk=1jqb30p2ohmvo800,Sr Projects Manager who can manage multiple building projects which having the experience at least 5years in the same or equal positions and over all 15-20 years of experience in UAE.,,,indeed_ae,2026-06-05 05:10:15.116745+00:00
Senior Urban Designer,AECOM,Dubai,https://ae.indeed.com/rc/clk?jk=5c5d654c2ecc1f1c&bb=wfba-91VJUoEmX2-suIkwh2ODKtdL1TvkgSED5iA2bjo9Oisq99wzk4SaUNoG6JCP2KJKnKwoV-UByin2Vmm0AOJgQAPQ2JIGn3cv7hvnjegqmjMzseSwzBod04O_KsPTaZIh6vJvNNK-Npz8tL0Bw%3D%3D&xkcb=SoB567M3iLOM_UTDa50ObzkdCdPP&rjs=0&qd=Xd-cji1-rrfYy0m8LpokE8dF20pwsUrmctm8cTGFOXDOAPLLNYb6wmUg8gjYJafwpsXE23qShaYtGgdtUJu_X5BBGG-ayCiM-gQi8HpsYsLtZozk31ERKPJGlDLUboAG50chrnGX4B46HyqhlSj9xMohy02t3MX0n-6xoRHLk5Oh8V2c0duIS4mZo0TAq11Zl61No7XvcMPz961yBIpblougDO3NlIXerppYqweTrkxdIR2u4KVXi5XGrbZ08pfBgjrEyAE0GkSkYu3jG0wyzz3Y1gCYqZnOBVg83E4dTUN9Ef1nQkDlXoq-olDAl2oKWOxvghNOg8rM6Po_qXQU-g&atk=1jqb30p2ohmvo800,"Bachelor’s or Master’s degree in Urban Design, Architecture, Urban Planning, or a related field. Experience working in international or multidisciplinary environments is preferred.",,,indeed_ae,2026-06-05 05:10:15.062955+00:00
Senior Fire Fighting Technician,Safad Trading Establishment,Abu Dhabi,https://ae.indeed.com/rc/clk?jk=35ad2f7022a74ebe&bb=wfba-91VJUoEmX2-suIkwvuFL6rqlJrVQSTLOGJlZNeoTMDCw-c-9gCVfupAZxbMDbpxN7ppbC9sul69jXaYQR1oGp60bWbAkboWH4v7aeIW9e_G0SVy6m_zGfK-SJy6IeIcvSLux35mcYMtnI3fGg%3D%3D&xkcb=SoDN67M3iLOM_UTDa50PbzkdCdPP&rjs=0&qd=Xd-cji1-rrfYy0m8LpokE8dF20pwsUrmctm8cTGFOXDOAPLLNYb6wmUg8gjYJafwpsXE23qShaYtGgdtUJu_X5BBGG-ayCiM-gQi8HpsYsLtZozk31ERKPJGlDLUboAG50chrnGX4B46HyqhlSj9xMohy02t3MX0n-6xoRHLk5Oh8V2c0duIS4mZo0TAq11Zl61No7XvcMPz961yBIpblougDO3NlIXerppYqweTrkxdIR2u4KVXi5XGrbZ08pfBgjrEyAE0GkSkYu3jG0wyzz3Y1gCYqZnOBVg83E4dTUN9Ef1nQkDlXoq-olDAl2oKWOxvghNOg8rM6Po_qXQU-g&atk=1jqb30p2ohmvo800,"Technical Diploma or equivalent qualification. We are looking for candidates with a minimum of 5–10 years of proven experience in the installation, testing, commissioning, troubleshooting, repair, and…",,,indeed_ae,2026-06-05 05:10:15.013472+00:00
Project Manager / Site Engineer – Luxury Interior Fit-Out,Noon Design Studio,Dubai,https://ae.indeed.com/rc/clk?jk=780763cea7ca13cb&bb=wfba-91VJUoEmX2-suIkwglGiFtWWOrvUljzfKfET9WeKnEuAXKIfcTDyaFS3imwd-raLfU79dS9Q5tZgjMpxqD5acDQVMbPymWJKlrG4faO3N-qQf5jRgCqmyxNTHuzCVKIDJHBl8PT6K70NHttRg%3D%3D&xkcb=SoBD67M3iLOM_UTDa50IbzkdCdPP&rjs=0&qd=Xd-cji1-rrfYy0m8LpokE8dF20pwsUrmctm8cTGFOXDOAPLLNYb6wmUg8gjYJafwpsXE23qShaYtGgdtUJu_X5BBGG-ayCiM-gQi8HpsYsLtZozk31ERKPJGlDLUboAG50chrnGX4B46HyqhlSj9xMohy02t3MX0n-6xoRHLk5Oh8V2c0duIS4mZo0TAq11Zl61No7XvcMPz961yBIpblougDO3NlIXerppYqweTrkxdIR2u4KVXi5XGrbZ08pfBgjrEyAE0GkSkYu3jG0wyzz3Y1gCYqZnOBVg83E4dTUN9Ef1nQkDlXoq-olDAl2oKWOxvghNOg8rM6Po_qXQU-g&atk=1jqb30p2ohmvo800,"PMP certification or equivalent project management qualification is an advantage. We are seeking an experienced Project Manager / Site Engineer to oversee project execution, coordinate site…",,,indeed_ae,2026-06-05 05:10:14.945623+00:00
CIVIL QA /QC TECHNICAL ENGINEER DUBAI,3D CONSTRACTION LLC,Dubai,https://ae.indeed.com/rc/clk?jk=91adf9423287bc54&bb=wfba-91VJUoEmX2-suIkwu5nOKqfwXNdS-hAXyPHrT3mibz8GPo3U2RyIlV_Seg3VRL9YcgEl-Ft_Wojqkgd7YbRJIZMnSFScIH00fCiOhKS4sIurcwgN8y2Oue_2jjZIF1zt76WRegoglz0ISPtrQ%3D%3D&xkcb=SoD367M3iLOM_UTDa50JbzkdCdPP&rjs=0&qd=Xd-cji1-rrfYy0m8LpokE8dF20pwsUrmctm8cTGFOXDOAPLLNYb6wmUg8gjYJafwpsXE23qShaYtGgdtUJu_X5BBGG-ayCiM-gQi8HpsYsLtZozk31ERKPJGlDLUboAG50chrnGX4B46HyqhlSj9xMohy02t3MX0n-6xoRHLk5Oh8V2c0duIS4mZo0TAq11Zl61No7XvcMPz961yBIpblougDO3NlIXerppYqweTrkxdIR2u4KVXi5XGrbZ08pfBgjrEyAE0GkSkYu3jG0wyzz3Y1gCYqZnOBVg83E4dTUN9Ef1nQkDlXoq-olDAl2oKWOxvghNOg8rM6Po_qXQU-g&atk=1jqb30p2ohmvo800,QA/QC engineers oversee all construction activities to ensure compliance with: QA/QC engineers maintain comprehensive documentation systems that serve as the backbone of project quality:,,,indeed_ae,2026-06-05 05:10:14.898427+00:00
Physical Education Teacher,SABIS Network,Sharjah,https://ae.indeed.com/rc/clk?jk=dd63e7d0832b4628&bb=wfba-91VJUoEmX2-suIkwlT2syaIrAeuXaSlC9xNr7T7hofCHOzfCqRJbWxeD1srUHBO2Yecp73K_vVrYP6i92GHtBIJRJH8WxAD6eCI4Bi0VU2t0otAUZqXuebAtmW3ff2vAfo4fszqgoJ-S1mOcQ%3D%3D&xkcb=SoBq67M3iLOM_UTDa50KbzkdCdPP&rjs=0&qd=Xd-cji1-rrfYy0m8LpokE8dF20pwsUrmctm8cTGFOXDOAPLLNYb6wmUg8gjYJafwpsXE23qShaYtGgdtUJu_X5BBGG-ayCiM-gQi8HpsYsLtZozk31ERKPJGlDLUboAG50chrnGX4B46HyqhlSj9xMohy02t3MX0n-6xoRHLk5Oh8V2c0duIS4mZo0TAq11Zl61No7XvcMPz961yBIpblougDO3NlIXerppYqweTrkxdIR2u4KVXi5XGrbZ08pfBgjrEyAE0GkSkYu3jG0wyzz3Y1gCYqZnOBVg83E4dTUN9Ef1nQkDlXoq-olDAl2oKWOxvghNOg8rM6Po_qXQU-g&atk=1jqb30p2ohmvo800,Bachelor degree in a related subject matter and/or equivalent. Completing all lesson plans and maintaining daily reflection of the lessons. The plans and evaluations will be reviewed by the HOD.,,,indeed_ae,2026-06-05 05:10:14.842740+00:00
Site Foreman – Structural Steel Erection (2 Positions),Rushdi and Partners General Contracting &...,Abu Dhabi,https://ae.indeed.com/rc/clk?jk=c89863c6d300997c&bb=wfba-91VJUoEmX2-suIkwkN_4IFGhIuWgQFJUMSOg4v-veA_WdDUT_oCsRSTDS61-XNyTjoW2azazQAP-HTmwcwwXU1UoMK9Ws3SSg4TwqHvabw_BYLEoWnXuoeBU6Yh3uuQRdP1Z1NfMuW_Slm7dw%3D%3D&xkcb=SoDe67M3iLOM_UTDa50LbzkdCdPP&rjs=0&qd=Xd-cji1-rrfYy0m8LpokE8dF20pwsUrmctm8cTGFOXDOAPLLNYb6wmUg8gjYJafwpsXE23qShaYtGgdtUJu_X5BBGG-ayCiM-gQi8HpsYsLtZozk31ERKPJGlDLUboAG50chrnGX4B46HyqhlSj9xMohy02t3MX0n-6xoRHLk5Oh8V2c0duIS4mZo0TAq11Zl61No7XvcMPz961yBIpblougDO3NlIXerppYqweTrkxdIR2u4KVXi5XGrbZ08pfBgjrEyAE0GkSkYu3jG0wyzz3Y1gCYqZnOBVg83E4dTUN9Ef1nQkDlXoq-olDAl2oKWOxvghNOg8rM6Po_qXQU-g&atk=1jqb30p2ohmvo800,"Coordinate with engineers , supervisors, and subcontractors. We are looking for experienced Site Foremen with a strong background in structural steel erection to supervise and coordinate site…",,,indeed_ae,2026-06-05 05:10:14.794131+00:00
Civil Site Engineer,Middle East Survey Engineering,Dubai,https://ae.indeed.com/rc/clk?jk=375e912a8094b2d0&bb=Bi_R-G49WszV5hGDiricl2pGk9Ib7D9dVrVvxas__tYwS6qRwx0W4c1VUnP1sZN09De-8th8pdgKiztraPFz0DwcXgctaVTbibDDkr-2PN0qRtHKuUSktLN_x00Ix94rlkvp99K4yL5lA758u09WQA%3D%3D&xkcb=SoAc67M3iLONVoT42x0TbzkdCdPP&rjs=0&qd=Xd-cji1-rrfYy0m8LpokE8dF20pwsUrmctm8cTGFOXDOAPLLNYb6wmUg8gjYJafwpsXE23qShaYtGgdtUJu_X5BBGG-ayCiM-gQi8HpsYsLtZozk31ERKPJGlDLUboAG50chrnGX4B46HyqhlSj9xMohy02t3MX0n-6xoRHLk5Oh8V2c0duIS4mZo0TAq11Zl61No7XvcMPz961yBIpblougDO3NlIXerppYqweTrkxdIR2u4KVXi5XGrbZ08pfBgjrEyAE0GkSkYu3jG0wyzz3Y1gCYqZnOBVg83E4dTUOWchMqqBEYCA3Yc0lnVjQ1WOxvghNOg8rM6Po_qXQU-g&atk=1jqb30k9r26sf001,"Minimum 5 years of UAE experience in construction, building, or infrastructure projects. Experience in high-rise, commercial, residential, or infrastructure projects.",,,indeed_ae,2026-06-05 05:10:11.251389+00:00
Associate Director - Business Development and Capture Management,AECOM,Dubai,https://ae.indeed.com/rc/clk?jk=1c979ee6068999e2&bb=Bi_R-G49WszV5hGDiricl1PyWJ2pwHhvfgnI2Ci21_WkwizEW912PThUAGenqEIcLP8aUGTycKmccmJnr3dWlxqUCcasdUkG6ogadC36LsHNN08Twztwddd1jVMb5FlLzGrzPbMt6a4Ca99e3-eHyg%3D%3D&xkcb=SoD167M3iLONVoT42x0cbzkdCdPP&rjs=0&qd=Xd-cji1-rrfYy0m8LpokE8dF20pwsUrmctm8cTGFOXDOAPLLNYb6wmUg8gjYJafwpsXE23qShaYtGgdtUJu_X5BBGG-ayCiM-gQi8HpsYsLtZozk31ERKPJGlDLUboAG50chrnGX4B46HyqhlSj9xMohy02t3MX0n-6xoRHLk5Oh8V2c0duIS4mZo0TAq11Zl61No7XvcMPz961yBIpblougDO3NlIXerppYqweTrkxdIR2u4KVXi5XGrbZ08pfBgjrEyAE0GkSkYu3jG0wyzz3Y1gCYqZnOBVg83E4dTUOWchMqqBEYCA3Yc0lnVjQ1WOxvghNOg8rM6Po_qXQU-g&atk=1jqb30k9r26sf001,"Familiarity with bid management software and proposal automation tools. 15 + years of progressive business development experience, with at least 8 years in a leadership or management capacity.",,,indeed_ae,2026-06-05 05:10:11.199245+00:00
Senior Sales Engineer (HVAC),BIN SHABIB GROUP,Dubai,https://ae.indeed.com/rc/clk?jk=557026382c8eef5a&bb=Bi_R-G49WszV5hGDiricl3RAXyEQBxT1MclCwjW1KzXBFW6QgJYl5EDvdy39ZA3NKHyhMQ0A1a4nA0T0NJ0sExeeFvzs9Mqbmjlv0MzE4sQXf7JCxOzpjUsFmLtjh8ZPNDpcmwFgwJWu0boe6T10Wg%3D%3D&xkcb=SoBB67M3iLONVoT42x0dbzkdCdPP&rjs=0&qd=Xd-cji1-rrfYy0m8LpokE8dF20pwsUrmctm8cTGFOXDOAPLLNYb6wmUg8gjYJafwpsXE23qShaYtGgdtUJu_X5BBGG-ayCiM-gQi8HpsYsLtZozk31ERKPJGlDLUboAG50chrnGX4B46HyqhlSj9xMohy02t3MX0n-6xoRHLk5Oh8V2c0duIS4mZo0TAq11Zl61No7XvcMPz961yBIpblougDO3NlIXerppYqweTrkxdIR2u4KVXi5XGrbZ08pfBgjrEyAE0GkSkYu3jG0wyzz3Y1gCYqZnOBVg83E4dTUOWchMqqBEYCA3Yc0lnVjQ1WOxvghNOg8rM6Po_qXQU-g&atk=1jqb30k9r26sf001,Results-driven with a proven track record of achieving or exceeding sales targets. Experience in large-scale commercial or industrial projects in the UAE.,,,indeed_ae,2026-06-05 05:10:11.144286+00:00
Civil Engineer - Arabic Nationality,QUMRA TRANSPORT & GENERAL CONTRACTING LLC,Abu Dhabi,https://ae.indeed.com/rc/clk?jk=7b3a9742ac1c9890&bb=Bi_R-G49WszV5hGDiricl-MD-nemNzg_UKqZpxdoeTV36LAir_-54w1d1xA5UoAP5D28Mh_rqOTkCQ3Jz1rmpJf50qTcMiuaeutOvzycikEioci9bAecmqeAffXx70QJPOtmao895FV9cqSEFIVClQ%3D%3D&xkcb=SoDc67M3iLONVoT42x0ebzkdCdPP&rjs=0&qd=Xd-cji1-rrfYy0m8LpokE8dF20pwsUrmctm8cTGFOXDOAPLLNYb6wmUg8gjYJafwpsXE23qShaYtGgdtUJu_X5BBGG-ayCiM-gQi8HpsYsLtZozk31ERKPJGlDLUboAG50chrnGX4B46HyqhlSj9xMohy02t3MX0n-6xoRHLk5Oh8V2c0duIS4mZo0TAq11Zl61No7XvcMPz961yBIpblougDO3NlIXerppYqweTrkxdIR2u4KVXi5XGrbZ08pfBgjrEyAE0GkSkYu3jG0wyzz3Y1gCYqZnOBVg83E4dTUOWchMqqBEYCA3Yc0lnVjQ1WOxvghNOg8rM6Po_qXQU-g&atk=1jqb30k9r26sf001,"Knowledge of Primavera P6 and/or Microsoft Project. The Civil Engineer is responsible for planning, supervising, coordinating, and monitoring civil construction activities to ensure projects are…",,,indeed_ae,2026-06-05 05:10:11.094783+00:00
Sales Engineer – Fire & Safety Systems,MAF FIRE MIDDLE EAST LLC,Abu Dhabi,https://ae.indeed.com/rc/clk?jk=7403bb84e7c25e03&bb=Bi_R-G49WszV5hGDiricl7TvrWxjSl-2J0ubbJVyGy5br8owgb5gb7oyhLkLvjbMAm2gBpONF0mKMbL6-46W3UBazxHsB3dkMT3P4K4bZJQWX7WLDNYNWBwIjadwL_2fOgAwar5SSjBynrC7I-olHg%3D%3D&xkcb=SoBo67M3iLONVoT42x0fbzkdCdPP&rjs=0&qd=Xd-cji1-rrfYy0m8LpokE8dF20pwsUrmctm8cTGFOXDOAPLLNYb6wmUg8gjYJafwpsXE23qShaYtGgdtUJu_X5BBGG-ayCiM-gQi8HpsYsLtZozk31ERKPJGlDLUboAG50chrnGX4B46HyqhlSj9xMohy02t3MX0n-6xoRHLk5Oh8V2c0duIS4mZo0TAq11Zl61No7XvcMPz961yBIpblougDO3NlIXerppYqweTrkxdIR2u4KVXi5XGrbZ08pfBgjrEyAE0GkSkYu3jG0wyzz3Y1gCYqZnOBVg83E4dTUOWchMqqBEYCA3Yc0lnVjQ1WOxvghNOg8rM6Po_qXQU-g&atk=1jqb30k9r26sf001,"✅ Bachelor's Degree in Electrical or Mechanical Engineering. We are looking for a motivated Sales Engineer with experience in Fire Alarm, Fire Fighting, and Fire Suppression Systems.",,,indeed_ae,2026-06-05 05:10:11.039684+00:00
Mid-Market Account Executive - UAE,Salesforce,Dubai,https://ae.indeed.com/rc/clk?jk=a7e1b8fe57bb8e61&bb=Bi_R-G49WszV5hGDiriclzJAJgAB97pdYz9qgYjEYmrqlraPPnzZEf0Q2BxATyIqepy9__pEFkYzLEHKgunbPeuzYcpi1H19bTEr5Ptni5pB7jPh17Fpc01__LVyf3SCp_5ihk9Q2mvnLyVXKNoaRQ%3D%3D&xkcb=SoDm67M3iLONVoT42x0YbzkdCdPP&rjs=0&qd=Xd-cji1-rrfYy0m8LpokE8dF20pwsUrmctm8cTGFOXDOAPLLNYb6wmUg8gjYJafwpsXE23qShaYtGgdtUJu_X5BBGG-ayCiM-gQi8HpsYsLtZozk31ERKPJGlDLUboAG50chrnGX4B46HyqhlSj9xMohy02t3MX0n-6xoRHLk5Oh8V2c0duIS4mZo0TAq11Zl61No7XvcMPz961yBIpblougDO3NlIXerppYqweTrkxdIR2u4KVXi5XGrbZ08pfBgjrEyAE0GkSkYu3jG0wyzz3Y1gCYqZnOBVg83E4dTUOWchMqqBEYCA3Yc0lnVjQ1WOxvghNOg8rM6Po_qXQU-g&atk=1jqb30k9r26sf001,Preference given towards recent and successful experience in the software industry (Cloud experience would be a plus). A minimum of 5 years of Quota carrying Software or Technology sales and Account…,,,indeed_ae,2026-06-05 05:10:10.985947+00:00
Safety Officer – G+4 Building Construction Project (Dubai South),CARISMA Decoration Design & Implementation LLC,Dubai,https://ae.indeed.com/rc/clk?jk=5792276df040c785&bb=Bi_R-G49WszV5hGDiricl88vSRkSOCkTkid0y1azcDMpLxUiCENLDi_otkHLESkxYyxZXWX6zaw_k57vXqMJjGfE7RED-UseyZcKX_qdlH24G8Ywy7Kr-uPiYjarEs30kMiRJPD3hInRbyeA-N3RNg%3D%3D&xkcb=SoBS67M3iLONVoT42x0ZbzkdCdPP&rjs=0&qd=Xd-cji1-rrfYy0m8LpokE8dF20pwsUrmctm8cTGFOXDOAPLLNYb6wmUg8gjYJafwpsXE23qShaYtGgdtUJu_X5BBGG-ayCiM-gQi8HpsYsLtZozk31ERKPJGlDLUboAG50chrnGX4B46HyqhlSj9xMohy02t3MX0n-6xoRHLk5Oh8V2c0duIS4mZo0TAq11Zl61No7XvcMPz961yBIpblougDO3NlIXerppYqweTrkxdIR2u4KVXi5XGrbZ08pfBgjrEyAE0GkSkYu3jG0wyzz3Y1gCYqZnOBVg83E4dTUOWchMqqBEYCA3Yc0lnVjQ1WOxvghNOg8rM6Po_qXQU-g&atk=1jqb30k9r26sf001,"* Experience with G+4 or similar building projects is preferred. * Coordinate with project managers, engineers , and subcontractors regarding safety requirements.",,,indeed_ae,2026-06-05 05:10:10.933857+00:00
Senior Electrical Engineer (SEWA Approved) – MEP Construction,Asian Falcons Engineering,UAE,https://ae.indeed.com/rc/clk?jk=b08e5b1460682844&bb=Bi_R-G49WszV5hGDiricl6JSvDFn-skZltLMypuEQDr6ejuGevlgghCCEnwHV9fplLIwAhuNOzJx0iS2v5NGCBas2KQWaV8svjzDzZbpLe8HXxE_GTC0nkJoQFeoOp1xqMtIyd9WfyOKZUWKIFucpg%3D%3D&xkcb=SoDP67M3iLONVoT42x0abzkdCdPP&rjs=0&qd=Xd-cji1-rrfYy0m8LpokE8dF20pwsUrmctm8cTGFOXDOAPLLNYb6wmUg8gjYJafwpsXE23qShaYtGgdtUJu_X5BBGG-ayCiM-gQi8HpsYsLtZozk31ERKPJGlDLUboAG50chrnGX4B46HyqhlSj9xMohy02t3MX0n-6xoRHLk5Oh8V2c0duIS4mZo0TAq11Zl61No7XvcMPz961yBIpblougDO3NlIXerppYqweTrkxdIR2u4KVXi5XGrbZ08pfBgjrEyAE0GkSkYu3jG0wyzz3Y1gCYqZnOBVg83E4dTUOWchMqqBEYCA3Yc0lnVjQ1WOxvghNOg8rM6Po_qXQU-g&atk=1jqb30k9r26sf001,"Proven UAE experience in large-scale residential, commercial, industrial, hospitality, or mixed-use developments. Asian Falcons Engineering Contracting LLC is seeking a highly qualified and…",,,indeed_ae,2026-06-05 05:10:10.887183+00:00
Senior Acoustics Manager,KINETICS MIDDLE EAST LLC,Dubai,https://ae.indeed.com/rc/clk?jk=a5ad38ea6edfc9a3&bb=Bi_R-G49WszV5hGDiricl59VWAYh0SXh4EvtlLSlpBVp_TNf20hwlvg7n6mD7S8oykWmqhzAWtKMdUbyc6MAdqrThGZpcQE0gTZxah8JtSFHzjRKB72BdRDXhI4DTamy_HfS1PLlRVw0UAnLiIw2nw%3D%3D&xkcb=SoB767M3iLONVoT42x0bbzkdCdPP&rjs=0&qd=Xd-cji1-rrfYy0m8LpokE8dF20pwsUrmctm8cTGFOXDOAPLLNYb6wmUg8gjYJafwpsXE23qShaYtGgdtUJu_X5BBGG-ayCiM-gQi8HpsYsLtZozk31ERKPJGlDLUboAG50chrnGX4B46HyqhlSj9xMohy02t3MX0n-6xoRHLk5Oh8V2c0duIS4mZo0TAq11Zl61No7XvcMPz961yBIpblougDO3NlIXerppYqweTrkxdIR2u4KVXi5XGrbZ08pfBgjrEyAE0GkSkYu3jG0wyzz3Y1gCYqZnOBVg83E4dTUOWchMqqBEYCA3Yc0lnVjQ1WOxvghNOg8rM6Po_qXQU-g&atk=1jqb30k9r26sf001,"Lead, mentor, and develop sales engineers , design engineers , and technical support teams while fostering a culture of accountability and continuous improvement. Senior Management: 5 years (Required).",,,indeed_ae,2026-06-05 05:10:10.837321+00:00
"Heavy Industries Senior Risk Engineer, UAE",Marsh,Remote in Dubai,https://ae.indeed.com/rc/clk?jk=1a0355642e8c95af&bb=Bi_R-G49WszV5hGDiricl3yqwpdKj_z7Tpuq1P2qwtn6eniHxG_wBehE-fJ_dVi1Jq9cnUTwD9WblClqwd1DemtIx2uR3q9z9czcKVcxIYfCJtiURR-oXZ6F_WV-q8rpGSBMgBESZbx5QDcsDtwLsA%3D%3D&xkcb=SoBc67M3iLONVoT42x0EbzkdCdPP&rjs=0&qd=Xd-cji1-rrfYy0m8LpokE8dF20pwsUrmctm8cTGFOXDOAPLLNYb6wmUg8gjYJafwpsXE23qShaYtGgdtUJu_X5BBGG-ayCiM-gQi8HpsYsLtZozk31ERKPJGlDLUboAG50chrnGX4B46HyqhlSj9xMohy02t3MX0n-6xoRHLk5Oh8V2c0duIS4mZo0TAq11Zl61No7XvcMPz961yBIpblougDO3NlIXerppYqweTrkxdIR2u4KVXi5XGrbZ08pfBgjrEyAE0GkSkYu3jG0wyzz3Y1gCYqZnOBVg83E4dTUOWchMqqBEYCA3Yc0lnVjQ1WOxvghNOg8rM6Po_qXQU-g&atk=1jqb30k9r26sf001,"Postgraduate qualification in business, management or related field is advantageous. Proven track record in consulting, technical project delivery or operational leadership on large-scale mining…",,,indeed_ae,2026-06-05 05:10:10.790384+00:00
QA/QC Engineer (Civil),AASA GROUP OF COMAPNIES,Dubai,https://ae.indeed.com/rc/clk?jk=cc92819a3e496aa7&bb=Bi_R-G49WszV5hGDiricl7ScdpRd17r3qqCZCP56LX7E-EHN86d10YZIJdnZMhoASXHbn8iOFJQ15ZTLmJW-3X0W3gjbkyFGpsbKU9e1-dYcA_TelrCNoIX6Qko2SPXGmyo2iHUETHbacdwZHD_ujA%3D%3D&xkcb=SoDo67M3iLONVoT42x0FbzkdCdPP&rjs=0&qd=Xd-cji1-rrfYy0m8LpokE8dF20pwsUrmctm8cTGFOXDOAPLLNYb6wmUg8gjYJafwpsXE23qShaYtGgdtUJu_X5BBGG-ayCiM-gQi8HpsYsLtZozk31ERKPJGlDLUboAG50chrnGX4B46HyqhlSj9xMohy02t3MX0n-6xoRHLk5Oh8V2c0duIS4mZo0TAq11Zl61No7XvcMPz961yBIpblougDO3NlIXerppYqweTrkxdIR2u4KVXi5XGrbZ08pfBgjrEyAE0GkSkYu3jG0wyzz3Y1gCYqZnOBVg83E4dTUOWchMqqBEYCA3Yc0lnVjQ1WOxvghNOg8rM6Po_qXQU-g&atk=1jqb30k9r26sf001,Bachelor’s degree in Civil Engineering or related field. We are looking for a QA/QC Engineer to oversee quality assurance and control procedures across our construction projects.,,,indeed_ae,2026-06-05 05:10:10.724479+00:00
Lead Engagement Manager,Sprinklr,Dubai,https://ae.indeed.com/rc/clk?jk=9cdf0ba58fd23518&bb=Bi_R-G49WszV5hGDiricl6P__AIsu1GYmoeSJO88bs_ow5m3yyv_FdQe3gh7UqDePmXuVtEM2nFV6dbirtb5sUFj8Dxu93pWrfJRmH6imJYUvsTpZKnVGThI283I42zRi57asolqPMXNuP-GZf5eXA%3D%3D&xkcb=SoB167M3iLONVoT42x0GbzkdCdPP&rjs=0&qd=Xd-cji1-rrfYy0m8LpokE8dF20pwsUrmctm8cTGFOXDOAPLLNYb6wmUg8gjYJafwpsXE23qShaYtGgdtUJu_X5BBGG-ayCiM-gQi8HpsYsLtZozk31ERKPJGlDLUboAG50chrnGX4B46HyqhlSj9xMohy02t3MX0n-6xoRHLk5Oh8V2c0duIS4mZo0TAq11Zl61No7XvcMPz961yBIpblougDO3NlIXerppYqweTrkxdIR2u4KVXi5XGrbZ08pfBgjrEyAE0GkSkYu3jG0wyzz3Y1gCYqZnOBVg83E4dTUOWchMqqBEYCA3Yc0lnVjQ1WOxvghNOg8rM6Po_qXQU-g&atk=1jqb30k9r26sf001,"Experience in contact center / customer service software industry is preferred. Previous experience in business development, professional services delivery or services sales.",,,indeed_ae,2026-06-05 05:10:10.679512+00:00
Senior QA Automation Engineer (Arabic speaking),Parser Limited,Dubai,https://ae.indeed.com/rc/clk?jk=18441c294c8f9549&bb=Bi_R-G49WszV5hGDiriclzMafBUC2YbWtPnFztF3C_gGTWAjWZBk7lQbhpICBHiEcc_Cu0fRKh2k4HR29HigQ3jKH1jNx3X1csguQJ7drnEQsS5MquKdiogVK3QICDphIsg6NiJ9yFF-HzU_NxQI9g%3D%3D&xkcb=SoDB67M3iLONVoT42x0HbzkdCdPP&rjs=0&qd=Xd-cji1-rrfYy0m8LpokE8dF20pwsUrmctm8cTGFOXDOAPLLNYb6wmUg8gjYJafwpsXE23qShaYtGgdtUJu_X5BBGG-ayCiM-gQi8HpsYsLtZozk31ERKPJGlDLUboAG50chrnGX4B46HyqhlSj9xMohy02t3MX0n-6xoRHLk5Oh8V2c0duIS4mZo0TAq11Zl61No7XvcMPz961yBIpblougDO3NlIXerppYqweTrkxdIR2u4KVXi5XGrbZ08pfBgjrEyAE0GkSkYu3jG0wyzz3Y1gCYqZnOBVg83E4dTUOWchMqqBEYCA3Yc0lnVjQ1WOxvghNOg8rM6Po_qXQU-g&atk=1jqb30k9r26sf001,"Familiarity with chatbot frameworks, LLMs, or conversational testing. Integrate AI-driven tools (like Copilot or Claude) into the QA lifecycle to accelerate test design, documentation, and defect…",,,indeed_ae,2026-06-05 05:10:10.631022+00:00
Site Engineer - Interior / fitout,JMJ Interiors LLC,Dubai,https://ae.indeed.com/rc/clk?jk=2510928a1a9151ba&bb=Bi_R-G49WszV5hGDiricl6P__AIsu1GYVTfmFKnd8pJ5xSO1GvQwWXXJub92jRSEPA6CzN5oDC5RxRK_ekZ4ffsfBf5TSksvVWZ9dNV-xLLMUkLIfej5NSn7PipwbX04o8MpyafmSWFfK5exBGGLUA%3D%3D&xkcb=SoBP67M3iLONVoT42x0AbzkdCdPP&rjs=0&qd=Xd-cji1-rrfYy0m8LpokE8dF20pwsUrmctm8cTGFOXDOAPLLNYb6wmUg8gjYJafwpsXE23qShaYtGgdtUJu_X5BBGG-ayCiM-gQi8HpsYsLtZozk31ERKPJGlDLUboAG50chrnGX4B46HyqhlSj9xMohy02t3MX0n-6xoRHLk5Oh8V2c0duIS4mZo0TAq11Zl61No7XvcMPz961yBIpblougDO3NlIXerppYqweTrkxdIR2u4KVXi5XGrbZ08pfBgjrEyAE0GkSkYu3jG0wyzz3Y1gCYqZnOBVg83E4dTUOWchMqqBEYCA3Yc0lnVjQ1WOxvghNOg8rM6Po_qXQU-g&atk=1jqb30k9r26sf001,"* Bachelor’s Degree in Civil Engineering, Interior Design, or related field. * Supervise and manage day-to-day site activities related to interior fit-out and joinery works.",,,indeed_ae,2026-06-05 05:10:10.577053+00:00
OT Senior Security Engineer,Help AG,Fujairah,https://ae.indeed.com/rc/clk?jk=0d65275d1ce69771&bb=Bi_R-G49WszV5hGDiricl6P__AIsu1GYEAKrTKqE3b8KirVg8HOeHQQrRmgQRSKZFD1WhObYm4SdeFhICuwG8mjM6OJmX_QNEyP8s41yKIRZNeTVDBXytBKAzFRpj2TdGowv6dBgLz1ELAyZ7d4vLA%3D%3D&xkcb=SoD767M3iLONVoT42x0BbzkdCdPP&rjs=0&qd=Xd-cji1-rrfYy0m8LpokE8dF20pwsUrmctm8cTGFOXDOAPLLNYb6wmUg8gjYJafwpsXE23qShaYtGgdtUJu_X5BBGG-ayCiM-gQi8HpsYsLtZozk31ERKPJGlDLUboAG50chrnGX4B46HyqhlSj9xMohy02t3MX0n-6xoRHLk5Oh8V2c0duIS4mZo0TAq11Zl61No7XvcMPz961yBIpblougDO3NlIXerppYqweTrkxdIR2u4KVXi5XGrbZ08pfBgjrEyAE0GkSkYu3jG0wyzz3Y1gCYqZnOBVg83E4dTUOWchMqqBEYCA3Yc0lnVjQ1WOxvghNOg8rM6Po_qXQU-g&atk=1jqb30k9r26sf001,Apply signatures/IOCs on cyber defence network tools in response to new or observed threats from advisories within the applicable OT/ICS network environment or enclave.,,,indeed_ae,2026-06-05 05:10:10.528060+00:00
Water Heater After-Sales Service Specialist,Cheqpoint Tech Trading LLC,Dubai,https://ae.indeed.com/pagead/clk?mo=r&ad=-6NYlbfkN0BI8rHiPEiQ-0wBrcpZj5N_H6w2oShlVjk-7xUMK--mC5mXLPp28NEwnE5GqVkhb7oVveQxWlE40BRD7rYu7fJDveOFGYXkd3oUX25oaRP7FcqPRcmazrg84BAQ62HDeo-c0-FVvsoq28IBmjtSL3JTVRt6JVPTDJ_-g55nQy5lOvkVMEnjG3TACYbd--muZd1BhY8_-xACaoOcayzxbkiKDwbBFJFeDnL9z-HQY-5AT1jsvRnqJ4k1ZP6pWki4gAMHC0Yl5SAbjszrlYmtoqBlQ4QhnFfmxnPL3HgLwdJYlFKHRY3xlfgtL6iIjDY6SN2e3js6fxH-S6FmkGa2spiv8OlXlgW0h1GdXR1bv5U9Yx0OhV6w58PuDkdg2fUnLRO18x6WQJwvt9HKg4RgGZY9py76q2WkbHCRsO4zNMMErU1Vfy0S4GDgXDJ9mxPL14QHdNA8wKJQpNXdWLvtZDWLDCmLQG8nWvgzh6bec8P8p-TN3VJUVaHo-M8HDGAauSnUzW2H9-QeWZjkSrlp0P79VZeifWjP9N5-8LkTqzOvUjD_B3WgrFFYj8wnyyImaeoH8pfxhbT2bRHsjoCaiuGblswZ1AxfgTrGS-kRHWKbV0fEAtroTmiWgg09kuJ2a8oQg1Dw1vETSPdUG2-ehw_wtu90jCYTcytiRkDdLDDjPzt7QdYK-Nfur6gxWXAQ_VW9kR7pdUeBDlL4E-ma2iYYdstlDjS-bTJY6Y_AHFFuJZWToQdeZVXuUVjsiO--vdUrAh2P2GZYVjp5vf6xzkBrBRbIDTnhcbW_Il_4EKl-_D13CsTlcEH5rtJu1K7PmdUBMv4rqz6djf3KkBePlQh7rkM1uVekoQJSZveI0gcm43wTktNLgMmPBrCXXO10L7jHFwYepeGVWkZFG7a0jjRYsOACJJYD1iKnnK1byTuKcR16hZo_Ivs9sfeicKwJKtrcASEelYCa-1FBc2L3HrENrOD2k-Ucyr0=&xkcb=SoCS6_M3iLONVoT42x0CbzkdCdPP&camk=C3EPSzFlQw8exly5J8DPAg==&p=9&atk=1jqb30k9r26sf001,Escalate field issues to the senior engineer when jobs exceed scope. Field Service Engineer (junior or transitioning out of field). Proven examples of converting a warranty or complaint call into a…,,,indeed_ae,2026-06-05 05:10:10.481495+00:00
FM Engineer (Civil Engineer),Yousuf Ahmed Electro mechanical (YAEMCO) LLC,Dubai,https://ae.indeed.com/rc/clk?jk=450fb020cb68be23&bb=Bi_R-G49WszV5hGDiriclwlzPQR5U84IdUbM4PmSzE4kiubjD8i3ydDWkIpVEP-zd2DkcTRPBmdoR3UW5b25IxyRO-rGFF6OTu4Emum_uGPQf_HThOgGMtgBmgxz87ENTRYi5C9-A9kQ2HcTY8QbNw%3D%3D&xkcb=SoDS67M3iLONVoT42x0DbzkdCdPP&rjs=0&qd=Xd-cji1-rrfYy0m8LpokE8dF20pwsUrmctm8cTGFOXDOAPLLNYb6wmUg8gjYJafwpsXE23qShaYtGgdtUJu_X5BBGG-ayCiM-gQi8HpsYsLtZozk31ERKPJGlDLUboAG50chrnGX4B46HyqhlSj9xMohy02t3MX0n-6xoRHLk5Oh8V2c0duIS4mZo0TAq11Zl61No7XvcMPz961yBIpblougDO3NlIXerppYqweTrkxdIR2u4KVXi5XGrbZ08pfBgjrEyAE0GkSkYu3jG0wyzz3Y1gCYqZnOBVg83E4dTUOWchMqqBEYCA3Yc0lnVjQ1WOxvghNOg8rM6Po_qXQU-g&atk=1jqb30k9r26sf001,Urgently Required – FM Engineer (Civil Engineer) We are looking for an experienced FM Engineer (Civil) to join our team. Requirements: Bachelor's Degree in Civil Engineering Experience in…,,,indeed_ae,2026-06-05 05:10:10.405025+00:00
Rope Cutting Technician,NASCO TRADING LLC,Dubai,https://ae.indeed.com/rc/clk?jk=bba506627cf664d8&bb=Bi_R-G49WszV5hGDiricl0lkFOu8215MuMwTS8Oh5pTTJa6hA8Vea1IoM0rMHASKVG1fVgO-jJ0X2jHi_qsAh5oN0EvDLNOqmXryoz6YoLBjY0HsjWy1OY5xjo4Jf96oLBvXiPsokkFl5xCZU51d6Q%3D%3D&xkcb=SoA767M3iLONVoT42x0MbzkdCdPP&rjs=0&qd=Xd-cji1-rrfYy0m8LpokE8dF20pwsUrmctm8cTGFOXDOAPLLNYb6wmUg8gjYJafwpsXE23qShaYtGgdtUJu_X5BBGG-ayCiM-gQi8HpsYsLtZozk31ERKPJGlDLUboAG50chrnGX4B46HyqhlSj9xMohy02t3MX0n-6xoRHLk5Oh8V2c0duIS4mZo0TAq11Zl61No7XvcMPz961yBIpblougDO3NlIXerppYqweTrkxdIR2u4KVXi5XGrbZ08pfBgjrEyAE0GkSkYu3jG0wyzz3Y1gCYqZnOBVg83E4dTUOWchMqqBEYCA3Yc0lnVjQ1WOxvghNOg8rM6Po_qXQU-g&atk=1jqb30k9r26sf001,"Technical or vocational training in mechanical maintenance, rigging, or related fields is preferred. High school diploma or equivalent. Coordinate with supervisors, engineers , and maintenance teams to…",,,indeed_ae,2026-06-05 05:10:10.358898+00:00
Assistant Resident Engineer – Civil OHL,AtkinsRéalis,Abu Dhabi,https://ae.indeed.com/rc/clk?jk=9df197de86587da4&bb=Bi_R-G49WszV5hGDiricl2pGk9Ib7D9deorsJ3zKlCvhWA3nyz80QPo47BpXq543gBaRr2NBMPxk8XcSOcJPmZhrA5yV733Rs1aMiRgk4mRJu-hW_Fond0mNjHNe3nBDsyXT0WJqjgU8FsbzPNEl1w%3D%3D&xkcb=SoCP67M3iLONVoT42x0NbzkdCdPP&rjs=0&qd=Xd-cji1-rrfYy0m8LpokE8dF20pwsUrmctm8cTGFOXDOAPLLNYb6wmUg8gjYJafwpsXE23qShaYtGgdtUJu_X5BBGG-ayCiM-gQi8HpsYsLtZozk31ERKPJGlDLUboAG50chrnGX4B46HyqhlSj9xMohy02t3MX0n-6xoRHLk5Oh8V2c0duIS4mZo0TAq11Zl61No7XvcMPz961yBIpblougDO3NlIXerppYqweTrkxdIR2u4KVXi5XGrbZ08pfBgjrEyAE0GkSkYu3jG0wyzz3Y1gCYqZnOBVg83E4dTUOWchMqqBEYCA3Yc0lnVjQ1WOxvghNOg8rM6Po_qXQU-g&atk=1jqb30k9r26sf001,"Bachelor's degree in Civil Engineering or a related field. 5–8 years of experience in civil construction, preferably in transmission line or infrastructure projects.",,,indeed_ae,2026-06-05 05:10:10.301006+00:00
Senior Design Director - Ennismore DTS,Ennismore,Dubai,https://ae.indeed.com/rc/clk?jk=d911baa9a79b5b40&bb=Bi_R-G49WszV5hGDiricl__bskCP2qwnhbvDkvFKJvtNlwlulgxU0SyXygCLCzR39RYnXx_OLn2wkYDFIwTKbD_Nl_BPaxNK5aeLVLk9io7z96PHm-IiPxWZhOIBeusN_H6LCWcbdghR9i1PaDpC0w%3D%3D&xkcb=SoAS67M3iLONVoT42x0ObzkdCdPP&rjs=0&qd=Xd-cji1-rrfYy0m8LpokE8dF20pwsUrmctm8cTGFOXDOAPLLNYb6wmUg8gjYJafwpsXE23qShaYtGgdtUJu_X5BBGG-ayCiM-gQi8HpsYsLtZozk31ERKPJGlDLUboAG50chrnGX4B46HyqhlSj9xMohy02t3MX0n-6xoRHLk5Oh8V2c0duIS4mZo0TAq11Zl61No7XvcMPz961yBIpblougDO3NlIXerppYqweTrkxdIR2u4KVXi5XGrbZ08pfBgjrEyAE0GkSkYu3jG0wyzz3Y1gCYqZnOBVg83E4dTUOWchMqqBEYCA3Yc0lnVjQ1WOxvghNOg8rM6Po_qXQU-g&atk=1jqb30k9r26sf001,"Bachelors or Masters degree in Interior Design or ARCHITECTURE . Exposure and proficiency with MS office Autocad, Sketch up, Adobe photoshop , In design or other latest design tools and AI design apps…",,,indeed_ae,2026-06-05 05:10:10.244950+00:00
Hiring – Site Engineer (Civil),London Pools and Electromechanical,Abu Dhabi,https://ae.indeed.com/rc/clk?jk=3d76430ba69f9c4d&bb=Bi_R-G49WszV5hGDiricl22wTWyB5OIG-rOSLOe-vXRlnmcQthn_9yS6QVaBHKOv_V8tUQWJQieQytu2F3m75YXn84K6G6oTe-5BD-rvnsy5ro3p7JcoYO8eQLtqTIsJpZmABzM-ADibTT_Ru3l_SQ%3D%3D&xkcb=SoCm67M3iLONVoT42x0PbzkdCdPP&rjs=0&qd=Xd-cji1-rrfYy0m8LpokE8dF20pwsUrmctm8cTGFOXDOAPLLNYb6wmUg8gjYJafwpsXE23qShaYtGgdtUJu_X5BBGG-ayCiM-gQi8HpsYsLtZozk31ERKPJGlDLUboAG50chrnGX4B46HyqhlSj9xMohy02t3MX0n-6xoRHLk5Oh8V2c0duIS4mZo0TAq11Zl61No7XvcMPz961yBIpblougDO3NlIXerppYqweTrkxdIR2u4KVXi5XGrbZ08pfBgjrEyAE0GkSkYu3jG0wyzz3Y1gCYqZnOBVg83E4dTUOWchMqqBEYCA3Yc0lnVjQ1WOxvghNOg8rM6Po_qXQU-g&atk=1jqb30k9r26sf001,We are looking for a Site Engineer to supervise daily construction activities for villa projects in Abu Dhabi. Supervise daily site activities and manpower. Maintain daily site records and reports.,,,indeed_ae,2026-06-05 05:10:10.185820+00:00
Site engineer - Fit-out,CUBE Wooden & Internal Design Accessories Industry...,Dubai,https://ae.indeed.com/rc/clk?jk=de4a6a8c0652d774&bb=Bi_R-G49WszV5hGDiricl8FIYUYjZrx_57ZY9vWWKNidYcCWvkq6u4hDfqryJ5ucZrKsW1Kt4YMJm1uJC1LhIm_1TSXgf-damiPm03VLXaFKWd-nRxOM-itEyZCl10U5pp00qpFRoX63SlMKMx4iog%3D%3D&xkcb=SoAo67M3iLONVoT42x0IbzkdCdPP&rjs=0&qd=Xd-cji1-rrfYy0m8LpokE8dF20pwsUrmctm8cTGFOXDOAPLLNYb6wmUg8gjYJafwpsXE23qShaYtGgdtUJu_X5BBGG-ayCiM-gQi8HpsYsLtZozk31ERKPJGlDLUboAG50chrnGX4B46HyqhlSj9xMohy02t3MX0n-6xoRHLk5Oh8V2c0duIS4mZo0TAq11Zl61No7XvcMPz961yBIpblougDO3NlIXerppYqweTrkxdIR2u4KVXi5XGrbZ08pfBgjrEyAE0GkSkYu3jG0wyzz3Y1gCYqZnOBVg83E4dTUOWchMqqBEYCA3Yc0lnVjQ1WOxvghNOg8rM6Po_qXQU-g&atk=1jqb30k9r26sf001,"* Minimum 5 years of experience in Fit-Out projects. * Strong knowledge of finishing works, joinery, marble, MEP, and installation works. * Ability to read, interpret, and coordinate shop drawings.",,,indeed_ae,2026-06-05 05:10:10.126055+00:00
Utility Construction Manager (Dubai RTA Exp only),China Civil Engineering Construction Corporation,Dubai,https://ae.indeed.com/rc/clk?jk=1997997e5db23c8c&bb=Bi_R-G49WszV5hGDiricl6Q8-Yyqux6kYK2EUTMVWojJQOFI8Ricjwvjyvz-G6W15HEaZnTmhc0YpMKkqeLcTSu3hBYj1VT0F7mRj05Esbe4zwNcMAGFctBSbm3S_bkJDpg1X9MHUYT87J_BQIh9WQ%3D%3D&xkcb=SoCc67M3iLONVoT42x0JbzkdCdPP&rjs=0&qd=Xd-cji1-rrfYy0m8LpokE8dF20pwsUrmctm8cTGFOXDOAPLLNYb6wmUg8gjYJafwpsXE23qShaYtGgdtUJu_X5BBGG-ayCiM-gQi8HpsYsLtZozk31ERKPJGlDLUboAG50chrnGX4B46HyqhlSj9xMohy02t3MX0n-6xoRHLk5Oh8V2c0duIS4mZo0TAq11Zl61No7XvcMPz961yBIpblougDO3NlIXerppYqweTrkxdIR2u4KVXi5XGrbZ08pfBgjrEyAE0GkSkYu3jG0wyzz3Y1gCYqZnOBVg83E4dTUOWchMqqBEYCA3Yc0lnVjQ1WOxvghNOg8rM6Po_qXQU-g&atk=1jqb30k9r26sf001,"Bachelor’s Degree in Civil Engineering or a related field. Coordinate with consultants, subcontractors, engineers , surveyors, planning team, QA/QC team, HSE team, and construction team to ensure…",,,indeed_ae,2026-06-05 05:10:10.074708+00:00
Senior Resident Engineer – High-Rise Building Project,Al Safa Consultancy,Dubai,https://ae.indeed.com/rc/clk?jk=48005fbd7e38e585&bb=Bi_R-G49WszV5hGDiricl4oS6BMwOckEH4IuRkNs1aAQRDQQToTQgMfXakXRd1e9ywrkcP6UHMZx_m8vsRl4gtz9cHBbS2O55NraUOE07PCiDdNHOzTvPq2RYFQNzBxPxMt9WqFBF3clXuYar_-_8Qcv1YsDtJEn&xkcb=SoAB67M3iLONVoT42x0KbzkdCdPP&rjs=0&qd=Xd-cji1-rrfYy0m8LpokE8dF20pwsUrmctm8cTGFOXDOAPLLNYb6wmUg8gjYJafwpsXE23qShaYtGgdtUJu_X5BBGG-ayCiM-gQi8HpsYsLtZozk31ERKPJGlDLUboAG50chrnGX4B46HyqhlSj9xMohy02t3MX0n-6xoRHLk5Oh8V2c0duIS4mZo0TAq11Zl61No7XvcMPz961yBIpblougDO3NlIXerppYqweTrkxdIR2u4KVXi5XGrbZ08pfBgjrEyAE0GkSkYu3jG0wyzz3Y1gCYqZnOBVg83E4dTUOWchMqqBEYCA3Yc0lnVjQ1WOxvghNOg8rM6Po_qXQU-g&atk=1jqb30k9r26sf001,At least 10 years of experience as Resident Engineer or Senior Resident Engineer on high-rise building projects in the UAE. We are seeking an experienced and highly motivated *Senior Resident…,,,indeed_ae,2026-06-05 05:10:10.015882+00:00
Plumber,Arabian Contracting Advanced Co. LLC,Abu Dhabi,https://ae.indeed.com/rc/clk?jk=6825f95dc5e97cc5&bb=Bi_R-G49WszV5hGDiricl9KoIU6Z4ddgGVNhp8aLJx-NF7Jr19KGW4cCg3QSpm96B5iXSxSPF9fCNimLiAKXukK57Qki_bu5_meXM430vte3kZ9N-vPGCShAyLQMl4C0PvCae8R96wl9KOyWeLi-5w%3D%3D&xkcb=SoC167M3iLONVoT42x0LbzkdCdPP&rjs=0&qd=Xd-cji1-rrfYy0m8LpokE8dF20pwsUrmctm8cTGFOXDOAPLLNYb6wmUg8gjYJafwpsXE23qShaYtGgdtUJu_X5BBGG-ayCiM-gQi8HpsYsLtZozk31ERKPJGlDLUboAG50chrnGX4B46HyqhlSj9xMohy02t3MX0n-6xoRHLk5Oh8V2c0duIS4mZo0TAq11Zl61No7XvcMPz961yBIpblougDO3NlIXerppYqweTrkxdIR2u4KVXi5XGrbZ08pfBgjrEyAE0GkSkYu3jG0wyzz3Y1gCYqZnOBVg83E4dTUOWchMqqBEYCA3Yc0lnVjQ1WOxvghNOg8rM6Po_qXQU-g&atk=1jqb30k9r26sf001,"A professional certification or license is a strong plus. Proven experience as a Plumber in the construction or contracting industry. Collaborate with other construction professionals (electricians,…",,,indeed_ae,2026-06-05 05:10:09.953784+00:00
Civil Engineer ( ADDC/TAQA/substation),GCC,Abu Dhabi,https://ae.indeed.com/rc/clk?jk=5ba24141a8bad8c0&bb=oJnu1U3RY8vThacf2pinSERE5UTC8VycURRpOJJPsfIMXQdJUrr6d9p-ALr_9ka4xUqtBVgbGoKR7kHkBO_Li6e4GqzRW9DlLrElWk0t7B56l-GeiRFAEREHQ5oq7TVx7OHtM2dwAFu_2kJWRla9DQ%3D%3D&xkcb=SoDt67M3iLOOIxTDYB0TbzkdCdPP&rjs=0&qd=Xd-cji1-rrfYy0m8LpokE8dF20pwsUrmctm8cTGFOXDOAPLLNYb6wmUg8gjYJafwpsXE23qShaYtGgdtUJu_X5BBGG-ayCiM-gQi8HpsYsLtZozk31ERKPJGlDLUboAG50chrnGX4B46HyqhlSj9xMohy02t3MX0n-6xoRHLk5Oh8V2c0duIS4mZo0TAq11Zl61No7XvcMPz961yBIpblougDO3NlIXerppYqweTrkxdIR2u4KVXi5XGrbZ08pfBgjrEyAE0GkSkYu3jG0wyzz3Y1gCYqZnOBVg83E4dTUN_5YsQLdFeyZbk3urbwgjvWOxvghNOg8rM6Po_qXQU-g&atk=1jqb30fkghcen800,"The candidate must have 10 years of UAE experience in substation projects. Proven experience in substation projects, specifically involving GIB foundation, switchgear, control room, and transformer…",,,indeed_ae,2026-06-05 05:10:06.364272+00:00
ELV Technician cum Project Handling,Auxkey IT Solutions,Dubai,https://ae.indeed.com/rc/clk?jk=47ebd99e595bd627&bb=oJnu1U3RY8vThacf2pinSJ8t92Icttae_4ZI2_VhtLzGW6ZGEh6-ZzP18WAcM3Jai9-dPEDF3Pz_U9YZV_3GfW2Yq4l-eDEesNLnkI304Hy6XW43uTvRIjxiqbGCoGHgfD1Gys2GupeAWTyAel7T7w%3D%3D&xkcb=SoAE67M3iLOOIxTDYB0cbzkdCdPP&rjs=0&qd=Xd-cji1-rrfYy0m8LpokE8dF20pwsUrmctm8cTGFOXDOAPLLNYb6wmUg8gjYJafwpsXE23qShaYtGgdtUJu_X5BBGG-ayCiM-gQi8HpsYsLtZozk31ERKPJGlDLUboAG50chrnGX4B46HyqhlSj9xMohy02t3MX0n-6xoRHLk5Oh8V2c0duIS4mZo0TAq11Zl61No7XvcMPz961yBIpblougDO3NlIXerppYqweTrkxdIR2u4KVXi5XGrbZ08pfBgjrEyAE0GkSkYu3jG0wyzz3Y1gCYqZnOBVg83E4dTUN_5YsQLdFeyZbk3urbwgjvWOxvghNOg8rM6Po_qXQU-g&atk=1jqb30fkghcen800,Diploma or ITI in Electronics / Electrical / ELV Systems or related field. Perform site surveys and coordinate with project engineers and clients. The ideal candidate will have hands-on experience…,,,indeed_ae,2026-06-05 05:10:06.312796+00:00
Senior Service Designer - On-site Abu Dhabi - Octopus by RTG (5 months contract),robusta,Abu Dhabi,https://ae.indeed.com/rc/clk?jk=4ba97f6f854c85d2&bb=oJnu1U3RY8vThacf2pinSK6ttqfhYDBWJPI7PGjvTSPwdeAccED3eujZ5ZqMqhzd_JT-47AhuQtJRnQKRPXQMiO-nZcFri7t5bm2M_ZH3HIJnS3SfT4qHKGi3yCbpJQYYnn7KojhgJd96Vee5UtyOA%3D%3D&xkcb=SoCw67M3iLOOIxTDYB0dbzkdCdPP&rjs=0&qd=Xd-cji1-rrfYy0m8LpokE8dF20pwsUrmctm8cTGFOXDOAPLLNYb6wmUg8gjYJafwpsXE23qShaYtGgdtUJu_X5BBGG-ayCiM-gQi8HpsYsLtZozk31ERKPJGlDLUboAG50chrnGX4B46HyqhlSj9xMohy02t3MX0n-6xoRHLk5Oh8V2c0duIS4mZo0TAq11Zl61No7XvcMPz961yBIpblougDO3NlIXerppYqweTrkxdIR2u4KVXi5XGrbZ08pfBgjrEyAE0GkSkYu3jG0wyzz3Y1gCYqZnOBVg83E4dTUN_5YsQLdFeyZbk3urbwgjvWOxvghNOg8rM6Po_qXQU-g&atk=1jqb30fkghcen800,"Experience working on customer experience or service design projects within telecommunications or financial services. Experience working in consulting, digital transformation, or innovation…",,,indeed_ae,2026-06-05 05:10:06.257573+00:00
Project Coordinator Mechanical Engineer (ARABIC),Al Bassam International Factories LLC,Abu Dhabi,https://ae.indeed.com/rc/clk?jk=61377f528b5d1de7&bb=oJnu1U3RY8vThacf2pinSBAyNf-H8APv8Dco7E3YPvXOJ6IcFUINF9QqjGxQxe99_ccBfUwfDveeiE44_V7TqTb6Q_RUVzxdN2W_nBhEwYWqmz82UDgY00Hg7hk80IIpURnGXeOuXXZrAOhfZ-Bszg%3D%3D&xkcb=SoAt67M3iLOOIxTDYB0ebzkdCdPP&rjs=0&qd=Xd-cji1-rrfYy0m8LpokE8dF20pwsUrmctm8cTGFOXDOAPLLNYb6wmUg8gjYJafwpsXE23qShaYtGgdtUJu_X5BBGG-ayCiM-gQi8HpsYsLtZozk31ERKPJGlDLUboAG50chrnGX4B46HyqhlSj9xMohy02t3MX0n-6xoRHLk5Oh8V2c0duIS4mZo0TAq11Zl61No7XvcMPz961yBIpblougDO3NlIXerppYqweTrkxdIR2u4KVXi5XGrbZ08pfBgjrEyAE0GkSkYu3jG0wyzz3Y1gCYqZnOBVg83E4dTUN_5YsQLdFeyZbk3urbwgjvWOxvghNOg8rM6Po_qXQU-g&atk=1jqb30fkghcen800,"We are seeking a skilled and detail-oriented Engineer , Arabic with valid UAE driving license. The ideal candidate will have a strong technical background, minimum 5 years of experience in dealing with…",,,indeed_ae,2026-06-05 05:10:06.200784+00:00
Flight Simulator Instructor - BD700,CAE Inc.,Dubai,https://ae.indeed.com/rc/clk?jk=ec485cbd297e147c&bb=oJnu1U3RY8vThacf2pinSHWkP36pxFjoTWsTjlgBuYb4m1cXjCKC0MDxz9El-DE6D8slt1mXYeNDMEhK6DOj244AMPWRJ8hb_D0JG-IH47G7nJRFUxXzzawio4g0CIf7QygwVEjQVdtA5ooRl24bCA%3D%3D&xkcb=SoCZ67M3iLOOIxTDYB0fbzkdCdPP&rjs=0&qd=Xd-cji1-rrfYy0m8LpokE8dF20pwsUrmctm8cTGFOXDOAPLLNYb6wmUg8gjYJafwpsXE23qShaYtGgdtUJu_X5BBGG-ayCiM-gQi8HpsYsLtZozk31ERKPJGlDLUboAG50chrnGX4B46HyqhlSj9xMohy02t3MX0n-6xoRHLk5Oh8V2c0duIS4mZo0TAq11Zl61No7XvcMPz961yBIpblougDO3NlIXerppYqweTrkxdIR2u4KVXi5XGrbZ08pfBgjrEyAE0GkSkYu3jG0wyzz3Y1gCYqZnOBVg83E4dTUN_5YsQLdFeyZbk3urbwgjvWOxvghNOg8rM6Po_qXQU-g&atk=1jqb30fkghcen800,"Training function, activity or lesson plan. This will require four or more hours of. Provide simulator instruction on one or multiple aircrafts. Apply to a training function, activity or lesson plan.",,,indeed_ae,2026-06-05 05:10:06.155810+00:00
Client Acquistion Manager,Standard Chartered,Dubai,https://ae.indeed.com/rc/clk?jk=2df3d28e12437bf7&bb=oJnu1U3RY8vThacf2pinSNQHjCvtqdVOi3ItsWDdW11ajnQWldSkLZJH4vHNeTJOZOQ7FTI0gLmiX5FhRnqcX0S07SGOvOaICVXY41iwGbSCMHxwogy8b1zjsvp9Zy8ec-t0Is4CmDNoa4ZMVrLo_A%3D%3D&xkcb=SoAX67M3iLOOIxTDYB0YbzkdCdPP&rjs=0&qd=Xd-cji1-rrfYy0m8LpokE8dF20pwsUrmctm8cTGFOXDOAPLLNYb6wmUg8gjYJafwpsXE23qShaYtGgdtUJu_X5BBGG-ayCiM-gQi8HpsYsLtZozk31ERKPJGlDLUboAG50chrnGX4B46HyqhlSj9xMohy02t3MX0n-6xoRHLk5Oh8V2c0duIS4mZo0TAq11Zl61No7XvcMPz961yBIpblougDO3NlIXerppYqweTrkxdIR2u4KVXi5XGrbZ08pfBgjrEyAE0GkSkYu3jG0wyzz3Y1gCYqZnOBVg83E4dTUN_5YsQLdFeyZbk3urbwgjvWOxvghNOg8rM6Po_qXQU-g&atk=1jqb30fkghcen800,"Engage NTB Affluent clients via leads sourced from Alliances, Targeted lists or Executive Banking Team on full Affluent offering. Our client continuum spans from Mass Retail to Affluent, including…",,,indeed_ae,2026-06-05 05:10:06.102290+00:00
Civil Supervisor,ELROI QHSE CONSULTANCY,Abu Dhabi,https://ae.indeed.com/rc/clk?jk=a9804e678718af41&bb=oJnu1U3RY8vThacf2pinSI6LnOmlPCI5D1boiG4lfLMfvr2ZOuBczmJsp7Y7DeDHr0OhIIP5eLIvoSYakvhOIAGuFOYB7hWEyueVICBjnfefB51ojWoFWymJFqJSAB0gPnXRQ5Wi2XfiWoO5PrzHag%3D%3D&xkcb=SoCj67M3iLOOIxTDYB0ZbzkdCdPP&rjs=0&qd=Xd-cji1-rrfYy0m8LpokE8dF20pwsUrmctm8cTGFOXDOAPLLNYb6wmUg8gjYJafwpsXE23qShaYtGgdtUJu_X5BBGG-ayCiM-gQi8HpsYsLtZozk31ERKPJGlDLUboAG50chrnGX4B46HyqhlSj9xMohy02t3MX0n-6xoRHLk5Oh8V2c0duIS4mZo0TAq11Zl61No7XvcMPz961yBIpblougDO3NlIXerppYqweTrkxdIR2u4KVXi5XGrbZ08pfBgjrEyAE0GkSkYu3jG0wyzz3Y1gCYqZnOBVg83E4dTUN_5YsQLdFeyZbk3urbwgjvWOxvghNOg8rM6Po_qXQU-g&atk=1jqb30fkghcen800,"Conduct regular site inspections and identify any construction issues or delays. Coordinate with engineers , consultants, and project managers to ensure smooth project execution.",,,indeed_ae,2026-06-05 05:10:06.054853+00:00
Senior Advisor,Petrofac,Abu Dhabi,https://ae.indeed.com/rc/clk?jk=b639f3b723784f5e&bb=oJnu1U3RY8vThacf2pinSK6ttqfhYDBW8qZ-98GZZhxcAjGf6Rk8rkUAbBsCsFeEtpFrZglDeERKw1zQbamxighS0gz0gXOlIMyrfJSu4f5KFFDAyl8x7fzBmCXcUYO1riXAc1930hjbpVNRuGLdfg%3D%3D&xkcb=SoA-67M3iLOOIxTDYB0abzkdCdPP&rjs=0&qd=Xd-cji1-rrfYy0m8LpokE8dF20pwsUrmctm8cTGFOXDOAPLLNYb6wmUg8gjYJafwpsXE23qShaYtGgdtUJu_X5BBGG-ayCiM-gQi8HpsYsLtZozk31ERKPJGlDLUboAG50chrnGX4B46HyqhlSj9xMohy02t3MX0n-6xoRHLk5Oh8V2c0duIS4mZo0TAq11Zl61No7XvcMPz961yBIpblougDO3NlIXerppYqweTrkxdIR2u4KVXi5XGrbZ08pfBgjrEyAE0GkSkYu3jG0wyzz3Y1gCYqZnOBVg83E4dTUN_5YsQLdFeyZbk3urbwgjvWOxvghNOg8rM6Po_qXQU-g&atk=1jqb30fkghcen800,Develop and implement Training Management plan for the Project. Develop project HSE Training matrix and monthly rolling training plan based on the site work priorities.,,,indeed_ae,2026-06-05 05:10:06.001435+00:00
Resident Engineer – Civil Substations,AtkinsRéalis,Abu Dhabi,https://ae.indeed.com/rc/clk?jk=96523c5c07b63a26&bb=oJnu1U3RY8vThacf2pinSKLDIqZ5yPH1Ry9PWIycL6KjU9fxFUsogqywv_KI--Q3hiok713cJE8l-wit-_DEvFu7NsALWrJzjtNeHSBV4VvVPunTZ5DUISFG-oRyKVdwR3q3tNqL09l7sbHwqxhWbA%3D%3D&xkcb=SoCK67M3iLOOIxTDYB0bbzkdCdPP&rjs=0&qd=Xd-cji1-rrfYy0m8LpokE8dF20pwsUrmctm8cTGFOXDOAPLLNYb6wmUg8gjYJafwpsXE23qShaYtGgdtUJu_X5BBGG-ayCiM-gQi8HpsYsLtZozk31ERKPJGlDLUboAG50chrnGX4B46HyqhlSj9xMohy02t3MX0n-6xoRHLk5Oh8V2c0duIS4mZo0TAq11Zl61No7XvcMPz961yBIpblougDO3NlIXerppYqweTrkxdIR2u4KVXi5XGrbZ08pfBgjrEyAE0GkSkYu3jG0wyzz3Y1gCYqZnOBVg83E4dTUN_5YsQLdFeyZbk3urbwgjvWOxvghNOg8rM6Po_qXQU-g&atk=1jqb30fkghcen800,"Bachelor's degree in Civil Engineering or a related discipline. 10+ years of experience in civil engineering, with significant experience in substation or power infrastructure projects.",,,indeed_ae,2026-06-05 05:10:05.947651+00:00
Arabic Outdoor Sales Engineer (ELV Systems),Smart Artificial intelligence Technology,Abu Dhabi,https://ae.indeed.com/rc/clk?jk=3b857771f9509205&bb=oJnu1U3RY8vThacf2pinSIWlbtUxpw92TyVzaiYrGkBm1TabJAHFXJ4R7_yomqLohFlb6aJZwef_pu1V0sxBvKOScWVPmY4mtlSyo-fvbfC8aEEjmDQTyvuPxNKDWWv4Ah8t9lGk35bXhirZDmET9Q%3D%3D&xkcb=SoCt67M3iLOOIxTDYB0EbzkdCdPP&rjs=0&qd=Xd-cji1-rrfYy0m8LpokE8dF20pwsUrmctm8cTGFOXDOAPLLNYb6wmUg8gjYJafwpsXE23qShaYtGgdtUJu_X5BBGG-ayCiM-gQi8HpsYsLtZozk31ERKPJGlDLUboAG50chrnGX4B46HyqhlSj9xMohy02t3MX0n-6xoRHLk5Oh8V2c0duIS4mZo0TAq11Zl61No7XvcMPz961yBIpblougDO3NlIXerppYqweTrkxdIR2u4KVXi5XGrbZ08pfBgjrEyAE0GkSkYu3jG0wyzz3Y1gCYqZnOBVg83E4dTUN_5YsQLdFeyZbk3urbwgjvWOxvghNOg8rM6Po_qXQU-g&atk=1jqb30fkghcen800,"Minimum 4 years of sales experience with IT or ELV companies in the UAE. Bachelor's degree in Computer Science, Information Technology, IT Management, Electronic Engineering, Mechatronics Engineering,…",,,indeed_ae,2026-06-05 05:10:05.890528+00:00
Assistant Resident Engineer – Civil Substations,AtkinsRéalis,Abu Dhabi,https://ae.indeed.com/rc/clk?jk=21758ab5ea487e1f&bb=oJnu1U3RY8vThacf2pinSOXkHQ-Iiw3ACcGS9flYG6E5KBw_H2vRE-s1EE72YNVzx7zzWY1egcw2QI0WEMiT1iEOt3gT9v9Sn8rGZQ3I-A7iHYqJJXWU7TgN5j6HLTmLU7RwvaTXaoNZUWZTzioxcQ%3D%3D&xkcb=SoAZ67M3iLOOIxTDYB0FbzkdCdPP&rjs=0&qd=Xd-cji1-rrfYy0m8LpokE8dF20pwsUrmctm8cTGFOXDOAPLLNYb6wmUg8gjYJafwpsXE23qShaYtGgdtUJu_X5BBGG-ayCiM-gQi8HpsYsLtZozk31ERKPJGlDLUboAG50chrnGX4B46HyqhlSj9xMohy02t3MX0n-6xoRHLk5Oh8V2c0duIS4mZo0TAq11Zl61No7XvcMPz961yBIpblougDO3NlIXerppYqweTrkxdIR2u4KVXi5XGrbZ08pfBgjrEyAE0GkSkYu3jG0wyzz3Y1gCYqZnOBVg83E4dTUN_5YsQLdFeyZbk3urbwgjvWOxvghNOg8rM6Po_qXQU-g&atk=1jqb30fkghcen800,"Bachelor's degree in Civil Engineering or a related discipline. Track project progress and report delays, risks, or technical issues to the Resident Engineer .",,,indeed_ae,2026-06-05 05:10:05.840084+00:00
Resident Engineer - Depot,AtkinsRéalis,Dubai,https://ae.indeed.com/rc/clk?jk=89e2d3dc1b488235&bb=oJnu1U3RY8vThacf2pinSNZWWtd-XQGafLqOwiCvKFb7iDbMhrziy9yAvNbyYmsJWjFSGSgQ6Jy9imfPurd9GZNDnQbjRWe6C2Aqsz5UwuPGLs1qSgFhpBQiUXlPKRE2HY9u5wUp8qhhdwadp98Asw%3D%3D&xkcb=SoCE67M3iLOOIxTDYB0GbzkdCdPP&rjs=0&qd=Xd-cji1-rrfYy0m8LpokE8dF20pwsUrmctm8cTGFOXDOAPLLNYb6wmUg8gjYJafwpsXE23qShaYtGgdtUJu_X5BBGG-ayCiM-gQi8HpsYsLtZozk31ERKPJGlDLUboAG50chrnGX4B46HyqhlSj9xMohy02t3MX0n-6xoRHLk5Oh8V2c0duIS4mZo0TAq11Zl61No7XvcMPz961yBIpblougDO3NlIXerppYqweTrkxdIR2u4KVXi5XGrbZ08pfBgjrEyAE0GkSkYu3jG0wyzz3Y1gCYqZnOBVg83E4dTUN_5YsQLdFeyZbk3urbwgjvWOxvghNOg8rM6Po_qXQU-g&atk=1jqb30fkghcen800,Proven experience delivering metro depot projects or similar complex facilities. We are seeking a highly experienced Resident Engineer - Depot to oversee the end-to-end delivery of a major metro depot…,,,indeed_ae,2026-06-05 05:10:05.759874+00:00
Finishing carpenter,Silva Carpentry Workshop LLC,Abu Dhabi,https://ae.indeed.com/rc/clk?jk=61847414f75b4163&bb=oJnu1U3RY8vThacf2pinSCjCQTnjTg0XQxxC78FAJMiBu_Vz-AsZjtdC29EE6yGlMZmIANKgxcuiWjGAMTrKc7DaDYVJL2FFoMhZow_ytV5cARqUHYKkU2NqSNMEEylJVHiwHTDqZrygUQ9U42V0ew%3D%3D&xkcb=SoAw67M3iLOOIxTDYB0HbzkdCdPP&rjs=0&qd=Xd-cji1-rrfYy0m8LpokE8dF20pwsUrmctm8cTGFOXDOAPLLNYb6wmUg8gjYJafwpsXE23qShaYtGgdtUJu_X5BBGG-ayCiM-gQi8HpsYsLtZozk31ERKPJGlDLUboAG50chrnGX4B46HyqhlSj9xMohy02t3MX0n-6xoRHLk5Oh8V2c0duIS4mZo0TAq11Zl61No7XvcMPz961yBIpblougDO3NlIXerppYqweTrkxdIR2u4KVXi5XGrbZ08pfBgjrEyAE0GkSkYu3jG0wyzz3Y1gCYqZnOBVg83E4dTUN_5YsQLdFeyZbk3urbwgjvWOxvghNOg8rM6Po_qXQU-g&atk=1jqb30fkghcen800,"Report progress and issues to the site supervisor/engineer. Coordinate with site engineers , designers, and other teams. We are looking for an experienced Finishing Carpenter to carry out and…",,,indeed_ae,2026-06-05 05:10:05.715421+00:00
"Senior Security Systems Design Engineer / Principal Security Engineer - Security Systems (CCTV, ACS)",PSS,Dubai,https://ae.indeed.com/pagead/clk?mo=r&ad=-6NYlbfkN0DE7sEPlNAZFDZ0k2ZI4S2U1h7zdM15FllZusIsfL_6PeR9Kn23SITBIH1HS4dETdl0VhzchN6ssC8eKxl_YGWH5lr_Qa1BaKNr-ZuXqjOlj5Zl_nV0xD8_zTlfrWJLKVUKmnZt7VhnevpKFfbGZf2WRDL8nhUmJtb4knwcxMGTDH2WhtaMh-NhXzxawHSbaGi-07daAGfG_416Em6oUAHlaHOGUPodwjPxRyAM5tCnvIAVWJK49YHNaxUWCzpyxfu8zUVLyYdHPK3BCBGo-H5x28r4C1g15XpfzHWXCRJFdtl0Qltax5sjmzxTvyWuKbtXpRS9FlMK-dYJmA-gxWqONcacbPQmOKWENCtLy2qJIV9snSgoctdGSQ5uIO9pXi-SusKSn3MsSQjHJF0Hb0-yfJg_6aJlHwE7vKEzG3Cs5psSUQ3FvpAoJRyXP8OqKY7SxScnt_k29DmRocb0tH1n7d5x2hDBYZAak7aV6A9uIc2KmLq1jSkTC6MaB54hkE7IaW2TmQXPl159H_8lG2AAedoOJWX9Gs65Xjctm22qe0dLvBNLyjd6snY03rkh1wXHpvkRgEaEZPQUxrG4DGqnR2ygtx4GGEBD-Ks37pn5ne8AdswwJW4N1J5hOg2zz7nVMPl03KapFO0BOX_hO2m_2IG8LlzoAkJcu7ykq0bezbm-K1JkoORBOjw2HJZ95VPatYQSzmUEjbiPCNCNXMdpQ2Ro_Ba5bMlXQDNi4yU7LQYee0FFmYU1Qp-vCBS_fciS3ksC1KrO6ZBvcII3Ujgn3EAaViSTtVyVmKaJxeEjUZ7Ox8pv6tXHN7FATvdzDqoO7Pe5on38VcagALyb8Pww3MvzEJf1eMcTI3tcjx_R550e1Nqse7-4BA9Qqp8y6bbMRbRUHOFwHfPpOpxPBe6ROGiKOkx1UQoOsc2U8ndui69sVQocJg-uMdf8cncVYw3DaRpVZ3cZ-mABw7Kv5_W2x9nubGlX7iqcT03ztEuLoZFLiRKgEUrjv-xNHrvmu2MDrv6U62CDeGGdcWdKrfwD2q2Ln89Rk0hyhQsVJ9-AVg==&xkcb=SoBK6_M3iLOOIxTDYB0AbzkdCdPP&camk=C3EPSzFlQw9QdzVE1zwtLw==&p=11&atk=1jqb30fkghcen800,"Bluebeam or PDF review tools. Degree or Diploma in Electronic Engineering, Security Systems Engineering, ICT, or related discipline. Provide technical leadership and mentorship to design engineers and…",,,indeed_ae,2026-06-05 05:10:05.667831+00:00
UTILITY ENGINEER,CDM Smith,Dubai,https://ae.indeed.com/rc/clk?jk=6b229b4d1c9a4df1&bb=oJnu1U3RY8vThacf2pinSNHm_EV0PlH6g8sV7UVeuIFYy3TVpVpDHFZ4DiDLjF5TCH1fpWJY2n7obZWJ5s4vTerjoSCLMKEIG-UkY1YLWJnm_wc158wlA4otAmMmMO67ak1BGJy8oEj51V-nzkDNDQ%3D%3D&xkcb=SoAK67M3iLOOIxTDYB0BbzkdCdPP&rjs=0&qd=Xd-cji1-rrfYy0m8LpokE8dF20pwsUrmctm8cTGFOXDOAPLLNYb6wmUg8gjYJafwpsXE23qShaYtGgdtUJu_X5BBGG-ayCiM-gQi8HpsYsLtZozk31ERKPJGlDLUboAG50chrnGX4B46HyqhlSj9xMohy02t3MX0n-6xoRHLk5Oh8V2c0duIS4mZo0TAq11Zl61No7XvcMPz961yBIpblougDO3NlIXerppYqweTrkxdIR2u4KVXi5XGrbZ08pfBgjrEyAE0GkSkYu3jG0wyzz3Y1gCYqZnOBVg83E4dTUN_5YsQLdFeyZbk3urbwgjvWOxvghNOg8rM6Po_qXQU-g&atk=1jqb30fkghcen800,"Bachelor’s degree in Civil Engineering or related field. Proficiency in AutoCAD, Civil 3D, and utility design software . We are seeking a highly skilled Utility Engineer with proven expertise in…",,,indeed_ae,2026-06-05 05:10:05.622632+00:00
"Account Manager, Learning",Skillsoft,Dubai,https://ae.indeed.com/rc/clk?jk=6a3d12ad6fc35bc1&bb=oJnu1U3RY8vThacf2pinSOJmbGfQrOUF7ngetaAPz8mmVJuYK0EIQlv_ThZs4E3h88KBviBWVa_rWVvnNBbwfKn_ws7f05NHuTGQeCqggAYElp94hDm-o8wt4zrx5VpCac92ZCA1fw73lYFIq7XSlw%3D%3D&xkcb=SoCX67M3iLOOIxTDYB0CbzkdCdPP&rjs=0&qd=Xd-cji1-rrfYy0m8LpokE8dF20pwsUrmctm8cTGFOXDOAPLLNYb6wmUg8gjYJafwpsXE23qShaYtGgdtUJu_X5BBGG-ayCiM-gQi8HpsYsLtZozk31ERKPJGlDLUboAG50chrnGX4B46HyqhlSj9xMohy02t3MX0n-6xoRHLk5Oh8V2c0duIS4mZo0TAq11Zl61No7XvcMPz961yBIpblougDO3NlIXerppYqweTrkxdIR2u4KVXi5XGrbZ08pfBgjrEyAE0GkSkYu3jG0wyzz3Y1gCYqZnOBVg83E4dTUN_5YsQLdFeyZbk3urbwgjvWOxvghNOg8rM6Po_qXQU-g&atk=1jqb30fkghcen800,No fee will be paid in the event the candidate is subsequently hired as a result of the referral or through other means. We are seeking a proactive and visionary Account Manager for Instructor Led…,,,indeed_ae,2026-06-05 05:10:05.569582+00:00
Site Engineer (Civil),Renova 360,Dubai,https://ae.indeed.com/rc/clk?jk=c48f661e1d8c1922&bb=oJnu1U3RY8vThacf2pinSJkRPt9aiIBBaTS3U9SivWnzwYO1yRBzFAI4jip6v4NOcALxDrWixz6K2NFnaHW2jrDa7PFOR3a5heZePvMtfqy8OIlGfLPtuurXiJW51JzOxF6kh5X2Mn7ylMLVkwkGuQ%3D%3D&xkcb=SoAj67M3iLOOIxTDYB0DbzkdCdPP&rjs=0&qd=Xd-cji1-rrfYy0m8LpokE8dF20pwsUrmctm8cTGFOXDOAPLLNYb6wmUg8gjYJafwpsXE23qShaYtGgdtUJu_X5BBGG-ayCiM-gQi8HpsYsLtZozk31ERKPJGlDLUboAG50chrnGX4B46HyqhlSj9xMohy02t3MX0n-6xoRHLk5Oh8V2c0duIS4mZo0TAq11Zl61No7XvcMPz961yBIpblougDO3NlIXerppYqweTrkxdIR2u4KVXi5XGrbZ08pfBgjrEyAE0GkSkYu3jG0wyzz3Y1gCYqZnOBVg83E4dTUN_5YsQLdFeyZbk3urbwgjvWOxvghNOg8rM6Po_qXQU-g&atk=1jqb30fkghcen800,DM G+1 or Above (Preferred). Renova 360 Contracting LLC is currently hiring a Civil Site Engineer with strong site execution experience for building projects in the UAE.,,,indeed_ae,2026-06-05 05:10:05.524561+00:00
Mechanical Sales Service Manager,BEEHIVE,Dubai,https://ae.indeed.com/rc/clk?jk=1fd1a4c00eb2291c&bb=oJnu1U3RY8vThacf2pinSDekSg8vnCJ5vgbK9w3HRdcLKXcXhnpOa0YX_PZqSBF4lUz4HXN7dCW-nr2yHxF9uwjgu0kmPqN3oVSZ_hrrf97gzKkc0dOv3L9DQWzXZ2Lmbef8qLrGcMYnoA3_J84eZw%3D%3D&xkcb=SoDK67M3iLOOIxTDYB0MbzkdCdPP&rjs=0&qd=Xd-cji1-rrfYy0m8LpokE8dF20pwsUrmctm8cTGFOXDOAPLLNYb6wmUg8gjYJafwpsXE23qShaYtGgdtUJu_X5BBGG-ayCiM-gQi8HpsYsLtZozk31ERKPJGlDLUboAG50chrnGX4B46HyqhlSj9xMohy02t3MX0n-6xoRHLk5Oh8V2c0duIS4mZo0TAq11Zl61No7XvcMPz961yBIpblougDO3NlIXerppYqweTrkxdIR2u4KVXi5XGrbZ08pfBgjrEyAE0GkSkYu3jG0wyzz3Y1gCYqZnOBVg83E4dTUN_5YsQLdFeyZbk3urbwgjvWOxvghNOg8rM6Po_qXQU-g&atk=1jqb30fkghcen800,"Qualification:* Bachelor's Degree in Mechanical Engineering. We are seeking an experienced and results-driven Mechanical Sales Service Manager to lead business development, technical sales, and…",,,indeed_ae,2026-06-05 05:10:05.478904+00:00
Flight Simulator Instructor III - G7500,CAE Inc.,Dubai,https://ae.indeed.com/rc/clk?jk=a153139b480d8062&bb=oJnu1U3RY8vThacf2pinSDIK-miqT8zkKRYFwSc8xLvjZ_5bnQVCLS9azYwwRRxGVO_jpFwlEBEIVY8YxN_XiuIcprjq9-m6DExPWowr3Kor7N6SJY5dN4Jmx-vpQu4Q_4EMMd1tLOODmjcD3gEKrw%3D%3D&xkcb=SoB-67M3iLOOIxTDYB0NbzkdCdPP&rjs=0&qd=Xd-cji1-rrfYy0m8LpokE8dF20pwsUrmctm8cTGFOXDOAPLLNYb6wmUg8gjYJafwpsXE23qShaYtGgdtUJu_X5BBGG-ayCiM-gQi8HpsYsLtZozk31ERKPJGlDLUboAG50chrnGX4B46HyqhlSj9xMohy02t3MX0n-6xoRHLk5Oh8V2c0duIS4mZo0TAq11Zl61No7XvcMPz961yBIpblougDO3NlIXerppYqweTrkxdIR2u4KVXi5XGrbZ08pfBgjrEyAE0GkSkYu3jG0wyzz3Y1gCYqZnOBVg83E4dTUN_5YsQLdFeyZbk3urbwgjvWOxvghNOg8rM6Po_qXQU-g&atk=1jqb30fkghcen800,"INDIVIDUAL CONTRIBUTOR - Responsible for the delivery of training primarily in a flight simulator/or aircraft, in accordance with the appropriate regulatory and customer requirements.",,,indeed_ae,2026-06-05 05:10:05.433025+00:00
Service Design Manager - On-site Abu Dhabi - Octopus by RTG (5 months contract),robusta,Abu Dhabi,https://ae.indeed.com/rc/clk?jk=f42095fbca931ec5&bb=oJnu1U3RY8vThacf2pinSJmX9o9kFt9VI04y33CJ4pMjOJGjBJNtmrWL5_mCbeV3eE83pVYP-WNQcqeg_RbEgoR4hxyK61iD5LJrEwrZrlJ5DGavTLUvQ4apNrNDsEQpylJNACmi3eO-tmcvzibNAQ%3D%3D&xkcb=SoDj67M3iLOOIxTDYB0ObzkdCdPP&rjs=0&qd=Xd-cji1-rrfYy0m8LpokE8dF20pwsUrmctm8cTGFOXDOAPLLNYb6wmUg8gjYJafwpsXE23qShaYtGgdtUJu_X5BBGG-ayCiM-gQi8HpsYsLtZozk31ERKPJGlDLUboAG50chrnGX4B46HyqhlSj9xMohy02t3MX0n-6xoRHLk5Oh8V2c0duIS4mZo0TAq11Zl61No7XvcMPz961yBIpblougDO3NlIXerppYqweTrkxdIR2u4KVXi5XGrbZ08pfBgjrEyAE0GkSkYu3jG0wyzz3Y1gCYqZnOBVg83E4dTUN_5YsQLdFeyZbk3urbwgjvWOxvghNOg8rM6Po_qXQU-g&atk=1jqb30fkghcen800,"Experience working with clients in the telecommunications and/or financial services sectors. Experience managing teams, mentoring designers, or leading service design capability development.",,,indeed_ae,2026-06-05 05:10:05.387279+00:00
ELV Systems Technician – (Tagalog Speaker),Smart Artificial intelligence Technology,Abu Dhabi,https://ae.indeed.com/rc/clk?jk=fa31a7958fe2f865&bb=oJnu1U3RY8vThacf2pinSCGRCNniXvAEszgF1OIVodCFbp_-7Q_dCnL3Lsquf9vGY3ixZrSkPPAGff2m_zt5xP1A9wjWfZqrJWhSIAr8b5qPpmDql7Lw9VWOUi1yRGDNmBMU_0SvIWaIq6FD8CMIYw%3D%3D&xkcb=SoBX67M3iLOOIxTDYB0PbzkdCdPP&rjs=0&qd=Xd-cji1-rrfYy0m8LpokE8dF20pwsUrmctm8cTGFOXDOAPLLNYb6wmUg8gjYJafwpsXE23qShaYtGgdtUJu_X5BBGG-ayCiM-gQi8HpsYsLtZozk31ERKPJGlDLUboAG50chrnGX4B46HyqhlSj9xMohy02t3MX0n-6xoRHLk5Oh8V2c0duIS4mZo0TAq11Zl61No7XvcMPz961yBIpblougDO3NlIXerppYqweTrkxdIR2u4KVXi5XGrbZ08pfBgjrEyAE0GkSkYu3jG0wyzz3Y1gCYqZnOBVg83E4dTUN_5YsQLdFeyZbk3urbwgjvWOxvghNOg8rM6Po_qXQU-g&atk=1jqb30fkghcen800,"Diploma or Bachelor’s degree in Electronics Engineering, or a related field (attested certificates preferred). Coordinate with engineers , project managers, and site teams to ensure smooth project…",,,indeed_ae,2026-06-05 05:10:05.336776+00:00
MEP Supervisor – Interior Fit,Expedite Pro Documents Services,Abu Dhabi,https://ae.indeed.com/rc/clk?jk=2981ac08df8dac78&bb=oJnu1U3RY8vThacf2pinSFykazjSw5-JmNagCLR8KTVawuiLVeqqzuxeC9pQk-u6bH3vVoajeP6MO7IhH_Nfnz8exFh_gadjFV5t2Wy5GIPCTk-Kzs3XinDEL51JwnR7BDvV-3nhewERzRenrT7Enw%3D%3D&xkcb=SoDZ67M3iLOOIxTDYB0IbzkdCdPP&rjs=0&qd=Xd-cji1-rrfYy0m8LpokE8dF20pwsUrmctm8cTGFOXDOAPLLNYb6wmUg8gjYJafwpsXE23qShaYtGgdtUJu_X5BBGG-ayCiM-gQi8HpsYsLtZozk31ERKPJGlDLUboAG50chrnGX4B46HyqhlSj9xMohy02t3MX0n-6xoRHLk5Oh8V2c0duIS4mZo0TAq11Zl61No7XvcMPz961yBIpblougDO3NlIXerppYqweTrkxdIR2u4KVXi5XGrbZ08pfBgjrEyAE0GkSkYu3jG0wyzz3Y1gCYqZnOBVg83E4dTUN_5YsQLdFeyZbk3urbwgjvWOxvghNOg8rM6Po_qXQU-g&atk=1jqb30fkghcen800,"Diploma or Degree in Mechanical/Electrical Engineering or a related field. Candidates on Visit Visa or Cancelled Visa are preferred. Coordinate with project managers, engineers , consultants, and…",,,indeed_ae,2026-06-05 05:10:05.289105+00:00
Facade QA/QC Engineer,Precision Facade,Abu Dhabi,https://ae.indeed.com/rc/clk?jk=46ba1c1901658e53&bb=oJnu1U3RY8vThacf2pinSC8bVwRZQwb4kJFQ3Ow4EeMhw2jlL7KRt1xWXI0AkjB0ENMYZ-vb3RXvkiQWcaQqOvQOmVM5rlE_MUjiiqjEWhlOQ9F1Igsmrjs0gvIIp41-od9mbLOGAwuQj1xEWScBZw%3D%3D&xkcb=SoBt67M3iLOOIxTDYB0JbzkdCdPP&rjs=0&qd=Xd-cji1-rrfYy0m8LpokE8dF20pwsUrmctm8cTGFOXDOAPLLNYb6wmUg8gjYJafwpsXE23qShaYtGgdtUJu_X5BBGG-ayCiM-gQi8HpsYsLtZozk31ERKPJGlDLUboAG50chrnGX4B46HyqhlSj9xMohy02t3MX0n-6xoRHLk5Oh8V2c0duIS4mZo0TAq11Zl61No7XvcMPz961yBIpblougDO3NlIXerppYqweTrkxdIR2u4KVXi5XGrbZ08pfBgjrEyAE0GkSkYu3jG0wyzz3Y1gCYqZnOBVg83E4dTUN_5YsQLdFeyZbk3urbwgjvWOxvghNOg8rM6Po_qXQU-g&atk=1jqb30fkghcen800,"Knowledge of ISO 9001 or other quality standards is a plus. The ideal candidate will ensure all façade works — including aluminium cladding, curtain wall, glazing, and structural systems — meet…",,,indeed_ae,2026-06-05 05:10:05.242238+00:00
QA/QC Engineer/Manager,Elevator Engineering Enterprises LLC,Dubai,https://ae.indeed.com/rc/clk?jk=759e72f6db21c4b3&bb=oJnu1U3RY8vThacf2pinSDGiO5cRO54pUtHEg639Qeo_95cinilwTrhJzvM6xA0r_2iRwTOmhVGA_-2jWfjqqAfrPtwv8qvr-B3s3ATOFnQ-35svDbI8OfHXX0sKT2bGxE-imuKYyYI2Ggup9XhGkg%3D%3D&xkcb=SoDw67M3iLOOIxTDYB0KbzkdCdPP&rjs=0&qd=Xd-cji1-rrfYy0m8LpokE8dF20pwsUrmctm8cTGFOXDOAPLLNYb6wmUg8gjYJafwpsXE23qShaYtGgdtUJu_X5BBGG-ayCiM-gQi8HpsYsLtZozk31ERKPJGlDLUboAG50chrnGX4B46HyqhlSj9xMohy02t3MX0n-6xoRHLk5Oh8V2c0duIS4mZo0TAq11Zl61No7XvcMPz961yBIpblougDO3NlIXerppYqweTrkxdIR2u4KVXi5XGrbZ08pfBgjrEyAE0GkSkYu3jG0wyzz3Y1gCYqZnOBVg83E4dTUN_5YsQLdFeyZbk3urbwgjvWOxvghNOg8rM6Po_qXQU-g&atk=1jqb30fkghcen800,"Bachelor's degree in Engineering or a related field. The QA/QC Engineer/Manager is responsible for ensuring that elevator and escalator installation, maintenance, and modernization activities comply…",,,indeed_ae,2026-06-05 05:10:05.177575+00:00
QA/QC Engineer (Civil),AL HIKMA BUILDING CONTRACTING LLC,Dubai,https://ae.indeed.com/rc/clk?jk=12580d65e79c8e44&bb=oJnu1U3RY8vThacf2pinSDqWtAc9NaUfly7j6OMzNQudiinVks8P59KvVhuRWXtaN5cSBjYOumQ_yIUzoF_dJuBUxPdXnTJ2jBRoyVBHb4-yRy53bKvwwYRLGeE1tLUDJXpNS6yHIjuQAm9P--OzIg%3D%3D&xkcb=SoBE67M3iLOOIxTDYB0LbzkdCdPP&rjs=0&qd=Xd-cji1-rrfYy0m8LpokE8dF20pwsUrmctm8cTGFOXDOAPLLNYb6wmUg8gjYJafwpsXE23qShaYtGgdtUJu_X5BBGG-ayCiM-gQi8HpsYsLtZozk31ERKPJGlDLUboAG50chrnGX4B46HyqhlSj9xMohy02t3MX0n-6xoRHLk5Oh8V2c0duIS4mZo0TAq11Zl61No7XvcMPz961yBIpblougDO3NlIXerppYqweTrkxdIR2u4KVXi5XGrbZ08pfBgjrEyAE0GkSkYu3jG0wyzz3Y1gCYqZnOBVg83E4dTUN_5YsQLdFeyZbk3urbwgjvWOxvghNOg8rM6Po_qXQU-g&atk=1jqb30fkghcen800,Bachelor's Degree in Civil Engineering. Minimum 3 years of relevant QA/QC experience in the UAE. Mandatory experience with a Main Contractor in civil construction projects.,,,indeed_ae,2026-06-05 05:10:05.130390+00:00
Safety Engineer – 3 to 5 Years Experience (2 Positions),Rushdi and Partners General Contracting &...,Abu Dhabi,https://ae.indeed.com/rc/clk?jk=f3d8e533acaf827d&bb=Pzm53_KmtmoFTIHENhaCdXwwGX4Sjyji0rqkDguqtx50sj-KenuEcNk2iN0BjTA7XqORA16TpP_Q_IaAfOT8hiFxQB__P_JvHRs58XaEl6Ex5uTxFgg6sxkqlSAUN4YxH5a83jRzgkiKN35-VS0Lww%3D%3D&xkcb=SoAm67M3iLOOuEzF1J0SbzkdCdPP&rjs=0&qd=Xd-cji1-rrfYy0m8LpokE8dF20pwsUrmctm8cTGFOXDOAPLLNYb6wmUg8gjYJafwpsXE23qShaYtGgdtUJu_X5BBGG-ayCiM-gQi8HpsYsLtZozk31ERKPJGlDLUboAG50chrnGX4B46HyqhlSj9xMohy02t3MX0n-6xoRHLk5Oh8V2c0duIS4mZo0TAq11Zl61No7XvcMPz961yBIpblougDO3NlIXerppYqweTrkxdIR2u4KVXi5XGrbZ08pfBgjrEyAE0GkSkYu3jG0wyzz3Y1gCYqZnOBVg83E4dTUMYI6liwW-PUfEg_N6PQgviWOxvghNOg8rM6Po_qXQU-g&atk=1jqb30avlhcd3800,"Bachelor's Degree or Diploma in Engineering or Occupational Health & Safety. NEBOSH, IOSH, or equivalent certification preferred. Do you have HSE experience on structural steel construction or…",,,indeed_ae,2026-06-05 05:10:01.557229+00:00
Sales Engineer,SOURCES AND SOLUTIONS OF ELEVATORS LLC,Abu Dhabi,https://ae.indeed.com/rc/clk?jk=91ed5ff7b0be2cbe&bb=Pzm53_KmtmoFTIHENhaCdY8IINMyKeayes7wmSwW2SAKtnXppmgGiRPTN6kqkeXk5a92xSzIQzsP65nUP2ZgmAl4HPf1Cr6BnUpMyKt-5mgCJ49s9PFu0CpudQBgjmZwXC09RCQdA-zBJYCm-Xw93Q%3D%3D&xkcb=SoCS67M3iLOOuEzF1J0TbzkdCdPP&rjs=0&qd=Xd-cji1-rrfYy0m8LpokE8dF20pwsUrmctm8cTGFOXDOAPLLNYb6wmUg8gjYJafwpsXE23qShaYtGgdtUJu_X5BBGG-ayCiM-gQi8HpsYsLtZozk31ERKPJGlDLUboAG50chrnGX4B46HyqhlSj9xMohy02t3MX0n-6xoRHLk5Oh8V2c0duIS4mZo0TAq11Zl61No7XvcMPz961yBIpblougDO3NlIXerppYqweTrkxdIR2u4KVXi5XGrbZ08pfBgjrEyAE0GkSkYu3jG0wyzz3Y1gCYqZnOBVg83E4dTUMYI6liwW-PUfEg_N6PQgviWOxvghNOg8rM6Po_qXQU-g&atk=1jqb30avlhcd3800,Own resident visa ( not Visit Visa). Preferably a valid UAE Driving license. 1-2 years of sales experience.,,,indeed_ae,2026-06-05 05:10:01.509507+00:00
Viaduct Surveyor (Bridges),Parsons,Dubai,https://ae.indeed.com/rc/clk?jk=4f159132a5bc6198&bb=Pzm53_KmtmoFTIHENhaCdb2TVLfoIJhY1o0Xg1XQAlvOJ9W24brDkdUHtbeGjFxdKz1GKwOjhWDzUwTTOKc7-CtaslDqI_kIHCe7jZTPET1crgwSIJcCFZ_ko4fhPSPY5jddPhFyWR9E1G7d-cctOA%3D%3D&xkcb=SoB767M3iLOOuEzF1J0cbzkdCdPP&rjs=0&qd=Xd-cji1-rrfYy0m8LpokE8dF20pwsUrmctm8cTGFOXDOAPLLNYb6wmUg8gjYJafwpsXE23qShaYtGgdtUJu_X5BBGG-ayCiM-gQi8HpsYsLtZozk31ERKPJGlDLUboAG50chrnGX4B46HyqhlSj9xMohy02t3MX0n-6xoRHLk5Oh8V2c0duIS4mZo0TAq11Zl61No7XvcMPz961yBIpblougDO3NlIXerppYqweTrkxdIR2u4KVXi5XGrbZ08pfBgjrEyAE0GkSkYu3jG0wyzz3Y1gCYqZnOBVg83E4dTUMYI6liwW-PUfEg_N6PQgviWOxvghNOg8rM6Po_qXQU-g&atk=1jqb30avlhcd3800,"Knowledge of AutoCAD Civil 3D or similar survey design software . Certification in surveying or construction QA/QC practices. Proficiency with total stations, GPS, and surveying software .",,,indeed_ae,2026-06-05 05:10:01.454546+00:00
Civil Engineer,San Juan Interior Decoration,Dubai,https://ae.indeed.com/rc/clk?jk=a71b320c0a77b28b&bb=Pzm53_KmtmoFTIHENhaCdYmSxZZ1az0R52Vr94wf7fQcF3DAyFoxSHUG077D7uSQ1NndZSFG2xvZOhkAF_ALHC-5fue62YGX4pbN-CvbRQ_zAIOdm-LYe9-ektFwmlFbRoMVQFRYXePxoj47u-U_9A%3D%3D&xkcb=SoDP67M3iLOOuEzF1J0dbzkdCdPP&rjs=0&qd=Xd-cji1-rrfYy0m8LpokE8dF20pwsUrmctm8cTGFOXDOAPLLNYb6wmUg8gjYJafwpsXE23qShaYtGgdtUJu_X5BBGG-ayCiM-gQi8HpsYsLtZozk31ERKPJGlDLUboAG50chrnGX4B46HyqhlSj9xMohy02t3MX0n-6xoRHLk5Oh8V2c0duIS4mZo0TAq11Zl61No7XvcMPz961yBIpblougDO3NlIXerppYqweTrkxdIR2u4KVXi5XGrbZ08pfBgjrEyAE0GkSkYu3jG0wyzz3Y1gCYqZnOBVg83E4dTUMYI6liwW-PUfEg_N6PQgviWOxvghNOg8rM6Po_qXQU-g&atk=1jqb30avlhcd3800,"We are looking for a qualified Civil Engineer with experience in swimming pool construction and related works. The candidate will be responsible for planning, supervising, and executing civil and pool…",,,indeed_ae,2026-06-05 05:10:01.408642+00:00
Site Foreman – Aluminium & Glass / Façade Works,Al Qassim Aluminum And Glass,Dubai,https://ae.indeed.com/rc/clk?jk=e3fa4f75f87d46f9&bb=Pzm53_KmtmoFTIHENhaCdV9y_MqMQHXl4MS8Rwxwtm66YaOpHEaK2pFQaKVpbjpxezKiCprGHMnc5vGBMq6wLRNtE_mUUq7hY-On4BWcdoMhZzWicxgbuclFOU4huycct3WKGKhmvJ0TBPhX97J2LA%3D%3D&xkcb=SoBS67M3iLOOuEzF1J0ebzkdCdPP&rjs=0&qd=Xd-cji1-rrfYy0m8LpokE8dF20pwsUrmctm8cTGFOXDOAPLLNYb6wmUg8gjYJafwpsXE23qShaYtGgdtUJu_X5BBGG-ayCiM-gQi8HpsYsLtZozk31ERKPJGlDLUboAG50chrnGX4B46HyqhlSj9xMohy02t3MX0n-6xoRHLk5Oh8V2c0duIS4mZo0TAq11Zl61No7XvcMPz961yBIpblougDO3NlIXerppYqweTrkxdIR2u4KVXi5XGrbZ08pfBgjrEyAE0GkSkYu3jG0wyzz3Y1gCYqZnOBVg83E4dTUMYI6liwW-PUfEg_N6PQgviWOxvghNOg8rM6Po_qXQU-g&atk=1jqb30avlhcd3800,"Al Qassim Aluminium and Glass is looking for an experienced Site Foreman to supervise and coordinate aluminium, glass, and façade installation activities at project sites.",,,indeed_ae,2026-06-05 05:10:01.357555+00:00
Mechanical Engineer – Interior Fit-Out / MEP,Gtec Technical Services LLC Dubai,Dubai,https://ae.indeed.com/rc/clk?jk=d790bea1cd6fd45a&bb=Pzm53_KmtmoFTIHENhaCdYuJLczrZQaooKUOO3P_s8Pvu9G5S4Niqm7kHmOE0a1G42gFWu2GJrJK3j9Vq4ndPhAKgaX8CWe6GjdAgx3I7bQxxOy9Eba0dGDLcIo40RR20YbTggUpfWhkC1DJyVeoIg%3D%3D&xkcb=SoDm67M3iLOOuEzF1J0fbzkdCdPP&rjs=0&qd=Xd-cji1-rrfYy0m8LpokE8dF20pwsUrmctm8cTGFOXDOAPLLNYb6wmUg8gjYJafwpsXE23qShaYtGgdtUJu_X5BBGG-ayCiM-gQi8HpsYsLtZozk31ERKPJGlDLUboAG50chrnGX4B46HyqhlSj9xMohy02t3MX0n-6xoRHLk5Oh8V2c0duIS4mZo0TAq11Zl61No7XvcMPz961yBIpblougDO3NlIXerppYqweTrkxdIR2u4KVXi5XGrbZ08pfBgjrEyAE0GkSkYu3jG0wyzz3Y1gCYqZnOBVg83E4dTUMYI6liwW-PUfEg_N6PQgviWOxvghNOg8rM6Po_qXQU-g&atk=1jqb30avlhcd3800,"Minimum 4 to 5 years of UAE or GCC experience in interior fit-out or MEP projects. Bachelor’s Degree or Diploma in Mechanical Engineering. Coordinate with site engineers , supervisors, subcontractors,…",,,indeed_ae,2026-06-05 05:10:01.313285+00:00
CIVIL QA/QC Engineer and QC Inspectors,Italtech Contracting,Dubai,https://ae.indeed.com/rc/clk?jk=b9cc11261b7d5008&bb=Pzm53_KmtmoFTIHENhaCddZC1_Q0hMM-0wJxm-BuUrGKSCIIoe20BAoKj4XNa3P7Ynhkdk3AI1bLBeOYXTyawv4o5bTruuI3mCqdGjyEbdt64T7VCNqWE2klPYZXLx-aFKJS5Hv-k1INayT7m85F7A%3D%3D&xkcb=SoBo67M3iLOOuEzF1J0YbzkdCdPP&rjs=0&qd=Xd-cji1-rrfYy0m8LpokE8dF20pwsUrmctm8cTGFOXDOAPLLNYb6wmUg8gjYJafwpsXE23qShaYtGgdtUJu_X5BBGG-ayCiM-gQi8HpsYsLtZozk31ERKPJGlDLUboAG50chrnGX4B46HyqhlSj9xMohy02t3MX0n-6xoRHLk5Oh8V2c0duIS4mZo0TAq11Zl61No7XvcMPz961yBIpblougDO3NlIXerppYqweTrkxdIR2u4KVXi5XGrbZ08pfBgjrEyAE0GkSkYu3jG0wyzz3Y1gCYqZnOBVg83E4dTUMYI6liwW-PUfEg_N6PQgviWOxvghNOg8rM6Po_qXQU-g&atk=1jqb30avlhcd3800,Bachelor’s degree in Civil Engineering or a related field. Are you a detail-oriented and experienced QA/QC Civil Engineer with a strong background in ensuring quality standards in construction…,,,indeed_ae,2026-06-05 05:10:01.258664+00:00
"Senior Director, AI to Transform Care Partner, International",AstraZeneca,Dubai,https://ae.indeed.com/rc/clk?jk=591523f99ce45c1a&bb=Pzm53_KmtmoFTIHENhaCdQfUj4bhCBYiRJdglswRKkdeqOmZ0fE3DBYLePC8Ilcv_OwwDlm1DsFM_7P_iwdBHvOU0uB5swO2Z69lavTOifXW9ZAenuqQEegafi4HG17MAvBpPl0fOyG2620bN0oezg%3D%3D&xkcb=SoDc67M3iLOOuEzF1J0ZbzkdCdPP&rjs=0&qd=Xd-cji1-rrfYy0m8LpokE8dF20pwsUrmctm8cTGFOXDOAPLLNYb6wmUg8gjYJafwpsXE23qShaYtGgdtUJu_X5BBGG-ayCiM-gQi8HpsYsLtZozk31ERKPJGlDLUboAG50chrnGX4B46HyqhlSj9xMohy02t3MX0n-6xoRHLk5Oh8V2c0duIS4mZo0TAq11Zl61No7XvcMPz961yBIpblougDO3NlIXerppYqweTrkxdIR2u4KVXi5XGrbZ08pfBgjrEyAE0GkSkYu3jG0wyzz3Y1gCYqZnOBVg83E4dTUMYI6liwW-PUfEg_N6PQgviWOxvghNOg8rM6Po_qXQU-g&atk=1jqb30avlhcd3800,"The role goes beyond strategy: it requires end-to-end ownership from problem definition to deployment at scale, embedding AI solutions directly into healthcare workflows (EMR, diagnostics, clinical…",,,indeed_ae,2026-06-05 05:10:01.211862+00:00
Civil Engineer - fitout,PMT,Dubai,https://ae.indeed.com/rc/clk?jk=e7ef75b9b42e5c19&bb=Pzm53_KmtmoFTIHENhaCdbZPBDk-i23A2d5896MY-4gcNoikWqKeIc76whEMMIg1d5WxM6w0mRQNsYMXIgcUNkPtqCry9QKeS75G7RhCHGE13KhaUgj8lhpgijWQzxDyLJB50ZsIyb1RHlzeYTL-mQ%3D%3D&xkcb=SoBB67M3iLOOuEzF1J0abzkdCdPP&rjs=0&qd=Xd-cji1-rrfYy0m8LpokE8dF20pwsUrmctm8cTGFOXDOAPLLNYb6wmUg8gjYJafwpsXE23qShaYtGgdtUJu_X5BBGG-ayCiM-gQi8HpsYsLtZozk31ERKPJGlDLUboAG50chrnGX4B46HyqhlSj9xMohy02t3MX0n-6xoRHLk5Oh8V2c0duIS4mZo0TAq11Zl61No7XvcMPz961yBIpblougDO3NlIXerppYqweTrkxdIR2u4KVXi5XGrbZ08pfBgjrEyAE0GkSkYu3jG0wyzz3Y1gCYqZnOBVg83E4dTUMYI6liwW-PUfEg_N6PQgviWOxvghNOg8rM6Po_qXQU-g&atk=1jqb30avlhcd3800,Civil engineer : 1 year (Preferred). Dubai: Reliably commute or planning to relocate before starting work (Required). Candidate should have minimum 4 years UAE experience.,,,indeed_ae,2026-06-05 05:10:01.159683+00:00
Senior HSE Engineer - Site,Worley,Abu Dhabi,https://ae.indeed.com/rc/clk?jk=f408b2f621947f36&bb=Pzm53_KmtmoFTIHENhaCdVE_PZzl1UGDzxwAFo5UvsVufO7S30rP0lVfBFtVrAnRZkdV0DKylccJ469tkDB-8vYp337GRN14l0Aee3Pes52dn3TbPAmzEbLpGLT1aOlKe6_t4npUnIDNszq_zM5V4Q%3D%3D&xkcb=SoD167M3iLOOuEzF1J0bbzkdCdPP&rjs=0&qd=Xd-cji1-rrfYy0m8LpokE8dF20pwsUrmctm8cTGFOXDOAPLLNYb6wmUg8gjYJafwpsXE23qShaYtGgdtUJu_X5BBGG-ayCiM-gQi8HpsYsLtZozk31ERKPJGlDLUboAG50chrnGX4B46HyqhlSj9xMohy02t3MX0n-6xoRHLk5Oh8V2c0duIS4mZo0TAq11Zl61No7XvcMPz961yBIpblougDO3NlIXerppYqweTrkxdIR2u4KVXi5XGrbZ08pfBgjrEyAE0GkSkYu3jG0wyzz3Y1gCYqZnOBVg83E4dTUMYI6liwW-PUfEg_N6PQgviWOxvghNOg8rM6Po_qXQU-g&atk=1jqb30avlhcd3800,"A bachelor’s degree in relevant engineering (i.e. Mechanical, Electrical, Civil, Environmental, Chemical, IT, Computer, Software , Electronic, etc.) or equivalent from an accredited university.",,,indeed_ae,2026-06-05 05:10:01.115137+00:00
Technician MotorTrnsprt/Automob Mechanic,Serco Group,Dubai,https://ae.indeed.com/rc/clk?jk=e89f64fb8b75f8e9&bb=Pzm53_KmtmoFTIHENhaCdZonoz-RFzUCAWuPcazPrbbYphLVlhOgT0dlpYyGrVi3eWJ5WcAki4nX53sw6H7fkX1WhonaXoI2-BaW3mvggtYm3RaHnxeGY5b-rCT8jIZL2SctwFLmXT_cz9SYmh9C-w%3D%3D&xkcb=SoDS67M3iLOOuEzF1J0EbzkdCdPP&rjs=0&qd=Xd-cji1-rrfYy0m8LpokE8dF20pwsUrmctm8cTGFOXDOAPLLNYb6wmUg8gjYJafwpsXE23qShaYtGgdtUJu_X5BBGG-ayCiM-gQi8HpsYsLtZozk31ERKPJGlDLUboAG50chrnGX4B46HyqhlSj9xMohy02t3MX0n-6xoRHLk5Oh8V2c0duIS4mZo0TAq11Zl61No7XvcMPz961yBIpblougDO3NlIXerppYqweTrkxdIR2u4KVXi5XGrbZ08pfBgjrEyAE0GkSkYu3jG0wyzz3Y1gCYqZnOBVg83E4dTUMYI6liwW-PUfEg_N6PQgviWOxvghNOg8rM6Po_qXQU-g&atk=1jqb30avlhcd3800,"IOSH Working Safely Certificate or equivalent. High School Certificate or Industrial Training Institute Diploma (3-year duration) in Motor vehicle, Maintenance or equivalent (post high school).",,,indeed_ae,2026-06-05 05:10:01.066658+00:00
Civil Site Engineer,Alras real estate,Sharjah,https://ae.indeed.com/rc/clk?jk=a1c05f1e775b6af3&bb=Pzm53_KmtmoFTIHENhaCdd5WfhFZewe6JljXhEJVir_Z7xj2qJaQt7fB0D-Jkm3buZJSeUG1nSNThzrf1WeUloq9jZZyc39ib_qubfWY2aJ3P4DBGLinXU7otAYwHmKGZ8bUr8rxoeJ9xGnQEXlsCQ%3D%3D&xkcb=SoBm67M3iLOOuEzF1J0FbzkdCdPP&rjs=0&qd=Xd-cji1-rrfYy0m8LpokE8dF20pwsUrmctm8cTGFOXDOAPLLNYb6wmUg8gjYJafwpsXE23qShaYtGgdtUJu_X5BBGG-ayCiM-gQi8HpsYsLtZozk31ERKPJGlDLUboAG50chrnGX4B46HyqhlSj9xMohy02t3MX0n-6xoRHLk5Oh8V2c0duIS4mZo0TAq11Zl61No7XvcMPz961yBIpblougDO3NlIXerppYqweTrkxdIR2u4KVXi5XGrbZ08pfBgjrEyAE0GkSkYu3jG0wyzz3Y1gCYqZnOBVg83E4dTUMYI6liwW-PUfEg_N6PQgviWOxvghNOg8rM6Po_qXQU-g&atk=1jqb30avlhcd3800,"Supervise and manage daily site activities to ensure work is executed according to approved drawings, specifications, and project requirements. Lead, monitor, and coordinate site labor teams and…",,,indeed_ae,2026-06-05 05:10:01.018529+00:00
Civil Engineer,Preston General Contracting LLC,Abu Dhabi,https://ae.indeed.com/rc/clk?jk=f5018894aa833f11&bb=Pzm53_KmtmoFTIHENhaCdW59Z_UCkZ-ghwNNKWS9ZM2RGYoYyoZY0HkJHHUQatYt283_b8tm5adUFzAyszrsI2-krF9EyxfRyremT0E499VOvk7tb8srtAk2q-z5xi_sbWtEZg9fys07JCa78EpDOw%3D%3D&xkcb=SoD767M3iLOOuEzF1J0GbzkdCdPP&rjs=0&qd=Xd-cji1-rrfYy0m8LpokE8dF20pwsUrmctm8cTGFOXDOAPLLNYb6wmUg8gjYJafwpsXE23qShaYtGgdtUJu_X5BBGG-ayCiM-gQi8HpsYsLtZozk31ERKPJGlDLUboAG50chrnGX4B46HyqhlSj9xMohy02t3MX0n-6xoRHLk5Oh8V2c0duIS4mZo0TAq11Zl61No7XvcMPz961yBIpblougDO3NlIXerppYqweTrkxdIR2u4KVXi5XGrbZ08pfBgjrEyAE0GkSkYu3jG0wyzz3Y1gCYqZnOBVg83E4dTUMYI6liwW-PUfEg_N6PQgviWOxvghNOg8rM6Po_qXQU-g&atk=1jqb30avlhcd3800,Should have at least 2-5 years experience inside UAE . Should have an Engineering Certificate and registered in Society of Engineers . With UAE Driving License is a must.,,,indeed_ae,2026-06-05 05:10:00.971214+00:00
Civil Engineer - Waterproofing,Al Majd Insulation Materials Co. L.L.C.,Abu Dhabi,https://ae.indeed.com/rc/clk?jk=82e63de110ccc4d2&bb=Pzm53_KmtmoFTIHENhaCdSEyNYNzXtrmudb9cw1kltwwTb1HsZ3-ROI35ZoXP0phkdyD1RV2qg6kuKFDalWfqN-9cXivTmwegcDdGaZXClz0ZQc6GG9RCgB2b6n8uG_51bio_u4hyL1YCc7iAE8AvQ%3D%3D&xkcb=SoBP67M3iLOOuEzF1J0HbzkdCdPP&rjs=0&qd=Xd-cji1-rrfYy0m8LpokE8dF20pwsUrmctm8cTGFOXDOAPLLNYb6wmUg8gjYJafwpsXE23qShaYtGgdtUJu_X5BBGG-ayCiM-gQi8HpsYsLtZozk31ERKPJGlDLUboAG50chrnGX4B46HyqhlSj9xMohy02t3MX0n-6xoRHLk5Oh8V2c0duIS4mZo0TAq11Zl61No7XvcMPz961yBIpblougDO3NlIXerppYqweTrkxdIR2u4KVXi5XGrbZ08pfBgjrEyAE0GkSkYu3jG0wyzz3Y1gCYqZnOBVg83E4dTUMYI6liwW-PUfEg_N6PQgviWOxvghNOg8rM6Po_qXQU-g&atk=1jqb30avlhcd3800,Review Sub Contract Agreement or Purchase Order or Letter of Intent technically with the Manager in accordance of FIDIC. Bachelor's Degree in Civil Engineering or related field.,,,indeed_ae,2026-06-05 05:10:00.924383+00:00
Senior Acoustic Sales Engineer,KINETICS MIDDLE EAST LLC,Dubai,https://ae.indeed.com/rc/clk?jk=2625a4f4e888be65&bb=Pzm53_KmtmoFTIHENhaCdQFmDi1_qqTKpy5vK0-R3HOcfi3eacKxI9PGlYLLZouVx12yZGAlleUZnzsOUNJejjofYs4s_5PTnSJg1NuCLsDdCAVVzKsF2v5bIgHNY39_U6lYIQ0FrXxQOwe5SH-83A%3D%3D&xkcb=SoDB67M3iLOOuEzF1J0AbzkdCdPP&rjs=0&qd=Xd-cji1-rrfYy0m8LpokE8dF20pwsUrmctm8cTGFOXDOAPLLNYb6wmUg8gjYJafwpsXE23qShaYtGgdtUJu_X5BBGG-ayCiM-gQi8HpsYsLtZozk31ERKPJGlDLUboAG50chrnGX4B46HyqhlSj9xMohy02t3MX0n-6xoRHLk5Oh8V2c0duIS4mZo0TAq11Zl61No7XvcMPz961yBIpblougDO3NlIXerppYqweTrkxdIR2u4KVXi5XGrbZ08pfBgjrEyAE0GkSkYu3jG0wyzz3Y1gCYqZnOBVg83E4dTUMYI6liwW-PUfEg_N6PQgviWOxvghNOg8rM6Po_qXQU-g&atk=1jqb30avlhcd3800,"Bachelor's Degree in Acoustics, Mechanical Engineering, Architectural Engineering, or a related field. 4–5 years of technical sales experience in acoustics, noise control, HVAC, construction, or…",,,indeed_ae,2026-06-05 05:10:00.862228+00:00
Claims Management Manager,Allianz,Dubai,https://ae.indeed.com/rc/clk?jk=04ff7cf0847fedf7&bb=Pzm53_KmtmoFTIHENhaCdYaU1mPC43FDlE-uCFg71jwDnCJG_1IIJoBH00h8BltwRjLvDYKwTm12bw42Ae5t5i5QDoqfr74K8Jgz4rNuIxpM8rtOFBwczsPYPXvymCTJo98iZisLGtmnu4L3XpSSRA%3D%3D&xkcb=SoB167M3iLOOuEzF1J0BbzkdCdPP&rjs=0&qd=Xd-cji1-rrfYy0m8LpokE8dF20pwsUrmctm8cTGFOXDOAPLLNYb6wmUg8gjYJafwpsXE23qShaYtGgdtUJu_X5BBGG-ayCiM-gQi8HpsYsLtZozk31ERKPJGlDLUboAG50chrnGX4B46HyqhlSj9xMohy02t3MX0n-6xoRHLk5Oh8V2c0duIS4mZo0TAq11Zl61No7XvcMPz961yBIpblougDO3NlIXerppYqweTrkxdIR2u4KVXi5XGrbZ08pfBgjrEyAE0GkSkYu3jG0wyzz3Y1gCYqZnOBVg83E4dTUMYI6liwW-PUfEg_N6PQgviWOxvghNOg8rM6Po_qXQU-g&atk=1jqb30avlhcd3800,Proficiency in claims management software and Microsoft Office Suite. Review complex or escalated claims and provide guidance on claim determinations. Strong leadership and team management skills.,,,indeed_ae,2026-06-05 05:10:00.812638+00:00
Senior Structural Engineer,CHINA TIESIJU CIVIL ENGINEERING GROUP CO LTD...,Sharjah,https://ae.indeed.com/rc/clk?jk=7f5a1b89e218c177&bb=Pzm53_KmtmoFTIHENhaCdYorSz-TIC-SNC1mTG3j9lLieXJlxe9L9wS3IjML1L5PXsDvdL_tGDlqeP5elYHe-wXguLFzZ-vN2QFn1G0OUNDQcVgFkINQI0uQPNEFVS6RFXtV8_9MeviQPWXDUsnMag%3D%3D&xkcb=SoDo67M3iLOOuEzF1J0CbzkdCdPP&rjs=0&qd=Xd-cji1-rrfYy0m8LpokE8dF20pwsUrmctm8cTGFOXDOAPLLNYb6wmUg8gjYJafwpsXE23qShaYtGgdtUJu_X5BBGG-ayCiM-gQi8HpsYsLtZozk31ERKPJGlDLUboAG50chrnGX4B46HyqhlSj9xMohy02t3MX0n-6xoRHLk5Oh8V2c0duIS4mZo0TAq11Zl61No7XvcMPz961yBIpblougDO3NlIXerppYqweTrkxdIR2u4KVXi5XGrbZ08pfBgjrEyAE0GkSkYu3jG0wyzz3Y1gCYqZnOBVg83E4dTUMYI6liwW-PUfEg_N6PQgviWOxvghNOg8rM6Po_qXQU-g&atk=1jqb30avlhcd3800,"Should be very good in softwares such ETAB, SAFE and RAM, AUTOCAD. We are looking for a Senior Structural Engineer with strong technical and engineering capabilities to support and manage structural…",,,indeed_ae,2026-06-05 05:10:00.767550+00:00
Resident Engineer - Cables,AtkinsRéalis,Abu Dhabi,https://ae.indeed.com/rc/clk?jk=0d30a5992d1d0564&bb=Pzm53_KmtmoFTIHENhaCdRBvVTEif8VJ0etskzTyvNPZqki7_zocC1Fmwk6nrKjA450UXF7dCN4JQWH4qo8FJc3Ozdk6jSxUCJqKSeVFhcBnp_Vkc1ZDDDFS0EqMx6MKTTIGRfMQB53eZsHHsAO5Sg%3D%3D&xkcb=SoBc67M3iLOOuEzF1J0DbzkdCdPP&rjs=0&qd=Xd-cji1-rrfYy0m8LpokE8dF20pwsUrmctm8cTGFOXDOAPLLNYb6wmUg8gjYJafwpsXE23qShaYtGgdtUJu_X5BBGG-ayCiM-gQi8HpsYsLtZozk31ERKPJGlDLUboAG50chrnGX4B46HyqhlSj9xMohy02t3MX0n-6xoRHLk5Oh8V2c0duIS4mZo0TAq11Zl61No7XvcMPz961yBIpblougDO3NlIXerppYqweTrkxdIR2u4KVXi5XGrbZ08pfBgjrEyAE0GkSkYu3jG0wyzz3Y1gCYqZnOBVg83E4dTUMYI6liwW-PUfEg_N6PQgviWOxvghNOg8rM6Po_qXQU-g&atk=1jqb30avlhcd3800,Bachelor's degree in Civil Engineering or a related discipline. Proven experience in managing and supervising high-voltage cable or utility infrastructure projects.,,,indeed_ae,2026-06-05 05:10:00.717119+00:00
Pre-Sales Engineer Fire $ Safety,AXONTEC,Dubai,https://ae.indeed.com/rc/clk?jk=ac9dbf9c7da895e4&bb=Pzm53_KmtmoFTIHENhaCdRpy4q4DEQPqVM5pM6To_bKygt7EpdOIIX2lSLQKDpM-1L5FqS_-Hy1wFxxh5VBfkVSlAHeq9GwdoUiiciZd04fjTRmfiACYpHkm-8QSUPEzTe_fi3TDRwvOfbWGv2CeOQ%3D%3D&xkcb=SoC167M3iLOOuEzF1J0MbzkdCdPP&rjs=0&qd=Xd-cji1-rrfYy0m8LpokE8dF20pwsUrmctm8cTGFOXDOAPLLNYb6wmUg8gjYJafwpsXE23qShaYtGgdtUJu_X5BBGG-ayCiM-gQi8HpsYsLtZozk31ERKPJGlDLUboAG50chrnGX4B46HyqhlSj9xMohy02t3MX0n-6xoRHLk5Oh8V2c0duIS4mZo0TAq11Zl61No7XvcMPz961yBIpblougDO3NlIXerppYqweTrkxdIR2u4KVXi5XGrbZ08pfBgjrEyAE0GkSkYu3jG0wyzz3Y1gCYqZnOBVg83E4dTUMYI6liwW-PUfEg_N6PQgviWOxvghNOg8rM6Po_qXQU-g&atk=1jqb30avlhcd3800,Persuading clients that a product or service will best satisfy their needs. Bachelor’s degree or Diploma in Mechanical Engineering . 3–5 years Fire and Safety presales or design experience (UAE/…,,,indeed_ae,2026-06-05 05:10:00.658704+00:00
Principal Structural Designer,Worley,Abu Dhabi,https://ae.indeed.com/rc/clk?jk=ff97e37290eb9937&bb=Pzm53_KmtmoFTIHENhaCdZOZ8r-fPCTF3tKsP_YMguOeyyutsxC4IOMQExJ1R5uKP5ZskUTlu8Ey06ML4gSwDkCu0kWEn0c6hyhjNgOclh0MxVKghYQgSqg1qG2ySw2fRW0FDKdFDjWPAKXtefQ95g%3D%3D&xkcb=SoAB67M3iLOOuEzF1J0NbzkdCdPP&rjs=0&qd=Xd-cji1-rrfYy0m8LpokE8dF20pwsUrmctm8cTGFOXDOAPLLNYb6wmUg8gjYJafwpsXE23qShaYtGgdtUJu_X5BBGG-ayCiM-gQi8HpsYsLtZozk31ERKPJGlDLUboAG50chrnGX4B46HyqhlSj9xMohy02t3MX0n-6xoRHLk5Oh8V2c0duIS4mZo0TAq11Zl61No7XvcMPz961yBIpblougDO3NlIXerppYqweTrkxdIR2u4KVXi5XGrbZ08pfBgjrEyAE0GkSkYu3jG0wyzz3Y1gCYqZnOBVg83E4dTUMYI6liwW-PUfEg_N6PQgviWOxvghNOg8rM6Po_qXQU-g&atk=1jqb30avlhcd3800,"Certificate, Diploma or Degree in Civil/Structural Engineering or Drafting. Preparation of detail designs in conjunction with engineers . Advanced proficiency in E3D, SP3D, BOCAD or TEKLA.",,,indeed_ae,2026-06-05 05:10:00.607925+00:00
Sales Service Representative II (Consumer Fragrance),International Flavors & Fragrances,Dubai,https://ae.indeed.com/rc/clk?jk=69e8960f5034ceaf&bb=Pzm53_KmtmoFTIHENhaCdbZPBDk-i23AHWz76eMzCU4h6tI-QhIuJZqhFuTZ1F9lVe-qRt5m--wDFzdgtldj2VBhjc1ghZtlnq3LKbfHhh_wikn_UQvNYDbqClN6sfktaFqsdw416-Y9oUnufFxfOg%3D%3D&xkcb=SoCc67M3iLOOuEzF1J0ObzkdCdPP&rjs=0&qd=Xd-cji1-rrfYy0m8LpokE8dF20pwsUrmctm8cTGFOXDOAPLLNYb6wmUg8gjYJafwpsXE23qShaYtGgdtUJu_X5BBGG-ayCiM-gQi8HpsYsLtZozk31ERKPJGlDLUboAG50chrnGX4B46HyqhlSj9xMohy02t3MX0n-6xoRHLk5Oh8V2c0duIS4mZo0TAq11Zl61No7XvcMPz961yBIpblougDO3NlIXerppYqweTrkxdIR2u4KVXi5XGrbZ08pfBgjrEyAE0GkSkYu3jG0wyzz3Y1gCYqZnOBVg83E4dTUMYI6liwW-PUfEg_N6PQgviWOxvghNOg8rM6Po_qXQU-g&atk=1jqb30avlhcd3800,Ability to react well when exposure to new tasks that build new skills. 2+ years Experience: Previous Sales Service and/or Supply Chain Customer Service Experience.,,,indeed_ae,2026-06-05 05:10:00.541437+00:00
Draftsman – Construction & Fit-Out Works,AYAT GROUP,Dubai,https://ae.indeed.com/rc/clk?jk=fb06bc886da449dc&bb=Pzm53_KmtmoFTIHENhaCdSIeZMsEtzMK3yEnrT7o62xZZQDeBF983VEq_A03fxpuc09lZkoAAMQy-390U8n-PKJa5zXa0KBQQxcC-f5jtfCc-P5rc1gtJoFYDn75sQz3op1pwkmW0B5LSu3rchyLVw%3D%3D&xkcb=SoAo67M3iLOOuEzF1J0PbzkdCdPP&rjs=0&qd=Xd-cji1-rrfYy0m8LpokE8dF20pwsUrmctm8cTGFOXDOAPLLNYb6wmUg8gjYJafwpsXE23qShaYtGgdtUJu_X5BBGG-ayCiM-gQi8HpsYsLtZozk31ERKPJGlDLUboAG50chrnGX4B46HyqhlSj9xMohy02t3MX0n-6xoRHLk5Oh8V2c0duIS4mZo0TAq11Zl61No7XvcMPz961yBIpblougDO3NlIXerppYqweTrkxdIR2u4KVXi5XGrbZ08pfBgjrEyAE0GkSkYu3jG0wyzz3Y1gCYqZnOBVg83E4dTUMYI6liwW-PUfEg_N6PQgviWOxvghNOg8rM6Po_qXQU-g&atk=1jqb30avlhcd3800,"Coordinate with architects, engineers , and project teams to ensure drawing accuracy and compliance. The successful candidate will be responsible for preparing accurate technical drawings and shop…",,,indeed_ae,2026-06-05 05:10:00.495564+00:00
Lift Rope Replacement Technician/Elevator Maintenance Technician,NASCO TRADING LLC,Dubai,https://ae.indeed.com/rc/clk?jk=fe347e90caf4fc99&bb=Pzm53_KmtmoFTIHENhaCddZC1_Q0hMM-a118fPGeYS7bstLxAiRUL6DXdQ4kLbhPZmaIz8M3zooWawEy4i-bIJEIlt_YfOnwdp24qxgetPb-CBUf8jextECelUwey7mF4p8WfrgsVdNK0q6LCsTxSg%3D%3D&xkcb=SoCm67M3iLOOuEzF1J0IbzkdCdPP&rjs=0&qd=Xd-cji1-rrfYy0m8LpokE8dF20pwsUrmctm8cTGFOXDOAPLLNYb6wmUg8gjYJafwpsXE23qShaYtGgdtUJu_X5BBGG-ayCiM-gQi8HpsYsLtZozk31ERKPJGlDLUboAG50chrnGX4B46HyqhlSj9xMohy02t3MX0n-6xoRHLk5Oh8V2c0duIS4mZo0TAq11Zl61No7XvcMPz961yBIpblougDO3NlIXerppYqweTrkxdIR2u4KVXi5XGrbZ08pfBgjrEyAE0GkSkYu3jG0wyzz3Y1gCYqZnOBVg83E4dTUMYI6liwW-PUfEg_N6PQgviWOxvghNOg8rM6Po_qXQU-g&atk=1jqb30avlhcd3800,"Relevant technical certification or trade qualification preferred. Experience in elevator/lift maintenance or mechanical maintenance. Coordinate with supervisors, engineers , and other maintenance…",,,indeed_ae,2026-06-05 05:10:00.444278+00:00
"CERTIFIED WELDER – DUBAI, UAE",Adirondack Studios,Dubai,https://ae.indeed.com/rc/clk?jk=52bdd3a634889497&bb=Pzm53_KmtmoFTIHENhaCdYuJLczrZQaolYgqZGUB4zBGQhkhlOIjYJEwy_-vtekYGFw7EzidZO1jozjQzPDOKf_ct5FBfF_n4EMYfm420m1t-pjfrLulpVJvCNhFioG0lSmI93OrxTaXvtS3qzxU0Q%3D%3D&xkcb=SoAS67M3iLOOuEzF1J0JbzkdCdPP&rjs=0&qd=Xd-cji1-rrfYy0m8LpokE8dF20pwsUrmctm8cTGFOXDOAPLLNYb6wmUg8gjYJafwpsXE23qShaYtGgdtUJu_X5BBGG-ayCiM-gQi8HpsYsLtZozk31ERKPJGlDLUboAG50chrnGX4B46HyqhlSj9xMohy02t3MX0n-6xoRHLk5Oh8V2c0duIS4mZo0TAq11Zl61No7XvcMPz961yBIpblougDO3NlIXerppYqweTrkxdIR2u4KVXi5XGrbZ08pfBgjrEyAE0GkSkYu3jG0wyzz3Y1gCYqZnOBVg83E4dTUMYI6liwW-PUfEg_N6PQgviWOxvghNOg8rM6Po_qXQU-g&atk=1jqb30avlhcd3800,"Minimum of 2–5 years of welding experience in fabrication or manufacturing environment (or as required). Experience in heavy fabrication, structural steel, or industrial manufacturing.",,,indeed_ae,2026-06-05 05:10:00.398736+00:00
"Language Manager, Arabic speaking (12-month contract)",Canva,Dubai,https://ae.indeed.com/rc/clk?jk=32af2d430373edb2&bb=Pzm53_KmtmoFTIHENhaCdfdStyD252smXrOupScn3t4YRVXFo_hCFHgmI41mTeg8ldSRvMDV7_ViYIiZZByYSrcy-zBaviQybNlCUuezvOLs0A9szjVpo7VeukumWO3X__MdlbPKEfsVRxh8zJahZg%3D%3D&xkcb=SoCP67M3iLOOuEzF1J0KbzkdCdPP&rjs=0&qd=Xd-cji1-rrfYy0m8LpokE8dF20pwsUrmctm8cTGFOXDOAPLLNYb6wmUg8gjYJafwpsXE23qShaYtGgdtUJu_X5BBGG-ayCiM-gQi8HpsYsLtZozk31ERKPJGlDLUboAG50chrnGX4B46HyqhlSj9xMohy02t3MX0n-6xoRHLk5Oh8V2c0duIS4mZo0TAq11Zl61No7XvcMPz961yBIpblougDO3NlIXerppYqweTrkxdIR2u4KVXi5XGrbZ08pfBgjrEyAE0GkSkYu3jG0wyzz3Y1gCYqZnOBVg83E4dTUMYI6liwW-PUfEg_N6PQgviWOxvghNOg8rM6Po_qXQU-g&atk=1jqb30avlhcd3800,"You have experience as a Language Lead at a software company. You’re an expert with CAT tools (experience with Smartling gets full marks). You have copy-writing experience — you maintain a blog or,…",,,indeed_ae,2026-06-05 05:10:00.347397+00:00
Senior Manager – Operations Transformation C&IB,Emirates Islamic,UAE,https://ae.indeed.com/rc/clk?jk=5e7f3f74140ae3b4&bb=JE_f0lBw06f_eJ3aW8jECXiW1btWaih1EqqG2LvR1of7j1zcYijtnOgIovHKEMA7rn3uQj0HgEv1WkKk4RQt2c1h7PtXjCzvzkP6Zlpe0UTn1bjy-VGOpT-I0Ymif-Abc4eIlp6e6oG2U9R7vlOxSQ%3D%3D&xkcb=SoAU67M3iLOPFhzFwh0TbzkdCdPP&rjs=0&qd=Xd-cji1-rrfYy0m8LpokE8dF20pwsUrmctm8cTGFOXDOAPLLNYb6wmUg8gjYJafwpsXE23qShaYtGgdtUJu_X5BBGG-ayCiM-gQi8HpsYsLtZozk31ERKPJGlDLUboAG50chrnGX4B46HyqhlSj9xMohy02t3MX0n-6xoRHLk5Oh8V2c0duIS4mZo0TAq11Zl61No7XvcMPz961yBIpblougDO3NlIXerppYqweTrkxdIR2u4KVXi5XGrbZ08pfBgjrEyAE0GkSkYu3jG0wyzz3Y1gCYqZnOBVg83E4dTUOTpipLisJugGVNChJwvxLPWOxvghNOg8rM6Po_qXQU-g&atk=1jqb3069ihbla801,"Proven experience in leading or supporting transformation projects from business or IT side e.g. Re-organization of Operating model, Re-platforming. Identify processes improvement and risk mitigation…",,,indeed_ae,2026-06-05 05:09:56.811838+00:00
Fit Out Engineer,Wall to Wall Decoration & implementation LLC,Dubai,https://ae.indeed.com/rc/clk?jk=43dbb87f3c59d95c&bb=JE_f0lBw06f_eJ3aW8jECVnKmsbOdkgZv7gldK0C21lxs6Tl-0wV5y1RLZHpHMjzzab5OxlhvQQxPWihufFvXOO5p6OmoFiRdDtcPR5X_vIgscd2jnU_7SZ8WMfGS-uvr5bpnTN_1X8ubfiCfbq5wg%3D%3D&xkcb=SoD967M3iLOPFhzFwh0cbzkdCdPP&rjs=0&qd=Xd-cji1-rrfYy0m8LpokE8dF20pwsUrmctm8cTGFOXDOAPLLNYb6wmUg8gjYJafwpsXE23qShaYtGgdtUJu_X5BBGG-ayCiM-gQi8HpsYsLtZozk31ERKPJGlDLUboAG50chrnGX4B46HyqhlSj9xMohy02t3MX0n-6xoRHLk5Oh8V2c0duIS4mZo0TAq11Zl61No7XvcMPz961yBIpblougDO3NlIXerppYqweTrkxdIR2u4KVXi5XGrbZ08pfBgjrEyAE0GkSkYu3jG0wyzz3Y1gCYqZnOBVg83E4dTUOTpipLisJugGVNChJwvxLPWOxvghNOg8rM6Po_qXQU-g&atk=1jqb3069ihbla801,"Bachelor's Degree or Diploma in Civil Engineering, Construction Management, or a related field. Familiarity with project management software . The Fit-Out Site Engineer is responsible for overseeing…",,,indeed_ae,2026-06-05 05:09:56.766381+00:00
"Head of HR, Gulf",MetLife,Dubai,https://ae.indeed.com/rc/clk?jk=14b424e5898d8f69&bb=JE_f0lBw06f_eJ3aW8jECVLkh-gPNEZdqfygUeF86zbSCt2pYOyVpwut4FUhWasCG-xQPnR9NePkYqTNaiDn32zhXHhiTjZQmVawHeiEf_vgtQjbl-20aPo_Y6Fn2tqltFF_Ir1ldJ5QVHlilZerxg%3D%3D&xkcb=SoBJ67M3iLOPFhzFwh0dbzkdCdPP&rjs=0&qd=Xd-cji1-rrfYy0m8LpokE8dF20pwsUrmctm8cTGFOXDOAPLLNYb6wmUg8gjYJafwpsXE23qShaYtGgdtUJu_X5BBGG-ayCiM-gQi8HpsYsLtZozk31ERKPJGlDLUboAG50chrnGX4B46HyqhlSj9xMohy02t3MX0n-6xoRHLk5Oh8V2c0duIS4mZo0TAq11Zl61No7XvcMPz961yBIpblougDO3NlIXerppYqweTrkxdIR2u4KVXi5XGrbZ08pfBgjrEyAE0GkSkYu3jG0wyzz3Y1gCYqZnOBVg83E4dTUOTpipLisJugGVNChJwvxLPWOxvghNOg8rM6Po_qXQU-g&atk=1jqb3069ihbla801,"Bachelor’s degree in related field; Master’s degree preferred (or equivalent). As a trusted partner to business leaders and a key member of the Gulf leadership teams, the role oversees the full HR…",,,indeed_ae,2026-06-05 05:09:56.708987+00:00
"Consulting Services Territory Manager, Principal",Epicor,Remote in UAE,https://ae.indeed.com/rc/clk?jk=306a212870dfd331&bb=JE_f0lBw06f_eJ3aW8jECW7QPPALOUvQhhE-5GvDVlfHtYQTNTKN-XQfpUjnD42fdKfpGKG3Mm3rB89mdKmLGXrKYJ1As4rtNSYzIOCB71bQ_la6wbLPobDF3ROorKhNum3Ii0FxP0zatviLY64Q3w%3D%3D&xkcb=SoDU67M3iLOPFhzFwh0ebzkdCdPP&rjs=0&qd=Xd-cji1-rrfYy0m8LpokE8dF20pwsUrmctm8cTGFOXDOAPLLNYb6wmUg8gjYJafwpsXE23qShaYtGgdtUJu_X5BBGG-ayCiM-gQi8HpsYsLtZozk31ERKPJGlDLUboAG50chrnGX4B46HyqhlSj9xMohy02t3MX0n-6xoRHLk5Oh8V2c0duIS4mZo0TAq11Zl61No7XvcMPz961yBIpblougDO3NlIXerppYqweTrkxdIR2u4KVXi5XGrbZ08pfBgjrEyAE0GkSkYu3jG0wyzz3Y1gCYqZnOBVg83E4dTUOTpipLisJugGVNChJwvxLPWOxvghNOg8rM6Po_qXQU-g&atk=1jqb3069ihbla801,Bachelor’s degree or equivalent practical experience. 3+ years of industry-specific or specialized experience. Support the coordination and execution of product or service delivery projects for…,,,indeed_ae,2026-06-05 05:09:56.645104+00:00
Estimation Engineer,Middle East Survey Engineering,Dubai,https://ae.indeed.com/rc/clk?jk=e54b103f0be3e371&bb=JE_f0lBw06f_eJ3aW8jECd4aDnP38uPx3qyJQ8nyND4k5_-moPVS9jGd1noALa5mjUn84bHvdl_xQ7lvhjQb8awxwCst985Ux0os0_VU0IsoQbh9CeQAaZYfpl-Gws34DyjLzQirf6BjkqdiX3DrkA%3D%3D&xkcb=SoBg67M3iLOPFhzFwh0fbzkdCdPP&rjs=0&qd=Xd-cji1-rrfYy0m8LpokE8dF20pwsUrmctm8cTGFOXDOAPLLNYb6wmUg8gjYJafwpsXE23qShaYtGgdtUJu_X5BBGG-ayCiM-gQi8HpsYsLtZozk31ERKPJGlDLUboAG50chrnGX4B46HyqhlSj9xMohy02t3MX0n-6xoRHLk5Oh8V2c0duIS4mZo0TAq11Zl61No7XvcMPz961yBIpblougDO3NlIXerppYqweTrkxdIR2u4KVXi5XGrbZ08pfBgjrEyAE0GkSkYu3jG0wyzz3Y1gCYqZnOBVg83E4dTUOTpipLisJugGVNChJwvxLPWOxvghNOg8rM6Po_qXQU-g&atk=1jqb3069ihbla801,"Bachelor's degree in Civil Engineering or a related engineering discipline. Proficiency in AutoCAD, MS Excel, and estimation software . We are seeking an experienced Estimation Engineer with a minimum…",,,indeed_ae,2026-06-05 05:09:56.571949+00:00
Slack Account Executive - Middle East,Salesforce,Dubai,https://ae.indeed.com/rc/clk?jk=2d0465da1c51c2d9&bb=JE_f0lBw06f_eJ3aW8jECdCanXA41T54_f72fYxEoURcE47oxVapLELMB5pvrh9A_x7gYKHOiVKdmg4WvEurDodzI3TcJiBD-8OJ_62aKogKBGn4HTkxI8cBpYoqaPxlP9ziE7aTZhfrUh_mt9v6uQ%3D%3D&xkcb=SoDu67M3iLOPFhzFwh0YbzkdCdPP&rjs=0&qd=Xd-cji1-rrfYy0m8LpokE8dF20pwsUrmctm8cTGFOXDOAPLLNYb6wmUg8gjYJafwpsXE23qShaYtGgdtUJu_X5BBGG-ayCiM-gQi8HpsYsLtZozk31ERKPJGlDLUboAG50chrnGX4B46HyqhlSj9xMohy02t3MX0n-6xoRHLk5Oh8V2c0duIS4mZo0TAq11Zl61No7XvcMPz961yBIpblougDO3NlIXerppYqweTrkxdIR2u4KVXi5XGrbZ08pfBgjrEyAE0GkSkYu3jG0wyzz3Y1gCYqZnOBVg83E4dTUOTpipLisJugGVNChJwvxLPWOxvghNOg8rM6Po_qXQU-g&atk=1jqb3069ihbla801,"Degree or equivalent proven experience required. 7+ years of meaningful full-cycle sales experience in The Middle East, preferably in SaaS. Drive ACV within the Enterprise and Commercial segments by…",,,indeed_ae,2026-06-05 05:09:56.511979+00:00
Specialist Civil Engineer,Worley,Abu Dhabi,https://ae.indeed.com/rc/clk?jk=1a64ecb1ab0eaa3f&bb=JE_f0lBw06f_eJ3aW8jECdOFjfDzhQ6fqcjQIQG8rMT4K36-uHWEM1xsFrHrSRiJJo5CTq8MtxhWGkRI5-HSrt5nHfdAJ2YTPJE_4_hPnSPVMP5CP2H9LVJRi0SXOQd-Rjyu3p8DP2QyYgnEZPIyFg%3D%3D&xkcb=SoBa67M3iLOPFhzFwh0ZbzkdCdPP&rjs=0&qd=Xd-cji1-rrfYy0m8LpokE8dF20pwsUrmctm8cTGFOXDOAPLLNYb6wmUg8gjYJafwpsXE23qShaYtGgdtUJu_X5BBGG-ayCiM-gQi8HpsYsLtZozk31ERKPJGlDLUboAG50chrnGX4B46HyqhlSj9xMohy02t3MX0n-6xoRHLk5Oh8V2c0duIS4mZo0TAq11Zl61No7XvcMPz961yBIpblougDO3NlIXerppYqweTrkxdIR2u4KVXi5XGrbZ08pfBgjrEyAE0GkSkYu3jG0wyzz3Y1gCYqZnOBVg83E4dTUOTpipLisJugGVNChJwvxLPWOxvghNOg8rM6Po_qXQU-g&atk=1jqb3069ihbla801,"Or equivalent from an accredited university with a minimum of fifteen (15+) years of relevant experience in the Oil & Gas or Petrochemical industry, Petrochemical. FEED phases of the Project.",,,indeed_ae,2026-06-05 05:09:56.431509+00:00
"Supervisor Commissioning (I&C) - Offshore, WHT, Subsea Piping, BFs",Penspen,Abu Dhabi,https://ae.indeed.com/rc/clk?jk=513a3de660366dd8&bb=JE_f0lBw06f_eJ3aW8jECeiOYirlF_FdlCwpoosi7Kli-_MhEhMcTsdyEh03khUN7_Oakpbvr5Q-hvL0k5v33bwsEkvaWxu16BdHijcVkAQxfTGb2rYzQeoREuC_IUuPMkEAIAm7TYwCohnsNUyYpw%3D%3D&xkcb=SoDH67M3iLOPFhzFwh0abzkdCdPP&rjs=0&qd=Xd-cji1-rrfYy0m8LpokE8dF20pwsUrmctm8cTGFOXDOAPLLNYb6wmUg8gjYJafwpsXE23qShaYtGgdtUJu_X5BBGG-ayCiM-gQi8HpsYsLtZozk31ERKPJGlDLUboAG50chrnGX4B46HyqhlSj9xMohy02t3MX0n-6xoRHLk5Oh8V2c0duIS4mZo0TAq11Zl61No7XvcMPz961yBIpblougDO3NlIXerppYqweTrkxdIR2u4KVXi5XGrbZ08pfBgjrEyAE0GkSkYu3jG0wyzz3Y1gCYqZnOBVg83E4dTUOTpipLisJugGVNChJwvxLPWOxvghNOg8rM6Po_qXQU-g&atk=1jqb3069ihbla801,"Escalate technical issues to Commissioning Engineers or Leads as required. Report commissioning status, issues, and risks to the Commissioning Engineer or Commissioning Lead.",,,indeed_ae,2026-06-05 05:09:56.386568+00:00
Approval Officer G+1 DM and ADM,ELKIN CORP POOL & LANDSCAPE,Dubai,https://ae.indeed.com/pagead/clk?mo=r&ad=-6NYlbfkN0CQaHlAdAmxaBfMhQO_dcbsLk36yV__xg5Ss25gmkEAO1zGvkEBqzL692Dcswukni1ICf0j_3Evj-s-S0aOtprSvNRZPwPKJv3UuxAD-tJBWtRfF7hTrc7qQ2SaMCazsTmVELHevSelzGBw407JZmV6bJSzCQk1ccb_ZlrJVhca4-LJAUAgCe91HFWJ-reaiVsVxnX_74OfbZsrGopTkTG4_I7Hhw0b83KnFGEEepX6h97mMAzI6ngrScs-hKOtk10PCV8P92VjzrlQzpFA3U6cAtR9ATToJwPVmfOh838dwYFbuY22eF3VoNUTfeyC2d4MR9lx_gwJwEIECdvvgiDhKWiXN5KXFdDT53eQqADvTc1aB9XNJNTYhfuX_szuPeVCEJ3-OZdzLC0XPYC4raE17eBIXovN8a4EM2RLLnpUzq1hoFwwqtmf2DDlGZspBl8jJgQi7B4vYHAlxGLl7NJNuXAQh6Wh0qMBBG_5aDfhfBF7qBh7PPGNiO29y7iI-hTI3tiiCBDT3Ja61pd3NIq2ESugGqySNremtCLhEWIZ143yTR1p0AXjSXhEsG1NPwmr92Y4cN_RIMRsbGF2gZ6dxcY442mZdExE0LN6_P7DiR_700J0IjRJY8FK1O4WJR721xRtAQ7xo3F50p7nlPpeeTIRrdWv1_5-I05J3yWudrnOLvAtdxlVuw9hwJ2FLUxFhxbP9o_0fXA4yWAQRNVWUoFd2_t0TZFFi860Q0G3zriGuLV_JxBfmcWmOYQXUvfFn5Ek1RxlQgAP6WoEAKsXHr0Zb8-AdRkTmShcU0ZduKvB3NfLAHTmdV-cfemicfk3dMS9IZwNUzYbKjGPTVwkCaHNZgu12VakqValgAW0FHW0Frl3V5q56881fdJ9U01WY4Rdo8GwW-vV16Q7oZBJkCaLQc1-oVluJNDt41nVShmE8EGonDyn7qcHAP1TjxzwxvR84yeDpg==&xkcb=SoCH6_M3iLOPFhzFwh0bbzkdCdPP&camk=C3EPSzFlQw9_QDFafHomrQ==&p=16&atk=1jqb3069ihbla801,Attend meetings with concerned engineers and authority representatives. Ability to attend and coordinate meetings with authority engineers . The ideal candidate should have strong experience in…,,,indeed_ae,2026-06-05 05:09:56.332939+00:00
PMC Process Engineer (UAE National),Wood,Abu Dhabi,https://ae.indeed.com/rc/clk?jk=4c4d8640ac969692&bb=JE_f0lBw06f_eJ3aW8jECdmpZk0bhKi9_c13SkvT5jp6oZwrkCuT6rQQMoswkrwHczm-xGO8FbJMqRwpu6zzk2PMyWAHH5kXRGBXGFJuI-lmRhP3AoojbUgE8zB5NVHVWlj2akOZzCUItBZtle3f-w%3D%3D&xkcb=SoBU67M3iLOPFhzFwh0EbzkdCdPP&rjs=0&qd=Xd-cji1-rrfYy0m8LpokE8dF20pwsUrmctm8cTGFOXDOAPLLNYb6wmUg8gjYJafwpsXE23qShaYtGgdtUJu_X5BBGG-ayCiM-gQi8HpsYsLtZozk31ERKPJGlDLUboAG50chrnGX4B46HyqhlSj9xMohy02t3MX0n-6xoRHLk5Oh8V2c0duIS4mZo0TAq11Zl61No7XvcMPz961yBIpblougDO3NlIXerppYqweTrkxdIR2u4KVXi5XGrbZ08pfBgjrEyAE0GkSkYu3jG0wyzz3Y1gCYqZnOBVg83E4dTUOTpipLisJugGVNChJwvxLPWOxvghNOg8rM6Po_qXQU-g&atk=1jqb3069ihbla801,Knowledge of engineering computer programs and general business software . Provide technical assistance and coordination with other discipline engineers .,,,indeed_ae,2026-06-05 05:09:56.291265+00:00
PROJECT Manager Operations (MEP)( MECHANICAL /ELECTRICAL ENGINEER,Trans Emirates Electrical & Mechanical Works LLC,Abu Dhabi,https://ae.indeed.com/rc/clk?jk=4a3861c1de4ebe38&bb=JE_f0lBw06f_eJ3aW8jECbh2T_BvoCOPcaUw-IwxSn1kSm3tKX49bM6gk1fvpkikAR638y3cF74a7q-geMJase3ZyENNUxx9kMPCtftQVVDgcaLkQaewMWW4j8iJ7Cb1LalpbokXLa6MUOwWsN7InQ%3D%3D&xkcb=SoDg67M3iLOPFhzFwh0FbzkdCdPP&rjs=0&qd=Xd-cji1-rrfYy0m8LpokE8dF20pwsUrmctm8cTGFOXDOAPLLNYb6wmUg8gjYJafwpsXE23qShaYtGgdtUJu_X5BBGG-ayCiM-gQi8HpsYsLtZozk31ERKPJGlDLUboAG50chrnGX4B46HyqhlSj9xMohy02t3MX0n-6xoRHLk5Oh8V2c0duIS4mZo0TAq11Zl61No7XvcMPz961yBIpblougDO3NlIXerppYqweTrkxdIR2u4KVXi5XGrbZ08pfBgjrEyAE0GkSkYu3jG0wyzz3Y1gCYqZnOBVg83E4dTUOTpipLisJugGVNChJwvxLPWOxvghNOg8rM6Po_qXQU-g&atk=1jqb3069ihbla801,Senior Mechanical Engineer OR Electrical Engineer with 20 years (MEP Construction) Wanted! *. We’re looking for an experienced Senior Mechanical Engineer / Electrical Engineer with MEP construction…,,,indeed_ae,2026-06-05 05:09:56.245426+00:00
Sales Engineer / Senior Sales Engineer,GENERAL INTERNATIONAL,Dubai,https://ae.indeed.com/rc/clk?jk=5c60927aa89591ec&bb=JE_f0lBw06f_eJ3aW8jECb0nvPK-rrZjXNSa7TTqO13_xk8tlyKPr1JWlyb2_Cf9hp0I9JUl7qTt0iA0SUUglDTRN56gVCN89rkan6ey01RQMU5VWnKHAbs59CMhAtjQNzhpmO-xOE8sEMOxfMmZ2Q%3D%3D&xkcb=SoB967M3iLOPFhzFwh0GbzkdCdPP&rjs=0&qd=Xd-cji1-rrfYy0m8LpokE8dF20pwsUrmctm8cTGFOXDOAPLLNYb6wmUg8gjYJafwpsXE23qShaYtGgdtUJu_X5BBGG-ayCiM-gQi8HpsYsLtZozk31ERKPJGlDLUboAG50chrnGX4B46HyqhlSj9xMohy02t3MX0n-6xoRHLk5Oh8V2c0duIS4mZo0TAq11Zl61No7XvcMPz961yBIpblougDO3NlIXerppYqweTrkxdIR2u4KVXi5XGrbZ08pfBgjrEyAE0GkSkYu3jG0wyzz3Y1gCYqZnOBVg83E4dTUOTpipLisJugGVNChJwvxLPWOxvghNOg8rM6Po_qXQU-g&atk=1jqb3069ihbla801,"We’re expanding our team at GIG and looking for high-performing sales professionals with a proven track record in the UAE construction industry. ✔ Strong UAE market network (consultants, contractors,…",,,indeed_ae,2026-06-05 05:09:56.195611+00:00
Senior Process Safety Engineer,Worley,Abu Dhabi,https://ae.indeed.com/rc/clk?jk=3f2a4923aa1220c0&bb=JE_f0lBw06f_eJ3aW8jECQjUR24AQSUpYoTCexMUFZJAbC1J2woayXbuMLahY5ghrwZS1VZpHvvRz0A6dn5GqniUMXDmx7Gv_FO-OkDQYWY38TsTAlcp_CQAFdXcFRMH3Vl2X8b5EirbeARenbY9WA%3D%3D&xkcb=SoDJ67M3iLOPFhzFwh0HbzkdCdPP&rjs=0&qd=Xd-cji1-rrfYy0m8LpokE8dF20pwsUrmctm8cTGFOXDOAPLLNYb6wmUg8gjYJafwpsXE23qShaYtGgdtUJu_X5BBGG-ayCiM-gQi8HpsYsLtZozk31ERKPJGlDLUboAG50chrnGX4B46HyqhlSj9xMohy02t3MX0n-6xoRHLk5Oh8V2c0duIS4mZo0TAq11Zl61No7XvcMPz961yBIpblougDO3NlIXerppYqweTrkxdIR2u4KVXi5XGrbZ08pfBgjrEyAE0GkSkYu3jG0wyzz3Y1gCYqZnOBVg83E4dTUOTpipLisJugGVNChJwvxLPWOxvghNOg8rM6Po_qXQU-g&atk=1jqb3069ihbla801,"Provide technical assistance and coordination with other discipline engineers . Ensuring HSSEQ goals, objectives and targets are met through personal leadership and involvement.",,,indeed_ae,2026-06-05 05:09:56.146827+00:00
Draft Department Head,Green & More Landscape Gardening LLC,Dubai,https://ae.indeed.com/rc/clk?jk=366cb9687ee443e0&bb=JE_f0lBw06f_eJ3aW8jECab_VBDI9pCb9-wOwaKFR8m58zL3ZeyAqzAKTRGymLOgo7oSl15vla_Lcn_-jQoYEwKDVtThZVqiwf1W89pduIpYdStA_-GWCY7x--m5S6W3nznzq69CnzE03KbjDkAOiw%3D%3D&xkcb=SoBH67M3iLOPFhzFwh0AbzkdCdPP&rjs=0&qd=Xd-cji1-rrfYy0m8LpokE8dF20pwsUrmctm8cTGFOXDOAPLLNYb6wmUg8gjYJafwpsXE23qShaYtGgdtUJu_X5BBGG-ayCiM-gQi8HpsYsLtZozk31ERKPJGlDLUboAG50chrnGX4B46HyqhlSj9xMohy02t3MX0n-6xoRHLk5Oh8V2c0duIS4mZo0TAq11Zl61No7XvcMPz961yBIpblougDO3NlIXerppYqweTrkxdIR2u4KVXi5XGrbZ08pfBgjrEyAE0GkSkYu3jG0wyzz3Y1gCYqZnOBVg83E4dTUOTpipLisJugGVNChJwvxLPWOxvghNOg8rM6Po_qXQU-g&atk=1jqb3069ihbla801,"Proficiency in AutoCAD and other relevant drafting software . Ability to coordinate with architects, engineers , and project teams. We are seeking an experienced Draft Department Head to lead our…",,,indeed_ae,2026-06-05 05:09:56.097944+00:00
Maintenance Engineer – Fire & Safety Systems (Abu Dhabi),MAF FIRE MIDDLE EAST LLC,Abu Dhabi,https://ae.indeed.com/rc/clk?jk=36a64d9d099a9237&bb=JE_f0lBw06f_eJ3aW8jECegkBpj0QrrA9EM5aRedPzepoNi98VDji93dTdesMvMwFu1duRxZGtw5CJe_XWGCySMQXEhoZV6aEZlP-rRNdLjVCfxNQvIVAocBTvWodjiPveD-n6ZLKC5wXTi_yKgA6Q%3D%3D&xkcb=SoDz67M3iLOPFhzFwh0BbzkdCdPP&rjs=0&qd=Xd-cji1-rrfYy0m8LpokE8dF20pwsUrmctm8cTGFOXDOAPLLNYb6wmUg8gjYJafwpsXE23qShaYtGgdtUJu_X5BBGG-ayCiM-gQi8HpsYsLtZozk31ERKPJGlDLUboAG50chrnGX4B46HyqhlSj9xMohy02t3MX0n-6xoRHLk5Oh8V2c0duIS4mZo0TAq11Zl61No7XvcMPz961yBIpblougDO3NlIXerppYqweTrkxdIR2u4KVXi5XGrbZ08pfBgjrEyAE0GkSkYu3jG0wyzz3Y1gCYqZnOBVg83E4dTUOTpipLisJugGVNChJwvxLPWOxvghNOg8rM6Po_qXQU-g&atk=1jqb3069ihbla801,"Minimum 2 years experience in Abu Dhabi. Knowledge of Fire Alarm, Fire Fighting & Fire Pump systems. Valid UAE driving license required.",,,indeed_ae,2026-06-05 05:09:56.047115+00:00
Site Manager - Construction,CHINA HARBOUR ENGINEERING COMPANY LLC,Dubai,https://ae.indeed.com/rc/clk?jk=a48d31b8ec4c6a3b&bb=JE_f0lBw06f_eJ3aW8jECftLJUhPrMsNopR5vwC_EsnqBV-EmMmG7aROxcu-gk8kS53AepoDTNX9Xv5oMETWBKSMRPi7BwBrk9U8g78jN_frp4OHEDFzVgEZ0Ya3IpSI6HFYrmQOgZBe5LuUX0PXUA%3D%3D&xkcb=SoBu67M3iLOPFhzFwh0CbzkdCdPP&rjs=0&qd=Xd-cji1-rrfYy0m8LpokE8dF20pwsUrmctm8cTGFOXDOAPLLNYb6wmUg8gjYJafwpsXE23qShaYtGgdtUJu_X5BBGG-ayCiM-gQi8HpsYsLtZozk31ERKPJGlDLUboAG50chrnGX4B46HyqhlSj9xMohy02t3MX0n-6xoRHLk5Oh8V2c0duIS4mZo0TAq11Zl61No7XvcMPz961yBIpblougDO3NlIXerppYqweTrkxdIR2u4KVXi5XGrbZ08pfBgjrEyAE0GkSkYu3jG0wyzz3Y1gCYqZnOBVg83E4dTUOTpipLisJugGVNChJwvxLPWOxvghNOg8rM6Po_qXQU-g&atk=1jqb3069ihbla801,Master's degree in Construction Management or Structural Engineering is an advantage. Bachelor's degree in Civil Engineering or a related discipline (mandatory).,,,indeed_ae,2026-06-05 05:09:55.995556+00:00
Architectural Draftsman (Interior Fit-Out),Bonzer Interiors LLC,Dubai,https://ae.indeed.com/rc/clk?jk=338248d499f17e5d&bb=JE_f0lBw06f_eJ3aW8jECVqcvjHxgeXQF6JihqM01v6c8c4Xd2gZpk4-yhbqIwP-jVeOmBMPgk-emenhbPUFUgS__jASEBwp2JXYYHOf10jGUsMYU5e8A_wbIz-IX7Ns6POV1bE73eYttXsL1TjQUw%3D%3D&xkcb=SoDa67M3iLOPFhzFwh0DbzkdCdPP&rjs=0&qd=Xd-cji1-rrfYy0m8LpokE8dF20pwsUrmctm8cTGFOXDOAPLLNYb6wmUg8gjYJafwpsXE23qShaYtGgdtUJu_X5BBGG-ayCiM-gQi8HpsYsLtZozk31ERKPJGlDLUboAG50chrnGX4B46HyqhlSj9xMohy02t3MX0n-6xoRHLk5Oh8V2c0duIS4mZo0TAq11Zl61No7XvcMPz961yBIpblougDO3NlIXerppYqweTrkxdIR2u4KVXi5XGrbZ08pfBgjrEyAE0GkSkYu3jG0wyzz3Y1gCYqZnOBVg83E4dTUOTpipLisJugGVNChJwvxLPWOxvghNOg8rM6Po_qXQU-g&atk=1jqb3069ihbla801,"Education:* A diploma or degree in Architecture, Drafting, Interior Design, or a closely related field. Software Skills:* High proficiency in AutoCAD is mandatory, alongside working knowledge of…",,,indeed_ae,2026-06-05 05:09:55.941210+00:00
"Senior BIM Engineer - Security Systems / ULV /Telecom (CCTV, ACS)",PSS,Dubai,https://ae.indeed.com/rc/clk?jk=64daddea4c92ff8e&bb=JE_f0lBw06f_eJ3aW8jECftLJUhPrMsN_dMlY-EndjuoiKBLF5UrM4adSkIrxUZT-wwkpttcNty-hcN1-kmTeNQdWtv3mobaCXYSYUlte_DjWb0ws43oeNqnvr4hL_B-ZVIrTeYIc7mO2PiW2mUdHkiNzrCvkeuO&xkcb=SoAz67M3iLOPFhzFwh0MbzkdCdPP&rjs=0&qd=Xd-cji1-rrfYy0m8LpokE8dF20pwsUrmctm8cTGFOXDOAPLLNYb6wmUg8gjYJafwpsXE23qShaYtGgdtUJu_X5BBGG-ayCiM-gQi8HpsYsLtZozk31ERKPJGlDLUboAG50chrnGX4B46HyqhlSj9xMohy02t3MX0n-6xoRHLk5Oh8V2c0duIS4mZo0TAq11Zl61No7XvcMPz961yBIpblougDO3NlIXerppYqweTrkxdIR2u4KVXi5XGrbZ08pfBgjrEyAE0GkSkYu3jG0wyzz3Y1gCYqZnOBVg83E4dTUOTpipLisJugGVNChJwvxLPWOxvghNOg8rM6Po_qXQU-g&atk=1jqb3069ihbla801,"Bluebeam or PDF review tools. Dynamo or digital engineering certifications. Degree, Diploma, or Technical Qualification in: Minimum 5–10 years of BIM modelling experience on complex engineering,…",,,indeed_ae,2026-06-05 05:09:55.899584+00:00
Predictions & Digital Asset Markets Account Manager/Senior Manager,Crypto.com,Remote in Dubai,https://ae.indeed.com/rc/clk?jk=a87bbda137c4ea89&bb=JE_f0lBw06f_eJ3aW8jECQkIoA91UyF_Xb-A0wGCGGM2GN3d02Od3BQJsOSeeXfmrCI3v_EaNLbX2oaybo4_eIntrbw77zwto9w1z-LhBOKdqnn2v25rFTxWOQR7uyQfvElbnmcK6wLzO6Y-oAqY_w%3D%3D&xkcb=SoCH67M3iLOPFhzFwh0NbzkdCdPP&rjs=0&qd=Xd-cji1-rrfYy0m8LpokE8dF20pwsUrmctm8cTGFOXDOAPLLNYb6wmUg8gjYJafwpsXE23qShaYtGgdtUJu_X5BBGG-ayCiM-gQi8HpsYsLtZozk31ERKPJGlDLUboAG50chrnGX4B46HyqhlSj9xMohy02t3MX0n-6xoRHLk5Oh8V2c0duIS4mZo0TAq11Zl61No7XvcMPz961yBIpblougDO3NlIXerppYqweTrkxdIR2u4KVXi5XGrbZ08pfBgjrEyAE0GkSkYu3jG0wyzz3Y1gCYqZnOBVg83E4dTUOTpipLisJugGVNChJwvxLPWOxvghNOg8rM6Po_qXQU-g&atk=1jqb3069ihbla801,"Flexi-work hour and hybrid or remote set-up. 3–8 years in client coverage, sales trading, institutional sales, or market-maker relationship management at an exchange, broker-dealer, FCM, prime broker,…",,,indeed_ae,2026-06-05 05:09:55.858611+00:00
Senior Rotating Engineer - Offshore,Worley,Abu Dhabi,https://ae.indeed.com/rc/clk?jk=a9ec5dfffca2be22&bb=JE_f0lBw06f_eJ3aW8jECeehptftMKoK2-hQye0g8Ufzk1kCmznxDHKIkq4nONmB0Rn9ChaUYhCbZILVf2-4EWDrjKEUy6hW_TVZu6OYsi2Orh-sgOiovtbm1c9TB22-zG88MN1jHdLxSbNLfR2uaw%3D%3D&xkcb=SoAa67M3iLOPFhzFwh0ObzkdCdPP&rjs=0&qd=Xd-cji1-rrfYy0m8LpokE8dF20pwsUrmctm8cTGFOXDOAPLLNYb6wmUg8gjYJafwpsXE23qShaYtGgdtUJu_X5BBGG-ayCiM-gQi8HpsYsLtZozk31ERKPJGlDLUboAG50chrnGX4B46HyqhlSj9xMohy02t3MX0n-6xoRHLk5Oh8V2c0duIS4mZo0TAq11Zl61No7XvcMPz961yBIpblougDO3NlIXerppYqweTrkxdIR2u4KVXi5XGrbZ08pfBgjrEyAE0GkSkYu3jG0wyzz3Y1gCYqZnOBVg83E4dTUOTpipLisJugGVNChJwvxLPWOxvghNOg8rM6Po_qXQU-g&atk=1jqb3069ihbla801,"Designs, drawings and data by other Contractors’ or by Vendors. Review and approve key design documents from Vendors, equipment manufacturers or Subcontractors and prepare comments and recommendations…",,,indeed_ae,2026-06-05 05:09:55.810916+00:00
Interior Designer (Fit-Out & Furniture),Pangulf Furniture & Interiors LLC,Sharjah,https://ae.indeed.com/rc/clk?jk=adf1375e8f8cb7f5&bb=JE_f0lBw06f_eJ3aW8jECXtcB1JI0pDGlXTzUXYKx7hbe13FtU7SBx6D_NcTixKQ_NFLFREGtFUnyrHqTuJJgChzP2jhyUuV4M6XlUXkUo9Y-HJf_wq-EvMyCG1Lmscywr4QVXufd82cGuoc0FEnIQ%3D%3D&xkcb=SoCu67M3iLOPFhzFwh0PbzkdCdPP&rjs=0&qd=Xd-cji1-rrfYy0m8LpokE8dF20pwsUrmctm8cTGFOXDOAPLLNYb6wmUg8gjYJafwpsXE23qShaYtGgdtUJu_X5BBGG-ayCiM-gQi8HpsYsLtZozk31ERKPJGlDLUboAG50chrnGX4B46HyqhlSj9xMohy02t3MX0n-6xoRHLk5Oh8V2c0duIS4mZo0TAq11Zl61No7XvcMPz961yBIpblougDO3NlIXerppYqweTrkxdIR2u4KVXi5XGrbZ08pfBgjrEyAE0GkSkYu3jG0wyzz3Y1gCYqZnOBVg83E4dTUOTpipLisJugGVNChJwvxLPWOxvghNOg8rM6Po_qXQU-g&atk=1jqb3069ihbla801,"Collaboration with designers and engineers . Collaborate with project managers, engineers , and contractors for seamless project execution. Must be able to reliably commute to or relocate to Sharjah…",,,indeed_ae,2026-06-05 05:09:55.766875+00:00
Civil Engineer (Road & Infrastructure),TFE,Dubai,https://ae.indeed.com/rc/clk?jk=80e8a17c7d6f429e&bb=JE_f0lBw06f_eJ3aW8jECckuzq4Ltk1ET1ZoPnxS2o5l_2nrr0RGrPm31XNJKZfePqCJGOy_YKIfPplRTj5w7oLpwDqfw_W5UhIHH1NmaiSJn44qLDqR8PXxpOvLZV3zjmuavFnIAW9XitPDlJnFzA%3D%3D&xkcb=SoAg67M3iLOPFhzFwh0IbzkdCdPP&rjs=0&qd=Xd-cji1-rrfYy0m8LpokE8dF20pwsUrmctm8cTGFOXDOAPLLNYb6wmUg8gjYJafwpsXE23qShaYtGgdtUJu_X5BBGG-ayCiM-gQi8HpsYsLtZozk31ERKPJGlDLUboAG50chrnGX4B46HyqhlSj9xMohy02t3MX0n-6xoRHLk5Oh8V2c0duIS4mZo0TAq11Zl61No7XvcMPz961yBIpblougDO3NlIXerppYqweTrkxdIR2u4KVXi5XGrbZ08pfBgjrEyAE0GkSkYu3jG0wyzz3Y1gCYqZnOBVg83E4dTUOTpipLisJugGVNChJwvxLPWOxvghNOg8rM6Po_qXQU-g&atk=1jqb3069ihbla801,"Site Engineer (Arabic Speaker) with minimum 3 - 5 years of experience in road & Infrastructure projects in UAE Pay: AED6,000.00 - AED10,000.00 per month Work Location: In…",,,indeed_ae,2026-06-05 05:09:55.720067+00:00
"Sr. Commissioning Engr. (Mechanical Systems) - Offshore, WHT, Subsea",Penspen,Abu Dhabi,https://ae.indeed.com/rc/clk?jk=2c041a580e716faa&bb=JE_f0lBw06f_eJ3aW8jECVLkh-gPNEZdIEbHi6YTh12LK8Yj6B9zSWtG2vxLu22qbF2xPrzwLSCpFYm-0oSKJVcvb8kwsiW9ki3A3zAVez9VormShdgKuk2RcLUN3O4WFcOjLkcWhqoEXVjym8qkwQ%3D%3D&xkcb=SoCU67M3iLOPFhzFwh0JbzkdCdPP&rjs=0&qd=Xd-cji1-rrfYy0m8LpokE8dF20pwsUrmctm8cTGFOXDOAPLLNYb6wmUg8gjYJafwpsXE23qShaYtGgdtUJu_X5BBGG-ayCiM-gQi8HpsYsLtZozk31ERKPJGlDLUboAG50chrnGX4B46HyqhlSj9xMohy02t3MX0n-6xoRHLk5Oh8V2c0duIS4mZo0TAq11Zl61No7XvcMPz961yBIpblougDO3NlIXerppYqweTrkxdIR2u4KVXi5XGrbZ08pfBgjrEyAE0GkSkYu3jG0wyzz3Y1gCYqZnOBVg83E4dTUOTpipLisJugGVNChJwvxLPWOxvghNOg8rM6Po_qXQU-g&atk=1jqb3069ihbla801,"The candidates should have Bachelor's Degree in Mechanical Engineer from an accredited university. Execute Mechanical Systems commissioning activities for offshore oil & gas projects, including…",,,indeed_ae,2026-06-05 05:09:55.675377+00:00
Structural Designer – Tower Crane,AFC CRANE,Sharjah,https://ae.indeed.com/rc/clk?jk=e349330227b55f69&bb=JE_f0lBw06f_eJ3aW8jECRT2uv0BoGGtxHV8CQ4mln4eF58fNcQ5EXfH7aON0avlZYNpuiyvsAHNfp-vpqYgm5fuMukHhNropsZOaen4HDG0qXnAfiD8QuuLD31bOiX7kq1cEG9jDLpTtwHAEnoNHQ%3D%3D&xkcb=SoAJ67M3iLOPFhzFwh0KbzkdCdPP&rjs=0&qd=Xd-cji1-rrfYy0m8LpokE8dF20pwsUrmctm8cTGFOXDOAPLLNYb6wmUg8gjYJafwpsXE23qShaYtGgdtUJu_X5BBGG-ayCiM-gQi8HpsYsLtZozk31ERKPJGlDLUboAG50chrnGX4B46HyqhlSj9xMohy02t3MX0n-6xoRHLk5Oh8V2c0duIS4mZo0TAq11Zl61No7XvcMPz961yBIpblougDO3NlIXerppYqweTrkxdIR2u4KVXi5XGrbZ08pfBgjrEyAE0GkSkYu3jG0wyzz3Y1gCYqZnOBVg83E4dTUOTpipLisJugGVNChJwvxLPWOxvghNOg8rM6Po_qXQU-g&atk=1jqb3069ihbla801,"Conduct structural analysis using engineering software . Proficiency in AutoCAD and structural analysis software (STAAD Pro, SAP2000, ETABS, Tekla, or equivalent).",,,indeed_ae,2026-06-05 05:09:55.628901+00:00
"Supervisor Commissioning (Electrical) - Offshore, WHT, Subsea Piping, BFs",Penspen,Abu Dhabi,https://ae.indeed.com/rc/clk?jk=50a86d054edfbbfa&bb=JE_f0lBw06f_eJ3aW8jECYyMfhPMRoOZ0Hr2FlWU_SGfW89qV6S_i0zK_WZA4JS799Rq8SGkpghilGwPMLxGRaoQ_BJ6a-8DTjbao4po-ENoqqtmW6N0KR64RKUK_FVn_cfpHiWpX-Bn8maPcpVkdg%3D%3D&xkcb=SoC967M3iLOPFhzFwh0LbzkdCdPP&rjs=0&qd=Xd-cji1-rrfYy0m8LpokE8dF20pwsUrmctm8cTGFOXDOAPLLNYb6wmUg8gjYJafwpsXE23qShaYtGgdtUJu_X5BBGG-ayCiM-gQi8HpsYsLtZozk31ERKPJGlDLUboAG50chrnGX4B46HyqhlSj9xMohy02t3MX0n-6xoRHLk5Oh8V2c0duIS4mZo0TAq11Zl61No7XvcMPz961yBIpblougDO3NlIXerppYqweTrkxdIR2u4KVXi5XGrbZ08pfBgjrEyAE0GkSkYu3jG0wyzz3Y1gCYqZnOBVg83E4dTUOTpipLisJugGVNChJwvxLPWOxvghNOg8rM6Po_qXQU-g&atk=1jqb3069ihbla801,"Escalate technical issues to Electrical Commissioning Engineers or Leads when required. Report commissioning progress, issues, and risks to the Commissioning Engineer or Commissioning Lead.",,,indeed_ae,2026-06-05 05:09:55.580875+00:00
Senior Store Keeper,Esbe restaurants llc,Dubai,https://ae.indeed.com/rc/clk?jk=2648ee74d1eec445&bb=DBTzdhz0WDkfxdYd2UvHcoK6McP6swCbOSmoIIhArrFB5j6pva3l2BnYYXGBFg9JZQJPm9gIhTKuwzi_GU2XlUVdNV7SkIJL5qNBA5HZZIEzxW4xMt-29FnsutN7rlC7KjoMIg0uDj2xwvZtegrOeg%3D%3D&xkcb=SoBp67M3iLOP7FT42x0TbzkdCdPP&rjs=0&qd=Xd-cji1-rrfYy0m8LpokE8dF20pwsUrmctm8cTGFOXDOAPLLNYb6wmUg8gjYJafwpsXE23qShaYtGgdtUJu_X5BBGG-ayCiM-gQi8HpsYsLtZozk31ERKPJGlDLUboAG50chrnGX4B46HyqhlSj9xMohy02t3MX0n-6xoRHLk5Oh8V2c0duIS4mZo0TAq11Zl61No7XvcMPz961yBIpblougDO3NlIXerppYqweTrkxdIR2u4KVXi5XGrbZ08pfBgjrEyAE0GkSkYu3jG0wyzz3Y1gCYqZnOBVg83E4dTUOhalyH3MviTgQiOd1Wbps2WOxvghNOg8rM6Po_qXQU-g&atk=1jqb301je26sf000,"Basic computer skills (MS Excel, inventory software , ERP systems preferred). Minimum 3 years of experience as a Store Keeper or Senior Store Keeper. Food and Accommodation will also be provided by the…",,,indeed_ae,2026-06-05 05:09:51.954822+00:00
Stakeholder Engineer ( UAE National ),Waagner Biro Bridge Gulf LLC,Dubai,https://ae.indeed.com/rc/clk?jk=7a356d1fb130a4e5&bb=DBTzdhz0WDkfxdYd2UvHcirQ1iT86NvLK11KQ6P9qNUfX_37ibhiHrdvxPf-cAr-3dCsFETjk8YgPtaUtRH7UYkOH7GLWv8afJ3nxPXhN6I2WQeCqn0j2_FWQmHT2QQHWjZOs1Aj6-Jo52cYroSfqw%3D%3D&xkcb=SoCA67M3iLOP7FT42x0cbzkdCdPP&rjs=0&qd=Xd-cji1-rrfYy0m8LpokE8dF20pwsUrmctm8cTGFOXDOAPLLNYb6wmUg8gjYJafwpsXE23qShaYtGgdtUJu_X5BBGG-ayCiM-gQi8HpsYsLtZozk31ERKPJGlDLUboAG50chrnGX4B46HyqhlSj9xMohy02t3MX0n-6xoRHLk5Oh8V2c0duIS4mZo0TAq11Zl61No7XvcMPz961yBIpblougDO3NlIXerppYqweTrkxdIR2u4KVXi5XGrbZ08pfBgjrEyAE0GkSkYu3jG0wyzz3Y1gCYqZnOBVg83E4dTUOhalyH3MviTgQiOd1Wbps2WOxvghNOg8rM6Po_qXQU-g&atk=1jqb301je26sf000,"Bachelor's Degree in Civil, Electrical, Mechanical Engineering, or a related discipline. The successful candidate will support stakeholder coordination activities for infrastructure and engineering…",,,indeed_ae,2026-06-05 05:09:51.911414+00:00
Procurement Officer cum Driver,Fixen technical service llc,Dubai,https://ae.indeed.com/rc/clk?jk=9a4debd1d17af01d&bb=DBTzdhz0WDkfxdYd2UvHct-G5qHG3WadIhox1ZBjRVR73SgkgmiVZ75D-74SlhWeUhcy0Un9zA3EULrRHb1wgIglIQy0xoblIUvNp19l8Jo0bVHHHbJ2wyJiuDa1tc8YJ4MEJX0Tdci1eVpUlD8XAA%3D%3D&xkcb=SoA067M3iLOP7FT42x0dbzkdCdPP&rjs=0&qd=Xd-cji1-rrfYy0m8LpokE8dF20pwsUrmctm8cTGFOXDOAPLLNYb6wmUg8gjYJafwpsXE23qShaYtGgdtUJu_X5BBGG-ayCiM-gQi8HpsYsLtZozk31ERKPJGlDLUboAG50chrnGX4B46HyqhlSj9xMohy02t3MX0n-6xoRHLk5Oh8V2c0duIS4mZo0TAq11Zl61No7XvcMPz961yBIpblougDO3NlIXerppYqweTrkxdIR2u4KVXi5XGrbZ08pfBgjrEyAE0GkSkYu3jG0wyzz3Y1gCYqZnOBVg83E4dTUOhalyH3MviTgQiOd1Wbps2WOxvghNOg8rM6Po_qXQU-g&atk=1jqb301je26sf000,"Report any vehicle maintenance issues, accidents, or incidents promptly. Minimum 2 years of experience in procurement, purchasing, logistics, or a similar role.",,,indeed_ae,2026-06-05 05:09:51.846897+00:00
HSE Officer,Parsons,Abu Dhabi,https://ae.indeed.com/rc/clk?jk=c71fd2b2163d51c5&bb=DBTzdhz0WDkfxdYd2UvHcuQEnYz8XfmiOJ-UNHVCXDAzxnfRVhoDMY1tWc11v87DqhnReQcfpJkzqMvht8LrpqzjEx6LZF1qkUDj0LssR0No3lUYph2j1dNc2KORog4LbKMkFlePnKe3xu7Rn2EWIw%3D%3D&xkcb=SoCp67M3iLOP7FT42x0ebzkdCdPP&rjs=0&qd=Xd-cji1-rrfYy0m8LpokE8dF20pwsUrmctm8cTGFOXDOAPLLNYb6wmUg8gjYJafwpsXE23qShaYtGgdtUJu_X5BBGG-ayCiM-gQi8HpsYsLtZozk31ERKPJGlDLUboAG50chrnGX4B46HyqhlSj9xMohy02t3MX0n-6xoRHLk5Oh8V2c0duIS4mZo0TAq11Zl61No7XvcMPz961yBIpblougDO3NlIXerppYqweTrkxdIR2u4KVXi5XGrbZ08pfBgjrEyAE0GkSkYu3jG0wyzz3Y1gCYqZnOBVg83E4dTUOhalyH3MviTgQiOd1Wbps2WOxvghNOg8rM6Po_qXQU-g&atk=1jqb301je26sf000,"Bachelor Degree or Diploma of any discipline. Holding certication of NEBOSH IGC (Level 3) or above. At Parsons, we offer a robust Employee Assistance Program as well as comprehensive medical, dental…",,,indeed_ae,2026-06-05 05:09:51.804507+00:00
Key Account Manager,Axis Communications,Dubai,https://ae.indeed.com/rc/clk?jk=b4b5820169797671&bb=DBTzdhz0WDkfxdYd2UvHciG-_9XlTzMvK6ocdZd-Sn3cZk3XqIFukW_9RCGS_IoCatXH5Jtw0ca6ciccSQf4bOAbkh7Q1_FYm_3aAj-KNxUgCWGiniLft4-yqFi_-sySdxGU1y4VXLECbndVfj0LCw%3D%3D&xkcb=SoAd67M3iLOP7FT42x0fbzkdCdPP&rjs=0&qd=Xd-cji1-rrfYy0m8LpokE8dF20pwsUrmctm8cTGFOXDOAPLLNYb6wmUg8gjYJafwpsXE23qShaYtGgdtUJu_X5BBGG-ayCiM-gQi8HpsYsLtZozk31ERKPJGlDLUboAG50chrnGX4B46HyqhlSj9xMohy02t3MX0n-6xoRHLk5Oh8V2c0duIS4mZo0TAq11Zl61No7XvcMPz961yBIpblougDO3NlIXerppYqweTrkxdIR2u4KVXi5XGrbZ08pfBgjrEyAE0GkSkYu3jG0wyzz3Y1gCYqZnOBVg83E4dTUOhalyH3MviTgQiOd1Wbps2WOxvghNOg8rM6Po_qXQU-g&atk=1jqb301je26sf000,"Degree in Business Administration or equivelent. Minimum 5 years experience in Physcial Security, Video Surveillance industry of solution selling in IT and/or other technological market.",,,indeed_ae,2026-06-05 05:09:51.759724+00:00
Senior Procurement Officer/ Eng - Landscaping,PERFECT TECHNICAL WORKS & LANDSCAPING LLC,Dubai,https://ae.indeed.com/rc/clk?jk=d638ac18e8fe0165&bb=DBTzdhz0WDkfxdYd2UvHcuYdRGdh3js7bawKfN22il5E92P_bNQ3F6XFBe6I0oZIccGjgGGQKfrE-U_Am9ai9tN8wqcb19Qm3phYk2hXzksjVhk8n-bP4306EdXt0QXreY_qaC580KuCng2fwL5I4A%3D%3D&xkcb=SoCT67M3iLOP7FT42x0YbzkdCdPP&rjs=0&qd=Xd-cji1-rrfYy0m8LpokE8dF20pwsUrmctm8cTGFOXDOAPLLNYb6wmUg8gjYJafwpsXE23qShaYtGgdtUJu_X5BBGG-ayCiM-gQi8HpsYsLtZozk31ERKPJGlDLUboAG50chrnGX4B46HyqhlSj9xMohy02t3MX0n-6xoRHLk5Oh8V2c0duIS4mZo0TAq11Zl61No7XvcMPz961yBIpblougDO3NlIXerppYqweTrkxdIR2u4KVXi5XGrbZ08pfBgjrEyAE0GkSkYu3jG0wyzz3Y1gCYqZnOBVg83E4dTUOhalyH3MviTgQiOd1Wbps2WOxvghNOg8rM6Po_qXQU-g&atk=1jqb301je26sf000,"Support material planning to avoid shortages or delays in project execution. Minimum 3–5+ years of procurement experience in landscaping, construction, or technical works within the UAE.",,,indeed_ae,2026-06-05 05:09:51.703925+00:00
Fire Alarm Technician,Midas Electromechanical Contracting LLC,Sharjah,https://ae.indeed.com/rc/clk?jk=5e7a690ee1b50469&bb=DBTzdhz0WDkfxdYd2UvHct-4wNYVsrakEJf-8YqO1UYIaQqGJpXLprsqOnywPVU7i6i-JKRk-34Np_Kit3SZjXvhdgSxzjYhbB_ipljyxkhWezadJOJ6WcZe58BIqY1TaoRxdiUPAOAMhNufnxGuRw%3D%3D&xkcb=SoAn67M3iLOP7FT42x0ZbzkdCdPP&rjs=0&qd=Xd-cji1-rrfYy0m8LpokE8dF20pwsUrmctm8cTGFOXDOAPLLNYb6wmUg8gjYJafwpsXE23qShaYtGgdtUJu_X5BBGG-ayCiM-gQi8HpsYsLtZozk31ERKPJGlDLUboAG50chrnGX4B46HyqhlSj9xMohy02t3MX0n-6xoRHLk5Oh8V2c0duIS4mZo0TAq11Zl61No7XvcMPz961yBIpblougDO3NlIXerppYqweTrkxdIR2u4KVXi5XGrbZ08pfBgjrEyAE0GkSkYu3jG0wyzz3Y1gCYqZnOBVg83E4dTUOhalyH3MviTgQiOd1Wbps2WOxvghNOg8rM6Po_qXQU-g&atk=1jqb301je26sf000,Coordinate with site engineers and supervisors to ensure timely project completion. We are looking for an experienced Fire Alarm Technician to join our team for construction projects across the UAE.,,,indeed_ae,2026-06-05 05:09:51.662766+00:00
Site Engineer - Facade,Venco Imtiaz Contracting Co,Dubai,https://ae.indeed.com/rc/clk?jk=6e861404270fae3a&bb=DBTzdhz0WDkfxdYd2UvHchhU2pUemfyO8o3WkqHf-G70S7uYc-isOum72U6tCa7Qi7MpcK58UUWySW42sC4leMhghQzfvr0jhts6TQkXHS6di8CY4Q0lRLFpVWO8A4vnjDRsBUJD_SRiIRePEeAoLg%3D%3D&xkcb=SoC667M3iLOP7FT42x0abzkdCdPP&rjs=0&qd=Xd-cji1-rrfYy0m8LpokE8dF20pwsUrmctm8cTGFOXDOAPLLNYb6wmUg8gjYJafwpsXE23qShaYtGgdtUJu_X5BBGG-ayCiM-gQi8HpsYsLtZozk31ERKPJGlDLUboAG50chrnGX4B46HyqhlSj9xMohy02t3MX0n-6xoRHLk5Oh8V2c0duIS4mZo0TAq11Zl61No7XvcMPz961yBIpblougDO3NlIXerppYqweTrkxdIR2u4KVXi5XGrbZ08pfBgjrEyAE0GkSkYu3jG0wyzz3Y1gCYqZnOBVg83E4dTUOhalyH3MviTgQiOd1Wbps2WOxvghNOg8rM6Po_qXQU-g&atk=1jqb301je26sf000,"8.Proficiency in AutoCAD, MS Office, and project management software . Bachelor’s degree in civil engineering, Architectural Engineering, or related field. Facade Engineering & Installation Management.",,,indeed_ae,2026-06-05 05:09:51.616148+00:00
Civil Project Engineer,Yasco Contracting L.L.C.,Dubai,https://ae.indeed.com/rc/clk?jk=0a4b9187198a39ed&bb=DBTzdhz0WDkfxdYd2UvHcr_uwoOBH_Y1OZ_oeT5W1UCZSTUUJaNoLovr3XmAZFutRpnxiDe8nen398YAhUf1gLZ7fa7JksY7HP2-71ssnyENLEpzA_hm-hJnURwsvU7DGKOuhwyfZmWIgSvQV7w_jw%3D%3D&xkcb=SoAO67M3iLOP7FT42x0bbzkdCdPP&rjs=0&qd=Xd-cji1-rrfYy0m8LpokE8dF20pwsUrmctm8cTGFOXDOAPLLNYb6wmUg8gjYJafwpsXE23qShaYtGgdtUJu_X5BBGG-ayCiM-gQi8HpsYsLtZozk31ERKPJGlDLUboAG50chrnGX4B46HyqhlSj9xMohy02t3MX0n-6xoRHLk5Oh8V2c0duIS4mZo0TAq11Zl61No7XvcMPz961yBIpblougDO3NlIXerppYqweTrkxdIR2u4KVXi5XGrbZ08pfBgjrEyAE0GkSkYu3jG0wyzz3Y1gCYqZnOBVg83E4dTUOhalyH3MviTgQiOd1Wbps2WOxvghNOg8rM6Po_qXQU-g&atk=1jqb301je26sf000,"Manage site team, including workers, sub contractors and supervise foreman. Prepare daily, weekly, monthly plan and site report. Prepare quantity take off with site visits and support QS team in…",,,indeed_ae,2026-06-05 05:09:51.576954+00:00
Quantity Surveyor (Pre-Contract),Egis,Dubai,https://ae.indeed.com/rc/clk?jk=7f542f85663045fa&bb=DBTzdhz0WDkfxdYd2UvHcmognnNEGZSme7IrHNKIGX8VJIUYmpcy2PxaW8htv2XynJiIrr575cvLjih4ZEusK4TRCOGgvWqYg94T0Y1BAyLndM5UZULiXKimvz00hlhxt4Fmpi7FkhRVb7NAol6P5Q%3D%3D&xkcb=SoAp67M3iLOP7FT42x0EbzkdCdPP&rjs=0&qd=Xd-cji1-rrfYy0m8LpokE8dF20pwsUrmctm8cTGFOXDOAPLLNYb6wmUg8gjYJafwpsXE23qShaYtGgdtUJu_X5BBGG-ayCiM-gQi8HpsYsLtZozk31ERKPJGlDLUboAG50chrnGX4B46HyqhlSj9xMohy02t3MX0n-6xoRHLk5Oh8V2c0duIS4mZo0TAq11Zl61No7XvcMPz961yBIpblougDO3NlIXerppYqweTrkxdIR2u4KVXi5XGrbZ08pfBgjrEyAE0GkSkYu3jG0wyzz3Y1gCYqZnOBVg83E4dTUOhalyH3MviTgQiOd1Wbps2WOxvghNOg8rM6Po_qXQU-g&atk=1jqb301je26sf000,"Bachelor's degree in Quantity Surveying, Civil Engineering, or a related field. Contribute to design-led Value Engineering exercises by preparing comparative cost analyses and option evaluations that…",,,indeed_ae,2026-06-05 05:09:51.535110+00:00
Civil Engineer,ACUMEN DECOR LLC,Dubai,https://ae.indeed.com/rc/clk?jk=5326bf22d730d1f0&bb=DBTzdhz0WDkfxdYd2UvHcvcPlGq5C5bOaPEKIof4TWXKMUxhabNb6SK2qaeWqfibNKTa8fu5w9OLElmISqR07PXx7DOvJiTrzrI0lBvfDPTPkMs79YFYr2rd-xh6Pa9-rG9-O9CkKUacbu6R5dYMDA%3D%3D&xkcb=SoCd67M3iLOP7FT42x0FbzkdCdPP&rjs=0&qd=Xd-cji1-rrfYy0m8LpokE8dF20pwsUrmctm8cTGFOXDOAPLLNYb6wmUg8gjYJafwpsXE23qShaYtGgdtUJu_X5BBGG-ayCiM-gQi8HpsYsLtZozk31ERKPJGlDLUboAG50chrnGX4B46HyqhlSj9xMohy02t3MX0n-6xoRHLk5Oh8V2c0duIS4mZo0TAq11Zl61No7XvcMPz961yBIpblougDO3NlIXerppYqweTrkxdIR2u4KVXi5XGrbZ08pfBgjrEyAE0GkSkYu3jG0wyzz3Y1gCYqZnOBVg83E4dTUOhalyH3MviTgQiOd1Wbps2WOxvghNOg8rM6Po_qXQU-g&atk=1jqb301je26sf000,"' Civil Engineer - Dubai Municipality Certified' - All Rounder. Civil Engineer -with Experience in Fit out, Renovation Building construction. Whatsapp - 058 110 63 69*.",,,indeed_ae,2026-06-05 05:09:51.487285+00:00
"Sr. Commissioning Engineer (Safety Systems) - Offshore, WHT, Subsea & Piping",Penspen,Abu Dhabi,https://ae.indeed.com/rc/clk?jk=5d88d0dbf448221a&bb=DBTzdhz0WDkfxdYd2UvHcvrlTHBf4Bu6ioHQGUVsUFWsmClII4yw1pzHxrUs6aU9TSfRiiXwGOJS_7nWPqtvaM4lCaJJ8V3FfVfV2MZzXZALoiYXAcgcP2Mkrray7EbMKr9hOWzr9O_ruIgxjk-9JA%3D%3D&xkcb=SoAA67M3iLOP7FT42x0GbzkdCdPP&rjs=0&qd=Xd-cji1-rrfYy0m8LpokE8dF20pwsUrmctm8cTGFOXDOAPLLNYb6wmUg8gjYJafwpsXE23qShaYtGgdtUJu_X5BBGG-ayCiM-gQi8HpsYsLtZozk31ERKPJGlDLUboAG50chrnGX4B46HyqhlSj9xMohy02t3MX0n-6xoRHLk5Oh8V2c0duIS4mZo0TAq11Zl61No7XvcMPz961yBIpblougDO3NlIXerppYqweTrkxdIR2u4KVXi5XGrbZ08pfBgjrEyAE0GkSkYu3jG0wyzz3Y1gCYqZnOBVg83E4dTUOhalyH3MviTgQiOd1Wbps2WOxvghNOg8rM6Po_qXQU-g&atk=1jqb301je26sf000,The candidates should have Bachelor’s Degree in Instrumentation/ Control Systems/ Electrical & Electronics Engineering from an accredited university. Execute commissioning activities related to Safety…,,,indeed_ae,2026-06-05 05:09:51.444816+00:00
Senior Electrical Engineer,Worley,Abu Dhabi,https://ae.indeed.com/rc/clk?jk=8033d2d3b6114ebc&bb=DBTzdhz0WDkfxdYd2UvHcg0586Vi3kRQp0pC-FQKWa-oXfXf5gI2baPbunnkeQVe3sasesYFNlDFBS5z6gkmo8adeRVgpcwUd6DulMzRjkete94kFXkTfh5qT8SxfPDaYQbH-IVKFB7epwCth-yG9A%3D%3D&xkcb=SoC067M3iLOP7FT42x0HbzkdCdPP&rjs=0&qd=Xd-cji1-rrfYy0m8LpokE8dF20pwsUrmctm8cTGFOXDOAPLLNYb6wmUg8gjYJafwpsXE23qShaYtGgdtUJu_X5BBGG-ayCiM-gQi8HpsYsLtZozk31ERKPJGlDLUboAG50chrnGX4B46HyqhlSj9xMohy02t3MX0n-6xoRHLk5Oh8V2c0duIS4mZo0TAq11Zl61No7XvcMPz961yBIpblougDO3NlIXerppYqweTrkxdIR2u4KVXi5XGrbZ08pfBgjrEyAE0GkSkYu3jG0wyzz3Y1gCYqZnOBVg83E4dTUOhalyH3MviTgQiOd1Wbps2WOxvghNOg8rM6Po_qXQU-g&atk=1jqb301je26sf000,"Or equivalent from an accredited university with a minimum of fifteen (15+) years of relevant experience in the Oil & Gas or Petrochemical industry, including minimum (5) years (preferred) in GCC…",,,indeed_ae,2026-06-05 05:09:51.398812+00:00
Construction Engineer,BULB LIGHTINGS,Dubai,https://ae.indeed.com/rc/clk?jk=1001efa0c2a15c7e&bb=DBTzdhz0WDkfxdYd2UvHcmV_qdEFDoiNkkhe7f2ui4ti_fpg7PpTN8tBp1_qcOEDuBGiWAyYt-SZlboc0cJibow6kMnLEfZXxBu8T-mY4tkvuvLsTzKyCrCzYvHe2JBnI6VzWJV2B8TjsAmvkdBbrA%3D%3D&xkcb=SoA667M3iLOP7FT42x0AbzkdCdPP&rjs=0&qd=Xd-cji1-rrfYy0m8LpokE8dF20pwsUrmctm8cTGFOXDOAPLLNYb6wmUg8gjYJafwpsXE23qShaYtGgdtUJu_X5BBGG-ayCiM-gQi8HpsYsLtZozk31ERKPJGlDLUboAG50chrnGX4B46HyqhlSj9xMohy02t3MX0n-6xoRHLk5Oh8V2c0duIS4mZo0TAq11Zl61No7XvcMPz961yBIpblougDO3NlIXerppYqweTrkxdIR2u4KVXi5XGrbZ08pfBgjrEyAE0GkSkYu3jG0wyzz3Y1gCYqZnOBVg83E4dTUOhalyH3MviTgQiOd1Wbps2WOxvghNOg8rM6Po_qXQU-g&atk=1jqb301je26sf000,Identify and mitigate risks to avoid delays or rework. We are urgently seeking a highly skilled Construction Engineer with strong experience in villa construction projects as Civil Construction…,,,indeed_ae,2026-06-05 05:09:51.359691+00:00
Aviation Legal Advisor,Dans,Dubai,https://ae.indeed.com/rc/clk?jk=261a0df9b419e151&bb=DBTzdhz0WDkfxdYd2UvHcg_n19ZhaYx305tIjojOZdsLQHzjO-btdRskVsAFbwou93fw4NgDe2ZIPjRa-fi4lHOYRDLzDfR2cr7OlMkwQhnwDHVs0CIoHPMr2Q5RnrpkgyRAW_XVTFPXhIfE4VP0cw%3D%3D&xkcb=SoCO67M3iLOP7FT42x0BbzkdCdPP&rjs=0&qd=Xd-cji1-rrfYy0m8LpokE8dF20pwsUrmctm8cTGFOXDOAPLLNYb6wmUg8gjYJafwpsXE23qShaYtGgdtUJu_X5BBGG-ayCiM-gQi8HpsYsLtZozk31ERKPJGlDLUboAG50chrnGX4B46HyqhlSj9xMohy02t3MX0n-6xoRHLk5Oh8V2c0duIS4mZo0TAq11Zl61No7XvcMPz961yBIpblougDO3NlIXerppYqweTrkxdIR2u4KVXi5XGrbZ08pfBgjrEyAE0GkSkYu3jG0wyzz3Y1gCYqZnOBVg83E4dTUOhalyH3MviTgQiOd1Wbps2WOxvghNOg8rM6Po_qXQU-g&atk=1jqb301je26sf000,"Bachelor’s degree in law (LLB or equivalent) essential, Master’s degree (LLM) or specialisation in Aviation Law highly desirable. Recognized qualification in Aviation Safety Management or relevant…",,,indeed_ae,2026-06-05 05:09:51.317026+00:00
Marine Service Engineer - Fire & Security System,Johnson Controls,Dubai,https://ae.indeed.com/rc/clk?jk=5bd8ffe21b0c7511&bb=DBTzdhz0WDkfxdYd2UvHcoKTIKrezH7x14Z1-a75e1SjQbQkMLr0X8SXc1ZrOJPBHakO2nlT-aQWIjlleYGTwlBfO2LtC5pEN0Tuun9HegDShltP_YFBLxkmDhzR4rheG62nYmbtIPk1gv-ptz2MmQ%3D%3D&xkcb=SoAT67M3iLOP7FT42x0CbzkdCdPP&rjs=0&qd=Xd-cji1-rrfYy0m8LpokE8dF20pwsUrmctm8cTGFOXDOAPLLNYb6wmUg8gjYJafwpsXE23qShaYtGgdtUJu_X5BBGG-ayCiM-gQi8HpsYsLtZozk31ERKPJGlDLUboAG50chrnGX4B46HyqhlSj9xMohy02t3MX0n-6xoRHLk5Oh8V2c0duIS4mZo0TAq11Zl61No7XvcMPz961yBIpblougDO3NlIXerppYqweTrkxdIR2u4KVXi5XGrbZ08pfBgjrEyAE0GkSkYu3jG0wyzz3Y1gCYqZnOBVg83E4dTUOhalyH3MviTgQiOd1Wbps2WOxvghNOg8rM6Po_qXQU-g&atk=1jqb301je26sf000,"Diploma or Bachelor’s degree in Electrical, Electronics, Instrumentation, or related fields. Certifications in Fire & Gas Systems or OEM training. 6–8 years of experience with Fire & Security systems…",,,indeed_ae,2026-06-05 05:09:51.272207+00:00
Structural Engineer (G+1 DM Appoved),Decor,Dubai,https://ae.indeed.com/rc/clk?jk=3851d6fdfe31f1a4&bb=DBTzdhz0WDkfxdYd2UvHcg0586Vi3kRQmODBqTRCJEC2e0Ijqp4qGp3NfDyen9y7fhgISXvA1YCkeWLEVJHFHDKZBRkGkPLnLClCQ3HKSTWB_IJFt1xHtnno-R2i5hlrYcF01am6WcoAQdOs4EJfbA%3D%3D&xkcb=SoCn67M3iLOP7FT42x0DbzkdCdPP&rjs=0&qd=Xd-cji1-rrfYy0m8LpokE8dF20pwsUrmctm8cTGFOXDOAPLLNYb6wmUg8gjYJafwpsXE23qShaYtGgdtUJu_X5BBGG-ayCiM-gQi8HpsYsLtZozk31ERKPJGlDLUboAG50chrnGX4B46HyqhlSj9xMohy02t3MX0n-6xoRHLk5Oh8V2c0duIS4mZo0TAq11Zl61No7XvcMPz961yBIpblougDO3NlIXerppYqweTrkxdIR2u4KVXi5XGrbZ08pfBgjrEyAE0GkSkYu3jG0wyzz3Y1gCYqZnOBVg83E4dTUOhalyH3MviTgQiOd1Wbps2WOxvghNOg8rM6Po_qXQU-g&atk=1jqb301je26sf000,Valid SOE (Society of Engineer ) Card. Minimum 3 Years UAE experience in Interior Construction Works. Bachelor’s degree in relevant discipline.,,,indeed_ae,2026-06-05 05:09:51.229157+00:00
Subject Matter Expert – Corrosion & Mechanical Integrity,Aveva,Abu Dhabi,https://ae.indeed.com/rc/clk?jk=a6b5e4fa39193707&bb=DBTzdhz0WDkfxdYd2UvHcutNOhJxxb79zHfA36soLhgED60ER45ivIK6I2JH8cjtByjiKs1XnS8yYAW5HLU7AvuCovkPlxhXBvk_Y4Z79EGJLKVmB4gIPQvHMgiO5HG-j7EY59DYcAOtSeH6BtIGlA%3D%3D&xkcb=SoBO67M3iLOP7FT42x0MbzkdCdPP&rjs=0&qd=Xd-cji1-rrfYy0m8LpokE8dF20pwsUrmctm8cTGFOXDOAPLLNYb6wmUg8gjYJafwpsXE23qShaYtGgdtUJu_X5BBGG-ayCiM-gQi8HpsYsLtZozk31ERKPJGlDLUboAG50chrnGX4B46HyqhlSj9xMohy02t3MX0n-6xoRHLk5Oh8V2c0duIS4mZo0TAq11Zl61No7XvcMPz961yBIpblougDO3NlIXerppYqweTrkxdIR2u4KVXi5XGrbZ08pfBgjrEyAE0GkSkYu3jG0wyzz3Y1gCYqZnOBVg83E4dTUOhalyH3MviTgQiOd1Wbps2WOxvghNOg8rM6Po_qXQU-g&atk=1jqb301je26sf000,"Middle East or GCC operating environment experience preferred. Experience implementing or supporting RBI methodologies aligned with API 580 / 581. NDT, inspection engineering, or integrity management…",,,indeed_ae,2026-06-05 05:09:51.179922+00:00
Utility Supervisor,China Civil Engineering Construction Corporation,Dubai,https://ae.indeed.com/rc/clk?jk=8b0237823d699fad&bb=DBTzdhz0WDkfxdYd2UvHcpjRqTP_uWegJxKAOmlEX0FfqMDodDSwfc5BRuWKP-Js2Tt00zkIZ9vtQXL5MKi7T1c2I1AqivX8UtXMrY8OuKSg7hm0JLFhj9kDcWghMnb7VKn3yvvuyrK3NaM3mjo27Q%3D%3D&xkcb=SoD667M3iLOP7FT42x0NbzkdCdPP&rjs=0&qd=Xd-cji1-rrfYy0m8LpokE8dF20pwsUrmctm8cTGFOXDOAPLLNYb6wmUg8gjYJafwpsXE23qShaYtGgdtUJu_X5BBGG-ayCiM-gQi8HpsYsLtZozk31ERKPJGlDLUboAG50chrnGX4B46HyqhlSj9xMohy02t3MX0n-6xoRHLk5Oh8V2c0duIS4mZo0TAq11Zl61No7XvcMPz961yBIpblougDO3NlIXerppYqweTrkxdIR2u4KVXi5XGrbZ08pfBgjrEyAE0GkSkYu3jG0wyzz3Y1gCYqZnOBVg83E4dTUOhalyH3MviTgQiOd1Wbps2WOxvghNOg8rM6Po_qXQU-g&atk=1jqb301je26sf000,Diploma or Bachelor’s degree in Civil Engineering or Construction Engineering. 5+ years of experience in road construction or infrastructure projects. Good communication and reporting skills.,,,indeed_ae,2026-06-05 05:09:51.133744+00:00
site engineer (fit out),DESIGN MART CONTRACTING LLC,Dubai,https://ae.indeed.com/rc/clk?jk=b885cb052138b501&bb=DBTzdhz0WDkfxdYd2UvHcuQEnYz8XfmiO3jZsyO5Reydn-Niap7v84DQ8J2UnCCo7o1de92WUQGhV5UV4uAClmcMBa_r2N9R_d474s9zXLIcdOMqdIppIE8bJexRF6aj7zZEB65ZF3-uCoLtV_JISg%3D%3D&xkcb=SoBn67M3iLOP7FT42x0ObzkdCdPP&rjs=0&qd=Xd-cji1-rrfYy0m8LpokE8dF20pwsUrmctm8cTGFOXDOAPLLNYb6wmUg8gjYJafwpsXE23qShaYtGgdtUJu_X5BBGG-ayCiM-gQi8HpsYsLtZozk31ERKPJGlDLUboAG50chrnGX4B46HyqhlSj9xMohy02t3MX0n-6xoRHLk5Oh8V2c0duIS4mZo0TAq11Zl61No7XvcMPz961yBIpblougDO3NlIXerppYqweTrkxdIR2u4KVXi5XGrbZ08pfBgjrEyAE0GkSkYu3jG0wyzz3Y1gCYqZnOBVg83E4dTUOhalyH3MviTgQiOd1Wbps2WOxvghNOg8rM6Po_qXQU-g&atk=1jqb301je26sf000,"Education: Bachelor’s Degree or Diploma in Civil Engineering, Architecture, or Interior Design. We are seeking a detail-oriented and proactive Site Engineer to oversee day-to-day operations on-…",,,indeed_ae,2026-06-05 05:09:51.083898+00:00
"Communications & External Affairs Advisor, bp UAE",bp,Abu Dhabi,https://ae.indeed.com/rc/clk?jk=4be27ae0cda8886b&bb=DBTzdhz0WDkfxdYd2UvHcg6mCzedsdZZ_9VDh7OoEQz-qFKtv1o-xsmZtIHzCYxVAgrbMf-vxUWIbXjPSYzr0PgeskcBPS3ag7ImWz2MlONWGLQI13JPLSwdTELtJos6cDuIEkfW2igaOh8gNn3oPw%3D%3D&xkcb=SoDT67M3iLOP7FT42x0PbzkdCdPP&rjs=0&qd=Xd-cji1-rrfYy0m8LpokE8dF20pwsUrmctm8cTGFOXDOAPLLNYb6wmUg8gjYJafwpsXE23qShaYtGgdtUJu_X5BBGG-ayCiM-gQi8HpsYsLtZozk31ERKPJGlDLUboAG50chrnGX4B46HyqhlSj9xMohy02t3MX0n-6xoRHLk5Oh8V2c0duIS4mZo0TAq11Zl61No7XvcMPz961yBIpblougDO3NlIXerppYqweTrkxdIR2u4KVXi5XGrbZ08pfBgjrEyAE0GkSkYu3jG0wyzz3Y1gCYqZnOBVg83E4dTUOhalyH3MviTgQiOd1Wbps2WOxvghNOg8rM6Po_qXQU-g&atk=1jqb301je26sf000,"Deep subject area knowledge encompassing the full breadth of external affairs activity. Relevant university degree (e.g. Masters) would be an advantage, or equivalent work experience.",,,indeed_ae,2026-06-05 05:09:51.043200+00:00
Electrical Engineer – MEP Fit-Out (Facility Management),Sensetime,Dubai,https://ae.indeed.com/rc/clk?jk=490045cb7ebe3ad6&bb=DBTzdhz0WDkfxdYd2UvHcm9WnOTAwwbQ43pDEY_zSRvlrpPLVRJaFEH6px9qu40jf85Z2-MnkaFrX36ankDj0vmHD6bbUWptF6Eyq1pAu48s8kWtdLBCX9LjkEWOy8n6JRdUXjPDg8MylHXHLZn4SA%3D%3D&xkcb=SoBd67M3iLOP7FT42x0IbzkdCdPP&rjs=0&qd=Xd-cji1-rrfYy0m8LpokE8dF20pwsUrmctm8cTGFOXDOAPLLNYb6wmUg8gjYJafwpsXE23qShaYtGgdtUJu_X5BBGG-ayCiM-gQi8HpsYsLtZozk31ERKPJGlDLUboAG50chrnGX4B46HyqhlSj9xMohy02t3MX0n-6xoRHLk5Oh8V2c0duIS4mZo0TAq11Zl61No7XvcMPz961yBIpblougDO3NlIXerppYqweTrkxdIR2u4KVXi5XGrbZ08pfBgjrEyAE0GkSkYu3jG0wyzz3Y1gCYqZnOBVg83E4dTUOhalyH3MviTgQiOd1Wbps2WOxvghNOg8rM6Po_qXQU-g&atk=1jqb301je26sf000,"Electrical Engineer – MEP Fit-Out (Facility Management)*. * Manage and supervise MEP fit-out projects from planning to handover. * Review electrical and MEP drawings, specifications, and shop…",,,indeed_ae,2026-06-05 05:09:50.994965+00:00
"Sr. Commissioning Engineer (Electrical) - Offshore, WHT, Subsea & Piping, BF",Penspen,Abu Dhabi,https://ae.indeed.com/rc/clk?jk=acc16599aa6f12dd&bb=DBTzdhz0WDkfxdYd2UvHciOW48Rgi08iwIsdVPusODSEPR6dXNQ_1Xtej-c7A8StzM0RAeDdnjg_cbtBO-Hi1KKFwIRMS_xQYXhX_uoYipjjKfU39W3gOwS78zyNauc-UEl4TGh4r4jIlcb5HC1dqA%3D%3D&xkcb=SoDp67M3iLOP7FT42x0JbzkdCdPP&rjs=0&qd=Xd-cji1-rrfYy0m8LpokE8dF20pwsUrmctm8cTGFOXDOAPLLNYb6wmUg8gjYJafwpsXE23qShaYtGgdtUJu_X5BBGG-ayCiM-gQi8HpsYsLtZozk31ERKPJGlDLUboAG50chrnGX4B46HyqhlSj9xMohy02t3MX0n-6xoRHLk5Oh8V2c0duIS4mZo0TAq11Zl61No7XvcMPz961yBIpblougDO3NlIXerppYqweTrkxdIR2u4KVXi5XGrbZ08pfBgjrEyAE0GkSkYu3jG0wyzz3Y1gCYqZnOBVg83E4dTUOhalyH3MviTgQiOd1Wbps2WOxvghNOg8rM6Po_qXQU-g&atk=1jqb301je26sf000,"The candidates should have Bachelor’s Degree in Electrical Engineering from an accredited university. Execute electrical commissioning activities for offshore oil & gas projects, including Wellhead…",,,indeed_ae,2026-06-05 05:09:50.951157+00:00
Manager - Systems Assurance (Rail),AECOM,Abu Dhabi,https://ae.indeed.com/rc/clk?jk=a522260719b554a3&bb=DBTzdhz0WDkfxdYd2UvHcoVny9wR24yDbQzD4eJrUnqXB0Fl-QdjC7j_4ekvCN_V-wRgqvXZcWB7BXYNIG4qVUuRk-iLLtn716ojcY8lR9VSu3kr7StlMhgNGcoh9qt3Bjr6jGinlYwEddlMFrUy5w%3D%3D&xkcb=SoB067M3iLOP7FT42x0KbzkdCdPP&rjs=0&qd=Xd-cji1-rrfYy0m8LpokE8dF20pwsUrmctm8cTGFOXDOAPLLNYb6wmUg8gjYJafwpsXE23qShaYtGgdtUJu_X5BBGG-ayCiM-gQi8HpsYsLtZozk31ERKPJGlDLUboAG50chrnGX4B46HyqhlSj9xMohy02t3MX0n-6xoRHLk5Oh8V2c0duIS4mZo0TAq11Zl61No7XvcMPz961yBIpblougDO3NlIXerppYqweTrkxdIR2u4KVXi5XGrbZ08pfBgjrEyAE0GkSkYu3jG0wyzz3Y1gCYqZnOBVg83E4dTUOhalyH3MviTgQiOd1Wbps2WOxvghNOg8rM6Po_qXQU-g&atk=1jqb301je26sf000,"Certifications in ISO standards or system assurance are beneficial. A Master’s degree in Risk Management or Systems Assurance is preferred. A Bachelor’s degree in Systems Engineering, Electrical…",,,indeed_ae,2026-06-05 05:09:50.906398+00:00
Field Sales Executive - Direct Channels,du,UAE,https://ae.indeed.com/rc/clk?jk=3fd9ecb515d53bbb&bb=DBTzdhz0WDkfxdYd2UvHcu2Rb2gVX3Sl22OAHqVE52S5B7pUVrVwLrs6VQJcxS00jkL6ePEsHMdyImq9uYt_qe1x4h0E4lOX5aYpBRTFwSX_EWcDOhkJTV8UdhhAXWaj_2QxowiJpUthTBMAslOmeQ%3D%3D&xkcb=SoDA67M3iLOP7FT42x0LbzkdCdPP&rjs=0&qd=Xd-cji1-rrfYy0m8LpokE8dF20pwsUrmctm8cTGFOXDOAPLLNYb6wmUg8gjYJafwpsXE23qShaYtGgdtUJu_X5BBGG-ayCiM-gQi8HpsYsLtZozk31ERKPJGlDLUboAG50chrnGX4B46HyqhlSj9xMohy02t3MX0n-6xoRHLk5Oh8V2c0duIS4mZo0TAq11Zl61No7XvcMPz961yBIpblougDO3NlIXerppYqweTrkxdIR2u4KVXi5XGrbZ08pfBgjrEyAE0GkSkYu3jG0wyzz3Y1gCYqZnOBVg83E4dTUOhalyH3MviTgQiOd1Wbps2WOxvghNOg8rM6Po_qXQU-g&atk=1jqb301je26sf000,"Minimum bachelor degree in IT, Telecom or Sales and Marketing. Assist with event logistics and maximize sales during product launches or festivals. 3-5 years in quality assurance, ideally in retail or…",,,indeed_ae,2026-06-05 05:09:50.862926+00:00
Senior Talent Acquisition Specialist,Dataone,Dubai,https://ae.indeed.com/rc/clk?jk=7ba12511047bb321&bb=Agg2sr8HuJ5eq7r504aUW4Tnvo562C-V19r34KD812fP6vxIy9laANCWUrkAcuhHYjMfpLng6c5n0l-0HdoiL3AhUPdOgDb2M_J_fyJpD8Fo9v3IASGTfSQwiWHHO_z2eVi5UGoFu-KBdjHKdiVFTQ%3D%3D&xkcb=SoAz67M3iLNwfyzDDZ0TbzkdCdPP&rjs=0&qd=Xd-cji1-rrfYy0m8LpokE8dF20pwsUrmctm8cTGFOXDOAPLLNYb6wmUg8gjYJafwpsXE23qShaYtGgdtUJu_X5BBGG-ayCiM-gQi8HpsYsLtZozk31ERKPJGlDLUboAG50chrnGX4B46HyqhlSj9xMohy02t3MX0n-6xoRHLk5Oh8V2c0duIS4mZo0TAq11Zl61No7XvcMPz961yBIpblougDO3NlIXerppYqweTrkxdIR2u4KVXi5XGrbZ08pfBgjrEyAE0GkSkYu3jG0wyzz3Y1gCYqZnOBVg83E4dTUP1Nmni-uayDQeAYNKSSwHFWOxvghNOg8rM6Po_qXQU-g&atk=1jqb2vstahmvh800,"Proven experience in Talent Acquisition or Recruitment. Support recruitment activities in a fast-paced, international environment. Processes, improving candidate experience, and leveraging modern…",,,indeed_ae,2026-06-05 05:09:47.217036+00:00
Aviation Legal Advisor,Dubai Air Navigation Services,Dubai,https://ae.indeed.com/rc/clk?jk=fbc654be8e65e22f&bb=Agg2sr8HuJ5eq7r504aUW0EiQn_LElQNG_9VUtmjlvPS30c1OiQfq3IW2zQBAMpud2WVNSADQdiTnuWRadpU3wh2sBuWGpqtlEq9DKY-H22i6FN1gtmfqQdA9LmFh8KaaEvf4KZ6kugqgjq4Kmeo6A%3D%3D&xkcb=SoDa67M3iLNwfyzDDZ0cbzkdCdPP&rjs=0&qd=Xd-cji1-rrfYy0m8LpokE8dF20pwsUrmctm8cTGFOXDOAPLLNYb6wmUg8gjYJafwpsXE23qShaYtGgdtUJu_X5BBGG-ayCiM-gQi8HpsYsLtZozk31ERKPJGlDLUboAG50chrnGX4B46HyqhlSj9xMohy02t3MX0n-6xoRHLk5Oh8V2c0duIS4mZo0TAq11Zl61No7XvcMPz961yBIpblougDO3NlIXerppYqweTrkxdIR2u4KVXi5XGrbZ08pfBgjrEyAE0GkSkYu3jG0wyzz3Y1gCYqZnOBVg83E4dTUP1Nmni-uayDQeAYNKSSwHFWOxvghNOg8rM6Po_qXQU-g&atk=1jqb2vstahmvh800,"Bachelor’s degree in law (LLB or equivalent) essential, Master’s degree (LLM) or specialisation in Aviation Law highly desirable. Recognized qualification in Aviation Safety Management or relevant…",,,indeed_ae,2026-06-05 05:09:47.166563+00:00
Oracle Fusion Finance Consultant,ACENET,Abu Dhabi,https://ae.indeed.com/rc/clk?jk=1f5163101d64521d&bb=Agg2sr8HuJ5eq7r504aUWx9yoZOnRRGKLPX57xclGvIZ50W5slH06XthqG-jxewqr4SiTSlMglT4uzbhSyxZ79cyf1qHTDGmYC4b8la77_3i52MvfavinIj94kMOTRaekLanynUx-xfr1wqfBWxTPQ%3D%3D&xkcb=SoBu67M3iLNwfyzDDZ0dbzkdCdPP&rjs=0&qd=Xd-cji1-rrfYy0m8LpokE8dF20pwsUrmctm8cTGFOXDOAPLLNYb6wmUg8gjYJafwpsXE23qShaYtGgdtUJu_X5BBGG-ayCiM-gQi8HpsYsLtZozk31ERKPJGlDLUboAG50chrnGX4B46HyqhlSj9xMohy02t3MX0n-6xoRHLk5Oh8V2c0duIS4mZo0TAq11Zl61No7XvcMPz961yBIpblougDO3NlIXerppYqweTrkxdIR2u4KVXi5XGrbZ08pfBgjrEyAE0GkSkYu3jG0wyzz3Y1gCYqZnOBVg83E4dTUP1Nmni-uayDQeAYNKSSwHFWOxvghNOg8rM6Po_qXQU-g&atk=1jqb2vstahmvh800,*Educated to a Bachelor’s degree or higher in Computer Science or a related field. *Proactively seeks continuous improvement in the area of Oracle functional application capabilities and technical…,,,indeed_ae,2026-06-05 05:09:47.102166+00:00
facade site engineer,Pavico aluminium & metals,Dubai,https://ae.indeed.com/rc/clk?jk=6acf2c3b71ee68af&bb=Agg2sr8HuJ5eq7r504aUW11eZKxdOgQBD401MK30QOtsX0oxm6leYZ2Cl38EbEn9UCBw2qyGZdofQbzmeUf9Wsr3nMSk398N1h_XvwvFT_5ZSJGcLnKkfpQjuxrE-TeI8QIGjXL5MF5mP8ovnCjVsQ%3D%3D&xkcb=SoDz67M3iLNwfyzDDZ0ebzkdCdPP&rjs=0&qd=Xd-cji1-rrfYy0m8LpokE8dF20pwsUrmctm8cTGFOXDOAPLLNYb6wmUg8gjYJafwpsXE23qShaYtGgdtUJu_X5BBGG-ayCiM-gQi8HpsYsLtZozk31ERKPJGlDLUboAG50chrnGX4B46HyqhlSj9xMohy02t3MX0n-6xoRHLk5Oh8V2c0duIS4mZo0TAq11Zl61No7XvcMPz961yBIpblougDO3NlIXerppYqweTrkxdIR2u4KVXi5XGrbZ08pfBgjrEyAE0GkSkYu3jG0wyzz3Y1gCYqZnOBVg83E4dTUP1Nmni-uayDQeAYNKSSwHFWOxvghNOg8rM6Po_qXQU-g&atk=1jqb2vstahmvh800,"Bachelor's Degree or Diploma in Civil Engineering, Mechanical Engineering, Structural Engineering, or a related field. 3–8 years of experience in façade, ACP cladding, aluminium, glazing, or…",,,indeed_ae,2026-06-05 05:09:47.055655+00:00
Site Supervisor (UAE National),AASA GROUP OF COMAPNIES,Dubai,https://ae.indeed.com/rc/clk?jk=a7793c1fe8c25edc&bb=Agg2sr8HuJ5eq7r504aUW1PaPJo2UiQvSx04ImkmCD3sQm3H7V-qXuMPHGMyBLuDSwoXIxE7esT_DJMOwsHHsehfGmw-MZj2-xpJgH7_3C3EwfgmO_XD32Jq0cWCNh-5YZSn_yY8g4SXGpvXPGzuMQ%3D%3D&xkcb=SoBH67M3iLNwfyzDDZ0fbzkdCdPP&rjs=0&qd=Xd-cji1-rrfYy0m8LpokE8dF20pwsUrmctm8cTGFOXDOAPLLNYb6wmUg8gjYJafwpsXE23qShaYtGgdtUJu_X5BBGG-ayCiM-gQi8HpsYsLtZozk31ERKPJGlDLUboAG50chrnGX4B46HyqhlSj9xMohy02t3MX0n-6xoRHLk5Oh8V2c0duIS4mZo0TAq11Zl61No7XvcMPz961yBIpblougDO3NlIXerppYqweTrkxdIR2u4KVXi5XGrbZ08pfBgjrEyAE0GkSkYu3jG0wyzz3Y1gCYqZnOBVg83E4dTUP1Nmni-uayDQeAYNKSSwHFWOxvghNOg8rM6Po_qXQU-g&atk=1jqb2vstahmvh800,"Bachelor’s Degree in Civil Engineering or related field. Conduct site inspections and report any issues or delays to the management team. The role involves assisting in site supervision, coordinating…",,,indeed_ae,2026-06-05 05:09:47.006632+00:00
Talent Acquisition Specialist (Spanish Speaker),Binance,Remote in Dubai,https://ae.indeed.com/rc/clk?jk=0135a5ac697ea9e0&bb=Agg2sr8HuJ5eq7r504aUW0QnOtehhPaaGVnVK1aQBZG-JtfsAW6-j7n-eip9cB-pxyAnVbiu3IWw-B8EN_EA7KufCJUkD5yEJHNA8SN-4heLzuNkdtct5T0IAvgQyqXrRKISqycwHOwJV4vlq2AldA%3D%3D&xkcb=SoDJ67M3iLNwfyzDDZ0YbzkdCdPP&rjs=0&qd=Xd-cji1-rrfYy0m8LpokE8dF20pwsUrmctm8cTGFOXDOAPLLNYb6wmUg8gjYJafwpsXE23qShaYtGgdtUJu_X5BBGG-ayCiM-gQi8HpsYsLtZozk31ERKPJGlDLUboAG50chrnGX4B46HyqhlSj9xMohy02t3MX0n-6xoRHLk5Oh8V2c0duIS4mZo0TAq11Zl61No7XvcMPz961yBIpblougDO3NlIXerppYqweTrkxdIR2u4KVXi5XGrbZ08pfBgjrEyAE0GkSkYu3jG0wyzz3Y1gCYqZnOBVg83E4dTUP1Nmni-uayDQeAYNKSSwHFWOxvghNOg8rM6Po_qXQU-g&atk=1jqb2vstahmvh800,"Drive or take part in various HR projects and initiatives. 3-6+ years of experience in recruitment, ideally, within top-tier Internet company or agencies. Additional languages would be an advantage.",,,indeed_ae,2026-06-05 05:09:46.959799+00:00
Multi Technician (MEP),BLUE DIAMOND GENERAL MAINTENANCE L.L.C,Dubai,https://ae.indeed.com/rc/clk?jk=289c64ecb5b5125d&bb=Agg2sr8HuJ5eq7r504aUW10XnsZrPbm4QE2Ik_UvK9_Gmn33wMzSjdDH0JNCGC0UGog5fOpeVDYykiwsB9VbIEnJzVmyA8qbJ2bF2iOmcPyvb6cm45bJfrh9vy_h7DTgReC4RHqnyR6xQpXtmFIkgQ%3D%3D&xkcb=SoB967M3iLNwfyzDDZ0ZbzkdCdPP&rjs=0&qd=Xd-cji1-rrfYy0m8LpokE8dF20pwsUrmctm8cTGFOXDOAPLLNYb6wmUg8gjYJafwpsXE23qShaYtGgdtUJu_X5BBGG-ayCiM-gQi8HpsYsLtZozk31ERKPJGlDLUboAG50chrnGX4B46HyqhlSj9xMohy02t3MX0n-6xoRHLk5Oh8V2c0duIS4mZo0TAq11Zl61No7XvcMPz961yBIpblougDO3NlIXerppYqweTrkxdIR2u4KVXi5XGrbZ08pfBgjrEyAE0GkSkYu3jG0wyzz3Y1gCYqZnOBVg83E4dTUP1Nmni-uayDQeAYNKSSwHFWOxvghNOg8rM6Po_qXQU-g&atk=1jqb2vstahmvh800,"* Diploma, ITI, Trade Certificate, or equivalent qualification in Mechanical, Electrical, or MEP-related field. * Minimum 2–5 years of experience in MEP maintenance, facilities management, or…",,,indeed_ae,2026-06-05 05:09:46.910366+00:00
UAE National Mechanical Engineer ( Emiratization),Genius HRTech Dubai,Ajman,https://ae.indeed.com/rc/clk?jk=7f7d484a757341ee&bb=Agg2sr8HuJ5eq7r504aUW8rHWcy0ju3F1ESTk5e0V4tUaZXeirjwJHiUDiYUOp4gRYt5NoebxEAo4l6o2JxM7b8s1pjrxKDTkB4uzLRwCIQ4Rf-k1tAZD7JSCuxQzkXsgHOQJfFr9Df_uIPjCFznLg%3D%3D&xkcb=SoDg67M3iLNwfyzDDZ0abzkdCdPP&rjs=0&qd=Xd-cji1-rrfYy0m8LpokE8dF20pwsUrmctm8cTGFOXDOAPLLNYb6wmUg8gjYJafwpsXE23qShaYtGgdtUJu_X5BBGG-ayCiM-gQi8HpsYsLtZozk31ERKPJGlDLUboAG50chrnGX4B46HyqhlSj9xMohy02t3MX0n-6xoRHLk5Oh8V2c0duIS4mZo0TAq11Zl61No7XvcMPz961yBIpblougDO3NlIXerppYqweTrkxdIR2u4KVXi5XGrbZ08pfBgjrEyAE0GkSkYu3jG0wyzz3Y1gCYqZnOBVg83E4dTUP1Nmni-uayDQeAYNKSSwHFWOxvghNOg8rM6Po_qXQU-g&atk=1jqb2vstahmvh800,"Collaborate with multidisciplinary teams, including electrical engineers , civil engineers , architects, and project managers, to integrate mechanical designs seamlessly into overall project plans.",,,indeed_ae,2026-06-05 05:09:46.859061+00:00
Sales Engineer Survey Equipments,FALCON LABORATORY LLC,Abu Dhabi,https://ae.indeed.com/rc/clk?jk=dfc873788707bc70&bb=Agg2sr8HuJ5eq7r504aUW5DTMKPlDa663u6XOz6KFouayuJQzfzb8FkeEyn4_OYjKR5dY1W49zHKoE5tAnqCiTH1gqEuvGLOzTsogkUCkHRzw6Fzx5_IsfCpH-fnsoXYLQHXuEqo-yOzo9IBKduSMA%3D%3D&xkcb=SoBU67M3iLNwfyzDDZ0bbzkdCdPP&rjs=0&qd=Xd-cji1-rrfYy0m8LpokE8dF20pwsUrmctm8cTGFOXDOAPLLNYb6wmUg8gjYJafwpsXE23qShaYtGgdtUJu_X5BBGG-ayCiM-gQi8HpsYsLtZozk31ERKPJGlDLUboAG50chrnGX4B46HyqhlSj9xMohy02t3MX0n-6xoRHLk5Oh8V2c0duIS4mZo0TAq11Zl61No7XvcMPz961yBIpblougDO3NlIXerppYqweTrkxdIR2u4KVXi5XGrbZ08pfBgjrEyAE0GkSkYu3jG0wyzz3Y1gCYqZnOBVg83E4dTUP1Nmni-uayDQeAYNKSSwHFWOxvghNOg8rM6Po_qXQU-g&atk=1jqb2vstahmvh800,"The ideal candidate should possess technical knowledge of survey equipment and strong sales skills to develop business opportunities, maintain customer relationships, and achieve sales targets.",,,indeed_ae,2026-06-05 05:09:46.814214+00:00
Land Surveyor,PERFECT TECHNICAL WORKS & LANDSCAPING LLC,Dubai,https://ae.indeed.com/rc/clk?jk=16339eb3ce104299&bb=Agg2sr8HuJ5eq7r504aUWyhcIcepRlHEd00mV8f-5tPgSpApNN4iUB5bsU2qInMb7RTM-jXu3JmTxlkrlscN1YoRwJLp_jbW60hDlf0Pa7Nudp6ZImI-GrFB-newoj3K8IkE-LO6EiX_H7FZsZ57Ew%3D%3D&xkcb=SoBz67M3iLNwfyzDDZ0EbzkdCdPP&rjs=0&qd=Xd-cji1-rrfYy0m8LpokE8dF20pwsUrmctm8cTGFOXDOAPLLNYb6wmUg8gjYJafwpsXE23qShaYtGgdtUJu_X5BBGG-ayCiM-gQi8HpsYsLtZozk31ERKPJGlDLUboAG50chrnGX4B46HyqhlSj9xMohy02t3MX0n-6xoRHLk5Oh8V2c0duIS4mZo0TAq11Zl61No7XvcMPz961yBIpblougDO3NlIXerppYqweTrkxdIR2u4KVXi5XGrbZ08pfBgjrEyAE0GkSkYu3jG0wyzz3Y1gCYqZnOBVg83E4dTUP1Nmni-uayDQeAYNKSSwHFWOxvghNOg8rM6Po_qXQU-g&atk=1jqb2vstahmvh800,Strong proficiency in AutoCAD and survey-related software/tools. Proven experience in landscaping or construction surveying within the UAE (Mandatory). Project Support & Continuous Improvement.,,,indeed_ae,2026-06-05 05:09:46.768204+00:00
Construction Engineer (E&I),Penspen,Abu Dhabi,https://ae.indeed.com/rc/clk?jk=02fc961e30b0c592&bb=Agg2sr8HuJ5eq7r504aUW69rEfyJHh8a_lUQTpdAjKWcau6YdStOFM1pRRlQtg6q5ZjPBWPnRN6Sqs6uzItNDqLKXfjkgulR9syVzTp5eki8fbkT6qS1O67IBEx8kMry3c9h2sZj8RomrNC3IT0o1w%3D%3D&xkcb=SoDH67M3iLNwfyzDDZ0FbzkdCdPP&rjs=0&qd=Xd-cji1-rrfYy0m8LpokE8dF20pwsUrmctm8cTGFOXDOAPLLNYb6wmUg8gjYJafwpsXE23qShaYtGgdtUJu_X5BBGG-ayCiM-gQi8HpsYsLtZozk31ERKPJGlDLUboAG50chrnGX4B46HyqhlSj9xMohy02t3MX0n-6xoRHLk5Oh8V2c0duIS4mZo0TAq11Zl61No7XvcMPz961yBIpblougDO3NlIXerppYqweTrkxdIR2u4KVXi5XGrbZ08pfBgjrEyAE0GkSkYu3jG0wyzz3Y1gCYqZnOBVg83E4dTUP1Nmni-uayDQeAYNKSSwHFWOxvghNOg8rM6Po_qXQU-g&atk=1jqb2vstahmvh800,"The candidates should have Bachelor's Degree in Electrical Engineering, Instrumentation Engineering, Electronics Engineering, or a related discipline from an accredited university.",,,indeed_ae,2026-06-05 05:09:46.726191+00:00
Outdoor Sales Executive / Business Development Executive (Advertising Services),Catalyst Media FZE,Remote in Dubai,https://ae.indeed.com/rc/clk?jk=1c949fd93d2ca8ed&bb=Agg2sr8HuJ5eq7r504aUW5fThqGSm-ZSWsC_IT5WpRW5Jt-oBgtJhlKDLSkqVCdJlGy6oJkHbbnyUzXY77A-U7vvYJreq40hFOKyI3F5gLf_BJqH7HTkelRZzF4xwzI2Oqogoe4hYS8cqB-yk6I0GA%3D%3D&xkcb=SoBa67M3iLNwfyzDDZ0GbzkdCdPP&rjs=0&qd=Xd-cji1-rrfYy0m8LpokE8dF20pwsUrmctm8cTGFOXDOAPLLNYb6wmUg8gjYJafwpsXE23qShaYtGgdtUJu_X5BBGG-ayCiM-gQi8HpsYsLtZozk31ERKPJGlDLUboAG50chrnGX4B46HyqhlSj9xMohy02t3MX0n-6xoRHLk5Oh8V2c0duIS4mZo0TAq11Zl61No7XvcMPz961yBIpblougDO3NlIXerppYqweTrkxdIR2u4KVXi5XGrbZ08pfBgjrEyAE0GkSkYu3jG0wyzz3Y1gCYqZnOBVg83E4dTUP1Nmni-uayDQeAYNKSSwHFWOxvghNOg8rM6Po_qXQU-g&atk=1jqb2vstahmvh800,"Minimum 2 to 5 years of UAE sales, business development or client acquisition experience. Candidates with existing relationships, contacts or sales experience within the following industries will…",,,indeed_ae,2026-06-05 05:09:46.677751+00:00
Civil Engineer/Site Engineer,APS Star General Contracting & Maintenance LLC,Abu Dhabi,https://ae.indeed.com/rc/clk?jk=81347a0ff67cde92&bb=Agg2sr8HuJ5eq7r504aUW6w06UToXkR_yDGf4-9bjLqrvYwE9pcf1SXL6ecwrDVSFPkrUNGwsS8sFjOc4qNGFfDx1vCGi4_q26JtQbgKF0oTSESb9Hoeu7GgXmTtVSRnm4eQ_gBB0Kk8M_1Q9_DkMA%3D%3D&xkcb=SoDu67M3iLNwfyzDDZ0HbzkdCdPP&rjs=0&qd=Xd-cji1-rrfYy0m8LpokE8dF20pwsUrmctm8cTGFOXDOAPLLNYb6wmUg8gjYJafwpsXE23qShaYtGgdtUJu_X5BBGG-ayCiM-gQi8HpsYsLtZozk31ERKPJGlDLUboAG50chrnGX4B46HyqhlSj9xMohy02t3MX0n-6xoRHLk5Oh8V2c0duIS4mZo0TAq11Zl61No7XvcMPz961yBIpblougDO3NlIXerppYqweTrkxdIR2u4KVXi5XGrbZ08pfBgjrEyAE0GkSkYu3jG0wyzz3Y1gCYqZnOBVg83E4dTUP1Nmni-uayDQeAYNKSSwHFWOxvghNOg8rM6Po_qXQU-g&atk=1jqb2vstahmvh800,"Proficiency in engineering software and tools. Bachelor's degree in Civil Engineering or a related field. Oversee and manage construction projects on-site, ensuring quality and safety standards are…",,,indeed_ae,2026-06-05 05:09:46.631881+00:00
Outdoor Sales Executive - Corporate Gifting,Spectra Nova Trading L.L.C,Dubai,https://ae.indeed.com/pagead/clk?mo=r&ad=-6NYlbfkN0BGcCAu-q3c5yryPxy0s6MOC8wkZy1DDVvlswcSgwjllHhfZ61-1gWesd8vxBsV62rJlqjXBqow-iPdU1Unj-Akk-7Meqr0S2thA85l5bdfR8Y3DkToJtzNl-5hPGlKkQuN2iROVa10rXJAKm4NqrAI9LreZAQLmryx12Za_HTVvfEanYTTs2M1HGDPzn5xZtZKICoYB4FY_hJ3YgTKDBtGTNuzmZ7aIfNDUU9gOxWG5kjZ621C9h2zQDIc2kn2orHJ2elU9pxoTdiE_-q_UpA7eAQwlsVC5RQDT5E7LA4kOoq7htBV5NUw2R_p_dBQOGnkXzwlJGl6-dXwu7bjwI8QDtVhk3koG37W9oJLcSrDe4LclXPbKFDGNnUW4Nty4OqbUEFdDLHkyiOvL7YdVgueSgS1wjcmIV4lR2oZqmDMjoro0AZh3fCfvPDWEJfoyAj6JG2t6XAivOtQric9qaDZtgbHtQUxUdGcvmnAZzY0XH8Ipz6KT3EoDKevZ1pG7aV94pUW2_Z-IDxaNN93TOww5flVySY4usYmeK2zudStUfRGgNRc0WG24G_BcNdPmypSfTtVdC1eQ7xTdgSoxI5udpKM_w__lPqJm7QrdeMp_74v-fVJQc2mPsX1xne-ybWrxcBlhShG3V2XXw2IPS4J49YXUJqYqMi9Vfkdvde7UWF51AHstmsKbDfDxFC3CdmuutEq7d3zERM242RIG1MsWMS0qsUpSGC3ZmSVp2JreiRkoqr-CR0DznK_-0yvvEeRqsGxVYdj-vCQFfMYbX-8j9cB6bZ9eNHNHfYyQ3iwtF7ne_5kAEK8ryhC62k90s6L7Sj7oXfRrjZvuETaEcmxLtRLfJ8JGnBObX3s46ebvwN9-h8y3gvDsdifn_B3nNtEfxBPjepGn-6Fl9LNxfOfSxIooHGE3aZ9m_h02mql9vMB2TUy1CS4AJNN1hN5dVdLVZjk48wnt-aXEOT0DTz8T6LnjZb6d4A=&xkcb=SoCU6_M3iLNwfyzDDZ0AbzkdCdPP&camk=C3EPSzFlQw-AfcM_zlsXmA==&p=11&atk=1jqb2vstahmvh800,"Minimum 1–2 years of experience in outdoor sales, B2B sales, or corporate sales. Experience in the corporate gifting, promotional products, printing, branding, advertising, or event industry will be…",,,indeed_ae,2026-06-05 05:09:46.588216+00:00
Senior Officer - Maintenance Programme,flydubai,Dubai,https://ae.indeed.com/rc/clk?jk=f373733be38abbfb&bb=Agg2sr8HuJ5eq7r504aUW-2eMCQf2ezHCqePWHiNSmRANkekn0iW8QeY2wzHHsnhb5xqyAoT2apQB7rF_s5fEyceMplfzJZvTvGb8W036KsaQgj99511qEgCsgWKv9LE7W3hN1EhagVcfjnyOEiueA%3D%3D&xkcb=SoDU67M3iLNwfyzDDZ0BbzkdCdPP&rjs=0&qd=Xd-cji1-rrfYy0m8LpokE8dF20pwsUrmctm8cTGFOXDOAPLLNYb6wmUg8gjYJafwpsXE23qShaYtGgdtUJu_X5BBGG-ayCiM-gQi8HpsYsLtZozk31ERKPJGlDLUboAG50chrnGX4B46HyqhlSj9xMohy02t3MX0n-6xoRHLk5Oh8V2c0duIS4mZo0TAq11Zl61No7XvcMPz961yBIpblougDO3NlIXerppYqweTrkxdIR2u4KVXi5XGrbZ08pfBgjrEyAE0GkSkYu3jG0wyzz3Y1gCYqZnOBVg83E4dTUP1Nmni-uayDQeAYNKSSwHFWOxvghNOg8rM6Po_qXQU-g&atk=1jqb2vstahmvh800,ICAO Type 2 Aircraft Maintenance Engineers Licence or Engineering Apprenticeship. ISR Requirements: Reads and complies with the ISR policies of the Company and diligently reports any weakness or…,,,indeed_ae,2026-06-05 05:09:46.545516+00:00
Senior Utility Engineer,Gunal Construction,Dubai,https://ae.indeed.com/pagead/clk?mo=r&ad=-6NYlbfkN0ADspYoFwcXxpm7dvLUjyXBXvw5RMFWm5c5GaTvE22gqUWP4mmf01xZoQZyoXTu-f3N5jsU59-pf-deVINjvTbJbUjS122gXRnhaap1WQOJGaBnm3DapyZId6T-QGFKaoGuKp96ey0CPIj1g8uj_GgAQ_oXKIsigTDkhURvbynom-W8nnhxavVdt_2kKiAN7QvNuWafCeG1GmBjOwOeTZq6CtcuX6lOYenFFXmAQw6TFXv9phGFU7lWyS3AWErgAsjS4O23Xb-lo7p-wuwIBg6bFN3UEfolwNNTQ6ZYRfukJsufnNJeu--Mxrub7g41oG_tYUH9qC6yzGrsb8GSXcmg9RaeN3KZ65HgNE7m-8LaFmZzUwo4cjJ_K4M0JmdydQCH4g7eIP0fMzejvRY8qKzQ6CKzRxavzq9RChPlorW41sj6llc-VpveVKNvPrsZOyUd1xCliwGoFQOiaZ36PB5_1udXO0d_fdEkCZA1kcCqw-dVQ69DB0pxzuZl9lP-4MGurs7W9Ib-HzPOO1JD7JaN81-WMpoFzA-wqua9QhKuqNhnGFP2lajRjtyh7U8xXNxAD5FRGwMYhlYbh6GIQ1xJND33Ey0aWeJWC4ZaIh9mJXhkUL76vijmnIeRj2Z0Dz0Q2e3KYAxSvC_gWTf25ffE84IRd2MhRU0fvJOi4NEKU7LhEABrYG8f529lkLp8Ld3H-AEEZBBP-lmBF3DZZ173HcJFf6k3aaeUSa13yMwTGxCi1YG2_fva2x9A7hToDcKgg-Pugwt4HELDFdEMdzXhAUMRahGClWdWo_SDJiJ50CQYCNL8wRSdcqKXWjVkauU5qnHM4BVk2YY_q5GrAFcrIB4vjPaeImMn3N3BK_G5tRHjKqEvNbOjUSZHixED1K3KrlATSi7qBStbIqUTDU0aC6-fMsGXOu-sq4xF3cRpfVgKGlHMeb0y44HLCGK9DXk=&xkcb=SoC96_M3iLNwfyzDDZ0CbzkdCdPP&camk=C3EPSzFlQw_3A6BYNVeK_Q==&p=9&atk=1jqb2vstahmvh800,"Bachelor's Degree in Civil Engineering or a related engineering discipline. Proven experience in utilities engineering for major infrastructure, roads projects.",Hiring ongoing,,indeed_ae,2026-06-05 05:09:46.500800+00:00
Sr. Engineer Onshore Construction (Mechanical),Penspen,Abu Dhabi,https://ae.indeed.com/rc/clk?jk=27ded9e29df311e1&bb=Agg2sr8HuJ5eq7r504aUWxCfuuqn9sdSKtoA-ztDvkMAWFn_F2aQvJ4FL9g2dg2oYro0JR4RaFPgKN5zDqYva2n_3S7mKs2NK1jPFRXX3K3I-fMuwyQEKXF413jwSMDE8KCIuc29kVxcX4DVMwHQew%3D%3D&xkcb=SoD967M3iLNwfyzDDZ0DbzkdCdPP&rjs=0&qd=Xd-cji1-rrfYy0m8LpokE8dF20pwsUrmctm8cTGFOXDOAPLLNYb6wmUg8gjYJafwpsXE23qShaYtGgdtUJu_X5BBGG-ayCiM-gQi8HpsYsLtZozk31ERKPJGlDLUboAG50chrnGX4B46HyqhlSj9xMohy02t3MX0n-6xoRHLk5Oh8V2c0duIS4mZo0TAq11Zl61No7XvcMPz961yBIpblougDO3NlIXerppYqweTrkxdIR2u4KVXi5XGrbZ08pfBgjrEyAE0GkSkYu3jG0wyzz3Y1gCYqZnOBVg83E4dTUP1Nmni-uayDQeAYNKSSwHFWOxvghNOg8rM6Po_qXQU-g&atk=1jqb2vstahmvh800,"Proven experience in offshore platform, topsides or subsea-related projects. The candidates should have Bachelor's Degree in Mechanical Engineering from an accredited university.",,,indeed_ae,2026-06-05 05:09:46.455325+00:00
Civil Foreman,AL Moftah AL Dhabi Building Contracting L.L.C,Dubai,https://ae.indeed.com/rc/clk?jk=6cd4d6f25b77cde7&bb=Agg2sr8HuJ5eq7r504aUW0RHGRCG2OPGYIAvgHOU4QOF-aFznssP1u1QoUSs72hVK-qy8yy-DTSvAgZb3L0c0gRn-g0C4cuhnq9DYtz5blsDkyxE0a4bxSkZixfNgbNXu1ofsPpU623wWXr2dSYR_g%3D%3D&xkcb=SoAU67M3iLNwfyzDDZ0MbzkdCdPP&rjs=0&qd=Xd-cji1-rrfYy0m8LpokE8dF20pwsUrmctm8cTGFOXDOAPLLNYb6wmUg8gjYJafwpsXE23qShaYtGgdtUJu_X5BBGG-ayCiM-gQi8HpsYsLtZozk31ERKPJGlDLUboAG50chrnGX4B46HyqhlSj9xMohy02t3MX0n-6xoRHLk5Oh8V2c0duIS4mZo0TAq11Zl61No7XvcMPz961yBIpblougDO3NlIXerppYqweTrkxdIR2u4KVXi5XGrbZ08pfBgjrEyAE0GkSkYu3jG0wyzz3Y1gCYqZnOBVg83E4dTUP1Nmni-uayDQeAYNKSSwHFWOxvghNOg8rM6Po_qXQU-g&atk=1jqb2vstahmvh800,"Supervise and coordinate daily site activities for Civil works. Manage labor teams and ensure proper work allocation as per site priorities. Report daily progress, material usage, and site issues to…",,,indeed_ae,2026-06-05 05:09:46.410553+00:00
MEP Engineer - Factory Construction,Top Vantage Contracting LLC,Dubai,https://ae.indeed.com/rc/clk?jk=e92b201c24da6f58&bb=Agg2sr8HuJ5eq7r504aUW0AU9rlCe6lhlfAyxJpH-yfE8BVIPjSVmfctNPXahhPa32t_8QY4WCh7467yonklSUWKG8NDD3Frylter4xDLlSXu24vEFlPEwZltdPwvXDxOdXxsdHsPe5z4kUEkNkDHw%3D%3D&xkcb=SoCg67M3iLNwfyzDDZ0NbzkdCdPP&rjs=0&qd=Xd-cji1-rrfYy0m8LpokE8dF20pwsUrmctm8cTGFOXDOAPLLNYb6wmUg8gjYJafwpsXE23qShaYtGgdtUJu_X5BBGG-ayCiM-gQi8HpsYsLtZozk31ERKPJGlDLUboAG50chrnGX4B46HyqhlSj9xMohy02t3MX0n-6xoRHLk5Oh8V2c0duIS4mZo0TAq11Zl61No7XvcMPz961yBIpblougDO3NlIXerppYqweTrkxdIR2u4KVXi5XGrbZ08pfBgjrEyAE0GkSkYu3jG0wyzz3Y1gCYqZnOBVg83E4dTUP1Nmni-uayDQeAYNKSSwHFWOxvghNOg8rM6Po_qXQU-g&atk=1jqb2vstahmvh800,"Should Know design software , such as Autodesk Revit (MEP), AutoCAD. We are looking for an experienced MEP Engineer with a wealth of industry knowledge. Conducting site inspections when required.",,,indeed_ae,2026-06-05 05:09:46.356120+00:00
Project Engineer (Interior Fit-Out),Bonzer Interiors LLC,Dubai,https://ae.indeed.com/rc/clk?jk=0a136af1b8794fcd&bb=Agg2sr8HuJ5eq7r504aUW03QjJ-Zjv0W8cX6MtPDGXH5jar4WOxZmD2d0Gl_TjIZDn3wlLecvax2iYHA4HtJ6ykSn0bj_d-YioYLoj8O2oeSw7f-RCOoBHeTLfnNVD06H5o9hJPhys47KN8yxZYs3A%3D%3D&xkcb=SoA967M3iLNwfyzDDZ0ObzkdCdPP&rjs=0&qd=Xd-cji1-rrfYy0m8LpokE8dF20pwsUrmctm8cTGFOXDOAPLLNYb6wmUg8gjYJafwpsXE23qShaYtGgdtUJu_X5BBGG-ayCiM-gQi8HpsYsLtZozk31ERKPJGlDLUboAG50chrnGX4B46HyqhlSj9xMohy02t3MX0n-6xoRHLk5Oh8V2c0duIS4mZo0TAq11Zl61No7XvcMPz961yBIpblougDO3NlIXerppYqweTrkxdIR2u4KVXi5XGrbZ08pfBgjrEyAE0GkSkYu3jG0wyzz3Y1gCYqZnOBVg83E4dTUP1Nmni-uayDQeAYNKSSwHFWOxvghNOg8rM6Po_qXQU-g&atk=1jqb2vstahmvh800,Technical Troubleshooting: Identify and resolve any design clashes or technical complications that arise during execution. Drawing Interpretation: Review and accurately interpret architectural…,,,indeed_ae,2026-06-05 05:09:46.314218+00:00
"Supervisor Commissioning (Process & Utility) - Offshore, WHT, Subsea Piping",Penspen,Abu Dhabi,https://ae.indeed.com/rc/clk?jk=58f113f1fbe0c056&bb=Agg2sr8HuJ5eq7r504aUWw0BiBg7WJdjYW0UroatHKX4T8-MCwBhkkRKBJh1MHcEXxn0g5tJ_SHw57MWNKelCcvirTaHYyxavGeF6Kyi863mPDWlQvZZnGqDngS9vdCIVNpnAl01zdrbVoIT2UdALw%3D%3D&xkcb=SoCJ67M3iLNwfyzDDZ0PbzkdCdPP&rjs=0&qd=Xd-cji1-rrfYy0m8LpokE8dF20pwsUrmctm8cTGFOXDOAPLLNYb6wmUg8gjYJafwpsXE23qShaYtGgdtUJu_X5BBGG-ayCiM-gQi8HpsYsLtZozk31ERKPJGlDLUboAG50chrnGX4B46HyqhlSj9xMohy02t3MX0n-6xoRHLk5Oh8V2c0duIS4mZo0TAq11Zl61No7XvcMPz961yBIpblougDO3NlIXerppYqweTrkxdIR2u4KVXi5XGrbZ08pfBgjrEyAE0GkSkYu3jG0wyzz3Y1gCYqZnOBVg83E4dTUP1Nmni-uayDQeAYNKSSwHFWOxvghNOg8rM6Po_qXQU-g&atk=1jqb2vstahmvh800,Escalate technical issues to Commissioning Engineers or Leads as required. Monitor work progress and report commissioning status to the Commissioning Lead or Manager.,,,indeed_ae,2026-06-05 05:09:46.257410+00:00
Specialist Engineer – Construction- Electrical,Worley,Abu Dhabi,https://ae.indeed.com/rc/clk?jk=313822ba617d4956&bb=Agg2sr8HuJ5eq7r504aUWwLRRIANyL5dh-Bs9eoi4STEwYY_M-Lo8XtcVvfB7F_04offf-0xKP76WF8qniFpMyFYHYYsWyBcPsUIwtU6P0PJBXiIgQkYGfgGM5GRFj-_w16QQNA0av2kXJ1AQ5qUNA%3D%3D&xkcb=SoAH67M3iLNwfyzDDZ0IbzkdCdPP&rjs=0&qd=Xd-cji1-rrfYy0m8LpokE8dF20pwsUrmctm8cTGFOXDOAPLLNYb6wmUg8gjYJafwpsXE23qShaYtGgdtUJu_X5BBGG-ayCiM-gQi8HpsYsLtZozk31ERKPJGlDLUboAG50chrnGX4B46HyqhlSj9xMohy02t3MX0n-6xoRHLk5Oh8V2c0duIS4mZo0TAq11Zl61No7XvcMPz961yBIpblougDO3NlIXerppYqweTrkxdIR2u4KVXi5XGrbZ08pfBgjrEyAE0GkSkYu3jG0wyzz3Y1gCYqZnOBVg83E4dTUP1Nmni-uayDQeAYNKSSwHFWOxvghNOg8rM6Po_qXQU-g&atk=1jqb2vstahmvh800,Liaise with project engineers to ensure priorities are maintained. To be conversant with and fully comply with the HSSE plan. Promote and drive the involvement of Construction in areas of technical…,,,indeed_ae,2026-06-05 05:09:46.210591+00:00
Planning Engineer - Fit out,Arco Turnkey Solutions Contracting L.L.C,Dubai,https://ae.indeed.com/rc/clk?jk=2c6a4a74f783e9e3&bb=Agg2sr8HuJ5eq7r504aUWzXQbUYWf1SIi2AaUPl9op1GhzRrr8Lrp2hP2bioMnSfAIjabKTdPASbPP0RjksnSvX-sCc6HMPSALk-79To5Vo09zgtVvFlzpYntWBOoZHQ9v7vLqZowM32Lp3vwYbbYQ%3D%3D&xkcb=SoCz67M3iLNwfyzDDZ0JbzkdCdPP&rjs=0&qd=Xd-cji1-rrfYy0m8LpokE8dF20pwsUrmctm8cTGFOXDOAPLLNYb6wmUg8gjYJafwpsXE23qShaYtGgdtUJu_X5BBGG-ayCiM-gQi8HpsYsLtZozk31ERKPJGlDLUboAG50chrnGX4B46HyqhlSj9xMohy02t3MX0n-6xoRHLk5Oh8V2c0duIS4mZo0TAq11Zl61No7XvcMPz961yBIpblougDO3NlIXerppYqweTrkxdIR2u4KVXi5XGrbZ08pfBgjrEyAE0GkSkYu3jG0wyzz3Y1gCYqZnOBVg83E4dTUP1Nmni-uayDQeAYNKSSwHFWOxvghNOg8rM6Po_qXQU-g&atk=1jqb2vstahmvh800,"Bachelor's Degree in Civil Engineering, Construction Management, or a related field. Coordinate with project managers, site engineers , procurement teams, subcontractors, and clients.",,,indeed_ae,2026-06-05 05:09:46.163224+00:00
Senior Supervisor-Piping,Penspen,Abu Dhabi,https://ae.indeed.com/rc/clk?jk=5cd15131ecd2d4aa&bb=Agg2sr8HuJ5eq7r504aUW2K9-oPE-1pFCsCbr55tAF58HP1s1FXRSFd_ymjk8P0oq5x48xKRQ8DcMOE55_Qrrtf0KjtYo1jSATamhAO6qE20nUkdDEu1Ovtv_g7Fa5fbocrjUyj81NnOnX20Ty4kiw%3D%3D&xkcb=SoAu67M3iLNwfyzDDZ0KbzkdCdPP&rjs=0&qd=Xd-cji1-rrfYy0m8LpokE8dF20pwsUrmctm8cTGFOXDOAPLLNYb6wmUg8gjYJafwpsXE23qShaYtGgdtUJu_X5BBGG-ayCiM-gQi8HpsYsLtZozk31ERKPJGlDLUboAG50chrnGX4B46HyqhlSj9xMohy02t3MX0n-6xoRHLk5Oh8V2c0duIS4mZo0TAq11Zl61No7XvcMPz961yBIpblougDO3NlIXerppYqweTrkxdIR2u4KVXi5XGrbZ08pfBgjrEyAE0GkSkYu3jG0wyzz3Y1gCYqZnOBVg83E4dTUP1Nmni-uayDQeAYNKSSwHFWOxvghNOg8rM6Po_qXQU-g&atk=1jqb2vstahmvh800,"A Diploma in Mechanical Engineering. Minimum 10 years of experience in which 5 years should be in the oil and gas EPC project. Understanding of industry standards such as ASME, API , and EN codes.",,,indeed_ae,2026-06-05 05:09:46.115726+00:00
QA/QC Engineer,FALCON LABORATORY LLC,Dubai,https://ae.indeed.com/rc/clk?jk=b94b92e971dd41e4&bb=Agg2sr8HuJ5eq7r504aUW4sRSqdSklRVJUjc8GGh3Z3s7vzET__s8PCOohVnidQdncz_8wMbBCJM1txFGfn9t08BRpPKFSwwonSdc6oKGKYjTpo0btnZSafMZRWj4GDphmkRqp62224YnetKF-aB5Q%3D%3D&xkcb=SoCa67M3iLNwfyzDDZ0LbzkdCdPP&rjs=0&qd=Xd-cji1-rrfYy0m8LpokE8dF20pwsUrmctm8cTGFOXDOAPLLNYb6wmUg8gjYJafwpsXE23qShaYtGgdtUJu_X5BBGG-ayCiM-gQi8HpsYsLtZozk31ERKPJGlDLUboAG50chrnGX4B46HyqhlSj9xMohy02t3MX0n-6xoRHLk5Oh8V2c0duIS4mZo0TAq11Zl61No7XvcMPz961yBIpblougDO3NlIXerppYqweTrkxdIR2u4KVXi5XGrbZ08pfBgjrEyAE0GkSkYu3jG0wyzz3Y1gCYqZnOBVg83E4dTUP1Nmni-uayDQeAYNKSSwHFWOxvghNOg8rM6Po_qXQU-g&atk=1jqb2vstahmvh800,"Coordinate with laboratory engineers , technicians, and management for quality improvements. Minimum 3+ years of QA/QC experience in geotechnical or material testing laboratory.",,,indeed_ae,2026-06-05 05:09:46.071809+00:00
Sr. Sales Engineer - Heavy Machinery,United Gulf Equipment & Machinery LLC,Sharjah,https://ae.indeed.com/rc/clk?jk=5383de0784f82d82&bb=CIQEMPb3YKGVxbIYGJnLKUFgMj5jwMlhO7M_ovPY2y-MW3R_tapOAYfJZRFDIVLB4eUMybiV9txsH5FpAurZlu1j7Y_9fmBTgvvDWmbtKkcNb48c9eW_mG9428cunv_BKOrxbXOgOVoCUIkFp14bpQ%3D%3D&xkcb=SoBz67M3iLNw0NTDDZ0TbzkdCdPP&rjs=0&qd=Xd-cji1-rrfYy0m8LpokE8dF20pwsUrmctm8cTGFOXDOAPLLNYb6wmUg8gjYJafwpsXE23qShaYtGgdtUJu_X5BBGG-ayCiM-gQi8HpsYsLtZozk31ERKPJGlDLUboAG50chrnGX4B46HyqhlSj9xMohy02t3MX0n-6xoRHLk5Oh8V2c0duIS4mZo0TAq11Zl61No7XvcMPz961yBIpblougDO3NlIXerppYqweTrkxdIR2u4KVXi5XGrbZ08pfBgjrEyAE0GkSkYu3jG0wyzz3Y1gCYqZnOBVg83E4dTUONRmdqsl82tKvLrngbrijGWOxvghNOg8rM6Po_qXQU-g&atk=1jqb2vo7i26pt001,Negotiate contracts and successfully close sales and rental agreements to meet or exceed assigned targets. The successful candidate will possess _*strong expertise in equipment sales and rental…,,,indeed_ae,2026-06-05 05:09:42.404591+00:00
Executive Assistant to Managing Director,Ciconia Global LLC,Abu Dhabi,https://ae.indeed.com/rc/clk?jk=2dae9980606f4b4d&bb=CIQEMPb3YKGVxbIYGJnLKXTYP_-Q5QHckWJghnzKNrgXhVThaszaHQuQJA-VFLd9S7hqsnlKSc-fhIn0cK0Pa7yJw3JcwlE5G_7Jng6EPFxfZwRm48P_cqvYT_-bn778kTT4ueKNd3gOwSawac2Ycw%3D%3D&xkcb=SoCa67M3iLNw0NTDDZ0cbzkdCdPP&rjs=0&qd=Xd-cji1-rrfYy0m8LpokE8dF20pwsUrmctm8cTGFOXDOAPLLNYb6wmUg8gjYJafwpsXE23qShaYtGgdtUJu_X5BBGG-ayCiM-gQi8HpsYsLtZozk31ERKPJGlDLUboAG50chrnGX4B46HyqhlSj9xMohy02t3MX0n-6xoRHLk5Oh8V2c0duIS4mZo0TAq11Zl61No7XvcMPz961yBIpblougDO3NlIXerppYqweTrkxdIR2u4KVXi5XGrbZ08pfBgjrEyAE0GkSkYu3jG0wyzz3Y1gCYqZnOBVg83E4dTUONRmdqsl82tKvLrngbrijGWOxvghNOg8rM6Po_qXQU-g&atk=1jqb2vo7i26pt001,"You are comfortable making decisions, sending communications, and moving forward without waiting for approval on routine mattersYou are based in or able to work in Abu Dhabi in person, full-time.",,,indeed_ae,2026-06-05 05:09:42.350765+00:00
Civil Engineer,SAMARA AL NUJOOM BUILDING CONTRACTING CO LLC,Dubai,https://ae.indeed.com/rc/clk?jk=cfb7f1d498b8444c&bb=CIQEMPb3YKGVxbIYGJnLKTxbi2qjmgqTcCXrBnh1mmyp7ob9CfgwxdlU1Q0Fswy-gUpRAWbf3PpVMHnmk0mOSNmTcO7BppyGiTkEmiL-qNJQGMasIxSlmwOrwieqLoCvhUK3Cs7Y-IS6V2ZjRY7Daw%3D%3D&xkcb=SoAu67M3iLNw0NTDDZ0dbzkdCdPP&rjs=0&qd=Xd-cji1-rrfYy0m8LpokE8dF20pwsUrmctm8cTGFOXDOAPLLNYb6wmUg8gjYJafwpsXE23qShaYtGgdtUJu_X5BBGG-ayCiM-gQi8HpsYsLtZozk31ERKPJGlDLUboAG50chrnGX4B46HyqhlSj9xMohy02t3MX0n-6xoRHLk5Oh8V2c0duIS4mZo0TAq11Zl61No7XvcMPz961yBIpblougDO3NlIXerppYqweTrkxdIR2u4KVXi5XGrbZ08pfBgjrEyAE0GkSkYu3jG0wyzz3Y1gCYqZnOBVg83E4dTUONRmdqsl82tKvLrngbrijGWOxvghNOg8rM6Po_qXQU-g&atk=1jqb2vo7i26pt001,"We are hiring new civil engineers to be part of our organization. Who are we?! we are Samara, an international Cosmopolitan Group of companies which works Mainly in constructions. our main branch…",,,indeed_ae,2026-06-05 05:09:42.302218+00:00
"Senior Director, AI Commercial Business Partner, International",AstraZeneca,Dubai,https://ae.indeed.com/rc/clk?jk=68af0c77c19d0f62&bb=CIQEMPb3YKGVxbIYGJnLKVoCuCCrf_6FwwqM2aW32GJQnY8FHVVCzwQCg70AjGv1RLvPDNX9qFs5vMVJpDFvw56Z5etBD3vyL6_diyziwEHpHX_ZUypRntDYisW1W5_2cUIVz-0gYe0fjrA3Q3eP4w%3D%3D&xkcb=SoCz67M3iLNw0NTDDZ0ebzkdCdPP&rjs=0&qd=Xd-cji1-rrfYy0m8LpokE8dF20pwsUrmctm8cTGFOXDOAPLLNYb6wmUg8gjYJafwpsXE23qShaYtGgdtUJu_X5BBGG-ayCiM-gQi8HpsYsLtZozk31ERKPJGlDLUboAG50chrnGX4B46HyqhlSj9xMohy02t3MX0n-6xoRHLk5Oh8V2c0duIS4mZo0TAq11Zl61No7XvcMPz961yBIpblougDO3NlIXerppYqweTrkxdIR2u4KVXi5XGrbZ08pfBgjrEyAE0GkSkYu3jG0wyzz3Y1gCYqZnOBVg83E4dTUONRmdqsl82tKvLrngbrijGWOxvghNOg8rM6Po_qXQU-g&atk=1jqb2vo7i26pt001,"Experience in leading and managing alliances or strategic partnerships. Graduate degree (MBA, Masters, MD or PhD preferred). Experience in strategic planning processes and tools and/or project…",,,indeed_ae,2026-06-05 05:09:42.222308+00:00
Assistant Relationship Manager - Virtual (UAEN),Standard Chartered,Remote in Dubai,https://ae.indeed.com/rc/clk?jk=4d1d94513eaa73bc&bb=CIQEMPb3YKGVxbIYGJnLKcXcmW-KAU8q3klp4DxUoJBFwDvqaD1B-hrG_VZ8ake2Mzcmzc97eZhbXqF8MmIs9GxKRsljhmzXGmvVTsuAYYvkHTpTowXRJHMKaaWNf-ax3wcE0iK72vNY6MT5GkWwkg%3D%3D&xkcb=SoAH67M3iLNw0NTDDZ0fbzkdCdPP&rjs=0&qd=Xd-cji1-rrfYy0m8LpokE8dF20pwsUrmctm8cTGFOXDOAPLLNYb6wmUg8gjYJafwpsXE23qShaYtGgdtUJu_X5BBGG-ayCiM-gQi8HpsYsLtZozk31ERKPJGlDLUboAG50chrnGX4B46HyqhlSj9xMohy02t3MX0n-6xoRHLk5Oh8V2c0duIS4mZo0TAq11Zl61No7XvcMPz961yBIpblougDO3NlIXerppYqweTrkxdIR2u4KVXi5XGrbZ08pfBgjrEyAE0GkSkYu3jG0wyzz3Y1gCYqZnOBVg83E4dTUONRmdqsl82tKvLrngbrijGWOxvghNOg8rM6Po_qXQU-g&atk=1jqb2vo7i26pt001,"Ensure full awareness of all policies and procedures issued in relation to money laundering prevention and KYC. Ensure full awareness of all policies relating to operational risk, sales processes,…",,,indeed_ae,2026-06-05 05:09:42.156867+00:00
Project Manager – Data Centre Infrastructure / Construction,Tate Europe,Dubai,https://ae.indeed.com/rc/clk?jk=9c868fece1d1c3da&bb=CIQEMPb3YKGVxbIYGJnLKamn3R05Ic9APlloTUUXWrB3SVaf_1kUQBf-x0w4Q3Cf44zXVg_BijX5m_bOCYo3ayiKbfy3SJOaQdvZnZZ0HCpykkC4EO1WKvTQy97uZ-Sh2_91vKewDQwV0BP9Meit8g%3D%3D&xkcb=SoCJ67M3iLNw0NTDDZ0YbzkdCdPP&rjs=0&qd=Xd-cji1-rrfYy0m8LpokE8dF20pwsUrmctm8cTGFOXDOAPLLNYb6wmUg8gjYJafwpsXE23qShaYtGgdtUJu_X5BBGG-ayCiM-gQi8HpsYsLtZozk31ERKPJGlDLUboAG50chrnGX4B46HyqhlSj9xMohy02t3MX0n-6xoRHLk5Oh8V2c0duIS4mZo0TAq11Zl61No7XvcMPz961yBIpblougDO3NlIXerppYqweTrkxdIR2u4KVXi5XGrbZ08pfBgjrEyAE0GkSkYu3jG0wyzz3Y1gCYqZnOBVg83E4dTUONRmdqsl82tKvLrngbrijGWOxvghNOg8rM6Po_qXQU-g&atk=1jqb2vo7i26pt001,"Proven experience managing complex, customer-facing projects in construction, engineering, or technical environments. Strong understanding of site-based project delivery, ideally within data centres,…",,,indeed_ae,2026-06-05 05:09:42.106420+00:00
"Fortinet Security Engineer - 3 Months project - Dubai, UAE",DeepSource Technologies,Dubai,https://ae.indeed.com/rc/clk?jk=1f75946ee19e5741&bb=CIQEMPb3YKGVxbIYGJnLKa_D5hNWKzmAJu6Z2Vq7u_ocneqDQB6NidyB7hYftWOjeaN0KCP4vck0L4mdTXnkaPnHx_2WqQ3CU9TAo_4L5y1yq0Svg2q77B4pHgHrHBFjTe1ROwSyU0K47sA2YzRL-g%3D%3D&xkcb=SoA967M3iLNw0NTDDZ0ZbzkdCdPP&rjs=0&qd=Xd-cji1-rrfYy0m8LpokE8dF20pwsUrmctm8cTGFOXDOAPLLNYb6wmUg8gjYJafwpsXE23qShaYtGgdtUJu_X5BBGG-ayCiM-gQi8HpsYsLtZozk31ERKPJGlDLUboAG50chrnGX4B46HyqhlSj9xMohy02t3MX0n-6xoRHLk5Oh8V2c0duIS4mZo0TAq11Zl61No7XvcMPz961yBIpblougDO3NlIXerppYqweTrkxdIR2u4KVXi5XGrbZ08pfBgjrEyAE0GkSkYu3jG0wyzz3Y1gCYqZnOBVg83E4dTUONRmdqsl82tKvLrngbrijGWOxvghNOg8rM6Po_qXQU-g&atk=1jqb2vo7i26pt001,Experience in enterprise or retail environments is preferred. We are seeking an experienced Fortinet Security Engineer to support compliance and security rollout activities across retail outlets in…,,,indeed_ae,2026-06-05 05:09:42.030329+00:00
Sollas Machine Engineer,My Perfume Factory LLC,Dubai,https://ae.indeed.com/rc/clk?jk=61039d1028f68b62&bb=CIQEMPb3YKGVxbIYGJnLKY4M1rIwuLRromGkfv7URN1vOPTqTiKZ2zNHUd4aPRjnEO7f6PZ_RdkuDaRAZe2G-gbAjjrMCcsrGoigk_fVa6qpj3xkCn7EcHoaI_sjoNHqdK81dhGoi2HqWPsRFBaZFA%3D%3D&xkcb=SoCg67M3iLNw0NTDDZ0abzkdCdPP&rjs=0&qd=Xd-cji1-rrfYy0m8LpokE8dF20pwsUrmctm8cTGFOXDOAPLLNYb6wmUg8gjYJafwpsXE23qShaYtGgdtUJu_X5BBGG-ayCiM-gQi8HpsYsLtZozk31ERKPJGlDLUboAG50chrnGX4B46HyqhlSj9xMohy02t3MX0n-6xoRHLk5Oh8V2c0duIS4mZo0TAq11Zl61No7XvcMPz961yBIpblougDO3NlIXerppYqweTrkxdIR2u4KVXi5XGrbZ08pfBgjrEyAE0GkSkYu3jG0wyzz3Y1gCYqZnOBVg83E4dTUONRmdqsl82tKvLrngbrijGWOxvghNOg8rM6Po_qXQU-g&atk=1jqb2vo7i26pt001,Diploma or Bachelor's Degree in Mechanical Engineering or a related technical field. Minimum 3-5 years of hands-on experience operating and maintaining Sollas packaging or overwrapping machines.,,,indeed_ae,2026-06-05 05:09:41.981556+00:00
Civil Site Engineer,ABAJ CONTRACTING LLC,Dubai,https://ae.indeed.com/rc/clk?jk=297dba4588ec04ce&bb=CIQEMPb3YKGVxbIYGJnLKZiJ39vpbyc1hiF4-ChKI17u8NRxUhXe9Rr5Ir72m434JNAOC1G1jmUAmkYIv0oswzowx4-1pO_ZCePnura9lX5aN8kX1m7V_Dm78CMUNdSpKPc0UVDcEe-73xGi8zYmlA%3D%3D&xkcb=SoAU67M3iLNw0NTDDZ0bbzkdCdPP&rjs=0&qd=Xd-cji1-rrfYy0m8LpokE8dF20pwsUrmctm8cTGFOXDOAPLLNYb6wmUg8gjYJafwpsXE23qShaYtGgdtUJu_X5BBGG-ayCiM-gQi8HpsYsLtZozk31ERKPJGlDLUboAG50chrnGX4B46HyqhlSj9xMohy02t3MX0n-6xoRHLk5Oh8V2c0duIS4mZo0TAq11Zl61No7XvcMPz961yBIpblougDO3NlIXerppYqweTrkxdIR2u4KVXi5XGrbZ08pfBgjrEyAE0GkSkYu3jG0wyzz3Y1gCYqZnOBVg83E4dTUONRmdqsl82tKvLrngbrijGWOxvghNOg8rM6Po_qXQU-g&atk=1jqb2vo7i26pt001,* Minimum 5 years of experience in civil engineering at site. * At least 3 years of UAE (Dubai) experience. * Strong ability to read and interpret structural drawings.,,,indeed_ae,2026-06-05 05:09:41.938490+00:00
Senior Static & Packages Engineer,KBR,Abu Dhabi,https://ae.indeed.com/rc/clk?jk=e93fcc34d73bc404&bb=CIQEMPb3YKGVxbIYGJnLKUdogq1_6RLl_3KR-nqRNOrCjRqp97XTh42GjLNjdAD5F2Azbmx8ew2NB6Y8xoFBXBaUwb4DZWIkccCMMzeiFHN3SodGV0LjDPpPFcuvDyADfLbIT7uWwxmwaFBoZXQ4Dg%3D%3D&xkcb=SoAz67M3iLNw0NTDDZ0EbzkdCdPP&rjs=0&qd=Xd-cji1-rrfYy0m8LpokE8dF20pwsUrmctm8cTGFOXDOAPLLNYb6wmUg8gjYJafwpsXE23qShaYtGgdtUJu_X5BBGG-ayCiM-gQi8HpsYsLtZozk31ERKPJGlDLUboAG50chrnGX4B46HyqhlSj9xMohy02t3MX0n-6xoRHLk5Oh8V2c0duIS4mZo0TAq11Zl61No7XvcMPz961yBIpblougDO3NlIXerppYqweTrkxdIR2u4KVXi5XGrbZ08pfBgjrEyAE0GkSkYu3jG0wyzz3Y1gCYqZnOBVg83E4dTUONRmdqsl82tKvLrngbrijGWOxvghNOg8rM6Po_qXQU-g&atk=1jqb2vo7i26pt001,"Must have at least (5 ) years of experience in a similar position in Oil & Gas or Petrochemical projects. These include world-class licensed process technologies, differentiated advisory services,…",,,indeed_ae,2026-06-05 05:09:41.892839+00:00
Senior Network & Security Team Lead,Gerab System Solutions,Dubai,https://ae.indeed.com/rc/clk?jk=adfa24b38b5dfcc9&bb=CIQEMPb3YKGVxbIYGJnLKUA37CqO-2gfX3fo7AUEfYv1B40L6rCcElr3iXBRo82b_ywq1foEigc-QG45pKy2AIc-ss6Tk2xU3-NMWqG2M1bv5lsvRzYJOUXojk6C-p-c4xvcvISzoCmMg_j2_FBKhQ%3D%3D&xkcb=SoCH67M3iLNw0NTDDZ0FbzkdCdPP&rjs=0&qd=Xd-cji1-rrfYy0m8LpokE8dF20pwsUrmctm8cTGFOXDOAPLLNYb6wmUg8gjYJafwpsXE23qShaYtGgdtUJu_X5BBGG-ayCiM-gQi8HpsYsLtZozk31ERKPJGlDLUboAG50chrnGX4B46HyqhlSj9xMohy02t3MX0n-6xoRHLk5Oh8V2c0duIS4mZo0TAq11Zl61No7XvcMPz961yBIpblougDO3NlIXerppYqweTrkxdIR2u4KVXi5XGrbZ08pfBgjrEyAE0GkSkYu3jG0wyzz3Y1gCYqZnOBVg83E4dTUONRmdqsl82tKvLrngbrijGWOxvghNOg8rM6Po_qXQU-g&atk=1jqb2vo7i26pt001,"Minimum 3–5 years of experience in a technical leadership or team lead role. Bachelor's degree in computer science, Information Technology, Engineering, or equivalent.",,,indeed_ae,2026-06-05 05:09:41.849327+00:00
ELV Pre-sales / Cost Control with Experience in UAE,Tornado Technology Services,Abu Dhabi,https://ae.indeed.com/rc/clk?jk=ff9d76b44b98ca50&bb=CIQEMPb3YKGVxbIYGJnLKRgWSDaj9EtHQ1Uvn16T0MEnqg6Wmw1mI1ttssn2s-55ldiAUAgKuMJwYx2M5TobDi0zRd1VZiZUS_vmxudv-1xpgHBC2SN3ETrnxOjBOMjVYSpqu_JmSHaLh01c0KJhpg%3D%3D&xkcb=SoAa67M3iLNw0NTDDZ0GbzkdCdPP&rjs=0&qd=Xd-cji1-rrfYy0m8LpokE8dF20pwsUrmctm8cTGFOXDOAPLLNYb6wmUg8gjYJafwpsXE23qShaYtGgdtUJu_X5BBGG-ayCiM-gQi8HpsYsLtZozk31ERKPJGlDLUboAG50chrnGX4B46HyqhlSj9xMohy02t3MX0n-6xoRHLk5Oh8V2c0duIS4mZo0TAq11Zl61No7XvcMPz961yBIpblougDO3NlIXerppYqweTrkxdIR2u4KVXi5XGrbZ08pfBgjrEyAE0GkSkYu3jG0wyzz3Y1gCYqZnOBVg83E4dTUONRmdqsl82tKvLrngbrijGWOxvghNOg8rM6Po_qXQU-g&atk=1jqb2vo7i26pt001,Design and engineer integrated ELV systems that align with client needs and budget. Minimum 3 years of ELV Presales / Design / Estimation experience in the UAE or GCC.,,,indeed_ae,2026-06-05 05:09:41.806921+00:00
Production Planning and Estimation Engineer Specialized in Metal Work Fabrication,SSART METAL INDUSTRY LLC.,Ajman,https://ae.indeed.com/rc/clk?jk=41c64edf957850ea&bb=CIQEMPb3YKGVxbIYGJnLKaLbtz5J1E2diDWjdIPP8it3KPxk9KEbB05szo3llgIAs80z66NDs7zB340r801N57N1DslXM012bLNmapki1LEN78dAykpKp5staQ2PlmgUtjP5Nfu4790v3QNMafNgIg%3D%3D&xkcb=SoCu67M3iLNw0NTDDZ0HbzkdCdPP&rjs=0&qd=Xd-cji1-rrfYy0m8LpokE8dF20pwsUrmctm8cTGFOXDOAPLLNYb6wmUg8gjYJafwpsXE23qShaYtGgdtUJu_X5BBGG-ayCiM-gQi8HpsYsLtZozk31ERKPJGlDLUboAG50chrnGX4B46HyqhlSj9xMohy02t3MX0n-6xoRHLk5Oh8V2c0duIS4mZo0TAq11Zl61No7XvcMPz961yBIpblougDO3NlIXerppYqweTrkxdIR2u4KVXi5XGrbZ08pfBgjrEyAE0GkSkYu3jG0wyzz3Y1gCYqZnOBVg83E4dTUONRmdqsl82tKvLrngbrijGWOxvghNOg8rM6Po_qXQU-g&atk=1jqb2vo7i26pt001,We are currently looking for an Experienced Production Planning and Estimation Engineer Specialized in Metal Work Fabrication for our factory in Ajman having a minimum of 2-3 years of experience in…,,,indeed_ae,2026-06-05 05:09:41.768044+00:00
Light Metal Fabricator,CTF Consoles,Dubai,https://ae.indeed.com/rc/clk?jk=f7c9b658015b7783&bb=CIQEMPb3YKGVxbIYGJnLKZUeM6xTvel9E_KvwhsYCJcZA9aAZSI29qwwW_qjnx5INBAuyMDRVZsjC0TUQy-S_2nWrQIGRw-xFMnaod9VCZaXQifIY3ti307Xt7JksBv5UggRjHjjbRYw9yRy5cW_KQ%3D%3D&xkcb=SoAg67M3iLNw0NTDDZ0AbzkdCdPP&rjs=0&qd=Xd-cji1-rrfYy0m8LpokE8dF20pwsUrmctm8cTGFOXDOAPLLNYb6wmUg8gjYJafwpsXE23qShaYtGgdtUJu_X5BBGG-ayCiM-gQi8HpsYsLtZozk31ERKPJGlDLUboAG50chrnGX4B46HyqhlSj9xMohy02t3MX0n-6xoRHLk5Oh8V2c0duIS4mZo0TAq11Zl61No7XvcMPz961yBIpblougDO3NlIXerppYqweTrkxdIR2u4KVXi5XGrbZ08pfBgjrEyAE0GkSkYu3jG0wyzz3Y1gCYqZnOBVg83E4dTUONRmdqsl82tKvLrngbrijGWOxvghNOg8rM6Po_qXQU-g&atk=1jqb2vo7i26pt001,"Maintain accurate fabrication records and report deviations or defects promptly to engineering or quality control teams. Collaborate closely with supervisors, design engineers and quality assurance to…",,,indeed_ae,2026-06-05 05:09:41.728784+00:00
Principal Weight Control Engineer,Worley,Abu Dhabi,https://ae.indeed.com/rc/clk?jk=412282f27d767c39&bb=CIQEMPb3YKGVxbIYGJnLKffDgKLgF_ZsqoAYDowtd6tsRcN3WKBKxu2bQEGqLz4nori0RWuaE4W693oEooZp0VD_GpgVxdcC5LiL2LrYS3QcieJGGGIL3Tc1YsoFtOO9DH6lZd1pqCE9mtxFr07BfQ%3D%3D&xkcb=SoCU67M3iLNw0NTDDZ0BbzkdCdPP&rjs=0&qd=Xd-cji1-rrfYy0m8LpokE8dF20pwsUrmctm8cTGFOXDOAPLLNYb6wmUg8gjYJafwpsXE23qShaYtGgdtUJu_X5BBGG-ayCiM-gQi8HpsYsLtZozk31ERKPJGlDLUboAG50chrnGX4B46HyqhlSj9xMohy02t3MX0n-6xoRHLk5Oh8V2c0duIS4mZo0TAq11Zl61No7XvcMPz961yBIpblougDO3NlIXerppYqweTrkxdIR2u4KVXi5XGrbZ08pfBgjrEyAE0GkSkYu3jG0wyzz3Y1gCYqZnOBVg83E4dTUONRmdqsl82tKvLrngbrijGWOxvghNOg8rM6Po_qXQU-g&atk=1jqb2vo7i26pt001,Degree in Civil/Structural Engineering or related field. Coordinate with engineers and project teams to resolve weight-related challenges. 18+ years of experience in Weight Management or related field…,,,indeed_ae,2026-06-05 05:09:41.687293+00:00
Materials Inspector,Parsons,Dubai,https://ae.indeed.com/rc/clk?jk=4c44480df7ecd13b&bb=CIQEMPb3YKGVxbIYGJnLKQkuYQiAtypfGlWcLO4clrYaT7fV7TGHsL5PIyx9h8NZB9BZnip9atSqfSxiG2FtGKAqCM89JAl4cVmPeMM_5jY9Fk908uP5kDG74bzQjXpErkvdhkjpdfpRWfX8wQrHtw%3D%3D&xkcb=SoAJ67M3iLNw0NTDDZ0CbzkdCdPP&rjs=0&qd=Xd-cji1-rrfYy0m8LpokE8dF20pwsUrmctm8cTGFOXDOAPLLNYb6wmUg8gjYJafwpsXE23qShaYtGgdtUJu_X5BBGG-ayCiM-gQi8HpsYsLtZozk31ERKPJGlDLUboAG50chrnGX4B46HyqhlSj9xMohy02t3MX0n-6xoRHLk5Oh8V2c0duIS4mZo0TAq11Zl61No7XvcMPz961yBIpblougDO3NlIXerppYqweTrkxdIR2u4KVXi5XGrbZ08pfBgjrEyAE0GkSkYu3jG0wyzz3Y1gCYqZnOBVg83E4dTUONRmdqsl82tKvLrngbrijGWOxvghNOg8rM6Po_qXQU-g&atk=1jqb2vo7i26pt001,"Diploma or B.Sc. in Civil Engineering, Construction Technology, or Materials Engineering. RTA and/or Dubai Municipality approval as a Material Inspector.",,,indeed_ae,2026-06-05 05:09:41.630515+00:00
QA-QC Engineer - Fit-Out,Golden Line Team Interior Design Implementation...,Abu Dhabi,https://ae.indeed.com/rc/clk?jk=3d99e38709c50bf7&bb=CIQEMPb3YKGVxbIYGJnLKVl6a4sOfu1stNIFW8zBJsnWRWcB5GZnWqVIxp9n-VHYvtVfLBk0ymCfgb2_b9AyNqLO7l5st95SSREVyODCWBSDqUbvrNJxXajnzvY4wttzvUr3VskAZ-uF_cAO7VMs9w%3D%3D&xkcb=SoC967M3iLNw0NTDDZ0DbzkdCdPP&rjs=0&qd=Xd-cji1-rrfYy0m8LpokE8dF20pwsUrmctm8cTGFOXDOAPLLNYb6wmUg8gjYJafwpsXE23qShaYtGgdtUJu_X5BBGG-ayCiM-gQi8HpsYsLtZozk31ERKPJGlDLUboAG50chrnGX4B46HyqhlSj9xMohy02t3MX0n-6xoRHLk5Oh8V2c0duIS4mZo0TAq11Zl61No7XvcMPz961yBIpblougDO3NlIXerppYqweTrkxdIR2u4KVXi5XGrbZ08pfBgjrEyAE0GkSkYu3jG0wyzz3Y1gCYqZnOBVg83E4dTUONRmdqsl82tKvLrngbrijGWOxvghNOg8rM6Po_qXQU-g&atk=1jqb2vo7i26pt001,"The successful candidate will be responsible for ensuring that all construction activities comply with approved drawings, specifications, method statements, and quality standards.",,,indeed_ae,2026-06-05 05:09:41.588820+00:00
Façade Site Engineer,Cornerstone Middle East,Dubai,https://ae.indeed.com/rc/clk?jk=d2c742a5ae5e8a42&bb=CIQEMPb3YKGVxbIYGJnLKYrpBbL9JfyYj53l7BYg3x31n7f2kR8PSAaT7PfY9XUXyE7eXKHpmpvOticma10gYqTyRddAmHrcdrQWa_c9PaRBdvqx_r3SOvIE2RgO9noaOUkJ8dWhgResRHNvrIJInA%3D%3D&xkcb=SoBU67M3iLNw0NTDDZ0MbzkdCdPP&rjs=0&qd=Xd-cji1-rrfYy0m8LpokE8dF20pwsUrmctm8cTGFOXDOAPLLNYb6wmUg8gjYJafwpsXE23qShaYtGgdtUJu_X5BBGG-ayCiM-gQi8HpsYsLtZozk31ERKPJGlDLUboAG50chrnGX4B46HyqhlSj9xMohy02t3MX0n-6xoRHLk5Oh8V2c0duIS4mZo0TAq11Zl61No7XvcMPz961yBIpblougDO3NlIXerppYqweTrkxdIR2u4KVXi5XGrbZ08pfBgjrEyAE0GkSkYu3jG0wyzz3Y1gCYqZnOBVg83E4dTUONRmdqsl82tKvLrngbrijGWOxvghNOg8rM6Po_qXQU-g&atk=1jqb2vo7i26pt001,Knowledge of AutoCAD or other relevant engineering software . E / Diploma in Civil or Mechanical Engineering. Experience working on high-rise or complex façade projects in the UAE.,,,indeed_ae,2026-06-05 05:09:41.545484+00:00
Legal Advisor – Real Estate & Property Development,Louis Feraud Paris LLC,Dubai,https://ae.indeed.com/rc/clk?jk=f8823a950517ff26&bb=CIQEMPb3YKGVxbIYGJnLKVoIamsmfe4b7xj-8Q1Rv4Xykl-RnGs7O3_1YoVvrTzM6EwIVLpstr4YPOTfV8fZqN7NdTVOftrDWWuweuAfrWmhk1CCCjFdxvsvnrMhsxgU1llpDfnFeJi16sK14Aj4YQ%3D%3D&xkcb=SoDg67M3iLNw0NTDDZ0NbzkdCdPP&rjs=0&qd=Xd-cji1-rrfYy0m8LpokE8dF20pwsUrmctm8cTGFOXDOAPLLNYb6wmUg8gjYJafwpsXE23qShaYtGgdtUJu_X5BBGG-ayCiM-gQi8HpsYsLtZozk31ERKPJGlDLUboAG50chrnGX4B46HyqhlSj9xMohy02t3MX0n-6xoRHLk5Oh8V2c0duIS4mZo0TAq11Zl61No7XvcMPz961yBIpblougDO3NlIXerppYqweTrkxdIR2u4KVXi5XGrbZ08pfBgjrEyAE0GkSkYu3jG0wyzz3Y1gCYqZnOBVg83E4dTUONRmdqsl82tKvLrngbrijGWOxvghNOg8rM6Po_qXQU-g&atk=1jqb2vo7i26pt001,"Ensure full compliance with UAE Federal laws and Dubai real estate regulations, including requirements issued by authorities such as *Dubai Land Department (DLD), RERA, and relevant free zone or…",,,indeed_ae,2026-06-05 05:09:41.505082+00:00
Senior Machine Learning Engineer,Multibank Group,Dubai,https://ae.indeed.com/rc/clk?jk=a9404e95572cb225&bb=CIQEMPb3YKGVxbIYGJnLKatl0rxdKFkccUdUfw9bXnLMyxoLr_y4AiR00mjws2Kd8BMiwae3UmUMSNdHxKFunTvEAWyaZ_yILx1UvWBGcj3xLkyiz0SzbhwF67rfA1uDlos5VVJcRBnQEh-LStXnAQ%3D%3D&xkcb=SoB967M3iLNw0NTDDZ0ObzkdCdPP&rjs=0&qd=Xd-cji1-rrfYy0m8LpokE8dF20pwsUrmctm8cTGFOXDOAPLLNYb6wmUg8gjYJafwpsXE23qShaYtGgdtUJu_X5BBGG-ayCiM-gQi8HpsYsLtZozk31ERKPJGlDLUboAG50chrnGX4B46HyqhlSj9xMohy02t3MX0n-6xoRHLk5Oh8V2c0duIS4mZo0TAq11Zl61No7XvcMPz961yBIpblougDO3NlIXerppYqweTrkxdIR2u4KVXi5XGrbZ08pfBgjrEyAE0GkSkYu3jG0wyzz3Y1gCYqZnOBVg83E4dTUONRmdqsl82tKvLrngbrijGWOxvghNOg8rM6Po_qXQU-g&atk=1jqb2vo7i26pt001,"7 to 15 or more years of experience in software engineering, data science, or ML engineering. Fintech or financial services experience is an advantage.",,,indeed_ae,2026-06-05 05:09:41.465189+00:00
Steel fixer,Transfast Group of Companies,Dubai,https://ae.indeed.com/rc/clk?jk=6bbaa57ce76e4ad4&bb=CIQEMPb3YKGVxbIYGJnLKTqhbIL4vVaUYSHGzAP5bzLqOAD-7UnK03_TNRV793A3jbUVmpt68wLd_56HWZoyqUhIFceRFl1WTVE55Gqivvt6GnF1L8fzWvpswK5WKFjodmoTIESWU5_aP05lSUclgQ%3D%3D&xkcb=SoDJ67M3iLNw0NTDDZ0PbzkdCdPP&rjs=0&qd=Xd-cji1-rrfYy0m8LpokE8dF20pwsUrmctm8cTGFOXDOAPLLNYb6wmUg8gjYJafwpsXE23qShaYtGgdtUJu_X5BBGG-ayCiM-gQi8HpsYsLtZozk31ERKPJGlDLUboAG50chrnGX4B46HyqhlSj9xMohy02t3MX0n-6xoRHLk5Oh8V2c0duIS4mZo0TAq11Zl61No7XvcMPz961yBIpblougDO3NlIXerppYqweTrkxdIR2u4KVXi5XGrbZ08pfBgjrEyAE0GkSkYu3jG0wyzz3Y1gCYqZnOBVg83E4dTUONRmdqsl82tKvLrngbrijGWOxvghNOg8rM6Po_qXQU-g&atk=1jqb2vo7i26pt001,"High school education or equivalent (preferred). Previous experience as a Steel Fixer in building, infrastructure, or civil projects. They work closely with engineers , supervisors, and construction…",,,indeed_ae,2026-06-05 05:09:41.414484+00:00
"Sr. Commissioning Engineer (I&C) - Offshore, WHT, Subsea & Piping",Penspen,Abu Dhabi,https://ae.indeed.com/rc/clk?jk=88f5fdb10e49b8cd&bb=CIQEMPb3YKGVxbIYGJnLKVl6a4sOfu1sEkQUsFXJD3f5ts7uVOvHb_mxhCH34vOD0m8XwZIOCr18daw3FVpNZkbGH6tKIo2UTWF5UFAqIBFKwrKl3brC3bDyMy57IuILN0HIbpJG9t3EeOQOBJkK9w%3D%3D&xkcb=SoBH67M3iLNw0NTDDZ0IbzkdCdPP&rjs=0&qd=Xd-cji1-rrfYy0m8LpokE8dF20pwsUrmctm8cTGFOXDOAPLLNYb6wmUg8gjYJafwpsXE23qShaYtGgdtUJu_X5BBGG-ayCiM-gQi8HpsYsLtZozk31ERKPJGlDLUboAG50chrnGX4B46HyqhlSj9xMohy02t3MX0n-6xoRHLk5Oh8V2c0duIS4mZo0TAq11Zl61No7XvcMPz961yBIpblougDO3NlIXerppYqweTrkxdIR2u4KVXi5XGrbZ08pfBgjrEyAE0GkSkYu3jG0wyzz3Y1gCYqZnOBVg83E4dTUONRmdqsl82tKvLrngbrijGWOxvghNOg8rM6Po_qXQU-g&atk=1jqb2vo7i26pt001,"The candidates should have Bachelor’s Degree in Instrumentation/ Control Systems/ Electrical & Electronics Engineering from an accredited university. Responsible for ensuring that all instrumentation,…",,,indeed_ae,2026-06-05 05:09:41.367929+00:00
Site Supervisor - Residential & Villas,Tint Tone And Shade,Dubai,https://ae.indeed.com/rc/clk?jk=a3994dd99536f683&bb=CIQEMPb3YKGVxbIYGJnLKQ4rYfsX-Y6-MBJst8swmCMgMii9KiMO45GnFlHp_aDZxbR3Hjmx8mmKJEeaX__UNxgFxn7abTibkgbsl5r8mEZiq_xAZNjN90wzr6I7do9JgGTM6nFQtz4ZQdJxEgDIBg%3D%3D&xkcb=SoDz67M3iLNw0NTDDZ0JbzkdCdPP&rjs=0&qd=Xd-cji1-rrfYy0m8LpokE8dF20pwsUrmctm8cTGFOXDOAPLLNYb6wmUg8gjYJafwpsXE23qShaYtGgdtUJu_X5BBGG-ayCiM-gQi8HpsYsLtZozk31ERKPJGlDLUboAG50chrnGX4B46HyqhlSj9xMohy02t3MX0n-6xoRHLk5Oh8V2c0duIS4mZo0TAq11Zl61No7XvcMPz961yBIpblougDO3NlIXerppYqweTrkxdIR2u4KVXi5XGrbZ08pfBgjrEyAE0GkSkYu3jG0wyzz3Y1gCYqZnOBVg83E4dTUONRmdqsl82tKvLrngbrijGWOxvghNOg8rM6Po_qXQU-g&atk=1jqb2vo7i26pt001,"Diploma/Degree in Civil Engineering or related field. We are hiring a Site Engineer with UAE experience in joinery and residential fit-out to manage site execution, supervise installations, and ensure…",,,indeed_ae,2026-06-05 05:09:41.327080+00:00
Senior Technical R&D Specialist,KRONES Middle East Africa,Dubai,https://ae.indeed.com/rc/clk?jk=d3acbe52c8a24334&bb=CIQEMPb3YKGVxbIYGJnLKaU1u7jPR9EkauLrpaiOn-WddykhHK9V8GsoyRPEeKR-Ps5RNbhpKmBxU2KzYvkwcLjTeDMmGM34C-NxbR-GToDDMsg5XGEBn1z8SMujJxAF5s9wo8aM5xGX7hLTo1R0Wg%3D%3D&xkcb=SoBu67M3iLNw0NTDDZ0KbzkdCdPP&rjs=0&qd=Xd-cji1-rrfYy0m8LpokE8dF20pwsUrmctm8cTGFOXDOAPLLNYb6wmUg8gjYJafwpsXE23qShaYtGgdtUJu_X5BBGG-ayCiM-gQi8HpsYsLtZozk31ERKPJGlDLUboAG50chrnGX4B46HyqhlSj9xMohy02t3MX0n-6xoRHLk5Oh8V2c0duIS4mZo0TAq11Zl61No7XvcMPz961yBIpblougDO3NlIXerppYqweTrkxdIR2u4KVXi5XGrbZ08pfBgjrEyAE0GkSkYu3jG0wyzz3Y1gCYqZnOBVg83E4dTUONRmdqsl82tKvLrngbrijGWOxvghNOg8rM6Po_qXQU-g&atk=1jqb2vo7i26pt001,Project management or equivalent; PMP certification preferred. Oversee pilot testing and validation of new processes before full-scale implementation.,,,indeed_ae,2026-06-05 05:09:41.285012+00:00
Irrigation Engineer,PERFECT TECHNICAL WORKS & LANDSCAPING LLC,Dubai,https://ae.indeed.com/rc/clk?jk=27e51998f993c4cc&bb=CIQEMPb3YKGVxbIYGJnLKevFJHoMJbwxGztyeLiQ6MKZtEZDAaKUQlnRxNaWA4c9jrysCQlkPXfugidawGKG8KFK6z_B2ICxvA5BOlG6M2z7jQeUc2jf2Fv2Dhl67EnV_0eMnwv0WMtd5UNeOSXKSg%3D%3D&xkcb=SoDa67M3iLNw0NTDDZ0LbzkdCdPP&rjs=0&qd=Xd-cji1-rrfYy0m8LpokE8dF20pwsUrmctm8cTGFOXDOAPLLNYb6wmUg8gjYJafwpsXE23qShaYtGgdtUJu_X5BBGG-ayCiM-gQi8HpsYsLtZozk31ERKPJGlDLUboAG50chrnGX4B46HyqhlSj9xMohy02t3MX0n-6xoRHLk5Oh8V2c0duIS4mZo0TAq11Zl61No7XvcMPz961yBIpblougDO3NlIXerppYqweTrkxdIR2u4KVXi5XGrbZ08pfBgjrEyAE0GkSkYu3jG0wyzz3Y1gCYqZnOBVg83E4dTUONRmdqsl82tKvLrngbrijGWOxvghNOg8rM6Po_qXQU-g&atk=1jqb2vo7i26pt001,"Proficiency in AutoCAD, MS Office, and irrigation design software . Bachelor's Degree in Agricultural Engineering, Irrigation Engineering, Civil Engineering, Landscape Engineering, or a related field.",,,indeed_ae,2026-06-05 05:09:41.232399+00:00
Finishing Foreman,Haleimah Ali Technical Services LLC,Dubai,https://ae.indeed.com/rc/clk?jk=4557276690ecac41&bb=afmiQrchVGHcV8ajxexHYtppiY8ZoryMyFF6MPlxveBikdW5K1ONc5-XnxRMTB_Q-kA_ZBYqXwJVAc9occwm2ffGeEQxFG_jwDBJqdw9J-cxJH19VH98wnCE6z3WEaQbR4D67XnOA9z0JQ0r5YeI7g%3D%3D&xkcb=SoAG67M3iLNxo1zDa50TbzkdCdPP&rjs=0&qd=Xd-cji1-rrfYy0m8LpokE8dF20pwsUrmctm8cTGFOXDOAPLLNYb6wmUg8gjYJafwpsXE23qShaYtGgdtUJu_X5BBGG-ayCiM-gQi8HpsYsLtZozk31ERKPJGlDLUboAG50chrnGX4B46HyqhlSj9xMohy02t3MX0n-6xoRHLk5Oh8V2c0duIS4mZo0TAq11Zl61No7XvcMPz961yBIpblougDO3NlIXerppYqweTrkxdIR2u4KVXi5XGrbZ08pfBgjrEyAE0GkSkYu3jG0wyzz3Y1gCYqZnOBVg83E4dTUN4kaTTY9nPuzpWhGbCOaxlWOxvghNOg8rM6Po_qXQU-g&atk=1jqb2vjk626sf000,"Coordinate with main contractors, site engineers , and project management teams. Experience working on residential, commercial, hospitality, or high-rise projects. Must be fluent in Hindi..",,,indeed_ae,2026-06-05 05:09:37.569404+00:00
"Sr. Commissioning Engr. (Process & Utility) - Offshore, WHT, Subsea",Penspen,Abu Dhabi,https://ae.indeed.com/rc/clk?jk=eae7fec351d6670f&bb=afmiQrchVGHcV8ajxexHYoMEa5FT3Kz8AjR-vHC7stTSOl6EZ28HoAB5cJ7FsfNqiQDZdvHfYQEHpseHPGrAcP4RuEGdKmLsefugcW5QNLl_RVSHnl0vqOLl0hOb81CuouhayQXb18fR2UwY8mWAsQ%3D%3D&xkcb=SoDv67M3iLNxo1zDa50cbzkdCdPP&rjs=0&qd=Xd-cji1-rrfYy0m8LpokE8dF20pwsUrmctm8cTGFOXDOAPLLNYb6wmUg8gjYJafwpsXE23qShaYtGgdtUJu_X5BBGG-ayCiM-gQi8HpsYsLtZozk31ERKPJGlDLUboAG50chrnGX4B46HyqhlSj9xMohy02t3MX0n-6xoRHLk5Oh8V2c0duIS4mZo0TAq11Zl61No7XvcMPz961yBIpblougDO3NlIXerppYqweTrkxdIR2u4KVXi5XGrbZ08pfBgjrEyAE0GkSkYu3jG0wyzz3Y1gCYqZnOBVg83E4dTUN4kaTTY9nPuzpWhGbCOaxlWOxvghNOg8rM6Po_qXQU-g&atk=1jqb2vjk626sf000,"The candidates should have Bachelor's Degree in related engineering discipline from an accredited university. Execute Process and Utility commissioning activities for offshore oil & gas projects,…",,,indeed_ae,2026-06-05 05:09:37.524106+00:00
Civil Engineer,ACE STAR CONTRACTING L L C,Dubai,https://ae.indeed.com/rc/clk?jk=fc97b341b52faf5d&bb=afmiQrchVGHcV8ajxexHYoEmSTu98hD0FR1g-tvOwhpF0y4grwEa_Vm0o783qU80ENBUbrkMo8hc7La7zXJ2XKRAAJgkPfR74IwFEPZvv1UrsqG546MY8nJ1tQBSLX4arCngRDEnHXyRnRra3MN-VQ%3D%3D&xkcb=SoBb67M3iLNxo1zDa50dbzkdCdPP&rjs=0&qd=Xd-cji1-rrfYy0m8LpokE8dF20pwsUrmctm8cTGFOXDOAPLLNYb6wmUg8gjYJafwpsXE23qShaYtGgdtUJu_X5BBGG-ayCiM-gQi8HpsYsLtZozk31ERKPJGlDLUboAG50chrnGX4B46HyqhlSj9xMohy02t3MX0n-6xoRHLk5Oh8V2c0duIS4mZo0TAq11Zl61No7XvcMPz961yBIpblougDO3NlIXerppYqweTrkxdIR2u4KVXi5XGrbZ08pfBgjrEyAE0GkSkYu3jG0wyzz3Y1gCYqZnOBVg83E4dTUN4kaTTY9nPuzpWhGbCOaxlWOxvghNOg8rM6Po_qXQU-g&atk=1jqb2vjk626sf000,"' Civil Engineer - Dubai Municipality Certified' - All Rounder. Civil Engineer -with Experience in Fit out, Renovation Building construction. Whatsapp - 058 110 63 69*.",,,indeed_ae,2026-06-05 05:09:37.483872+00:00
"Supervisor Commissioning (Mechanical System) - Offshore, WHT, Subsea Piping BFs",Penspen,Abu Dhabi,https://ae.indeed.com/rc/clk?jk=6a5a58c2c0fdb784&bb=afmiQrchVGHcV8ajxexHYvgnkBcCYZd48v96HP0WMqa2d23HpWRl9KRVp-Jbnkj-NPOqOoP3BpEeEKWtxGRnGNveVlO44EBRraT6XN5AXBPZLt0_3AjoZ18AsUf2vXES5fHUB7DAMCN8FKHtgNcpUQ%3D%3D&xkcb=SoDG67M3iLNxo1zDa50ebzkdCdPP&rjs=0&qd=Xd-cji1-rrfYy0m8LpokE8dF20pwsUrmctm8cTGFOXDOAPLLNYb6wmUg8gjYJafwpsXE23qShaYtGgdtUJu_X5BBGG-ayCiM-gQi8HpsYsLtZozk31ERKPJGlDLUboAG50chrnGX4B46HyqhlSj9xMohy02t3MX0n-6xoRHLk5Oh8V2c0duIS4mZo0TAq11Zl61No7XvcMPz961yBIpblougDO3NlIXerppYqweTrkxdIR2u4KVXi5XGrbZ08pfBgjrEyAE0GkSkYu3jG0wyzz3Y1gCYqZnOBVg83E4dTUN4kaTTY9nPuzpWhGbCOaxlWOxvghNOg8rM6Po_qXQU-g&atk=1jqb2vjk626sf000,"Escalate technical issues to Commissioning Engineers or Leads when necessary. Report commissioning status, risks, and technical issues to the Commissioning Engineer or Commissioning Lead.",,,indeed_ae,2026-06-05 05:09:37.436703+00:00
Sales Engineer (Arabic),TSHYED ALMSTQBAL BUILDING MATERIALS TRADING CO....,Dubai,https://ae.indeed.com/rc/clk?jk=45cd41c18526ba4b&bb=afmiQrchVGHcV8ajxexHYhcLf1ZDoqKxNbZmoQ3dzGMj_vQg1XNBtEg_2TdmsjOOSn1xDqXCiePmeGRyimq5Iy6E0R-AiaeHe4L8nGcvKZFLIMem-kbXqCKnlZhSpwRIZJBZ2faz6z8CIAXJvgjMMQ%3D%3D&xkcb=SoBy67M3iLNxo1zDa50fbzkdCdPP&rjs=0&qd=Xd-cji1-rrfYy0m8LpokE8dF20pwsUrmctm8cTGFOXDOAPLLNYb6wmUg8gjYJafwpsXE23qShaYtGgdtUJu_X5BBGG-ayCiM-gQi8HpsYsLtZozk31ERKPJGlDLUboAG50chrnGX4B46HyqhlSj9xMohy02t3MX0n-6xoRHLk5Oh8V2c0duIS4mZo0TAq11Zl61No7XvcMPz961yBIpblougDO3NlIXerppYqweTrkxdIR2u4KVXi5XGrbZ08pfBgjrEyAE0GkSkYu3jG0wyzz3Y1gCYqZnOBVg83E4dTUN4kaTTY9nPuzpWhGbCOaxlWOxvghNOg8rM6Po_qXQU-g&atk=1jqb2vjk626sf000,Design interior & exterior lighting using DIALux or similar tools. Degree in Architectural Engineering or related field.. Familiarity with lighting design software is a plus..,,,indeed_ae,2026-06-05 05:09:37.390860+00:00
Odoo Developer (3–5 Years Experience),Commerce9 FZCO,Dubai,https://ae.indeed.com/rc/clk?jk=360b1fa6de7da6a1&bb=afmiQrchVGHcV8ajxexHYve1cyL2F6qbiJIQJ0Q9mdGyj7HBKXtesEbp7wi1MKmX_cG2Cek969JgZgs4eVzAnzi5Fgy_R5luVIMVjnMqbIaBtd3qeNXkWxauueeVuyhxgqLsCFPIpH1qI-LzaNZArQ%3D%3D&xkcb=SoD867M3iLNxo1zDa50YbzkdCdPP&rjs=0&qd=Xd-cji1-rrfYy0m8LpokE8dF20pwsUrmctm8cTGFOXDOAPLLNYb6wmUg8gjYJafwpsXE23qShaYtGgdtUJu_X5BBGG-ayCiM-gQi8HpsYsLtZozk31ERKPJGlDLUboAG50chrnGX4B46HyqhlSj9xMohy02t3MX0n-6xoRHLk5Oh8V2c0duIS4mZo0TAq11Zl61No7XvcMPz961yBIpblougDO3NlIXerppYqweTrkxdIR2u4KVXi5XGrbZ08pfBgjrEyAE0GkSkYu3jG0wyzz3Y1gCYqZnOBVg83E4dTUN4kaTTY9nPuzpWhGbCOaxlWOxvghNOg8rM6Po_qXQU-g&atk=1jqb2vjk626sf000,"We are seeking a skilled Odoo Developer with 2–4 years of hands-on experience in developing, customizing, and maintaining Odoo ERP applications. Integrate Odoo with external systems and APIs.",,,indeed_ae,2026-06-05 05:09:37.350751+00:00
Civil Foreman,AL HIKMA BUILDING CONTRACTING LLC,Dubai,https://ae.indeed.com/rc/clk?jk=28f92910ed2815e1&bb=afmiQrchVGHcV8ajxexHYiVxDQp7wglmBab5MV4qMRY7DfCxmErO_4D4-nIxTOfLb-ohL8L3-aRYRM-e47wiDN0l5lOys8wWPhBknKSlPZIYRolLLs2Ov6Eowi_9UUxIjrFOIBRsZw8O5P7smGi7BA%3D%3D&xkcb=SoBI67M3iLNxo1zDa50ZbzkdCdPP&rjs=0&qd=Xd-cji1-rrfYy0m8LpokE8dF20pwsUrmctm8cTGFOXDOAPLLNYb6wmUg8gjYJafwpsXE23qShaYtGgdtUJu_X5BBGG-ayCiM-gQi8HpsYsLtZozk31ERKPJGlDLUboAG50chrnGX4B46HyqhlSj9xMohy02t3MX0n-6xoRHLk5Oh8V2c0duIS4mZo0TAq11Zl61No7XvcMPz961yBIpblougDO3NlIXerppYqweTrkxdIR2u4KVXi5XGrbZ08pfBgjrEyAE0GkSkYu3jG0wyzz3Y1gCYqZnOBVg83E4dTUN4kaTTY9nPuzpWhGbCOaxlWOxvghNOg8rM6Po_qXQU-g&atk=1jqb2vjk626sf000,Minimum 2 years of UAE experience as a Civil Foreman. Mandatory experience in High-Rise Building Construction Projects. Mandatory experience working with a Main Contractor in the UAE.,,,indeed_ae,2026-06-05 05:09:37.282417+00:00
Ultrasonic Thickness Gauging (UTG / UTM) Technican,TPS ENGINEERING SERVICES LLC,Dubai,https://ae.indeed.com/rc/clk?jk=5533a1e1aee2cb29&bb=afmiQrchVGHcV8ajxexHYhZHWdTNuxXWDlNcigc9tSLWPd_uR64zAuwXGAiDnmtPcis76yG9mlm2xuXVz1EtIsZF_I2ddimi3jGC2YcMM7jmaGBIkDKDGuiwwkI85t2_pqGPO2siNfvysRPYqFBYmw%3D%3D&xkcb=SoDV67M3iLNxo1zDa50abzkdCdPP&rjs=0&qd=Xd-cji1-rrfYy0m8LpokE8dF20pwsUrmctm8cTGFOXDOAPLLNYb6wmUg8gjYJafwpsXE23qShaYtGgdtUJu_X5BBGG-ayCiM-gQi8HpsYsLtZozk31ERKPJGlDLUboAG50chrnGX4B46HyqhlSj9xMohy02t3MX0n-6xoRHLk5Oh8V2c0duIS4mZo0TAq11Zl61No7XvcMPz961yBIpblougDO3NlIXerppYqweTrkxdIR2u4KVXi5XGrbZ08pfBgjrEyAE0GkSkYu3jG0wyzz3Y1gCYqZnOBVg83E4dTUN4kaTTY9nPuzpWhGbCOaxlWOxvghNOg8rM6Po_qXQU-g&atk=1jqb2vjk626sf000,"Degree or diploma in Civil Engineering, Surveying, or a related field. Proficiency in relevant survey and estimation software . Coordinate with project managers, engineers , and clients.",,,indeed_ae,2026-06-05 05:09:37.242122+00:00
Construction - Project Manager,DESIGNSMITH INTERIORS LLC,Dubai,https://ae.indeed.com/rc/clk?jk=1905d2de34dedb9e&bb=afmiQrchVGHcV8ajxexHYurTSf5CkzU4P5McRzrsjqeH911gzYytpOAxgJmrSOUasaVPNRrpKzFUdmu_rvt4hV0P0QVhRu-VdFWB9fEZ4CkDdKVxbQL2-AmuJsE0u6JuJkzp1zLEJ3JOAlA1GnIDoA%3D%3D&xkcb=SoBh67M3iLNxo1zDa50bbzkdCdPP&rjs=0&qd=Xd-cji1-rrfYy0m8LpokE8dF20pwsUrmctm8cTGFOXDOAPLLNYb6wmUg8gjYJafwpsXE23qShaYtGgdtUJu_X5BBGG-ayCiM-gQi8HpsYsLtZozk31ERKPJGlDLUboAG50chrnGX4B46HyqhlSj9xMohy02t3MX0n-6xoRHLk5Oh8V2c0duIS4mZo0TAq11Zl61No7XvcMPz961yBIpblougDO3NlIXerppYqweTrkxdIR2u4KVXi5XGrbZ08pfBgjrEyAE0GkSkYu3jG0wyzz3Y1gCYqZnOBVg83E4dTUN4kaTTY9nPuzpWhGbCOaxlWOxvghNOg8rM6Po_qXQU-g&atk=1jqb2vjk626sf000,"Assign daily tasks and responsibilities to site engineers and foremen. Escalate contractual, financial, or major scope deviations to Sr. PM/Project Director. Safety compliance (zero LTI incidents).",,,indeed_ae,2026-06-05 05:09:37.200478+00:00
Senior Manager – Operations Transformation C&IB,Emirates NBD,UAE,https://ae.indeed.com/rc/clk?jk=633befea82114282&bb=afmiQrchVGHcV8ajxexHYud3xmHzk-H5ykX4V5IQ2YD3m9-XzltPtF0GWy-YGMUvD-rWVWZezXL99NAuNVqK-pUglT6qEWseFKogUUMlyIlVKY5kEvL93iMH_3Meem1s5oEct2MEVm3IpMrMJWfUkw%3D%3D&xkcb=SoBG67M3iLNxo1zDa50EbzkdCdPP&rjs=0&qd=Xd-cji1-rrfYy0m8LpokE8dF20pwsUrmctm8cTGFOXDOAPLLNYb6wmUg8gjYJafwpsXE23qShaYtGgdtUJu_X5BBGG-ayCiM-gQi8HpsYsLtZozk31ERKPJGlDLUboAG50chrnGX4B46HyqhlSj9xMohy02t3MX0n-6xoRHLk5Oh8V2c0duIS4mZo0TAq11Zl61No7XvcMPz961yBIpblougDO3NlIXerppYqweTrkxdIR2u4KVXi5XGrbZ08pfBgjrEyAE0GkSkYu3jG0wyzz3Y1gCYqZnOBVg83E4dTUN4kaTTY9nPuzpWhGbCOaxlWOxvghNOg8rM6Po_qXQU-g&atk=1jqb2vjk626sf000,"Proven experience in leading or supporting transformation projects from business or IT side e.g. Re-organization of Operating model, Re-platforming. Identify processes improvement and risk mitigation…",,,indeed_ae,2026-06-05 05:09:37.158031+00:00
Elevator Engineer,SOURCES AND SOLUTIONS OF ELEVATORS LLC,Abu Dhabi,https://ae.indeed.com/rc/clk?jk=5ac7eb1700d93f4c&bb=afmiQrchVGHcV8ajxexHYoEmSTu98hD0sCJ48eMQq0rHF_2NO9X6-hWw0jDTHru13b8CDkSpukVLfggfx996KPRorc1ZEbnnBaSsTOCG6_U6jGPHh62rhu4j4ZgiQIj8gFYdDwIWcqNwKsuuXJlfaw%3D%3D&xkcb=SoDy67M3iLNxo1zDa50FbzkdCdPP&rjs=0&qd=Xd-cji1-rrfYy0m8LpokE8dF20pwsUrmctm8cTGFOXDOAPLLNYb6wmUg8gjYJafwpsXE23qShaYtGgdtUJu_X5BBGG-ayCiM-gQi8HpsYsLtZozk31ERKPJGlDLUboAG50chrnGX4B46HyqhlSj9xMohy02t3MX0n-6xoRHLk5Oh8V2c0duIS4mZo0TAq11Zl61No7XvcMPz961yBIpblougDO3NlIXerppYqweTrkxdIR2u4KVXi5XGrbZ08pfBgjrEyAE0GkSkYu3jG0wyzz3Y1gCYqZnOBVg83E4dTUN4kaTTY9nPuzpWhGbCOaxlWOxvghNOg8rM6Po_qXQU-g&atk=1jqb2vjk626sf000,"We are looking for Elevator Engineer to supervise, manage and plan the elevator technicians. Valid Driving License (preferred but not mandatory). 1 to 2 years of Elevator experince.",,,indeed_ae,2026-06-05 05:09:37.114913+00:00
QC Inspection Engineer (API 653/ API 570),Eiwaa Oil and Gas Services LLC,Sharjah,https://ae.indeed.com/rc/clk?jk=48a517e185e25e95&bb=afmiQrchVGHcV8ajxexHYvl4MZNu11BFdHSK2GdGO8q3jxe-QuuuFMVhe1mMQuJgX9D1G8idjaOZ78xS8u4Sw_mOvSOJwGvuS1QJoz83dJi3RCEXfZoMiVju8lham5fX8-61LD6nQJkypPYyet-Q1g%3D%3D&xkcb=SoBv67M3iLNxo1zDa50GbzkdCdPP&rjs=0&qd=Xd-cji1-rrfYy0m8LpokE8dF20pwsUrmctm8cTGFOXDOAPLLNYb6wmUg8gjYJafwpsXE23qShaYtGgdtUJu_X5BBGG-ayCiM-gQi8HpsYsLtZozk31ERKPJGlDLUboAG50chrnGX4B46HyqhlSj9xMohy02t3MX0n-6xoRHLk5Oh8V2c0duIS4mZo0TAq11Zl61No7XvcMPz961yBIpblougDO3NlIXerppYqweTrkxdIR2u4KVXi5XGrbZ08pfBgjrEyAE0GkSkYu3jG0wyzz3Y1gCYqZnOBVg83E4dTUN4kaTTY9nPuzpWhGbCOaxlWOxvghNOg8rM6Po_qXQU-g&atk=1jqb2vjk626sf000,We are seeking a highly experienced QC Inspection Engineer to lead our quality assurance and quality control operations for In-Service Inspection of storage tank and Piping projects.,,,indeed_ae,2026-06-05 05:09:37.067471+00:00
Pre-Sales Engineer [BMS - ACR/ELV Division],Wotek FZE,Dubai,https://ae.indeed.com/rc/clk?jk=93cc8c9ce39a1ae8&bb=afmiQrchVGHcV8ajxexHYnR-2xuezNGtuqKgTuOjCK40eNhKVwySprelvIywNp6y20KoSGqh8TixtHDxdiKZZebDqErVbqHK5-Tvu-0StbKS2EY639V937d-MKtm7Wfl6XpKZc3UmydnD4OjBxfypQ%3D%3D&xkcb=SoDb67M3iLNxo1zDa50HbzkdCdPP&rjs=0&qd=Xd-cji1-rrfYy0m8LpokE8dF20pwsUrmctm8cTGFOXDOAPLLNYb6wmUg8gjYJafwpsXE23qShaYtGgdtUJu_X5BBGG-ayCiM-gQi8HpsYsLtZozk31ERKPJGlDLUboAG50chrnGX4B46HyqhlSj9xMohy02t3MX0n-6xoRHLk5Oh8V2c0duIS4mZo0TAq11Zl61No7XvcMPz961yBIpblougDO3NlIXerppYqweTrkxdIR2u4KVXi5XGrbZ08pfBgjrEyAE0GkSkYu3jG0wyzz3Y1gCYqZnOBVg83E4dTUN4kaTTY9nPuzpWhGbCOaxlWOxvghNOg8rM6Po_qXQU-g&atk=1jqb2vjk626sf000,"Must be from Engineering background. Minimum 2 years experience in AutoCAD. Proficiency in MS Office (Excel, Word, PowerPoint, Outlook). Strong communication and organizational skills.",,,indeed_ae,2026-06-05 05:09:37.028759+00:00
Architect (Emirati National),Stantec,Dubai,https://ae.indeed.com/rc/clk?jk=c2b23ec8ea768564&bb=afmiQrchVGHcV8ajxexHYkSEXW0UXet1yKn3T55-IM81KJDSOz8yLtTZN-8EIpXE7c9UGSHCRXSYX3z1ckS5bjZqMGDIEA7YjgkdhjH9XwWw9HQZ2Vw5L2miKiKZHtX9h60xSDFtKcudw3XGtCk-5A%3D%3D&xkcb=SoBV67M3iLNxo1zDa50AbzkdCdPP&rjs=0&qd=Xd-cji1-rrfYy0m8LpokE8dF20pwsUrmctm8cTGFOXDOAPLLNYb6wmUg8gjYJafwpsXE23qShaYtGgdtUJu_X5BBGG-ayCiM-gQi8HpsYsLtZozk31ERKPJGlDLUboAG50chrnGX4B46HyqhlSj9xMohy02t3MX0n-6xoRHLk5Oh8V2c0duIS4mZo0TAq11Zl61No7XvcMPz961yBIpblougDO3NlIXerppYqweTrkxdIR2u4KVXi5XGrbZ08pfBgjrEyAE0GkSkYu3jG0wyzz3Y1gCYqZnOBVg83E4dTUN4kaTTY9nPuzpWhGbCOaxlWOxvghNOg8rM6Po_qXQU-g&atk=1jqb2vjk626sf000,Degree qualified (or equivalent) in Architecture. Demonstrated experience in using current architectural software packages including Revit Architecture. 0-3 years being Architect focus on design.,,,indeed_ae,2026-06-05 05:09:36.984520+00:00
Senior Data Scientist,Multibank Group,Dubai,https://ae.indeed.com/rc/clk?jk=5eca247ce758279e&bb=afmiQrchVGHcV8ajxexHYslP-PG__B1PBGdd9bzjNaeEgtYpoIFcpPK1ksep5n9NmvWvw6x13hZ3D6bdixpBdJwnROUB4zwjt53edqx4as1yt7ZkoIsslPwr7TxwGqrDcVeikyD5GLPZUwqLj_PghQ%3D%3D&xkcb=SoDh67M3iLNxo1zDa50BbzkdCdPP&rjs=0&qd=Xd-cji1-rrfYy0m8LpokE8dF20pwsUrmctm8cTGFOXDOAPLLNYb6wmUg8gjYJafwpsXE23qShaYtGgdtUJu_X5BBGG-ayCiM-gQi8HpsYsLtZozk31ERKPJGlDLUboAG50chrnGX4B46HyqhlSj9xMohy02t3MX0n-6xoRHLk5Oh8V2c0duIS4mZo0TAq11Zl61No7XvcMPz961yBIpblougDO3NlIXerppYqweTrkxdIR2u4KVXi5XGrbZ08pfBgjrEyAE0GkSkYu3jG0wyzz3Y1gCYqZnOBVg83E4dTUN4kaTTY9nPuzpWhGbCOaxlWOxvghNOg8rM6Po_qXQU-g&atk=1jqb2vjk626sf000,"Contribute to solution architecture and collaborate closely with data engineers , software engineers , and domain experts to integrate AI-enabled products into existing systems.",,,indeed_ae,2026-06-05 05:09:36.944500+00:00
Site Engineer (Mechanical & Electrical) - FIRE FIGHTING WORKS,Power safety and security systems,Ajman,https://ae.indeed.com/rc/clk?jk=10ce2bf5ea18d220&bb=afmiQrchVGHcV8ajxexHYiY5ucj1VlHk8cmiBnDvzY_XQt8v6HE3ekbR93GE4yBu_30d7dbkvEffWk3LqGcmORJfqlz2ER07iNzgUzGpa5Xyjk_OlFuN-0IlvR2L3F7qMm1rzcZ4iKAinTXOrGQL8w%3D%3D&xkcb=SoB867M3iLNxo1zDa50CbzkdCdPP&rjs=0&qd=Xd-cji1-rrfYy0m8LpokE8dF20pwsUrmctm8cTGFOXDOAPLLNYb6wmUg8gjYJafwpsXE23qShaYtGgdtUJu_X5BBGG-ayCiM-gQi8HpsYsLtZozk31ERKPJGlDLUboAG50chrnGX4B46HyqhlSj9xMohy02t3MX0n-6xoRHLk5Oh8V2c0duIS4mZo0TAq11Zl61No7XvcMPz961yBIpblougDO3NlIXerppYqweTrkxdIR2u4KVXi5XGrbZ08pfBgjrEyAE0GkSkYu3jG0wyzz3Y1gCYqZnOBVg83E4dTUN4kaTTY9nPuzpWhGbCOaxlWOxvghNOg8rM6Po_qXQU-g&atk=1jqb2vjk626sf000,Bachelor's Degree in Mechanical Engineering or Electrical Engineering. Supervise and manage Fire Fighting and Fire Alarm installation works on site. Monitor project progress and prepare site reports.,,,indeed_ae,2026-06-05 05:09:36.891472+00:00
Global Manager - MDM Systems & Process,DP World,Dubai,https://ae.indeed.com/rc/clk?jk=3f4345b7d28cb6e2&bb=afmiQrchVGHcV8ajxexHYp-G0Q2xGLtUxueuqthQlwroiMlCfO6-dzQOmsGLmhdHgjHDMcEYke0P5oRoh7Y3rqcniwHH_mZ1j7xMiqlxsfyka5zzcybTrgBcOctmLsQarW3VhZPDA2-ANcAQqSx-Vw%3D%3D&xkcb=SoDI67M3iLNxo1zDa50DbzkdCdPP&rjs=0&qd=Xd-cji1-rrfYy0m8LpokE8dF20pwsUrmctm8cTGFOXDOAPLLNYb6wmUg8gjYJafwpsXE23qShaYtGgdtUJu_X5BBGG-ayCiM-gQi8HpsYsLtZozk31ERKPJGlDLUboAG50chrnGX4B46HyqhlSj9xMohy02t3MX0n-6xoRHLk5Oh8V2c0duIS4mZo0TAq11Zl61No7XvcMPz961yBIpblougDO3NlIXerppYqweTrkxdIR2u4KVXi5XGrbZ08pfBgjrEyAE0GkSkYu3jG0wyzz3Y1gCYqZnOBVg83E4dTUN4kaTTY9nPuzpWhGbCOaxlWOxvghNOg8rM6Po_qXQU-g&atk=1jqb2vjk626sf000,"Experience in freight forwarding, logistics, or supply chain operations. Professional certifications in Data Management (CDMP, DGSP) or related areas. Master's degree in relevant field.",,,indeed_ae,2026-06-05 05:09:36.852175+00:00
Senior Electrical Designer - Offshore,Worley,Abu Dhabi,https://ae.indeed.com/rc/clk?jk=91bbb6933a2da595&bb=afmiQrchVGHcV8ajxexHYkSEXW0UXet1fPWy2JTY37D4mkedl-1_KBS9VbuyJcRDlCFBLXN5IHRWDJ_0-Y88QXrU5-_t2aThbcg54kcbVnnIylm_Gd4jQflutpuWwRIxkRgM02fE2TSh0abftil1bg%3D%3D&xkcb=SoAh67M3iLNxo1zDa50MbzkdCdPP&rjs=0&qd=Xd-cji1-rrfYy0m8LpokE8dF20pwsUrmctm8cTGFOXDOAPLLNYb6wmUg8gjYJafwpsXE23qShaYtGgdtUJu_X5BBGG-ayCiM-gQi8HpsYsLtZozk31ERKPJGlDLUboAG50chrnGX4B46HyqhlSj9xMohy02t3MX0n-6xoRHLk5Oh8V2c0duIS4mZo0TAq11Zl61No7XvcMPz961yBIpblougDO3NlIXerppYqweTrkxdIR2u4KVXi5XGrbZ08pfBgjrEyAE0GkSkYu3jG0wyzz3Y1gCYqZnOBVg83E4dTUN4kaTTY9nPuzpWhGbCOaxlWOxvghNOg8rM6Po_qXQU-g&atk=1jqb2vjk626sf000,Diploma or Degree in Electrical Engineering or equivalent technical qualification. The Senior Electrical Designer is responsible for executing electrical design and drafting activities across Oil &…,,,indeed_ae,2026-06-05 05:09:36.809506+00:00
Carpenter,Transfast Group of Companies,Dubai,https://ae.indeed.com/rc/clk?jk=cd4afab85a665b97&bb=afmiQrchVGHcV8ajxexHYj-75h9ZB7q3ODqz56LJpFGmqe6ZSoUZ4RGLmpR04mTd_ZP7HizMj8WvFIyfhmGv5BI2ROPHqu1bB4i9GVTsuj5AA_vY_jvDO-RO73MIl1BaexNyE0UybZmEeWciTd6CEw%3D%3D&xkcb=SoCV67M3iLNxo1zDa50NbzkdCdPP&rjs=0&qd=Xd-cji1-rrfYy0m8LpokE8dF20pwsUrmctm8cTGFOXDOAPLLNYb6wmUg8gjYJafwpsXE23qShaYtGgdtUJu_X5BBGG-ayCiM-gQi8HpsYsLtZozk31ERKPJGlDLUboAG50chrnGX4B46HyqhlSj9xMohy02t3MX0n-6xoRHLk5Oh8V2c0duIS4mZo0TAq11Zl61No7XvcMPz961yBIpblougDO3NlIXerppYqweTrkxdIR2u4KVXi5XGrbZ08pfBgjrEyAE0GkSkYu3jG0wyzz3Y1gCYqZnOBVg83E4dTUN4kaTTY9nPuzpWhGbCOaxlWOxvghNOg8rM6Po_qXQU-g&atk=1jqb2vjk626sf000,"This includes formwork for concrete, doors, windows, furniture, and other structural or decorative woodwork on construction sites or in workshops. High school diploma or equivalent (preferred).",,,indeed_ae,2026-06-05 05:09:36.770477+00:00
Mortgage Consultant - Salary up to 10K !!,The Lending Tree Commercial Brokers LLC,Dubai,https://ae.indeed.com/rc/clk?jk=71c095a15bd7a7ec&bb=afmiQrchVGHcV8ajxexHYiPU35E4aZjU_ay8OnkutkXpw-GXxhzDe2JgpE2VRjsrMPj7njUc8kZ__zVweBYrJnGOvrWEjdv5VsZTGbVHUil0y64yukzNxQwAYMJdgjkYROds3r4TEj9voLOBlVXdBQ%3D%3D&xkcb=SoAI67M3iLNxo1zDa50ObzkdCdPP&rjs=0&qd=Xd-cji1-rrfYy0m8LpokE8dF20pwsUrmctm8cTGFOXDOAPLLNYb6wmUg8gjYJafwpsXE23qShaYtGgdtUJu_X5BBGG-ayCiM-gQi8HpsYsLtZozk31ERKPJGlDLUboAG50chrnGX4B46HyqhlSj9xMohy02t3MX0n-6xoRHLk5Oh8V2c0duIS4mZo0TAq11Zl61No7XvcMPz961yBIpblougDO3NlIXerppYqweTrkxdIR2u4KVXi5XGrbZ08pfBgjrEyAE0GkSkYu3jG0wyzz3Y1gCYqZnOBVg83E4dTUN4kaTTY9nPuzpWhGbCOaxlWOxvghNOg8rM6Po_qXQU-g&atk=1jqb2vjk626sf000,"High-quality leads with strong backend & processing support. Direct access to all major UAE banks (faster approvals, better conversions). Advise clients on best-fit UAE mortgage solutions (resale &…",,,indeed_ae,2026-06-05 05:09:36.731989+00:00
Subject Matter Expert – Static Equipment,Aveva,Abu Dhabi,https://ae.indeed.com/rc/clk?jk=35e76950a570bcd9&bb=afmiQrchVGHcV8ajxexHYpDJQyle_QmceNPkJ7RF_lcV4Il4uG79u7DP6IjMZOXQRU6Lu2iCcREb7DpZYNfb8fTMWmNbJvzoOYPBSHVn8oqfjqq1j8kCiQbZR3v_hrtDGtXAH73HGMwROMEd5Xoh4g%3D%3D&xkcb=SoC867M3iLNxo1zDa50PbzkdCdPP&rjs=0&qd=Xd-cji1-rrfYy0m8LpokE8dF20pwsUrmctm8cTGFOXDOAPLLNYb6wmUg8gjYJafwpsXE23qShaYtGgdtUJu_X5BBGG-ayCiM-gQi8HpsYsLtZozk31ERKPJGlDLUboAG50chrnGX4B46HyqhlSj9xMohy02t3MX0n-6xoRHLk5Oh8V2c0duIS4mZo0TAq11Zl61No7XvcMPz961yBIpblougDO3NlIXerppYqweTrkxdIR2u4KVXi5XGrbZ08pfBgjrEyAE0GkSkYu3jG0wyzz3Y1gCYqZnOBVg83E4dTUN4kaTTY9nPuzpWhGbCOaxlWOxvghNOg8rM6Po_qXQU-g&atk=1jqb2vjk626sf000,RBI or integrity management certifications preferred. Middle East or GCC operating environment experience preferred. Bachelor’s degree in Mechanical Engineering or related engineering discipline.,,,indeed_ae,2026-06-05 05:09:36.690190+00:00
Sales & Marketing Engineer,CLSF Technical Services,Dubai,https://ae.indeed.com/rc/clk?jk=b30b7e62f94f35ee&bb=afmiQrchVGHcV8ajxexHYiVmp8kqZ4pXT3eSjq46zO3VIDPc9orJNhcnnMlxHdASK9N6OCr9M0FDFMt1J0VpNdcyxuF1F80y_jyO7QYly0AVqELyqkj7Pcz5aTVlTR9Nra9SS8gZTwyDMPI2UZpFLw%3D%3D&xkcb=SoAy67M3iLNxo1zDa50IbzkdCdPP&rjs=0&qd=Xd-cji1-rrfYy0m8LpokE8dF20pwsUrmctm8cTGFOXDOAPLLNYb6wmUg8gjYJafwpsXE23qShaYtGgdtUJu_X5BBGG-ayCiM-gQi8HpsYsLtZozk31ERKPJGlDLUboAG50chrnGX4B46HyqhlSj9xMohy02t3MX0n-6xoRHLk5Oh8V2c0duIS4mZo0TAq11Zl61No7XvcMPz961yBIpblougDO3NlIXerppYqweTrkxdIR2u4KVXi5XGrbZ08pfBgjrEyAE0GkSkYu3jG0wyzz3Y1gCYqZnOBVg83E4dTUN4kaTTY9nPuzpWhGbCOaxlWOxvghNOg8rM6Po_qXQU-g&atk=1jqb2vjk626sf000,"Existing network of property owners, consultants, real estate companies, or facility management companies is an advantage. Minimum 3 years UAE experience in fit-out, renovation, construction, MEP, or…",,,indeed_ae,2026-06-05 05:09:36.649780+00:00
Marketing and Sales Intern,scholarix global consultants,Dubai Marina,https://ae.indeed.com/rc/clk?jk=0b6e859232ac7957&bb=afmiQrchVGHcV8ajxexHYtPui9mtWn6fe3crWeGChmbYhoEwhecFj1GSFEUk9ab3ko9JzjSi9-mkinwok8GL8a8MNIClRNqlnOlDbc-1qIMtjSnmDc9Gqu5XL0g8uTy7T3Xq48PuY8K-e85u1eW5lw%3D%3D&xkcb=SoCG67M3iLNxo1zDa50JbzkdCdPP&rjs=0&qd=Xd-cji1-rrfYy0m8LpokE8dF20pwsUrmctm8cTGFOXDOAPLLNYb6wmUg8gjYJafwpsXE23qShaYtGgdtUJu_X5BBGG-ayCiM-gQi8HpsYsLtZozk31ERKPJGlDLUboAG50chrnGX4B46HyqhlSj9xMohy02t3MX0n-6xoRHLk5Oh8V2c0duIS4mZo0TAq11Zl61No7XvcMPz961yBIpblougDO3NlIXerppYqweTrkxdIR2u4KVXi5XGrbZ08pfBgjrEyAE0GkSkYu3jG0wyzz3Y1gCYqZnOBVg83E4dTUN4kaTTY9nPuzpWhGbCOaxlWOxvghNOg8rM6Po_qXQU-g&atk=1jqb2vjk626sf000,"B2B Lead Generation & Outreach: Identify potential corporate clients in the UAE market who need digital transformation, cloud infrastructure, or compliance software .",,,indeed_ae,2026-06-05 05:09:36.597184+00:00
Structural Engineer,Go Tech Contracting LLC,Al Quoz,https://ae.indeed.com/rc/clk?jk=592b6f8fcdb99e29&bb=afmiQrchVGHcV8ajxexHYk_GmBZiQUqAMmYwEs_8kJsHBwU6AL02l0ASjHZ9fFeLq4eJmCpK4RSuVgINYR-cNwwPoZ5s4Q1QNuV_l0NcSc6KOe0rwstUl98Q0oEJN-OY2M9hbZe4xnz31YHNJTa3fA%3D%3D&xkcb=SoAb67M3iLNxo1zDa50KbzkdCdPP&rjs=0&qd=Xd-cji1-rrfYy0m8LpokE8dF20pwsUrmctm8cTGFOXDOAPLLNYb6wmUg8gjYJafwpsXE23qShaYtGgdtUJu_X5BBGG-ayCiM-gQi8HpsYsLtZozk31ERKPJGlDLUboAG50chrnGX4B46HyqhlSj9xMohy02t3MX0n-6xoRHLk5Oh8V2c0duIS4mZo0TAq11Zl61No7XvcMPz961yBIpblougDO3NlIXerppYqweTrkxdIR2u4KVXi5XGrbZ08pfBgjrEyAE0GkSkYu3jG0wyzz3Y1gCYqZnOBVg83E4dTUN4kaTTY9nPuzpWhGbCOaxlWOxvghNOg8rM6Po_qXQU-g&atk=1jqb2vjk626sf000,"Coordinate with architects, MEP engineers , quantity surveyors, and project teams throughout the design process. Go Tech Construction LLC is an unlimited licensed construction company delivering…",,,indeed_ae,2026-06-05 05:09:36.540508+00:00
Telesales Executive,Yo Telecom,Media City,https://ae.indeed.com/pagead/clk?mo=r&ad=-6NYlbfkN0DgUj2EeKbuqGSRAhrik5rD5Z5qEsKNRM-2ohI8Ec-hCKZpsqpWCoB-NhVPuocHw90mF7nR29BSFNnRfSmIL0GeZTlyWnIHMExitjlUVkPZAsZ4-7tl1GrfQS_DBd2kfCZHAuth908Xxh6ynC0y0y8GLQmo0bYUQHz2xAZ4-kflceLMF55FJQD99aKtwO4WjCKX3UT1EzrqzkMacBHDu09kv4DrtwSGHBBvyHeAmBqXOAmU5L3igZGmlpFrOMpNKuvuHm_gONur7tFDMje4YzdlWR8tVtC-u6LnfgB7Zztn72SFt0XV3nYSSmvkc5o11tJsAP1PK7fz_-E3CDjVA7gYCD4IQX5TGRlrGkFL75oyiS_cA7Iz04QeZMzFUwYG-Rl5e900gtv1lQkFOdbWFD7QpbAXSDLrOAd-m8KATvF5xBWYsxwLubIxIbdumQWvEYeW3JY8fUZiu2sSQaVn2WUCo82Eji1d2jzXnhOMHU5jz95148FyHWvBPZ8bISYCPQ5RiS0EJYpLwIIDDnb3YkyC9u1S6H6p0hsO41RWQJRLeKuHLtlB3q9UwFq19qbzXLSTgJA6GXC3NmQfQuzV6Om7M3W5VVRGxjB5f_DvrENh8Zk6P2XWYbx78IXPh_zrRMLaEv5kO_hkfnvSWEqIfPSIc2x59oYVmlQ5YUffworY08Yvzp6PisgRW9bxhEtI4z8GWPeQUvb70B3RGH4Qm4V8bDQtUJM_L2UFvRDskQw7O2MQlr-e4_BOw-Wo8wG6WlKx7LS20Lsm0K_yyMyFjX8JXuXb3kGHkoZvxS6vuwRJzY1sd2EiflMY4SelPbDQbU8x9fZt86XDtX2K0_4_6CXEA22hUDu3Pw3MR2L6qrXDeCcTFXYcRD-EUYppDJzoehabR552hFrrI4ISpJ5J7FsrcPqaTGN-3a_VRdRahpgixToB5ehGcaKZm5h9SsoEXmA=&xkcb=SoBb6_M3iLNxo1zDa50LbzkdCdPP&camk=C3EPSzFlQw8vZQd8r4ENDg==&p=0&atk=1jqb2vjk626sf000,Do you have experience working within the UK or North American sales market. Hustling with high-volume outreach to secure growth opportunities for our field sales team. 30 days of annual leave!,,,indeed_ae,2026-06-05 05:09:36.495389+00:00
Security Solutions Architect,Qualys,Dubai,https://ae.indeed.com/rc/clk?jk=3493287f3b011066&bb=pPApvbfYspuPvlRswhAretGL6Txr3V4hA9Q-g16dTFVfAqwC3aQvuxZYMRZ5WVM8JBxBoOjrK5mNU2wnpjIiCDrX_ahvYoSQ86dObIU66LbuElQf_LACpW7EbrUjSuL5_2c4bJXNmIArGvAGcklPEw%3D%3D&xkcb=SoAy67M3iLNyP4TDah0TbzkdCdPP&rjs=0&qd=Xd-cji1-rrfYy0m8LpokE8dF20pwsUrmctm8cTGFOXDOAPLLNYb6wmUg8gjYJafwpsXE23qShaYtGgdtUJu_X5BBGG-ayCiM-gQi8HpsYsLtZozk31ERKPJGlDLUboAG50chrnGX4B46HyqhlSj9xMohy02t3MX0n-6xoRHLk5Oh8V2c0duIS4mZo0TAq11Zl61No7XvcMPz961yBIpblougDO3NlIXerppYqweTrkxdIR2u4KVXi5XGrbZ08pfBgjrEyAE0GkSkYu3jG0wyzz3Y1gCYqZnOBVg83E4dTUMwcWmwla6po-msGotRVwSDWOxvghNOg8rM6Po_qXQU-g&atk=1jqb2vf1bha8t800,"Experience building or supporting managed security services, integrations, or joint solution architectures. Experience working with partners, MSSPs, alliances, or channel organisations in a technical…",,,indeed_ae,2026-06-05 05:09:32.911132+00:00
Fit Out Engineer,Renova 360,Dubai,https://ae.indeed.com/rc/clk?jk=e1815f2c29670047&bb=pPApvbfYspuPvlRswhAresRebLgqwp9eJ-aeuWQNBEAUiAtlf_CDnaPeM4HDttqhgrlZg8QrAdVAX8mKT1lUNlTBzahavrkQhdV2Q2q0UqcXihPF7X_Dgu1H5NSSkKZEM2bIWAICTJ6EdkLy4MJ73A%3D%3D&xkcb=SoDb67M3iLNyP4TDah0cbzkdCdPP&rjs=0&qd=Xd-cji1-rrfYy0m8LpokE8dF20pwsUrmctm8cTGFOXDOAPLLNYb6wmUg8gjYJafwpsXE23qShaYtGgdtUJu_X5BBGG-ayCiM-gQi8HpsYsLtZozk31ERKPJGlDLUboAG50chrnGX4B46HyqhlSj9xMohy02t3MX0n-6xoRHLk5Oh8V2c0duIS4mZo0TAq11Zl61No7XvcMPz961yBIpblougDO3NlIXerppYqweTrkxdIR2u4KVXi5XGrbZ08pfBgjrEyAE0GkSkYu3jG0wyzz3Y1gCYqZnOBVg83E4dTUMwcWmwla6po-msGotRVwSDWOxvghNOg8rM6Po_qXQU-g&atk=1jqb2vf1bha8t800,DM G+1 or Above (Preferred). Bachelor's Degree in Civil Engineering or related field. Dubai Municipality (DM) approved Engineer or eligibility for DM approval is highly preferred.,,,indeed_ae,2026-06-05 05:09:32.857870+00:00
QA/QC Engineer (Mechanical),EMAC Electromechanical LLC.,Dubai,https://ae.indeed.com/rc/clk?jk=46f0447f8803ed8f&bb=pPApvbfYspuPvlRswhArep33Gg6WhsFGTN2fRPskwrjOmHkugfk13qPIO99duFGoFpT1BCtJWWrjlNpm8ag9W_m30PS_jcTjSqBIWyMU0F_79k4JoR3X7lDat7Mm21kO9enflom2KXT1Q-KzUGYStg%3D%3D&xkcb=SoBv67M3iLNyP4TDah0dbzkdCdPP&rjs=0&qd=Xd-cji1-rrfYy0m8LpokE8dF20pwsUrmctm8cTGFOXDOAPLLNYb6wmUg8gjYJafwpsXE23qShaYtGgdtUJu_X5BBGG-ayCiM-gQi8HpsYsLtZozk31ERKPJGlDLUboAG50chrnGX4B46HyqhlSj9xMohy02t3MX0n-6xoRHLk5Oh8V2c0duIS4mZo0TAq11Zl61No7XvcMPz961yBIpblougDO3NlIXerppYqweTrkxdIR2u4KVXi5XGrbZ08pfBgjrEyAE0GkSkYu3jG0wyzz3Y1gCYqZnOBVg83E4dTUMwcWmwla6po-msGotRVwSDWOxvghNOg8rM6Po_qXQU-g&atk=1jqb2vf1bha8t800,"We are seeking a detail-oriented and experienced QA/QC Engineer (Mechanical) to ensure that all mechanical works (HVAC, plumbing, firefighting) are executed in compliance with project specifications,…",,,indeed_ae,2026-06-05 05:09:32.814618+00:00
MEP Draftsman,Belhoul Group,Dubai,https://ae.indeed.com/rc/clk?jk=a6052ac8add7a836&bb=pPApvbfYspuPvlRswhArenYBrtWguwZdYR78ECoUfOn2J0qeXzX0UgMS9AsW3XOZiPsz43NK0eHitdb0OUV3cxwSPMGM67uyWlgydijZhlNyOnsii_6LZ1GYEat1FgKBcUldGGzKeqTaT-gNDeG6ZQ%3D%3D&xkcb=SoDy67M3iLNyP4TDah0ebzkdCdPP&rjs=0&qd=Xd-cji1-rrfYy0m8LpokE8dF20pwsUrmctm8cTGFOXDOAPLLNYb6wmUg8gjYJafwpsXE23qShaYtGgdtUJu_X5BBGG-ayCiM-gQi8HpsYsLtZozk31ERKPJGlDLUboAG50chrnGX4B46HyqhlSj9xMohy02t3MX0n-6xoRHLk5Oh8V2c0duIS4mZo0TAq11Zl61No7XvcMPz961yBIpblougDO3NlIXerppYqweTrkxdIR2u4KVXi5XGrbZ08pfBgjrEyAE0GkSkYu3jG0wyzz3Y1gCYqZnOBVg83E4dTUMwcWmwla6po-msGotRVwSDWOxvghNOg8rM6Po_qXQU-g&atk=1jqb2vf1bha8t800,"Work up rough sketches to full working drawings. Preparing drawings for all architectural, structural with their working details as specified by the architects and engineers .",,,indeed_ae,2026-06-05 05:09:32.773548+00:00
Resident Engineer,Nad Al Shiba Engineering Consultants,Dubai,https://ae.indeed.com/rc/clk?jk=07b32f58da3b8b32&bb=pPApvbfYspuPvlRswhAreuaErSAqgdmf_CdBNL0Ah2oKg0FqSw_9QDYjGGQyxbBCgknjvHOdcFoMnUqhguXuwWWM23_n7wXy4kMPnCWmRXgzdj4qVcq3R5AKl486plfMxe0tFq6Qa1Sos-xV3WfLVA%3D%3D&xkcb=SoBG67M3iLNyP4TDah0fbzkdCdPP&rjs=0&qd=Xd-cji1-rrfYy0m8LpokE8dF20pwsUrmctm8cTGFOXDOAPLLNYb6wmUg8gjYJafwpsXE23qShaYtGgdtUJu_X5BBGG-ayCiM-gQi8HpsYsLtZozk31ERKPJGlDLUboAG50chrnGX4B46HyqhlSj9xMohy02t3MX0n-6xoRHLk5Oh8V2c0duIS4mZo0TAq11Zl61No7XvcMPz961yBIpblougDO3NlIXerppYqweTrkxdIR2u4KVXi5XGrbZ08pfBgjrEyAE0GkSkYu3jG0wyzz3Y1gCYqZnOBVg83E4dTUMwcWmwla6po-msGotRVwSDWOxvghNOg8rM6Po_qXQU-g&atk=1jqb2vf1bha8t800,Proficient in Microsoft Office and relevant engineering software . Monitor contractor’s performance and ensure timely resolution of any technical or site-related issues.,,,indeed_ae,2026-06-05 05:09:32.730972+00:00
Civil Engineer,FGC Contracting LLC,Ras al-Khaimah,https://ae.indeed.com/rc/clk?jk=8b59f13a3e224b30&bb=pPApvbfYspuPvlRswhAreo2TSBU2ZkMhljBukWvzjotljx_5oRcTXGX1c9IU1_EDIZhO_OR7eEMKPqYrpmPUN0SATGxUaltxiRT6WrU5vWo5aRMsiygvNjQYzIVTU1KVrxws8Kc6NtIc0hcJF_eDZg%3D%3D&xkcb=SoDI67M3iLNyP4TDah0YbzkdCdPP&rjs=0&qd=Xd-cji1-rrfYy0m8LpokE8dF20pwsUrmctm8cTGFOXDOAPLLNYb6wmUg8gjYJafwpsXE23qShaYtGgdtUJu_X5BBGG-ayCiM-gQi8HpsYsLtZozk31ERKPJGlDLUboAG50chrnGX4B46HyqhlSj9xMohy02t3MX0n-6xoRHLk5Oh8V2c0duIS4mZo0TAq11Zl61No7XvcMPz961yBIpblougDO3NlIXerppYqweTrkxdIR2u4KVXi5XGrbZ08pfBgjrEyAE0GkSkYu3jG0wyzz3Y1gCYqZnOBVg83E4dTUMwcWmwla6po-msGotRVwSDWOxvghNOg8rM6Po_qXQU-g&atk=1jqb2vf1bha8t800,Falcon Group of Companies is looking for a qualified Civil Engineer holding a valid RAK Municipality Approved G+1 License. The candidate should have strong experience in supervising and managing…,,,indeed_ae,2026-06-05 05:09:32.666554+00:00
Construction Foreman,ABO FAISAL PORTS SERVICES LLC,Dubai,https://ae.indeed.com/rc/clk?jk=8c19687e1f403c42&bb=pPApvbfYspuPvlRswhAregtlgFO0RHFzOws-gTgIq02lMqCMwJcK7aht9QdGlBCtbkuFfkGkbp4a3sYrQCmY8heBwKj40T378sKmT6et1xW2iyslYkUbjnb_bWQVkX0GV6ZpJWIT6NsIAx2GQtdhTw%3D%3D&xkcb=SoB867M3iLNyP4TDah0ZbzkdCdPP&rjs=0&qd=Xd-cji1-rrfYy0m8LpokE8dF20pwsUrmctm8cTGFOXDOAPLLNYb6wmUg8gjYJafwpsXE23qShaYtGgdtUJu_X5BBGG-ayCiM-gQi8HpsYsLtZozk31ERKPJGlDLUboAG50chrnGX4B46HyqhlSj9xMohy02t3MX0n-6xoRHLk5Oh8V2c0duIS4mZo0TAq11Zl61No7XvcMPz961yBIpblougDO3NlIXerppYqweTrkxdIR2u4KVXi5XGrbZ08pfBgjrEyAE0GkSkYu3jG0wyzz3Y1gCYqZnOBVg83E4dTUMwcWmwla6po-msGotRVwSDWOxvghNOg8rM6Po_qXQU-g&atk=1jqb2vf1bha8t800,Assists engineers in the technical evaluation of Workers on site. Resolve work-related conflicts or issues that may arise during construction. Preparing daily activity plan and arrangement of related…,,,indeed_ae,2026-06-05 05:09:32.626578+00:00
Technical Support Engineer(Arabic Speakers only ),Location solutions,Dubai,https://ae.indeed.com/rc/clk?jk=9802a26dc31ef01f&bb=pPApvbfYspuPvlRswhAreqS6QSIxZ7ihy7FXBxd14XERWGOTunQyvuNjvUv2sGvzbkxitjRcngsgMg5-5YDLrGqnAqN1rG951mJNYar3JEyEcczFl65Tl-pPZqbmPCp-NceXGlVIpInm3SKbmg3jOw%3D%3D&xkcb=SoDh67M3iLNyP4TDah0abzkdCdPP&rjs=0&qd=Xd-cji1-rrfYy0m8LpokE8dF20pwsUrmctm8cTGFOXDOAPLLNYb6wmUg8gjYJafwpsXE23qShaYtGgdtUJu_X5BBGG-ayCiM-gQi8HpsYsLtZozk31ERKPJGlDLUboAG50chrnGX4B46HyqhlSj9xMohy02t3MX0n-6xoRHLk5Oh8V2c0duIS4mZo0TAq11Zl61No7XvcMPz961yBIpblougDO3NlIXerppYqweTrkxdIR2u4KVXi5XGrbZ08pfBgjrEyAE0GkSkYu3jG0wyzz3Y1gCYqZnOBVg83E4dTUMwcWmwla6po-msGotRVwSDWOxvghNOg8rM6Po_qXQU-g&atk=1jqb2vf1bha8t800,Graduate of BSECE or BSCpE is an advantage. Advanced computer and software skills – MS Office included. Dubai: Reliably commute or planning to relocate before starting work (Required).,,,indeed_ae,2026-06-05 05:09:32.587820+00:00
Project Manager - Sewerage & Drainage,Island Tower Electromechanical Works LLC,Dubai,https://ae.indeed.com/rc/clk?jk=f97d33c20d648bfd&bb=pPApvbfYspuPvlRswhArejbuzG5aPo-njyK6nxQIkPVKuyzrY_QFxC5D4rya61fdavtY3Bi2EKWr3M5keiKssKbFMVVqBvBBEfDVTkUzqwF7plmt6aNcnAWK-eiIDvblopRLZZ-XiAlEne1-wh8wTA%3D%3D&xkcb=SoBV67M3iLNyP4TDah0bbzkdCdPP&rjs=0&qd=Xd-cji1-rrfYy0m8LpokE8dF20pwsUrmctm8cTGFOXDOAPLLNYb6wmUg8gjYJafwpsXE23qShaYtGgdtUJu_X5BBGG-ayCiM-gQi8HpsYsLtZozk31ERKPJGlDLUboAG50chrnGX4B46HyqhlSj9xMohy02t3MX0n-6xoRHLk5Oh8V2c0duIS4mZo0TAq11Zl61No7XvcMPz961yBIpblougDO3NlIXerppYqweTrkxdIR2u4KVXi5XGrbZ08pfBgjrEyAE0GkSkYu3jG0wyzz3Y1gCYqZnOBVg83E4dTUMwcWmwla6po-msGotRVwSDWOxvghNOg8rM6Po_qXQU-g&atk=1jqb2vf1bha8t800,Experience delivering infrastructure projects within the UAE or GCC region. Proficiency in project management software such as Primavera P6 and Microsoft Project. Decision-making and problem-solving.,,,indeed_ae,2026-06-05 05:09:32.541107+00:00
Project Manager – Aluminium & Glass / Façade Works,Al Qassim Aluminum And Glass,Dubai,https://ae.indeed.com/rc/clk?jk=92f5ab39217cd185&bb=pPApvbfYspuPvlRswhAreilNQuQsGqm1FxdjJK7BlLygGVAOAx-bxLhyJokAZ1TTFuneYiRhr0dZRnMjOzOzyyA0L2Tg1IElFnnok-dDNRy0Va5XRCgFGicE8G6_hEv737jjUjim3m5E4wTCuZdnaA%3D%3D&xkcb=SoBy67M3iLNyP4TDah0EbzkdCdPP&rjs=0&qd=Xd-cji1-rrfYy0m8LpokE8dF20pwsUrmctm8cTGFOXDOAPLLNYb6wmUg8gjYJafwpsXE23qShaYtGgdtUJu_X5BBGG-ayCiM-gQi8HpsYsLtZozk31ERKPJGlDLUboAG50chrnGX4B46HyqhlSj9xMohy02t3MX0n-6xoRHLk5Oh8V2c0duIS4mZo0TAq11Zl61No7XvcMPz961yBIpblougDO3NlIXerppYqweTrkxdIR2u4KVXi5XGrbZ08pfBgjrEyAE0GkSkYu3jG0wyzz3Y1gCYqZnOBVg83E4dTUMwcWmwla6po-msGotRVwSDWOxvghNOg8rM6Po_qXQU-g&atk=1jqb2vf1bha8t800,"Proficiency in Microsoft Office and project management software . Lead site teams, including engineers , supervisors, and subcontractors. Bachelor's Degree in Civil Engineering, Construction Management,…",,,indeed_ae,2026-06-05 05:09:32.503495+00:00
QA/QC Engineer - Civil Construction,Strong Walls Constrictions LLC,Dubai,https://ae.indeed.com/rc/clk?jk=b81895ae49187211&bb=pPApvbfYspuPvlRswhArejvrMrnBK4TNjDlw14E6HXSm4VPEouDJTaNE-7_QtUDLbdCjsgwYabgfcAbZfHdnEzlueCSOKD2q_OWx8nR92oDvdfWW3M2n6RefUyyZnG-aYVuJu-6UFcIJcHm_Ao14IryK7v1AF0Fm&xkcb=SoDG67M3iLNyP4TDah0FbzkdCdPP&rjs=0&qd=Xd-cji1-rrfYy0m8LpokE8dF20pwsUrmctm8cTGFOXDOAPLLNYb6wmUg8gjYJafwpsXE23qShaYtGgdtUJu_X5BBGG-ayCiM-gQi8HpsYsLtZozk31ERKPJGlDLUboAG50chrnGX4B46HyqhlSj9xMohy02t3MX0n-6xoRHLk5Oh8V2c0duIS4mZo0TAq11Zl61No7XvcMPz961yBIpblougDO3NlIXerppYqweTrkxdIR2u4KVXi5XGrbZ08pfBgjrEyAE0GkSkYu3jG0wyzz3Y1gCYqZnOBVg83E4dTUMwcWmwla6po-msGotRVwSDWOxvghNOg8rM6Po_qXQU-g&atk=1jqb2vf1bha8t800,"Support audits and quality reviews as required by the client or project. Bachelor’s degree in Civil Engineering, Construction Management, or a related field.",,,indeed_ae,2026-06-05 05:09:32.464553+00:00
"Sr. Commissioning Engineer (Telecom) - Offshore, WHT, Subsea & Piping, BF",Penspen,Abu Dhabi,https://ae.indeed.com/rc/clk?jk=0ad8b4a7738b0bd0&bb=pPApvbfYspuPvlRswhArehya0ZTOB_yXaXV_dCxYWX7bxzbZSImjH4IeeIXbp0VzKg8bzX_HGmyDSJNhAYNmsYq0yIjreUQvfBwfeK9z6NpWQrlFjS1TbElF5XQXCNvvt0Konj6Z7xeXln4HWAvrNA%3D%3D&xkcb=SoBb67M3iLNyP4TDah0GbzkdCdPP&rjs=0&qd=Xd-cji1-rrfYy0m8LpokE8dF20pwsUrmctm8cTGFOXDOAPLLNYb6wmUg8gjYJafwpsXE23qShaYtGgdtUJu_X5BBGG-ayCiM-gQi8HpsYsLtZozk31ERKPJGlDLUboAG50chrnGX4B46HyqhlSj9xMohy02t3MX0n-6xoRHLk5Oh8V2c0duIS4mZo0TAq11Zl61No7XvcMPz961yBIpblougDO3NlIXerppYqweTrkxdIR2u4KVXi5XGrbZ08pfBgjrEyAE0GkSkYu3jG0wyzz3Y1gCYqZnOBVg83E4dTUMwcWmwla6po-msGotRVwSDWOxvghNOg8rM6Po_qXQU-g&atk=1jqb2vf1bha8t800,"The candidates should have Bachelor's Degree in Telecommunications, Electronics, Electrical & Communication Engineering from an accredited university. Preferred experience from PMC/EPC Background.",,,indeed_ae,2026-06-05 05:09:32.425357+00:00
Chief of Staff - Middle East & APJ,SHIELD AI,Abu Dhabi,https://ae.indeed.com/rc/clk?jk=4313956cda7a0af3&bb=pPApvbfYspuPvlRswhArephZpdK7cqZZhf5mA9optkq7-m3r4JpCnrDphoOkA8HPL2xzk0MEJiTYRTRxUFP6TRA7Ir4Ua9R8Ed5d7uRqmk_7fogkYgkPsK6AhIBTRUnkQIv-Pt0blD6HsEYVmSkI7Q%3D%3D&xkcb=SoDv67M3iLNyP4TDah0HbzkdCdPP&rjs=0&qd=Xd-cji1-rrfYy0m8LpokE8dF20pwsUrmctm8cTGFOXDOAPLLNYb6wmUg8gjYJafwpsXE23qShaYtGgdtUJu_X5BBGG-ayCiM-gQi8HpsYsLtZozk31ERKPJGlDLUboAG50chrnGX4B46HyqhlSj9xMohy02t3MX0n-6xoRHLk5Oh8V2c0duIS4mZo0TAq11Zl61No7XvcMPz961yBIpblougDO3NlIXerppYqweTrkxdIR2u4KVXi5XGrbZ08pfBgjrEyAE0GkSkYu3jG0wyzz3Y1gCYqZnOBVg83E4dTUMwcWmwla6po-msGotRVwSDWOxvghNOg8rM6Po_qXQU-g&atk=1jqb2vf1bha8t800,"MBA or advanced degree in business, engineering, international relations, or related field. Experience supporting senior executives or serving in a Chief of Staff capacity.",,,indeed_ae,2026-06-05 05:09:32.373788+00:00
Specialist Engineer - Construction (Mechanical),Penspen,Abu Dhabi,https://ae.indeed.com/rc/clk?jk=bd46ed10cb2dd7fc&bb=pPApvbfYspuPvlRswhArejj8aqVvfobfDFkEWodtnjohaGx5rEpYB5gz2IqfU8n9TbkWkdb91fVqL4T3tKTkmVyF-h7PjYbwxGimUfUdey-pKD2iLkbF4G1lFbgq0BeJOM0QPI_D8c3_kVWAGRyZzg%3D%3D&xkcb=SoBh67M3iLNyP4TDah0AbzkdCdPP&rjs=0&qd=Xd-cji1-rrfYy0m8LpokE8dF20pwsUrmctm8cTGFOXDOAPLLNYb6wmUg8gjYJafwpsXE23qShaYtGgdtUJu_X5BBGG-ayCiM-gQi8HpsYsLtZozk31ERKPJGlDLUboAG50chrnGX4B46HyqhlSj9xMohy02t3MX0n-6xoRHLk5Oh8V2c0duIS4mZo0TAq11Zl61No7XvcMPz961yBIpblougDO3NlIXerppYqweTrkxdIR2u4KVXi5XGrbZ08pfBgjrEyAE0GkSkYu3jG0wyzz3Y1gCYqZnOBVg83E4dTUMwcWmwla6po-msGotRVwSDWOxvghNOg8rM6Po_qXQU-g&atk=1jqb2vf1bha8t800,"The candidates should have Bachelor's Degree in Mechanical Engineering from an accredited university. Supports for onshore fabrication, module assembly, pre-commissioning, and construction activities…",,,indeed_ae,2026-06-05 05:09:32.326420+00:00
Project Construction Manager – Utilities,China Civil Engineering Construction Corporation,Dubai,https://ae.indeed.com/rc/clk?jk=c461e37630e6b5c8&bb=pPApvbfYspuPvlRswhAreuaErSAqgdmfrPyZqUNbQwG7twGUYNGU_9NxcsGMJ0dcC42ZHsB2CZG-wuS5Ea-_ol2BsaXFwQW2WG072k-VVCH3yra6C_iWnovsMaIaCqyRC_e6rZPjhw5RLk9CiAbLCg%3D%3D&xkcb=SoDV67M3iLNyP4TDah0BbzkdCdPP&rjs=0&qd=Xd-cji1-rrfYy0m8LpokE8dF20pwsUrmctm8cTGFOXDOAPLLNYb6wmUg8gjYJafwpsXE23qShaYtGgdtUJu_X5BBGG-ayCiM-gQi8HpsYsLtZozk31ERKPJGlDLUboAG50chrnGX4B46HyqhlSj9xMohy02t3MX0n-6xoRHLk5Oh8V2c0duIS4mZo0TAq11Zl61No7XvcMPz961yBIpblougDO3NlIXerppYqweTrkxdIR2u4KVXi5XGrbZ08pfBgjrEyAE0GkSkYu3jG0wyzz3Y1gCYqZnOBVg83E4dTUMwcWmwla6po-msGotRVwSDWOxvghNOg8rM6Po_qXQU-g&atk=1jqb2vf1bha8t800,"Bachelor’s Degree in Civil Engineering or a related discipline. Lead site teams, engineers , supervisors, subcontractors, and construction staff to ensure smooth execution of works.",,,indeed_ae,2026-06-05 05:09:32.274139+00:00
Senior Project Engineer,World Crane Services FZE,Dubai,https://ae.indeed.com/rc/clk?jk=57ea252539c442c2&bb=pPApvbfYspuPvlRswhArelfeUqt5KKTcVzuu5YKB5uqRxQ_H94X72O6l44Bi04-UO21ehgWfKrPpat5yxxA--28rIjXVM-EP6bBaLYOn6fHFC_jwff9h1X2nBClr58vokpw1kd2zQV8utrNIIDJzmw%3D%3D&xkcb=SoBI67M3iLNyP4TDah0CbzkdCdPP&rjs=0&qd=Xd-cji1-rrfYy0m8LpokE8dF20pwsUrmctm8cTGFOXDOAPLLNYb6wmUg8gjYJafwpsXE23qShaYtGgdtUJu_X5BBGG-ayCiM-gQi8HpsYsLtZozk31ERKPJGlDLUboAG50chrnGX4B46HyqhlSj9xMohy02t3MX0n-6xoRHLk5Oh8V2c0duIS4mZo0TAq11Zl61No7XvcMPz961yBIpblougDO3NlIXerppYqweTrkxdIR2u4KVXi5XGrbZ08pfBgjrEyAE0GkSkYu3jG0wyzz3Y1gCYqZnOBVg83E4dTUMwcWmwla6po-msGotRVwSDWOxvghNOg8rM6Po_qXQU-g&atk=1jqb2vf1bha8t800,Degree in Mechanical or Electrical Engineering or similar. Provides project delivery capability within the Project Management Office (PMO) for WCS. Indirect Reports: Contractors and WCS site staff.,,,indeed_ae,2026-06-05 05:09:32.217118+00:00
Construction Engineer (Piping),Penspen,Abu Dhabi,https://ae.indeed.com/rc/clk?jk=0a465da12e8b5e4d&bb=pPApvbfYspuPvlRswhAregrEnw1n-qY_PDtfDbO4Xwsmw2m-6Xu-vAAQexKPQ6aHmqr8ea-tlsEgdDSNPRSGY9bgNuUWcL15X_EmSIRh3QLmsvchBzzEhGYVwM59ExAF_bydResIunJZTt5pO_H9vQ%3D%3D&xkcb=SoD867M3iLNyP4TDah0DbzkdCdPP&rjs=0&qd=Xd-cji1-rrfYy0m8LpokE8dF20pwsUrmctm8cTGFOXDOAPLLNYb6wmUg8gjYJafwpsXE23qShaYtGgdtUJu_X5BBGG-ayCiM-gQi8HpsYsLtZozk31ERKPJGlDLUboAG50chrnGX4B46HyqhlSj9xMohy02t3MX0n-6xoRHLk5Oh8V2c0duIS4mZo0TAq11Zl61No7XvcMPz961yBIpblougDO3NlIXerppYqweTrkxdIR2u4KVXi5XGrbZ08pfBgjrEyAE0GkSkYu3jG0wyzz3Y1gCYqZnOBVg83E4dTUMwcWmwla6po-msGotRVwSDWOxvghNOg8rM6Po_qXQU-g&atk=1jqb2vf1bha8t800,"The candidates should have Bachelor's Degree in Mechanical Engineering or related engineering discipline from an accredited university.. Support for offshore oil & gas projects during fabrication,…",,,indeed_ae,2026-06-05 05:09:32.113475+00:00
Quantity Surveyor – Aluminium & Glass / Façade Works,Al Qassim Aluminum And Glass,Dubai,https://ae.indeed.com/rc/clk?jk=8c53cc3dca439e48&bb=pPApvbfYspuPvlRswhAresTxKVVTQruuTM2ALakjUxAbQgLElVG85iMVkMB-EXkunjjaAwQI_Pvte3rVn_PDiIHqaytQFoV9jgL1Sg0NwQHUUmC71X4idMoLAqUZMysaec0WoR9j1BvfF1SIIMBvGw%3D%3D&xkcb=SoAV67M3iLNyP4TDah0MbzkdCdPP&rjs=0&qd=Xd-cji1-rrfYy0m8LpokE8dF20pwsUrmctm8cTGFOXDOAPLLNYb6wmUg8gjYJafwpsXE23qShaYtGgdtUJu_X5BBGG-ayCiM-gQi8HpsYsLtZozk31ERKPJGlDLUboAG50chrnGX4B46HyqhlSj9xMohy02t3MX0n-6xoRHLk5Oh8V2c0duIS4mZo0TAq11Zl61No7XvcMPz961yBIpblougDO3NlIXerppYqweTrkxdIR2u4KVXi5XGrbZ08pfBgjrEyAE0GkSkYu3jG0wyzz3Y1gCYqZnOBVg83E4dTUMwcWmwla6po-msGotRVwSDWOxvghNOg8rM6Po_qXQU-g&atk=1jqb2vf1bha8t800,"Bachelor's Degree or Diploma in Quantity Surveying, Civil Engineering, or a related field. Coordinate with project managers, engineers , and procurement teams.",,,indeed_ae,2026-06-05 05:09:32.046925+00:00
Fortinet Security Engineer,INFRA ASSURE,Dubai,https://ae.indeed.com/rc/clk?jk=9caa935e175dab72&bb=pPApvbfYspuPvlRswhAregsT6GorBYnQXvQk57M1u3kWc_AnwQckraRrbYj0yWs1fnhPcHBbPiJtlx79bLgj3E9Esf4X9InAdClmmb96tq5_7wZglCGdIdyyr58R_4QE_oHBjwL9daqdDpUzyYX8Cg%3D%3D&xkcb=SoCh67M3iLNyP4TDah0NbzkdCdPP&rjs=0&qd=Xd-cji1-rrfYy0m8LpokE8dF20pwsUrmctm8cTGFOXDOAPLLNYb6wmUg8gjYJafwpsXE23qShaYtGgdtUJu_X5BBGG-ayCiM-gQi8HpsYsLtZozk31ERKPJGlDLUboAG50chrnGX4B46HyqhlSj9xMohy02t3MX0n-6xoRHLk5Oh8V2c0duIS4mZo0TAq11Zl61No7XvcMPz961yBIpblougDO3NlIXerppYqweTrkxdIR2u4KVXi5XGrbZ08pfBgjrEyAE0GkSkYu3jG0wyzz3Y1gCYqZnOBVg83E4dTUMwcWmwla6po-msGotRVwSDWOxvghNOg8rM6Po_qXQU-g&atk=1jqb2vf1bha8t800,"Experience in enterprise, retail, managed services, or data center environments preferred. The engineer will be responsible for deployment, configuration, administration, monitoring, troubleshooting,…",,,indeed_ae,2026-06-05 05:09:32.006541+00:00
Electrical/ Mechanical Subject Matter Experts (SMEs),Interocean,Dubai,https://ae.indeed.com/rc/clk?jk=8132532fe09601f2&bb=pPApvbfYspuPvlRswhArejpUYdT2S2uXF9Kr4L2HVcnYwSBS2lvuDq7UA7MeJrhU8s6YSWkXpcsimitNdFhPtUwuynjE4cnDjr7V9PW8YbKYVWxitVsAK9EGpfFp-Jm9e4xdkdTDKpzOX0sRvHqAQA%3D%3D&xkcb=SoA867M3iLNyP4TDah0ObzkdCdPP&rjs=0&qd=Xd-cji1-rrfYy0m8LpokE8dF20pwsUrmctm8cTGFOXDOAPLLNYb6wmUg8gjYJafwpsXE23qShaYtGgdtUJu_X5BBGG-ayCiM-gQi8HpsYsLtZozk31ERKPJGlDLUboAG50chrnGX4B46HyqhlSj9xMohy02t3MX0n-6xoRHLk5Oh8V2c0duIS4mZo0TAq11Zl61No7XvcMPz961yBIpblougDO3NlIXerppYqweTrkxdIR2u4KVXi5XGrbZ08pfBgjrEyAE0GkSkYu3jG0wyzz3Y1gCYqZnOBVg83E4dTUMwcWmwla6po-msGotRVwSDWOxvghNOg8rM6Po_qXQU-g&atk=1jqb2vf1bha8t800,"Contract Type: Short-term and Long-term Projects. Due to a number of recent contract wins, Interocean is seeking experienced Project Engineers and Subject Matter Experts (SMEs) across multiple…",,,indeed_ae,2026-06-05 05:09:31.963157+00:00
"Enterprise Architect (TOGAF certified, 4 months contract)",Contango,Abu Dhabi,https://ae.indeed.com/rc/clk?jk=8edffc4a823750af&bb=pPApvbfYspuPvlRswhAremtDy68niGyRwDpm6uBqYlk-WGnzikB3TxemxsyFK1z8BA78bjYLNree87K_Aw5fzdBCyUG-u696xWqnvi1VYCHjxMa_OOxir-lxdNSsEzV4IjzJ7tJ03iGAj1qCLyK5bQ%3D%3D&xkcb=SoCI67M3iLNyP4TDah0PbzkdCdPP&rjs=0&qd=Xd-cji1-rrfYy0m8LpokE8dF20pwsUrmctm8cTGFOXDOAPLLNYb6wmUg8gjYJafwpsXE23qShaYtGgdtUJu_X5BBGG-ayCiM-gQi8HpsYsLtZozk31ERKPJGlDLUboAG50chrnGX4B46HyqhlSj9xMohy02t3MX0n-6xoRHLk5Oh8V2c0duIS4mZo0TAq11Zl61No7XvcMPz961yBIpblougDO3NlIXerppYqweTrkxdIR2u4KVXi5XGrbZ08pfBgjrEyAE0GkSkYu3jG0wyzz3Y1gCYqZnOBVg83E4dTUMwcWmwla6po-msGotRVwSDWOxvghNOg8rM6Po_qXQU-g&atk=1jqb2vf1bha8t800,"Hands-on experience with architecture modelling tools (e.g., ArchiMate or equivalent). Lead structured documentation of architectures using enterprise architecture tools (e.g., ArchiMate or similar).",,,indeed_ae,2026-06-05 05:09:31.902258+00:00
"Director, Quality",Atlantis Dubai,Dubai,https://ae.indeed.com/rc/clk?jk=f0517b2847429431&bb=pPApvbfYspuPvlRswhArerzEQaXpXuIFVyrC0F6cF_7iAb1VH-_y2m3xTrQWluvgbFBuLo-LJ0f8uV4uWWNRXIWKcc_q7N68NPFdLhQb00USmbCIR5LVa2TgZNMMcVxIkBUFascyDbfrmOG9Sg4Kxg%3D%3D&xkcb=SoAG67M3iLNyP4TDah0IbzkdCdPP&rjs=0&qd=Xd-cji1-rrfYy0m8LpokE8dF20pwsUrmctm8cTGFOXDOAPLLNYb6wmUg8gjYJafwpsXE23qShaYtGgdtUJu_X5BBGG-ayCiM-gQi8HpsYsLtZozk31ERKPJGlDLUboAG50chrnGX4B46HyqhlSj9xMohy02t3MX0n-6xoRHLk5Oh8V2c0duIS4mZo0TAq11Zl61No7XvcMPz961yBIpblougDO3NlIXerppYqweTrkxdIR2u4KVXi5XGrbZ08pfBgjrEyAE0GkSkYu3jG0wyzz3Y1gCYqZnOBVg83E4dTUMwcWmwla6po-msGotRVwSDWOxvghNOg8rM6Po_qXQU-g&atk=1jqb2vf1bha8t800,"8-10 years in luxury hospitality operations, brand management, or guest experience roles. The Director, Quality supports the definition and implementation of ultra-luxury service standards across all…",,,indeed_ae,2026-06-05 05:09:31.864616+00:00
Senior Draftsman,Worley,Abu Dhabi,https://ae.indeed.com/rc/clk?jk=83ea24aee537b997&bb=pPApvbfYspuPvlRswhArelxV0AWxrXZO0ra3uv9GBnOk2b84klHWL-aDD47MOOFRineZ7VhWxs0SlfPHhKqZVuuhWQGmDyuX0cF98jR13VpMYZn-tb7030ZdEKInx9AxmJrmW6jbwn4gJ4lApuHyhw%3D%3D&xkcb=SoCy67M3iLNyP4TDah0JbzkdCdPP&rjs=0&qd=Xd-cji1-rrfYy0m8LpokE8dF20pwsUrmctm8cTGFOXDOAPLLNYb6wmUg8gjYJafwpsXE23qShaYtGgdtUJu_X5BBGG-ayCiM-gQi8HpsYsLtZozk31ERKPJGlDLUboAG50chrnGX4B46HyqhlSj9xMohy02t3MX0n-6xoRHLk5Oh8V2c0duIS4mZo0TAq11Zl61No7XvcMPz961yBIpblougDO3NlIXerppYqweTrkxdIR2u4KVXi5XGrbZ08pfBgjrEyAE0GkSkYu3jG0wyzz3Y1gCYqZnOBVg83E4dTUMwcWmwla6po-msGotRVwSDWOxvghNOg8rM6Po_qXQU-g&atk=1jqb2vf1bha8t800,"Prepare and develop detailed engineering drawings using AutoCAD, MicroStation, SmartPlant, or other approved drafting software . Minimum 5 years’ experience in ADNOC projects or major Middle East PMC/…",,,indeed_ae,2026-06-05 05:09:31.821632+00:00
Electrical Design Engineer - Fire Trucks,NAFFCO,Dubai,https://ae.indeed.com/rc/clk?jk=0e7661fc87e5f1a8&bb=pPApvbfYspuPvlRswhAremHkEVtoUlsgJZQFVOLCa1Ho1njTVLUigl6OwwXv4pw6NvjbcsfAhTtuDwZ4-j_XHZdHOxb6JoSXfWxHFCSZ6ck_ET8TdyWxa4M61KEktYm5CsTRh7e8P22zksrK-OPSsg%3D%3D&xkcb=SoAv67M3iLNyP4TDah0KbzkdCdPP&rjs=0&qd=Xd-cji1-rrfYy0m8LpokE8dF20pwsUrmctm8cTGFOXDOAPLLNYb6wmUg8gjYJafwpsXE23qShaYtGgdtUJu_X5BBGG-ayCiM-gQi8HpsYsLtZozk31ERKPJGlDLUboAG50chrnGX4B46HyqhlSj9xMohy02t3MX0n-6xoRHLk5Oh8V2c0duIS4mZo0TAq11Zl61No7XvcMPz961yBIpblougDO3NlIXerppYqweTrkxdIR2u4KVXi5XGrbZ08pfBgjrEyAE0GkSkYu3jG0wyzz3Y1gCYqZnOBVg83E4dTUMwcWmwla6po-msGotRVwSDWOxvghNOg8rM6Po_qXQU-g&atk=1jqb2vf1bha8t800,Proven experience in automotive or heavy vehicle electrical design (preferably fire trucks or similar equipment). Bachelor’s Degree in Electrical Engineering or related field.,,,indeed_ae,2026-06-05 05:09:31.783011+00:00
ELV Supervisor/Engineer,COSMOTECH ELECTROMECHANICAL LLC,Dubai,https://ae.indeed.com/rc/clk?jk=08f9f55f104ada19&bb=pPApvbfYspuPvlRswhAregtlgFO0RHFz6tnwUcBVglpTXG0b0CGhHd5MwNJWzk8K24pveUCva3PCTbze9OdgT7QwGUspcWh-D8nNR_BLSTjsNxY-6My1RsKIs0Pun6dRXWKsjysSbJfkdLvA3KLxVA%3D%3D&xkcb=SoCb67M3iLNyP4TDah0LbzkdCdPP&rjs=0&qd=Xd-cji1-rrfYy0m8LpokE8dF20pwsUrmctm8cTGFOXDOAPLLNYb6wmUg8gjYJafwpsXE23qShaYtGgdtUJu_X5BBGG-ayCiM-gQi8HpsYsLtZozk31ERKPJGlDLUboAG50chrnGX4B46HyqhlSj9xMohy02t3MX0n-6xoRHLk5Oh8V2c0duIS4mZo0TAq11Zl61No7XvcMPz961yBIpblougDO3NlIXerppYqweTrkxdIR2u4KVXi5XGrbZ08pfBgjrEyAE0GkSkYu3jG0wyzz3Y1gCYqZnOBVg83E4dTUMwcWmwla6po-msGotRVwSDWOxvghNOg8rM6Po_qXQU-g&atk=1jqb2vf1bha8t800,"Experience in commercial or government projects. High school or equivalent (Preferred). Coordinate with engineers , supervisors, and site teams. Dubai: Reliably commute or planning to relocate before…",,,indeed_ae,2026-06-05 05:09:31.725889+00:00
Civil Site Engineer,Trseem General Contracting Company,Abu Dhabi,https://ae.indeed.com/rc/clk?jk=a19126060323bb1b&bb=UCnoUbZMM9VD58h01kUVzr-QwOXJB4bLNdN-ORRoPK5nUhSeg9GOtsbNFWC2oRACISSQfIl5AZxMiQVdrmHDA4OODkUw_XawhlA8kZ7haPl7pF3WPuHwoHxgpSVqkrjr4C0NsFQ7usNgKbZNQiSOKQ%3D%3D&xkcb=SoB667M3iLNyjkTFwh0TbzkdCdPP&rjs=0&qd=Xd-cji1-rrfYy0m8LpokE8dF20pwsUrmctm8cTGFOXDOAPLLNYb6wmUg8gjYJafwpsXE23qShaYtGgdtUJu_X5BBGG-ayCiM-gQi8HpsYsLtZozk31ERKPJGlDLUboAG50chrnGX4B46HyqhlSj9xMohy02t3MX0n-6xoRHLk5Oh8V2c0duIS4mZo0TAq11Zl61No7XvcMPz961yBIpblougDO3NlIXerppYqweTrkxdIR2u4KVXi5XGrbZ08pfBgjrEyAE0GkSkYu3jG0wyzz3Y1gCYqZnOBVg83E4dTUMw03TP5TB09vI-NYEbOFgXWOxvghNOg8rM6Po_qXQU-g&atk=1jqb2vahdhmt5800,"Supervise daily site activities and manpower. Ensure work is executed as per drawings and specifications. Follow up site progress, quality, and cleanliness. Maintain daily site records and reports.",,,indeed_ae,2026-06-05 05:09:28.201466+00:00
Regulatory Affairs Officer – MENA,dLocal,Remote in Abu Dhabi,https://ae.indeed.com/rc/clk?jk=5fd729f2e50327d3&bb=UCnoUbZMM9VD58h01kUVzjHp4mZij99HdJ5LXXIoW4f_Ct_xtcsIyCiEE4huvpZtq3Tx8Xnv1t86Lt80R99UuqOaybY9NVqSF-EceLgdHvH36aWf_UR0Nq-kZl60d1Ngn1nslUkqv291BEHmdUpDjg%3D%3D&xkcb=SoCT67M3iLNyjkTFwh0cbzkdCdPP&rjs=0&qd=Xd-cji1-rrfYy0m8LpokE8dF20pwsUrmctm8cTGFOXDOAPLLNYb6wmUg8gjYJafwpsXE23qShaYtGgdtUJu_X5BBGG-ayCiM-gQi8HpsYsLtZozk31ERKPJGlDLUboAG50chrnGX4B46HyqhlSj9xMohy02t3MX0n-6xoRHLk5Oh8V2c0duIS4mZo0TAq11Zl61No7XvcMPz961yBIpblougDO3NlIXerppYqweTrkxdIR2u4KVXi5XGrbZ08pfBgjrEyAE0GkSkYu3jG0wyzz3Y1gCYqZnOBVg83E4dTUMw03TP5TB09vI-NYEbOFgXWOxvghNOg8rM6Po_qXQU-g&atk=1jqb2vahdhmt5800,"5+ years of experience in a regulatory affairs, compliance, or legal advisory role — ideally within a fintech, payments company, financial institution, or law firm operating in the MENA region.",,,indeed_ae,2026-06-05 05:09:28.158106+00:00
Service Engineer (Water/ Waste Water Treatment),Links Consultants,Dubai,https://ae.indeed.com/rc/clk?jk=0c0d75690e7f85f0&bb=UCnoUbZMM9VD58h01kUVzlEws-3VNhGdqa0W_XgW_T6wXiGDidXMvRsnVdP8feJb77MzI3RvQlvh57gUrjcdMabqhs_kPzPsYBBLEMG-eQyZqzK53dHFrmdocHo-PwkmLdWT2YPh5pk9ipSvGU3B2Q%3D%3D&xkcb=SoAn67M3iLNyjkTFwh0dbzkdCdPP&rjs=0&qd=Xd-cji1-rrfYy0m8LpokE8dF20pwsUrmctm8cTGFOXDOAPLLNYb6wmUg8gjYJafwpsXE23qShaYtGgdtUJu_X5BBGG-ayCiM-gQi8HpsYsLtZozk31ERKPJGlDLUboAG50chrnGX4B46HyqhlSj9xMohy02t3MX0n-6xoRHLk5Oh8V2c0duIS4mZo0TAq11Zl61No7XvcMPz961yBIpblougDO3NlIXerppYqweTrkxdIR2u4KVXi5XGrbZ08pfBgjrEyAE0GkSkYu3jG0wyzz3Y1gCYqZnOBVg83E4dTUMw03TP5TB09vI-NYEbOFgXWOxvghNOg8rM6Po_qXQU-g&atk=1jqb2vahdhmt5800,"Bachelor's Degree (BE/BTech) in Engineering or equivalent. Education: Bachelor's Degree in Mechanical, Chemical, Environmental Engineering or equivalent (BE/BTech).",,,indeed_ae,2026-06-05 05:09:28.103781+00:00
Principal Subsea Engineer,McDermott,Dubai,https://ae.indeed.com/rc/clk?jk=deba52ba114e0398&bb=UCnoUbZMM9VD58h01kUVzsfcJWN3rEgoYm_PLU6iQ_1wStVzJv156WGjHbXQYhGlQ3fM2E1ufoPzMEYGjDmJJc135wj17mDrZ18evUK7rC1mkxYgu_oK2PC3_7eBi-G4l3dncf5UsoDnyz9ut4wjew%3D%3D&xkcb=SoC667M3iLNyjkTFwh0ebzkdCdPP&rjs=0&qd=Xd-cji1-rrfYy0m8LpokE8dF20pwsUrmctm8cTGFOXDOAPLLNYb6wmUg8gjYJafwpsXE23qShaYtGgdtUJu_X5BBGG-ayCiM-gQi8HpsYsLtZozk31ERKPJGlDLUboAG50chrnGX4B46HyqhlSj9xMohy02t3MX0n-6xoRHLk5Oh8V2c0duIS4mZo0TAq11Zl61No7XvcMPz961yBIpblougDO3NlIXerppYqweTrkxdIR2u4KVXi5XGrbZ08pfBgjrEyAE0GkSkYu3jG0wyzz3Y1gCYqZnOBVg83E4dTUMw03TP5TB09vI-NYEbOFgXWOxvghNOg8rM6Po_qXQU-g&atk=1jqb2vahdhmt5800,Train and mentor graduates and junior engineers . Direct small or medium-sized Engineering teams as a Lead Engineer . May participate in standards development committees or task groups such as DNV and…,,,indeed_ae,2026-06-05 05:09:28.063501+00:00
Persian Trilingual Language Specialist - Freelance AI Trainer Project,Meridial,Remote,https://ae.indeed.com/rc/clk?jk=ba97c4debef8ce72&bb=UCnoUbZMM9VD58h01kUVzidwXRW3ojkFHG9ikLNKYJPkTW7Mim-UU0YOub6TkpD-39GqwrJigEp8ePva3QRpNjItaomBfAncOy8So799GacLhQwL50jw0ydU7vZQd94dlaXWK4m8mCZx6dZ2YXwsxA%3D%3D&xkcb=SoAO67M3iLNyjkTFwh0fbzkdCdPP&rjs=0&qd=Xd-cji1-rrfYy0m8LpokE8dF20pwsUrmctm8cTGFOXDOAPLLNYb6wmUg8gjYJafwpsXE23qShaYtGgdtUJu_X5BBGG-ayCiM-gQi8HpsYsLtZozk31ERKPJGlDLUboAG50chrnGX4B46HyqhlSj9xMohy02t3MX0n-6xoRHLk5Oh8V2c0duIS4mZo0TAq11Zl61No7XvcMPz961yBIpblougDO3NlIXerppYqweTrkxdIR2u4KVXi5XGrbZ08pfBgjrEyAE0GkSkYu3jG0wyzz3Y1gCYqZnOBVg83E4dTUMw03TP5TB09vI-NYEbOFgXWOxvghNOg8rM6Po_qXQU-g&atk=1jqb2vahdhmt5800,"Prior experience in translation, linguistics, content evaluation, or AI training is strongly preferred. With high-quality multilingual training data, tomorrow's AI can better serve global communities…",,,indeed_ae,2026-06-05 05:09:28.020027+00:00
Civil Foreman,Labplus Laboratory Furniture Manufacturing LLC,Ras al-Khaimah,https://ae.indeed.com/rc/clk?jk=f666c796f71e70fb&bb=UCnoUbZMM9VD58h01kUVzq9atekGMZG2NgJkvzH1KXkbDQflot4_Nou9P7IAYLu88xSYgNFvPU5o4o-U2aC3r_nnw14-Zt1GnAFg0WFp4I4twnLE4-w4dAws-s_SdfY6qc0Z-NMfqrMn_jbTHQwOoQ%3D%3D&xkcb=SoCA67M3iLNyjkTFwh0YbzkdCdPP&rjs=0&qd=Xd-cji1-rrfYy0m8LpokE8dF20pwsUrmctm8cTGFOXDOAPLLNYb6wmUg8gjYJafwpsXE23qShaYtGgdtUJu_X5BBGG-ayCiM-gQi8HpsYsLtZozk31ERKPJGlDLUboAG50chrnGX4B46HyqhlSj9xMohy02t3MX0n-6xoRHLk5Oh8V2c0duIS4mZo0TAq11Zl61No7XvcMPz961yBIpblougDO3NlIXerppYqweTrkxdIR2u4KVXi5XGrbZ08pfBgjrEyAE0GkSkYu3jG0wyzz3Y1gCYqZnOBVg83E4dTUMw03TP5TB09vI-NYEbOFgXWOxvghNOg8rM6Po_qXQU-g&atk=1jqb2vahdhmt5800,"Coordinate with engineers , subcontractors, and project teams. UAE experience in building or infrastructure projects is mandatory. We are seeking a skilled and experienced Civil Foreman with 6–7…",,,indeed_ae,2026-06-05 05:09:27.979232+00:00
CIAM- Support & Maintenance Engineer,Dicetek LLC,Abu Dhabi,https://ae.indeed.com/rc/clk?jk=ec40689479d078cb&bb=UCnoUbZMM9VD58h01kUVzhSr-8pv_78iFsAo2XMYVue8vGfMHodWNjGEzfmmzROUz-rMSQMXjV9IwOXs5cEKmweDI1ye-2ZgshGgJQ3bGPt8ap093DuSrY5kQP_daBuZQy2Zg0EtA6g70g6K8TISIw%3D%3D&xkcb=SoCp67M3iLNyjkTFwh0abzkdCdPP&rjs=0&qd=Xd-cji1-rrfYy0m8LpokE8dF20pwsUrmctm8cTGFOXDOAPLLNYb6wmUg8gjYJafwpsXE23qShaYtGgdtUJu_X5BBGG-ayCiM-gQi8HpsYsLtZozk31ERKPJGlDLUboAG50chrnGX4B46HyqhlSj9xMohy02t3MX0n-6xoRHLk5Oh8V2c0duIS4mZo0TAq11Zl61No7XvcMPz961yBIpblougDO3NlIXerppYqweTrkxdIR2u4KVXi5XGrbZ08pfBgjrEyAE0GkSkYu3jG0wyzz3Y1gCYqZnOBVg83E4dTUMw03TP5TB09vI-NYEbOFgXWOxvghNOg8rM6Po_qXQU-g&atk=1jqb2vahdhmt5800,Experience with/understanding of at least four of the followings: CIAM and IBM identity security access manager (ISAM/IBM verify) hands on experience with good working knowledge to handle…,,,indeed_ae,2026-06-05 05:09:27.918510+00:00
Senior Product Manager,Dizzaract FZ LLC,Abu Dhabi,https://ae.indeed.com/rc/clk?jk=fa5aa121102f8556&bb=UCnoUbZMM9VD58h01kUVzlKnE9-1hMq8q8z2vjruNlPtIhx1hM-SKxuOYD8b-ErQDAR5fL9BOdB3Bj7BjF7iFZnwSZySpfIxyn-n3aZV2JflE4AUrEntfPvVgwMozN44ermpy8hvwE_b0mtVa-z30Q%3D%3D&xkcb=SoAd67M3iLNyjkTFwh0bbzkdCdPP&rjs=0&qd=Xd-cji1-rrfYy0m8LpokE8dF20pwsUrmctm8cTGFOXDOAPLLNYb6wmUg8gjYJafwpsXE23qShaYtGgdtUJu_X5BBGG-ayCiM-gQi8HpsYsLtZozk31ERKPJGlDLUboAG50chrnGX4B46HyqhlSj9xMohy02t3MX0n-6xoRHLk5Oh8V2c0duIS4mZo0TAq11Zl61No7XvcMPz961yBIpblougDO3NlIXerppYqweTrkxdIR2u4KVXi5XGrbZ08pfBgjrEyAE0GkSkYu3jG0wyzz3Y1gCYqZnOBVg83E4dTUMw03TP5TB09vI-NYEbOFgXWOxvghNOg8rM6Po_qXQU-g&atk=1jqb2vahdhmt5800,"Bachelor's or Master's in CS, Engineering, Business, or related field, or equivalent real-world experience. PMP or Agile/Scrum certifications. Your approach to managing integrations with external APIs…",,,indeed_ae,2026-06-05 05:09:27.877278+00:00
Electrical Job Instructor,Zameer Training FZE,Abu Dhabi,https://ae.indeed.com/rc/clk?jk=3be1e3bce08c9326&bb=UCnoUbZMM9VD58h01kUVzukThFA5jAjRQ-39sHOIooTET6m-v6uiXbv_FE8HLmYdHpbc1LuonD-1iP1M2COgA48Xkt5shog-9HuyR_KkBGCRr8EJ7CgLCKzWiIqzBtpbeHY_jsSBd6FpHd-5R2peew%3D%3D&xkcb=SoA667M3iLNyjkTFwh0EbzkdCdPP&rjs=0&qd=Xd-cji1-rrfYy0m8LpokE8dF20pwsUrmctm8cTGFOXDOAPLLNYb6wmUg8gjYJafwpsXE23qShaYtGgdtUJu_X5BBGG-ayCiM-gQi8HpsYsLtZozk31ERKPJGlDLUboAG50chrnGX4B46HyqhlSj9xMohy02t3MX0n-6xoRHLk5Oh8V2c0duIS4mZo0TAq11Zl61No7XvcMPz961yBIpblougDO3NlIXerppYqweTrkxdIR2u4KVXi5XGrbZ08pfBgjrEyAE0GkSkYu3jG0wyzz3Y1gCYqZnOBVg83E4dTUMw03TP5TB09vI-NYEbOFgXWOxvghNOg8rM6Po_qXQU-g&atk=1jqb2vahdhmt5800,"To provide refresher training to established operations personnel or technicians, when requested by section head of shift controllers , in order to increase their performance.",,,indeed_ae,2026-06-05 05:09:27.836028+00:00
Senior Technical Project Manager Renewables and Batteries,ENGIE,Dubai,https://ae.indeed.com/rc/clk?jk=35acebb08fdc5029&bb=UCnoUbZMM9VD58h01kUVzukThFA5jAjR0XFOKB3cepHBegb4zJoQFWMvi8-W8kvI0b-J8DOTwYayUAOmr96qpFwbTXYvMkf5WJKT-pitKq1qA51boUyT0laiwTS3tl1qH0Cnu9-xI8Ds98Nv1SJvmQ%3D%3D&xkcb=SoCO67M3iLNyjkTFwh0FbzkdCdPP&rjs=0&qd=Xd-cji1-rrfYy0m8LpokE8dF20pwsUrmctm8cTGFOXDOAPLLNYb6wmUg8gjYJafwpsXE23qShaYtGgdtUJu_X5BBGG-ayCiM-gQi8HpsYsLtZozk31ERKPJGlDLUboAG50chrnGX4B46HyqhlSj9xMohy02t3MX0n-6xoRHLk5Oh8V2c0duIS4mZo0TAq11Zl61No7XvcMPz961yBIpblougDO3NlIXerppYqweTrkxdIR2u4KVXi5XGrbZ08pfBgjrEyAE0GkSkYu3jG0wyzz3Y1gCYqZnOBVg83E4dTUMw03TP5TB09vI-NYEbOFgXWOxvghNOg8rM6Po_qXQU-g&atk=1jqb2vahdhmt5800,Minimum 10 years of experience in a project management or technical coordination function on solar PV or BESS development or construction projects. O&M and/or construction knowledge.,,,indeed_ae,2026-06-05 05:09:27.791400+00:00
Senior HVAC Engineer,AL HANOO CONTRACTING L.L.C,Sharjah,https://ae.indeed.com/rc/clk?jk=c552f0f7fe4a3459&bb=UCnoUbZMM9VD58h01kUVzq_F6hll2TlsF8ixctZ9355jfOmtdrQSnY9eUZdxabVfdj4XH5evQ6B7MYnx43Hp8iTVjrXCkCAtlSGrCG0TSFdaf7BUv-XVhw2TZ_QZJB8iW1RhcQV32GHrrL7NPT2gwQ%3D%3D&xkcb=SoAT67M3iLNyjkTFwh0GbzkdCdPP&rjs=0&qd=Xd-cji1-rrfYy0m8LpokE8dF20pwsUrmctm8cTGFOXDOAPLLNYb6wmUg8gjYJafwpsXE23qShaYtGgdtUJu_X5BBGG-ayCiM-gQi8HpsYsLtZozk31ERKPJGlDLUboAG50chrnGX4B46HyqhlSj9xMohy02t3MX0n-6xoRHLk5Oh8V2c0duIS4mZo0TAq11Zl61No7XvcMPz961yBIpblougDO3NlIXerppYqweTrkxdIR2u4KVXi5XGrbZ08pfBgjrEyAE0GkSkYu3jG0wyzz3Y1gCYqZnOBVg83E4dTUMw03TP5TB09vI-NYEbOFgXWOxvghNOg8rM6Po_qXQU-g&atk=1jqb2vahdhmt5800,"High proficiency in specialized engineering software , including AutoCAD, Revit MEP, and HAP. Coordinate continuously with engineers from other disciplines (Electrical, Plumbing, Architectural,…",,,indeed_ae,2026-06-05 05:09:27.750495+00:00
Business Development Executive – Immigration & Residency Services,Elite International training,Dubai,https://ae.indeed.com/rc/clk?jk=b48788c95c074863&bb=UCnoUbZMM9VD58h01kUVzoxnm3tHlejVxvSwCtTibi_uTV2s9VBjODmPuXhlL2Ovjm-Yn-vFr7E6dDlzwloUmQxMa5SLOmz9uII8dOwr8CIJU3YYEF4Ihvj0FjRRghc8f6SJslzQfjEKoca8P6GjjY6Qo15cP1St&xkcb=SoCn67M3iLNyjkTFwh0HbzkdCdPP&rjs=0&qd=Xd-cji1-rrfYy0m8LpokE8dF20pwsUrmctm8cTGFOXDOAPLLNYb6wmUg8gjYJafwpsXE23qShaYtGgdtUJu_X5BBGG-ayCiM-gQi8HpsYsLtZozk31ERKPJGlDLUboAG50chrnGX4B46HyqhlSj9xMohy02t3MX0n-6xoRHLk5Oh8V2c0duIS4mZo0TAq11Zl61No7XvcMPz961yBIpblougDO3NlIXerppYqweTrkxdIR2u4KVXi5XGrbZ08pfBgjrEyAE0GkSkYu3jG0wyzz3Y1gCYqZnOBVg83E4dTUMw03TP5TB09vI-NYEbOFgXWOxvghNOg8rM6Po_qXQU-g&atk=1jqb2vahdhmt5800,"Do you have Bachelor or Master's Degree from a recognized UK/European. Develop relationships with high-net-worth individuals, investors, entrepreneurs, and professionals seeking residency solutions.",,,indeed_ae,2026-06-05 05:09:27.708071+00:00
NDT Manager (NDT LEVEL III),SPEC Oil & Gas FZCO,Dubai,https://ae.indeed.com/rc/clk?jk=47cbc9cc8b451805&bb=UCnoUbZMM9VD58h01kUVzuzqt1qE_eWInovm1LZHX_dSZr5Ah5uNG-gUQBkbgTKKWlPn3ZxP3tYydJ2wow37pv59CD-bsaiLc4okRqdsCJjWEwZOP255WxLeNCbQN8GqCsJJ8xwqPVO1w6G0Aqehgg%3D%3D&xkcb=SoAp67M3iLNyjkTFwh0AbzkdCdPP&rjs=0&qd=Xd-cji1-rrfYy0m8LpokE8dF20pwsUrmctm8cTGFOXDOAPLLNYb6wmUg8gjYJafwpsXE23qShaYtGgdtUJu_X5BBGG-ayCiM-gQi8HpsYsLtZozk31ERKPJGlDLUboAG50chrnGX4B46HyqhlSj9xMohy02t3MX0n-6xoRHLk5Oh8V2c0duIS4mZo0TAq11Zl61No7XvcMPz961yBIpblougDO3NlIXerppYqweTrkxdIR2u4KVXi5XGrbZ08pfBgjrEyAE0GkSkYu3jG0wyzz3Y1gCYqZnOBVg83E4dTUMw03TP5TB09vI-NYEbOFgXWOxvghNOg8rM6Po_qXQU-g&atk=1jqb2vahdhmt5800,"Develop, review, and approve NDT procedures in accordance with ASME Section V, ASME Section VIII, and applicable project specifications. Demonstrate strong experience in *Digital Radiography Testing (…",,,indeed_ae,2026-06-05 05:09:27.669915+00:00
Senior Citrix Engineer,EGR Holding LLC,Abu Dhabi,https://ae.indeed.com/rc/clk?jk=d6757b71ac8c68b1&bb=UCnoUbZMM9VD58h01kUVzrOvZIJQD28Q-xYfvsFYCGSM5trVCoMB_KWCU4dVOsQNBod1mWwYCrpOrPVSmzI0Z68r9f_Y8vQF-PocihCr81P2WKwHsVbu5XpOOS9hbTAB-pUP324etn66hx1kEdnDzw%3D%3D&xkcb=SoCd67M3iLNyjkTFwh0BbzkdCdPP&rjs=0&qd=Xd-cji1-rrfYy0m8LpokE8dF20pwsUrmctm8cTGFOXDOAPLLNYb6wmUg8gjYJafwpsXE23qShaYtGgdtUJu_X5BBGG-ayCiM-gQi8HpsYsLtZozk31ERKPJGlDLUboAG50chrnGX4B46HyqhlSj9xMohy02t3MX0n-6xoRHLk5Oh8V2c0duIS4mZo0TAq11Zl61No7XvcMPz961yBIpblougDO3NlIXerppYqweTrkxdIR2u4KVXi5XGrbZ08pfBgjrEyAE0GkSkYu3jG0wyzz3Y1gCYqZnOBVg83E4dTUMw03TP5TB09vI-NYEbOFgXWOxvghNOg8rM6Po_qXQU-g&atk=1jqb2vahdhmt5800,Provide technical support and mentorship to junior engineers or IT staff involved in Citrix-related tasks. VMware vSphere or Microsoft Hyper-V. Knowledge of cloud platforms (Azure or AWS Citrix…,,,indeed_ae,2026-06-05 05:09:27.627268+00:00
Senior Data Engineer,Multibank Group,Dubai,https://ae.indeed.com/rc/clk?jk=b59d3a5c4a6d8ed4&bb=UCnoUbZMM9VD58h01kUVzv90LnWTcldoYwAljxDwG1ddQ-w4iuQVdZNVB0PUYWsNL6WTJf7GBxZrOI2vT6ywxYm81xb9eu1Wc-kdaiJgDorPZFZZF8iiK4_RS1_mxf9gGySLCsE00sj_CGBcFnxg_A%3D%3D&xkcb=SoAA67M3iLNyjkTFwh0CbzkdCdPP&rjs=0&qd=Xd-cji1-rrfYy0m8LpokE8dF20pwsUrmctm8cTGFOXDOAPLLNYb6wmUg8gjYJafwpsXE23qShaYtGgdtUJu_X5BBGG-ayCiM-gQi8HpsYsLtZozk31ERKPJGlDLUboAG50chrnGX4B46HyqhlSj9xMohy02t3MX0n-6xoRHLk5Oh8V2c0duIS4mZo0TAq11Zl61No7XvcMPz961yBIpblougDO3NlIXerppYqweTrkxdIR2u4KVXi5XGrbZ08pfBgjrEyAE0GkSkYu3jG0wyzz3Y1gCYqZnOBVg83E4dTUMw03TP5TB09vI-NYEbOFgXWOxvghNOg8rM6Po_qXQU-g&atk=1jqb2vahdhmt5800,"Bachelor's degree in Computer Science, Engineering, Mathematics, or a related field, or equivalent professional experience. Experience with API development using RESTful or GraphQL approaches.",,,indeed_ae,2026-06-05 05:09:27.569060+00:00
Land Surveyor,Parsons,Abu Dhabi,https://ae.indeed.com/rc/clk?jk=6f0c45cfcc1c63fe&bb=UCnoUbZMM9VD58h01kUVzg7iYj4Oq7rrwJgpPE7zYNiAwq9haKx7SSgsW-OFBnYz_xnlwxQILsqKs0yyq9SpD1Y_rg9N37UwawC5awIMVyuMwSTPH5orwFNPShKy1DoAFYrtTqYdollzcTNzb5SLcQ%3D%3D&xkcb=SoC067M3iLNyjkTFwh0DbzkdCdPP&rjs=0&qd=Xd-cji1-rrfYy0m8LpokE8dF20pwsUrmctm8cTGFOXDOAPLLNYb6wmUg8gjYJafwpsXE23qShaYtGgdtUJu_X5BBGG-ayCiM-gQi8HpsYsLtZozk31ERKPJGlDLUboAG50chrnGX4B46HyqhlSj9xMohy02t3MX0n-6xoRHLk5Oh8V2c0duIS4mZo0TAq11Zl61No7XvcMPz961yBIpblougDO3NlIXerppYqweTrkxdIR2u4KVXi5XGrbZ08pfBgjrEyAE0GkSkYu3jG0wyzz3Y1gCYqZnOBVg83E4dTUMw03TP5TB09vI-NYEbOFgXWOxvghNOg8rM6Po_qXQU-g&atk=1jqb2vahdhmt5800,"Knowledge and/or experience in using CAD software and survey software , total station, data collectors and GPS equipment. Diploma/Associate degree in Civil Engineering, Land Surveying or equivalent.",,,indeed_ae,2026-06-05 05:09:27.505026+00:00
Infrastructure QA/QC Engineer,AL HANOO CONTRACTING L.L.C,Sharjah,https://ae.indeed.com/rc/clk?jk=b1752ef4b3b2c365&bb=UCnoUbZMM9VD58h01kUVzqZeulfgPrioXM2y30cmp6eEDu5wtXEuTgPLOlzJODNUu2HzO-y7d6oRY33cHl6Geosf5vJuTTllYJpjsykc0ucmkUbPaGuYL4ZBRP-clIRrQKtFE2TMAZybogn6qXtSYQ%3D%3D&xkcb=SoBd67M3iLNyjkTFwh0MbzkdCdPP&rjs=0&qd=Xd-cji1-rrfYy0m8LpokE8dF20pwsUrmctm8cTGFOXDOAPLLNYb6wmUg8gjYJafwpsXE23qShaYtGgdtUJu_X5BBGG-ayCiM-gQi8HpsYsLtZozk31ERKPJGlDLUboAG50chrnGX4B46HyqhlSj9xMohy02t3MX0n-6xoRHLk5Oh8V2c0duIS4mZo0TAq11Zl61No7XvcMPz961yBIpblougDO3NlIXerppYqweTrkxdIR2u4KVXi5XGrbZ08pfBgjrEyAE0GkSkYu3jG0wyzz3Y1gCYqZnOBVg83E4dTUMw03TP5TB09vI-NYEbOFgXWOxvghNOg8rM6Po_qXQU-g&atk=1jqb2vahdhmt5800,We are seeking a detail-oriented QA/QC Engineer to develop and implement quality management systems for large-scale infrastructure projects. Quality Documentation: Prepare and manage ITP (…,,,indeed_ae,2026-06-05 05:09:27.467554+00:00
Real Estate Recruiter,A I Capital Real Estate LLC,Dubai,https://ae.indeed.com/rc/clk?jk=850b836912285a7e&bb=UCnoUbZMM9VD58h01kUVzus8V3pwX3f5wC0qq4N7osHMoiyvqRggnyAtKfZ79zPaIxOQf5CuVs6c1XlQAIzhdxg6jjZGn7bYgmZWMuZwFOe3LTeSZMF6cY5QXHO84sQ9nK0RgQGI2FOyplxoDYr1aA%3D%3D&xkcb=SoDp67M3iLNyjkTFwh0NbzkdCdPP&rjs=0&qd=Xd-cji1-rrfYy0m8LpokE8dF20pwsUrmctm8cTGFOXDOAPLLNYb6wmUg8gjYJafwpsXE23qShaYtGgdtUJu_X5BBGG-ayCiM-gQi8HpsYsLtZozk31ERKPJGlDLUboAG50chrnGX4B46HyqhlSj9xMohy02t3MX0n-6xoRHLk5Oh8V2c0duIS4mZo0TAq11Zl61No7XvcMPz961yBIpblougDO3NlIXerppYqweTrkxdIR2u4KVXi5XGrbZ08pfBgjrEyAE0GkSkYu3jG0wyzz3Y1gCYqZnOBVg83E4dTUMw03TP5TB09vI-NYEbOFgXWOxvghNOg8rM6Po_qXQU-g&atk=1jqb2vahdhmt5800,"Experience: Proven track record in Dubai Real Estate or Sales recruitment. Talent Sourcing: Headhunt experienced Property Consultants via LinkedIn, job portals, and referrals.",,,indeed_ae,2026-06-05 05:09:27.424398+00:00
Design Engineer - Water,AtkinsRéalis,Abu Dhabi,https://ae.indeed.com/rc/clk?jk=bd00a2f29c6cef1f&bb=UCnoUbZMM9VD58h01kUVzrotKjUvOXp-1DCroBrfuKlZtApWc6fafoiEaKTx7A1C4lzme-VlD_VrI-8-m8ymXpes4LDgcxJa8_GVHNjVsud2GrEMZeDNvvtqOHT3_fxjlQR4fYRuTR4g3q2Vcd2GMQ%3D%3D&xkcb=SoB067M3iLNyjkTFwh0ObzkdCdPP&rjs=0&qd=Xd-cji1-rrfYy0m8LpokE8dF20pwsUrmctm8cTGFOXDOAPLLNYb6wmUg8gjYJafwpsXE23qShaYtGgdtUJu_X5BBGG-ayCiM-gQi8HpsYsLtZozk31ERKPJGlDLUboAG50chrnGX4B46HyqhlSj9xMohy02t3MX0n-6xoRHLk5Oh8V2c0duIS4mZo0TAq11Zl61No7XvcMPz961yBIpblougDO3NlIXerppYqweTrkxdIR2u4KVXi5XGrbZ08pfBgjrEyAE0GkSkYu3jG0wyzz3Y1gCYqZnOBVg83E4dTUMw03TP5TB09vI-NYEbOFgXWOxvghNOg8rM6Po_qXQU-g&atk=1jqb2vahdhmt5800,"Education / Qualifications: Bachelor's degree or equivalent qualification in a related Engineering discipline. The role of the Design Engineer is to plan, design and model the scenarios for the…",,,indeed_ae,2026-06-05 05:09:27.379170+00:00
MEP PROJECT SALES ENGINEER,Smart Sense Technical Services,Dubai,https://ae.indeed.com/rc/clk?jk=942daf53e615565e&bb=UCnoUbZMM9VD58h01kUVznu2yH900cCPf9aJjqzDxNegGSj8IxYNqZOq1HRe_lG5XNGzixrryOaMvGjB5gcY9myBwmjO2H7iAtHIlRNCPayZ-JikYVqWzjWHHwCDYYm4AAro-noJoHP3EStGopQedw%3D%3D&xkcb=SoDA67M3iLNyjkTFwh0PbzkdCdPP&rjs=0&qd=Xd-cji1-rrfYy0m8LpokE8dF20pwsUrmctm8cTGFOXDOAPLLNYb6wmUg8gjYJafwpsXE23qShaYtGgdtUJu_X5BBGG-ayCiM-gQi8HpsYsLtZozk31ERKPJGlDLUboAG50chrnGX4B46HyqhlSj9xMohy02t3MX0n-6xoRHLk5Oh8V2c0duIS4mZo0TAq11Zl61No7XvcMPz961yBIpblougDO3NlIXerppYqweTrkxdIR2u4KVXi5XGrbZ08pfBgjrEyAE0GkSkYu3jG0wyzz3Y1gCYqZnOBVg83E4dTUMw03TP5TB09vI-NYEbOFgXWOxvghNOg8rM6Po_qXQU-g&atk=1jqb2vahdhmt5800,"Bachelor's degree in Mechanical Engineering, Electrical Engineering, or related field. 3–8 years of experience in MEP contracting, MEP products, or building services sales.",,,indeed_ae,2026-06-05 05:09:27.315503+00:00
Kavak's Ruwwad Graduate Program - Emiratis,KAVAK,Dubai,https://ae.indeed.com/rc/clk?jk=bb5e2eeb91af592a&bb=UCnoUbZMM9VD58h01kUVzmczvHNrhctzyQa0nd_MAAy0yz-JM5sQ7z9kvEh5EWRmV6VxBK1UHIuA-ynlp605022FSKJyDZUiHB6L4wX-4ydREy9jZdnX3_8ZWp7pc7EFBByerIlkyjy4fyYELCXsAA%3D%3D&xkcb=SoBO67M3iLNyjkTFwh0IbzkdCdPP&rjs=0&qd=Xd-cji1-rrfYy0m8LpokE8dF20pwsUrmctm8cTGFOXDOAPLLNYb6wmUg8gjYJafwpsXE23qShaYtGgdtUJu_X5BBGG-ayCiM-gQi8HpsYsLtZozk31ERKPJGlDLUboAG50chrnGX4B46HyqhlSj9xMohy02t3MX0n-6xoRHLk5Oh8V2c0duIS4mZo0TAq11Zl61No7XvcMPz961yBIpblougDO3NlIXerppYqweTrkxdIR2u4KVXi5XGrbZ08pfBgjrEyAE0GkSkYu3jG0wyzz3Y1gCYqZnOBVg83E4dTUMw03TP5TB09vI-NYEbOFgXWOxvghNOg8rM6Po_qXQU-g&atk=1jqb2vahdhmt5800,"We work smart and make things happen, offering the easiest, safest and most transparent experience to buy or sell a car. Trainees rotate through three core departments and a mandatory rotation in a…",,,indeed_ae,2026-06-05 05:09:27.273706+00:00
Specialist Piping Engineer,Worley,Abu Dhabi,https://ae.indeed.com/rc/clk?jk=334e5fd4016e001f&bb=UCnoUbZMM9VD58h01kUVzv90LnWTcldon3QxKvmtLoNYJ_gv3Kj6h-Z-bYF4smIxDV1xFoad80FyJnIFZoG4ABcrQLTtT8SkyvdnH91DAnmomV8TaUzHqjpk__pmw8G2Nh42ViM_DFGbn0OZ7FSIsg%3D%3D&xkcb=SoD667M3iLNyjkTFwh0JbzkdCdPP&rjs=0&qd=Xd-cji1-rrfYy0m8LpokE8dF20pwsUrmctm8cTGFOXDOAPLLNYb6wmUg8gjYJafwpsXE23qShaYtGgdtUJu_X5BBGG-ayCiM-gQi8HpsYsLtZozk31ERKPJGlDLUboAG50chrnGX4B46HyqhlSj9xMohy02t3MX0n-6xoRHLk5Oh8V2c0duIS4mZo0TAq11Zl61No7XvcMPz961yBIpblougDO3NlIXerppYqweTrkxdIR2u4KVXi5XGrbZ08pfBgjrEyAE0GkSkYu3jG0wyzz3Y1gCYqZnOBVg83E4dTUMw03TP5TB09vI-NYEbOFgXWOxvghNOg8rM6Po_qXQU-g&atk=1jqb2vahdhmt5800,"Or equivalent from an accredited university with a minimum of fifteen (15+) years of relevant experience in the Oil & Gas or Petrochemical industry, Petrochemical.",,,indeed_ae,2026-06-05 05:09:27.231159+00:00
Civil Engineer,Blue Pearl Construction LLC,Dubai,https://ae.indeed.com/rc/clk?jk=05d4c9658cfecb4f&bb=UCnoUbZMM9VD58h01kUVzvI_JyqlFoHXVkkIHAUqW5_rAXiWvPtgTKRmWk9FmGb-D4hDMFqXpJRQAWGmLgtJRgjG9ZlsvkRCHka19KDovqQJtIJw5tgq3_CjFyZ92GGQ66fGGbCJ5id2ugJWV9GJiA%3D%3D&xkcb=SoBn67M3iLNyjkTFwh0KbzkdCdPP&rjs=0&qd=Xd-cji1-rrfYy0m8LpokE8dF20pwsUrmctm8cTGFOXDOAPLLNYb6wmUg8gjYJafwpsXE23qShaYtGgdtUJu_X5BBGG-ayCiM-gQi8HpsYsLtZozk31ERKPJGlDLUboAG50chrnGX4B46HyqhlSj9xMohy02t3MX0n-6xoRHLk5Oh8V2c0duIS4mZo0TAq11Zl61No7XvcMPz961yBIpblougDO3NlIXerppYqweTrkxdIR2u4KVXi5XGrbZ08pfBgjrEyAE0GkSkYu3jG0wyzz3Y1gCYqZnOBVg83E4dTUMw03TP5TB09vI-NYEbOFgXWOxvghNOg8rM6Po_qXQU-g&atk=1jqb2vahdhmt5800,"Civil engineer : 5 years (Required). Bachelor’s degree in Civil Engineering or a related field. Proficient in AutoCAD, project management software , and other engineering tools.",,,indeed_ae,2026-06-05 05:09:27.173996+00:00
Demand Planning Manager MENAP,Kenvue,Dubai,https://ae.indeed.com/rc/clk?jk=611ade37cde38581&bb=UCnoUbZMM9VD58h01kUVzhVAafPqrjTITtlicNqRwjon1zwpoGPmNp33qUuk4q-oJzWJCxzh_uRuK6B9sW0flfvdMp7KtSYr4ukSm0N3kDllL0kupo_cZkm_Q_Fo4Zh3Wm-StIqjhEYIMvgYj_3KDg%3D%3D&xkcb=SoDT67M3iLNyjkTFwh0LbzkdCdPP&rjs=0&qd=Xd-cji1-rrfYy0m8LpokE8dF20pwsUrmctm8cTGFOXDOAPLLNYb6wmUg8gjYJafwpsXE23qShaYtGgdtUJu_X5BBGG-ayCiM-gQi8HpsYsLtZozk31ERKPJGlDLUboAG50chrnGX4B46HyqhlSj9xMohy02t3MX0n-6xoRHLk5Oh8V2c0duIS4mZo0TAq11Zl61No7XvcMPz961yBIpblougDO3NlIXerppYqweTrkxdIR2u4KVXi5XGrbZ08pfBgjrEyAE0GkSkYu3jG0wyzz3Y1gCYqZnOBVg83E4dTUMw03TP5TB09vI-NYEbOFgXWOxvghNOg8rM6Po_qXQU-g&atk=1jqb2vahdhmt5800,"Bachelor’s degree or equivalent in a relevant field such as Supply Chain Management, Business Analytics, or related disciplines. Proven expertise in leveraging advanced statistical software and…",,,indeed_ae,2026-06-05 05:09:27.110975+00:00
Design Experience Manager,Etihad Airways,Abu Dhabi,https://ae.indeed.com/rc/clk?jk=a7ae771bd7e4864b&bb=lQ1fN5lc6ZPx31kwRr0JkD4UMshTpv9-4SGzdtafwrOg2sh-HDsKPAxh86o2j0-AYMJluA1E4l_KRpMAE8I3sMwkkb2RleOrulsLIef-IykTeCKJCkcknoWbnyKH6-wSSV9f7ug_LeD9i1Lh9tVRpg%3D%3D&xkcb=SoDV67M3iLNzGBT43Z0TbzkdCdPP&rjs=0&qd=Xd-cji1-rrfYy0m8LpokE8dF20pwsUrmctm8cTGFOXDOAPLLNYb6wmUg8gjYJafwpsXE23qShaYtGgdtUJu_X5BBGG-ayCiM-gQi8HpsYsLtZozk31ERKPJGlDLUboAG50chrnGX4B46HyqhlSj9xMohy02t3MX0n-6xoRHLk5Oh8V2c0duIS4mZo0TAq11Zl61No7XvcMPz961yBIpblougDO3NlIXerppYqweTrkxdIR2u4KVXi5XGrbZ08pfBgjrEyAE0GkSkYu3jG0wyzz3Y1gCYqZnOBVg83E4dTUPkXnhZhzuDG6QyJDS4hXqOWOxvghNOg8rM6Po_qXQU-g&atk=1jqb2v60326s7001,Demonstrated experience designing data-driven or AI-enabled digital experiences. Proven experience delivering complex transactional or service-based digital journeys with measurable business impact.,,,indeed_ae,2026-06-05 05:09:23.590598+00:00
"CAD Draftsman – Security Systems / ULV /Telecom (CCTV, ACS)",PSS,Dubai,https://ae.indeed.com/pagead/clk?mo=r&ad=-6NYlbfkN0DE7sEPlNAZFDZ0k2ZI4S2U1h7zdM15FllZusIsfL_6PeR9Kn23SITB8_oQ3cVNi0VP6gq4teiOFVroxRqnpXGBysuiIAX34SJL1lK9JWdxPjswJAyXqOCRdO-5WUKsh1KpHeQ2YjQn1GBv4PJGvSCVy2KwNIQpwJzCcTHTp2i1QDapBGJwvwDlEOeDFGewgpa_18LMoT0BCIc-5nXGVlbe14s3nsJJZdzQs2rEHuMd-bIVsiVbz9djKEvosnFutAxh5qECh5txUrP4JkslLRz5zCL1xGFeBoQwrwtAlZMoW8Va9xAhlFTVlbuE699A6mPJHNQm2xnkPSD3k9ikRqSCVPVehmyxteqZnWgR6D7c2GyVWOkDWM3CZZPwMRupMp2FwERJHshrUxv3I37A9ZISTZuHSIcNJZl0MVH9x4Ga2bKDDsDmkbFnC5ylIXvF305rMSZXpFDvs5iJejAwaBzO9naZ_KPIUUtnHp8bNLNcjic8Ubvn2Di4CFUQKBcTFoTzo0dxD-waBEmuXoMrU3TTgvrIifhCobZbMq7m6T6I4h6fYN1DR-71_5IZAjBO2cBa0uZI5YSx9GCR_n4gJgu94oypwcGh09QHW1M6-9sz0GtDukPPmmxLlorERNz3byH5egVkMNz2XPM_MxNPs0kNPI9WOUreQ91N3A-3FHeRL1mfBfCopteJwZL_nvZJVoKWyNz7VxoyVXXhHev5eDTryyWehucbiqdFiCYpUD6Iwnjvgwir2gBPN5I9OOb0sCkyNbxTC1Lcb80FkdgCiWMVPK1V5-adsVJZw8l4xKDiH2w1_V1k3TzHyJ0DF-ickH0VIG1l4AM_sPYGnToCahevkkxOlUxwm_QeD2yjWk7y9FFHYbye3sG2OfScFMnsdWIM_NtIj9dsvXnQStZEF63OQ0ShP_71e0GZJizHB29kD_N0lfKS16Tf1pqc_3L3xZm2dfUbr3PAKy-22XYxQ7weqTCkI5myayGC4WqX_KmqDA==&xkcb=SoDI6_M3iLNzGBT43Z0cbzkdCdPP&camk=C3EPSzFlQw9s8KOY_kRqUw==&p=23&atk=1jqb2v60326s7001,"Bluebeam or PDF review tools. Diploma, Degree, or Technical Qualification in: Strong experience supporting complex and large-scale infrastructure or building projects. Ensure all drawings comply with:",,,indeed_ae,2026-06-05 05:09:23.550739+00:00
Senior Technical Engineer (Core Technical Exp & Knowledge),The Second Construction Co. LTD of China...,Dubai,https://ae.indeed.com/rc/clk?jk=a3075d30d089854d&bb=lQ1fN5lc6ZPx31kwRr0JkC5fBJQYdcnQRMToJ8_PoXKz2GOVcBlPqFVJ8qr7pWHBVhb7qqKDbFuzRMHbZ6amd2omSkQMy4vt03mK52ZU7brM5wA1DmjQSRTDnR7fM885igv49nLEP9FhR6fz5uqdyA%3D%3D&xkcb=SoCI67M3iLNzGBT43Z0dbzkdCdPP&rjs=0&qd=Xd-cji1-rrfYy0m8LpokE8dF20pwsUrmctm8cTGFOXDOAPLLNYb6wmUg8gjYJafwpsXE23qShaYtGgdtUJu_X5BBGG-ayCiM-gQi8HpsYsLtZozk31ERKPJGlDLUboAG50chrnGX4B46HyqhlSj9xMohy02t3MX0n-6xoRHLk5Oh8V2c0duIS4mZo0TAq11Zl61No7XvcMPz961yBIpblougDO3NlIXerppYqweTrkxdIR2u4KVXi5XGrbZ08pfBgjrEyAE0GkSkYu3jG0wyzz3Y1gCYqZnOBVg83E4dTUPkXnhZhzuDG6QyJDS4hXqOWOxvghNOg8rM6Po_qXQU-g&atk=1jqb2v60326s7001,"· Bachelor’s degree in Civil Engineering, Architecture, or Interior Design.*. Proven track record of delivering luxury/high-end residential, hospitality, or commercial projects.",,,indeed_ae,2026-06-05 05:09:23.509012+00:00
Structural Engineer (Design & AutoCAD Experience),Arvind Human Resources,UAE,https://ae.indeed.com/rc/clk?jk=d7d247366ad67f1f&bb=lQ1fN5lc6ZPx31kwRr0JkETKp20pX1K_1qfapaTAZwRGuYs0prxwTO-3IBULvS0iGH7IxhfuvK40zdmapHe8s_enyASRRhwzE8a8WPLqTApix8rvJ7vjYaTQjUyZJxGu4m2BB4qt-JvSbcq4foinOA%3D%3D&xkcb=SoAV67M3iLNzGBT43Z0ebzkdCdPP&rjs=0&qd=Xd-cji1-rrfYy0m8LpokE8dF20pwsUrmctm8cTGFOXDOAPLLNYb6wmUg8gjYJafwpsXE23qShaYtGgdtUJu_X5BBGG-ayCiM-gQi8HpsYsLtZozk31ERKPJGlDLUboAG50chrnGX4B46HyqhlSj9xMohy02t3MX0n-6xoRHLk5Oh8V2c0duIS4mZo0TAq11Zl61No7XvcMPz961yBIpblougDO3NlIXerppYqweTrkxdIR2u4KVXi5XGrbZ08pfBgjrEyAE0GkSkYu3jG0wyzz3Y1gCYqZnOBVg83E4dTUPkXnhZhzuDG6QyJDS4hXqOWOxvghNOg8rM6Po_qXQU-g&atk=1jqb2v60326s7001,"Experience with structural design software such as ETABS, SAFE, STAAD Pro, SAP2000, or equivalent is an advantage. Bachelor's Degree in Civil Engineering, Structural Engineering, or a related field.",,,indeed_ae,2026-06-05 05:09:23.453980+00:00
Quantity surveyor,Trans Emirates Electrical & Mechanical Works LLC,Abu Dhabi,https://ae.indeed.com/rc/clk?jk=bb1fe7a5d60eeaaa&bb=lQ1fN5lc6ZPx31kwRr0JkNRb0JvnczIucm7FhdiHvE5Oy3-ih2e9JeykK_HeAHNPeapEjugQx1p0OknZzmzj0VLYAZOuvv6KNuJfNhZdvokY2YERb-hpkk-XBgGG3mtkJRT0JTTvxw6AwTVbwy-Qhw%3D%3D&xkcb=SoCh67M3iLNzGBT43Z0fbzkdCdPP&rjs=0&qd=Xd-cji1-rrfYy0m8LpokE8dF20pwsUrmctm8cTGFOXDOAPLLNYb6wmUg8gjYJafwpsXE23qShaYtGgdtUJu_X5BBGG-ayCiM-gQi8HpsYsLtZozk31ERKPJGlDLUboAG50chrnGX4B46HyqhlSj9xMohy02t3MX0n-6xoRHLk5Oh8V2c0duIS4mZo0TAq11Zl61No7XvcMPz961yBIpblougDO3NlIXerppYqweTrkxdIR2u4KVXi5XGrbZ08pfBgjrEyAE0GkSkYu3jG0wyzz3Y1gCYqZnOBVg83E4dTUPkXnhZhzuDG6QyJDS4hXqOWOxvghNOg8rM6Po_qXQU-g&atk=1jqb2v60326s7001,"Degree (ELECTRICAL ,MECHANICAL ENGINEER ) or Diploma in QS from a recognized university. Preparing reports, analyses, contracts, budgets, risk assessment, and other documents.",,,indeed_ae,2026-06-05 05:09:23.414348+00:00
Site Engineer,Belhoul Group,Dubai,https://ae.indeed.com/rc/clk?jk=82f8c9efb33c9451&bb=lQ1fN5lc6ZPx31kwRr0JkNbvq6LqiPCfU2B8VHT9ItFY1iHpi97xPsFoSj1PwViifP0GxNSiR4cqU5Nickgf3DY3k4Q0MjFCwJ0byRMWBDmmJfj49GErRxXZl1IvdRMssFrbAmXUHZXHjYSZIlc2GQ%3D%3D&xkcb=SoAv67M3iLNzGBT43Z0YbzkdCdPP&rjs=0&qd=Xd-cji1-rrfYy0m8LpokE8dF20pwsUrmctm8cTGFOXDOAPLLNYb6wmUg8gjYJafwpsXE23qShaYtGgdtUJu_X5BBGG-ayCiM-gQi8HpsYsLtZozk31ERKPJGlDLUboAG50chrnGX4B46HyqhlSj9xMohy02t3MX0n-6xoRHLk5Oh8V2c0duIS4mZo0TAq11Zl61No7XvcMPz961yBIpblougDO3NlIXerppYqweTrkxdIR2u4KVXi5XGrbZ08pfBgjrEyAE0GkSkYu3jG0wyzz3Y1gCYqZnOBVg83E4dTUPkXnhZhzuDG6QyJDS4hXqOWOxvghNOg8rM6Po_qXQU-g&atk=1jqb2v60326s7001,"Ensuring project packages meet agreed specifications, budgets and/or timescales. Checking technical designs and drawings for accuracy and to ensure that they are followed correctly.",,,indeed_ae,2026-06-05 05:09:23.369199+00:00
Tray Fitter,Emirates Electrical & Instrumentation Company,Abu Dhabi,https://ae.indeed.com/rc/clk?jk=2d572def94f164d4&bb=lQ1fN5lc6ZPx31kwRr0JkNjz3e1xT40upfcgNFcMfYT3hCR6j66hIo2MKx2WUiA4WC0muxr9FpGAmWutmDSGS9qfe_JXmJgETVddHbT25BH36VaVdRY_SqNrXo4xivRX8aUujBJXNzgukV8qDBA22Q%3D%3D&xkcb=SoCb67M3iLNzGBT43Z0ZbzkdCdPP&rjs=0&qd=Xd-cji1-rrfYy0m8LpokE8dF20pwsUrmctm8cTGFOXDOAPLLNYb6wmUg8gjYJafwpsXE23qShaYtGgdtUJu_X5BBGG-ayCiM-gQi8HpsYsLtZozk31ERKPJGlDLUboAG50chrnGX4B46HyqhlSj9xMohy02t3MX0n-6xoRHLk5Oh8V2c0duIS4mZo0TAq11Zl61No7XvcMPz961yBIpblougDO3NlIXerppYqweTrkxdIR2u4KVXi5XGrbZ08pfBgjrEyAE0GkSkYu3jG0wyzz3Y1gCYqZnOBVg83E4dTUPkXnhZhzuDG6QyJDS4hXqOWOxvghNOg8rM6Po_qXQU-g&atk=1jqb2v60326s7001,"Coordinate with electricians, HVAC technicians, and site engineers . Willingness to work in remote locations, including offshore or desert environments, as required.",,,indeed_ae,2026-06-05 05:09:23.328057+00:00
ELV Presales Engineer,Veracity Network Services L.L.C,Dubai,https://ae.indeed.com/rc/clk?jk=2e9579eee0a8a00a&bb=lQ1fN5lc6ZPx31kwRr0JkNgaN_6kRvyLQy-_jT1afV4WXeukJ3ZJQgL65noKJtffOvNuzv833UUiGQSCueGhvGK9mS2TLDFMv5kypcdIM23JoRXFXC0f64hSN7jhWjmD0XxfU-hGXXo3RhDjLFJy4Q%3D%3D&xkcb=SoAG67M3iLNzGBT43Z0abzkdCdPP&rjs=0&qd=Xd-cji1-rrfYy0m8LpokE8dF20pwsUrmctm8cTGFOXDOAPLLNYb6wmUg8gjYJafwpsXE23qShaYtGgdtUJu_X5BBGG-ayCiM-gQi8HpsYsLtZozk31ERKPJGlDLUboAG50chrnGX4B46HyqhlSj9xMohy02t3MX0n-6xoRHLk5Oh8V2c0duIS4mZo0TAq11Zl61No7XvcMPz961yBIpblougDO3NlIXerppYqweTrkxdIR2u4KVXi5XGrbZ08pfBgjrEyAE0GkSkYu3jG0wyzz3Y1gCYqZnOBVg83E4dTUPkXnhZhzuDG6QyJDS4hXqOWOxvghNOg8rM6Po_qXQU-g&atk=1jqb2v60326s7001,"Diploma or Bachelor’s Degree in Electrical, Electronics, or Telecommunication Engineering. Work closely with project managers, engineers , and clients to ensure timely delivery of proposals &…",,,indeed_ae,2026-06-05 05:09:23.272533+00:00
GPON FTTH TECHNICIAN,XAD Technologies,Dubai,https://ae.indeed.com/rc/clk?jk=1b394b821acf038d&bb=lQ1fN5lc6ZPx31kwRr0JkGSr4rk-cDbA8pcVdoM4cBunB6BLn3fvynMZkztuNTfvnO1e32wD80E_8VBDCDcppjbspw-BYImy5UKvUHrual-AhYRWHQq1WC9vPuuO4FrH3RUe7KlaNlXSB3TBzIvKLIj1GNJ07I2-&xkcb=SoCy67M3iLNzGBT43Z0bbzkdCdPP&rjs=0&qd=Xd-cji1-rrfYy0m8LpokE8dF20pwsUrmctm8cTGFOXDOAPLLNYb6wmUg8gjYJafwpsXE23qShaYtGgdtUJu_X5BBGG-ayCiM-gQi8HpsYsLtZozk31ERKPJGlDLUboAG50chrnGX4B46HyqhlSj9xMohy02t3MX0n-6xoRHLk5Oh8V2c0duIS4mZo0TAq11Zl61No7XvcMPz961yBIpblougDO3NlIXerppYqweTrkxdIR2u4KVXi5XGrbZ08pfBgjrEyAE0GkSkYu3jG0wyzz3Y1gCYqZnOBVg83E4dTUPkXnhZhzuDG6QyJDS4hXqOWOxvghNOg8rM6Po_qXQU-g&atk=1jqb2v60326s7001," Coordinate with supervisors, NOC, and backend teams for escalations and complex.  Minimum 1–2 years of experience as a GPON Technician or in a similar field technician.",,,indeed_ae,2026-06-05 05:09:23.231269+00:00
Construction Engineer (Mechanical),Penspen,Abu Dhabi,https://ae.indeed.com/rc/clk?jk=51786629da2c2da2&bb=lQ1fN5lc6ZPx31kwRr0JkBNAiUdMMPZItGHKvcEHCkbIu5p-o5OYuxJtCEWDcclSHarO2fiYvHTsaBfU3qWUh_wI79THCp61WlYyE6ZgemfnTGEVu8oWQnz0wlvZSJq7s08NL4R8BycFOSu_RUwgFg%3D%3D&xkcb=SoCV67M3iLNzGBT43Z0EbzkdCdPP&rjs=0&qd=Xd-cji1-rrfYy0m8LpokE8dF20pwsUrmctm8cTGFOXDOAPLLNYb6wmUg8gjYJafwpsXE23qShaYtGgdtUJu_X5BBGG-ayCiM-gQi8HpsYsLtZozk31ERKPJGlDLUboAG50chrnGX4B46HyqhlSj9xMohy02t3MX0n-6xoRHLk5Oh8V2c0duIS4mZo0TAq11Zl61No7XvcMPz961yBIpblougDO3NlIXerppYqweTrkxdIR2u4KVXi5XGrbZ08pfBgjrEyAE0GkSkYu3jG0wyzz3Y1gCYqZnOBVg83E4dTUPkXnhZhzuDG6QyJDS4hXqOWOxvghNOg8rM6Po_qXQU-g&atk=1jqb2v60326s7001,"Proven experience in offshore platform, topsides or subsea-related projects. The candidates should have Bachelor's Degree in Mechanical Engineering from an accredited university.",,,indeed_ae,2026-06-05 05:09:23.172204+00:00
Valve Sourcing/Technical Sales Engineer (only chines candidates required),Servtech Technical Services LLC,Dubai,https://ae.indeed.com/rc/clk?jk=2b0d308979d57aec&bb=lQ1fN5lc6ZPx31kwRr0JkETKp20pX1K_BhQIIMBKU1pU_IYrCtkh6GDayuDCqXNbje1a9RiiEQiBFMgbDDdVRsHcCWl42Rb_KocvEpQzsv3umDfgNFXittEMEaX3aQQo2b4QbJK-R0CsGcVCVgflDA%3D%3D&xkcb=SoAh67M3iLNzGBT43Z0FbzkdCdPP&rjs=0&qd=Xd-cji1-rrfYy0m8LpokE8dF20pwsUrmctm8cTGFOXDOAPLLNYb6wmUg8gjYJafwpsXE23qShaYtGgdtUJu_X5BBGG-ayCiM-gQi8HpsYsLtZozk31ERKPJGlDLUboAG50chrnGX4B46HyqhlSj9xMohy02t3MX0n-6xoRHLk5Oh8V2c0duIS4mZo0TAq11Zl61No7XvcMPz961yBIpblougDO3NlIXerppYqweTrkxdIR2u4KVXi5XGrbZ08pfBgjrEyAE0GkSkYu3jG0wyzz3Y1gCYqZnOBVg83E4dTUPkXnhZhzuDG6QyJDS4hXqOWOxvghNOg8rM6Po_qXQU-g&atk=1jqb2v60326s7001,"Preferred candidates should be based in China or willing to work closely with Chinese manufacturers, suppliers, and exhibitions. 3–7 years of experience in valves, technical sales, sourcing, or…",,,indeed_ae,2026-06-05 05:09:23.130851+00:00
Planning & Campaign Manager,Bloomberg,Dubai,https://ae.indeed.com/rc/clk?jk=1268c091f343fa40&bb=lQ1fN5lc6ZPx31kwRr0JkIHBIHsQPPMhqCrVvkXFQJqTgJwaQSNjB3d1PRNLC2u9ouwwsHSsSr-0DpndViXc8iJENe49zgmEkWrQ20Qt3JFe6eiR_IdA8jYTzzEQBVV71-XLT9nsM6FUddDFX6EPYg%3D%3D&xkcb=SoC867M3iLNzGBT43Z0GbzkdCdPP&rjs=0&qd=Xd-cji1-rrfYy0m8LpokE8dF20pwsUrmctm8cTGFOXDOAPLLNYb6wmUg8gjYJafwpsXE23qShaYtGgdtUJu_X5BBGG-ayCiM-gQi8HpsYsLtZozk31ERKPJGlDLUboAG50chrnGX4B46HyqhlSj9xMohy02t3MX0n-6xoRHLk5Oh8V2c0duIS4mZo0TAq11Zl61No7XvcMPz961yBIpblougDO3NlIXerppYqweTrkxdIR2u4KVXi5XGrbZ08pfBgjrEyAE0GkSkYu3jG0wyzz3Y1gCYqZnOBVg83E4dTUPkXnhZhzuDG6QyJDS4hXqOWOxvghNOg8rM6Po_qXQU-g&atk=1jqb2v60326s7001,"A track record of staying informed on advertising industry trends and developments, and bringing relevant insights into team conversations or planning discussions. It's up to you to make it happen.",,,indeed_ae,2026-06-05 05:09:23.090041+00:00
Sr. Data Scientist - Analysis (Logistics & QC),talabat,Dubai,https://ae.indeed.com/rc/clk?jk=40b9de4ff07b4f56&bb=lQ1fN5lc6ZPx31kwRr0JkFjGRbQPKOqTo6E82VIHUfX49P5XDj2LyI1dLWbLjnN7uNS9jA6wkGh3x1I9gkdvpoC7kVNYa909Y6o7vQ83zlyLkZRG2oVTzWeWQCKXOzDqyul4hanRpIRbV2Khrudd2Q%3D%3D&xkcb=SoAI67M3iLNzGBT43Z0HbzkdCdPP&rjs=0&qd=Xd-cji1-rrfYy0m8LpokE8dF20pwsUrmctm8cTGFOXDOAPLLNYb6wmUg8gjYJafwpsXE23qShaYtGgdtUJu_X5BBGG-ayCiM-gQi8HpsYsLtZozk31ERKPJGlDLUboAG50chrnGX4B46HyqhlSj9xMohy02t3MX0n-6xoRHLk5Oh8V2c0duIS4mZo0TAq11Zl61No7XvcMPz961yBIpblougDO3NlIXerppYqweTrkxdIR2u4KVXi5XGrbZ08pfBgjrEyAE0GkSkYu3jG0wyzz3Y1gCYqZnOBVg83E4dTUPkXnhZhzuDG6QyJDS4hXqOWOxvghNOg8rM6Po_qXQU-g&atk=1jqb2v60326s7001,"Competence with reproducible data analysis using Python or R. Bachelor's degree in engineering, computer science, technology, or similar fields. Your scope will span the full data lifecycle, from…",,,indeed_ae,2026-06-05 05:09:23.046586+00:00
Civil Engineer-SWRO,WSP,Abu Dhabi,https://ae.indeed.com/rc/clk?jk=c43bf254d1d2f07e&bb=lQ1fN5lc6ZPx31kwRr0JkKdNgp3-UvyihOgBXDLmB5f9k57pmyU71RIRNEQU5b4m_foJqYfvMcSYJKfSwYZbW1DUJcB7CsErYQ0RK-nY0objxv6OyfmGQP_CSdDH1gHR6TdfOHw4-i1srJohBRA16g%3D%3D&xkcb=SoCG67M3iLNzGBT43Z0AbzkdCdPP&rjs=0&qd=Xd-cji1-rrfYy0m8LpokE8dF20pwsUrmctm8cTGFOXDOAPLLNYb6wmUg8gjYJafwpsXE23qShaYtGgdtUJu_X5BBGG-ayCiM-gQi8HpsYsLtZozk31ERKPJGlDLUboAG50chrnGX4B46HyqhlSj9xMohy02t3MX0n-6xoRHLk5Oh8V2c0duIS4mZo0TAq11Zl61No7XvcMPz961yBIpblougDO3NlIXerppYqweTrkxdIR2u4KVXi5XGrbZ08pfBgjrEyAE0GkSkYu3jG0wyzz3Y1gCYqZnOBVg83E4dTUPkXnhZhzuDG6QyJDS4hXqOWOxvghNOg8rM6Po_qXQU-g&atk=1jqb2v60326s7001,"Professional certifications or memberships (preferred). Proven experience in desalination (SWRO) or large water treatment plant projects. Minimum 15 years of experience in civil construction,…",,,indeed_ae,2026-06-05 05:09:23.000316+00:00
Piping Engineer ( Fabrication),Archirodon Group N.V,Abu Dhabi,https://ae.indeed.com/rc/clk?jk=d84da4509b001015&bb=lQ1fN5lc6ZPx31kwRr0JkFCqI1R0g94EtnI5l1NxNpq6mF3Sfx64rb3tTyVEA21_J5M-x7PSDrqoaUmFHUGwRTuiMjjLNlIwFS3LOtPUU2opbBRZ35Xtnkr34Cj1k_XNJr54Cuo6Ma7ZGoT36BJV0g%3D%3D&xkcb=SoAy67M3iLNzGBT43Z0BbzkdCdPP&rjs=0&qd=Xd-cji1-rrfYy0m8LpokE8dF20pwsUrmctm8cTGFOXDOAPLLNYb6wmUg8gjYJafwpsXE23qShaYtGgdtUJu_X5BBGG-ayCiM-gQi8HpsYsLtZozk31ERKPJGlDLUboAG50chrnGX4B46HyqhlSj9xMohy02t3MX0n-6xoRHLk5Oh8V2c0duIS4mZo0TAq11Zl61No7XvcMPz961yBIpblougDO3NlIXerppYqweTrkxdIR2u4KVXi5XGrbZ08pfBgjrEyAE0GkSkYu3jG0wyzz3Y1gCYqZnOBVg83E4dTUPkXnhZhzuDG6QyJDS4hXqOWOxvghNOg8rM6Po_qXQU-g&atk=1jqb2v60326s7001,"Bachelor's Degree in Mechanical Engineering or equivalent. Minimum 13–16 years of experience in piping fabrication within Oil & Gas, Refinery, Petrochemical, LNG, or EPC projects.",,,indeed_ae,2026-06-05 05:09:22.943018+00:00
Design Engineer – Storage Solutions/Custom Composite Structures & Piping,NOV Inc.,Dubai,https://ae.indeed.com/rc/clk?jk=27f009a8226003b4&bb=lQ1fN5lc6ZPx31kwRr0JkMhSwV1NbKZ_zTCDiINIlkrQZilGvqgBdtgFKyy9ZCLwjY8UbQdrBTlTqn9qITGa4AzrI_jrADy-kO09K4N1SYrSsASuAN1ahJKHFGqy9k3NKSZQiFPzz78S2pioqZjqlA%3D%3D&xkcb=SoCv67M3iLNzGBT43Z0CbzkdCdPP&rjs=0&qd=Xd-cji1-rrfYy0m8LpokE8dF20pwsUrmctm8cTGFOXDOAPLLNYb6wmUg8gjYJafwpsXE23qShaYtGgdtUJu_X5BBGG-ayCiM-gQi8HpsYsLtZozk31ERKPJGlDLUboAG50chrnGX4B46HyqhlSj9xMohy02t3MX0n-6xoRHLk5Oh8V2c0duIS4mZo0TAq11Zl61No7XvcMPz961yBIpblougDO3NlIXerppYqweTrkxdIR2u4KVXi5XGrbZ08pfBgjrEyAE0GkSkYu3jG0wyzz3Y1gCYqZnOBVg83E4dTUPkXnhZhzuDG6QyJDS4hXqOWOxvghNOg8rM6Po_qXQU-g&atk=1jqb2v60326s7001,"Bachelor’s or Master’s degree in Mechanical, Materials, or Composite Engineering (or closely related field). Minimum 2 years of design and analysis experience with composite pressure vessels, tanks,…",,,indeed_ae,2026-06-05 05:09:22.900463+00:00
PROJECT ENGINEER - MECHANICAL- MEP CONSTRUCTION,Asian Falcons Engineering,UAE,https://ae.indeed.com/rc/clk?jk=1c54bd1dc5041089&bb=lQ1fN5lc6ZPx31kwRr0JkGSr4rk-cDbAfwV9y7rkJ-O7cqL0e7IsGgw2c44wsEaVIS8Mh6BvvpNpI7ECj1niG7QdswW5uSzezAP3yQIZzSce5g2E8UVTp6CtQxh9Z2c0rkf-wZDuiyanE7w2ZoFrOQ%3D%3D&xkcb=SoAb67M3iLNzGBT43Z0DbzkdCdPP&rjs=0&qd=Xd-cji1-rrfYy0m8LpokE8dF20pwsUrmctm8cTGFOXDOAPLLNYb6wmUg8gjYJafwpsXE23qShaYtGgdtUJu_X5BBGG-ayCiM-gQi8HpsYsLtZozk31ERKPJGlDLUboAG50chrnGX4B46HyqhlSj9xMohy02t3MX0n-6xoRHLk5Oh8V2c0duIS4mZo0TAq11Zl61No7XvcMPz961yBIpblougDO3NlIXerppYqweTrkxdIR2u4KVXi5XGrbZ08pfBgjrEyAE0GkSkYu3jG0wyzz3Y1gCYqZnOBVg83E4dTUPkXnhZhzuDG6QyJDS4hXqOWOxvghNOg8rM6Po_qXQU-g&atk=1jqb2v60326s7001,This position is ideal for a proactive engineer with strong technical expertise and proven experience in UAE MEP contracting projects. The successful candidate will be responsible for managing and…,,,indeed_ae,2026-06-05 05:09:22.853941+00:00
QA/QC Engineer,Qasioon Trailers Industries FZE,Sharjah,https://ae.indeed.com/rc/clk?jk=ac35cced028a57f2&bb=lQ1fN5lc6ZPx31kwRr0JkK3d9q1nKSqcDXnYBNU8AxyHcY-0xKadBkdJL0guvvxrzasCtFTyPwEAX21YQu76Qvo8nwvEZ1iRpIOAm2Le4ipb9Rya5oLB8FXrdM2Kt_tBEoyAn3Q6-61JvTV0TAyFFQ%3D%3D&xkcb=SoDy67M3iLNzGBT43Z0MbzkdCdPP&rjs=0&qd=Xd-cji1-rrfYy0m8LpokE8dF20pwsUrmctm8cTGFOXDOAPLLNYb6wmUg8gjYJafwpsXE23qShaYtGgdtUJu_X5BBGG-ayCiM-gQi8HpsYsLtZozk31ERKPJGlDLUboAG50chrnGX4B46HyqhlSj9xMohy02t3MX0n-6xoRHLk5Oh8V2c0duIS4mZo0TAq11Zl61No7XvcMPz961yBIpblougDO3NlIXerppYqweTrkxdIR2u4KVXi5XGrbZ08pfBgjrEyAE0GkSkYu3jG0wyzz3Y1gCYqZnOBVg83E4dTUPkXnhZhzuDG6QyJDS4hXqOWOxvghNOg8rM6Po_qXQU-g&atk=1jqb2v60326s7001,"Diploma or Bachelor's Degree in Mechanical Engineering or a related field. The QA/QC Engineer is responsible for ensuring quality compliance during the fabrication, erection, welding, and testing of…",,,indeed_ae,2026-06-05 05:09:22.811471+00:00
Carpenter,United Al Saqer Group,Abu Dhabi,https://ae.indeed.com/rc/clk?jk=f4f3dd6a511f7ce9&bb=lQ1fN5lc6ZPx31kwRr0JkMrSYUGMuNPIvKZmfWmqXEB_slyZd0tuVP_pTjGMVFuq5lLpCeTimvdYNe2TK0ZYBDBS9KunrIYB5BkP892qtsQ3uR5mC1LzNa2kRjpkhudYK5DFGF0GI9SoO-3pGIw6kg%3D%3D&xkcb=SoBG67M3iLNzGBT43Z0NbzkdCdPP&rjs=0&qd=Xd-cji1-rrfYy0m8LpokE8dF20pwsUrmctm8cTGFOXDOAPLLNYb6wmUg8gjYJafwpsXE23qShaYtGgdtUJu_X5BBGG-ayCiM-gQi8HpsYsLtZozk31ERKPJGlDLUboAG50chrnGX4B46HyqhlSj9xMohy02t3MX0n-6xoRHLk5Oh8V2c0duIS4mZo0TAq11Zl61No7XvcMPz961yBIpblougDO3NlIXerppYqweTrkxdIR2u4KVXi5XGrbZ08pfBgjrEyAE0GkSkYu3jG0wyzz3Y1gCYqZnOBVg83E4dTUPkXnhZhzuDG6QyJDS4hXqOWOxvghNOg8rM6Po_qXQU-g&atk=1jqb2v60326s7001,"Install or repair building fixtures, such as windows, stairs, or molding. Vocational certification or apprenticeship in carpentry. Read and interpret blueprints, sketches, or design plans.",,,indeed_ae,2026-06-05 05:09:22.768840+00:00
Sr. Procurement Engineer (Civil),GBH International Contracting LLC,Dubai,https://ae.indeed.com/rc/clk?jk=24f8275c51efe6c9&bb=lQ1fN5lc6ZPx31kwRr0JkJjc9NsahHlJNRrvIO6DsTwrSO1fpUX0E2Rz7w6h_mnSU1NtAEW6rFqJTDdkdeGPdzqOuGHiTcAh0Fi1bsLovcqT-N8T44M6U3qAXaeSBBeJ8HkECDUGN27tOYmH6vg3gw%3D%3D&xkcb=SoDb67M3iLNzGBT43Z0ObzkdCdPP&rjs=0&qd=Xd-cji1-rrfYy0m8LpokE8dF20pwsUrmctm8cTGFOXDOAPLLNYb6wmUg8gjYJafwpsXE23qShaYtGgdtUJu_X5BBGG-ayCiM-gQi8HpsYsLtZozk31ERKPJGlDLUboAG50chrnGX4B46HyqhlSj9xMohy02t3MX0n-6xoRHLk5Oh8V2c0duIS4mZo0TAq11Zl61No7XvcMPz961yBIpblougDO3NlIXerppYqweTrkxdIR2u4KVXi5XGrbZ08pfBgjrEyAE0GkSkYu3jG0wyzz3Y1gCYqZnOBVg83E4dTUPkXnhZhzuDG6QyJDS4hXqOWOxvghNOg8rM6Po_qXQU-g&atk=1jqb2v60326s7001,"Bachelor's degree in Civil Engineering or related field. Coordinate with project managers, engineers , and suppliers. Experience with large-scale building, infrastructure, or industrial projects.",,,indeed_ae,2026-06-05 05:09:22.724542+00:00
QA/QC Engineer (Road & Infrastructure),TFE,Dubai,https://ae.indeed.com/rc/clk?jk=83496ab566cba554&bb=lQ1fN5lc6ZPx31kwRr0JkFEVpXKDopXCdszYvqZ90JrLA1HZW3BQk-lfT90GQTBbJExzpfk_P6s8gIjiyanHffru2LXI6bFVXwDY9TCB-LEiEOY98JeqTvrGKqh0jp4Z_ktLJwf-7pPtcO_Njamg4Q%3D%3D&xkcb=SoBv67M3iLNzGBT43Z0PbzkdCdPP&rjs=0&qd=Xd-cji1-rrfYy0m8LpokE8dF20pwsUrmctm8cTGFOXDOAPLLNYb6wmUg8gjYJafwpsXE23qShaYtGgdtUJu_X5BBGG-ayCiM-gQi8HpsYsLtZozk31ERKPJGlDLUboAG50chrnGX4B46HyqhlSj9xMohy02t3MX0n-6xoRHLk5Oh8V2c0duIS4mZo0TAq11Zl61No7XvcMPz961yBIpblougDO3NlIXerppYqweTrkxdIR2u4KVXi5XGrbZ08pfBgjrEyAE0GkSkYu3jG0wyzz3Y1gCYqZnOBVg83E4dTUPkXnhZhzuDG6QyJDS4hXqOWOxvghNOg8rM6Po_qXQU-g&atk=1jqb2v60326s7001,QA/QC (Arabic Speaker) with minimum 5 years of experience in road & Infrastructure projects in UAE.,,,indeed_ae,2026-06-05 05:09:22.683087+00:00
Principal Electrical Designer - Offshore,Worley,Abu Dhabi,https://ae.indeed.com/rc/clk?jk=01873794c56f28c5&bb=lQ1fN5lc6ZPx31kwRr0JkIHBIHsQPPMhPES33ILIzFbgpuoMsWIzEHGYKLvbLf8vXQbh8GXe1N0kFpdTO4g02VMFKaSupstc6jwg9HaltDWLErfmLs4ImX4_dqYgGzyEjRWgOXug9mb1FxRFZSQCPw%3D%3D&xkcb=SoDh67M3iLNzGBT43Z0IbzkdCdPP&rjs=0&qd=Xd-cji1-rrfYy0m8LpokE8dF20pwsUrmctm8cTGFOXDOAPLLNYb6wmUg8gjYJafwpsXE23qShaYtGgdtUJu_X5BBGG-ayCiM-gQi8HpsYsLtZozk31ERKPJGlDLUboAG50chrnGX4B46HyqhlSj9xMohy02t3MX0n-6xoRHLk5Oh8V2c0duIS4mZo0TAq11Zl61No7XvcMPz961yBIpblougDO3NlIXerppYqweTrkxdIR2u4KVXi5XGrbZ08pfBgjrEyAE0GkSkYu3jG0wyzz3Y1gCYqZnOBVg83E4dTUPkXnhZhzuDG6QyJDS4hXqOWOxvghNOg8rM6Po_qXQU-g&atk=1jqb2v60326s7001,The Principal Electrical Designer is responsible for leading electrical design and drafting activities for offshore oil & gas projects during the detailed engineering phase.,,,indeed_ae,2026-06-05 05:09:22.642629+00:00
Civil Site Engineer,Brix,Dubai,https://ae.indeed.com/rc/clk?jk=dfeb477ec76a1be1&bb=lQ1fN5lc6ZPx31kwRr0JkPVnmEiH_Vt0mCmxf4sYl46A_RFE9dXAc3OKTnqDKafMouYELvPxZuUplkfXSwNBhLFp4heLmQsyBKVgF6KVggrAq3XW7uG1Uh8354JvE2whV5zwpa3dsvG6tucWE0NydA%3D%3D&xkcb=SoBV67M3iLNzGBT43Z0JbzkdCdPP&rjs=0&qd=Xd-cji1-rrfYy0m8LpokE8dF20pwsUrmctm8cTGFOXDOAPLLNYb6wmUg8gjYJafwpsXE23qShaYtGgdtUJu_X5BBGG-ayCiM-gQi8HpsYsLtZozk31ERKPJGlDLUboAG50chrnGX4B46HyqhlSj9xMohy02t3MX0n-6xoRHLk5Oh8V2c0duIS4mZo0TAq11Zl61No7XvcMPz961yBIpblougDO3NlIXerppYqweTrkxdIR2u4KVXi5XGrbZ08pfBgjrEyAE0GkSkYu3jG0wyzz3Y1gCYqZnOBVg83E4dTUPkXnhZhzuDG6QyJDS4hXqOWOxvghNOg8rM6Po_qXQU-g&atk=1jqb2v60326s7001,"The ideal candidate will have a minimum of 3 years of construction experience, with proven expertise in the execution and implementation of villa and residential projects, from structural works…",,,indeed_ae,2026-06-05 05:09:22.605015+00:00
Technical Office Manager,Cairo Contracting Company,Dubai,https://ae.indeed.com/rc/clk?jk=2a5e3e4fe642f483&bb=lQ1fN5lc6ZPx31kwRr0JkJDlQxeKeT4GHVBZfCQutCuG0yevW7OR9pt0aael-ijX9PEJdUMKV8BtvP-kdrE1gI8yTy34iOkfjmgaQXqbYV5dZ5Brd-tOpdXeSuKth422BiPUtj7zlM8u4PqqooJuyA%3D%3D&xkcb=SoDI67M3iLNzGBT43Z0KbzkdCdPP&rjs=0&qd=Xd-cji1-rrfYy0m8LpokE8dF20pwsUrmctm8cTGFOXDOAPLLNYb6wmUg8gjYJafwpsXE23qShaYtGgdtUJu_X5BBGG-ayCiM-gQi8HpsYsLtZozk31ERKPJGlDLUboAG50chrnGX4B46HyqhlSj9xMohy02t3MX0n-6xoRHLk5Oh8V2c0duIS4mZo0TAq11Zl61No7XvcMPz961yBIpblougDO3NlIXerppYqweTrkxdIR2u4KVXi5XGrbZ08pfBgjrEyAE0GkSkYu3jG0wyzz3Y1gCYqZnOBVg83E4dTUPkXnhZhzuDG6QyJDS4hXqOWOxvghNOg8rM6Po_qXQU-g&atk=1jqb2v60326s7001,"Mentor and develop junior technical office staff and engineers . Familiarity with Dubai Municipality, Trakhees, or other UAE authority submission requirements.",,,indeed_ae,2026-06-05 05:09:22.563460+00:00
Specialist Pipelines Engineer,Worley,Abu Dhabi,https://ae.indeed.com/rc/clk?jk=f6f1a32d97b5a68d&bb=lQ1fN5lc6ZPx31kwRr0JkGLcXB-fvJM00joSpIQsifFVtOGhad63fN4e2UY3IztxPRVuZ51E8bttseDn3mez2bJHhaGHbBhRB9lnl2_cxSq4V8Ykh26jO9eGBeCJSGTepIORV8wzAQgD5Z0bxnTvZw%3D%3D&xkcb=SoB867M3iLNzGBT43Z0LbzkdCdPP&rjs=0&qd=Xd-cji1-rrfYy0m8LpokE8dF20pwsUrmctm8cTGFOXDOAPLLNYb6wmUg8gjYJafwpsXE23qShaYtGgdtUJu_X5BBGG-ayCiM-gQi8HpsYsLtZozk31ERKPJGlDLUboAG50chrnGX4B46HyqhlSj9xMohy02t3MX0n-6xoRHLk5Oh8V2c0duIS4mZo0TAq11Zl61No7XvcMPz961yBIpblougDO3NlIXerppYqweTrkxdIR2u4KVXi5XGrbZ08pfBgjrEyAE0GkSkYu3jG0wyzz3Y1gCYqZnOBVg83E4dTUPkXnhZhzuDG6QyJDS4hXqOWOxvghNOg8rM6Po_qXQU-g&atk=1jqb2v60326s7001,Proficient with Microsoft Office Suite or related software . Technical Audits: Engage in &/or lead Technical audits (Discipline specific) to verify & ensure compliance to specifications &/or industry…,,,indeed_ae,2026-06-05 05:09:22.507424+00:00
FM Maintenance Manager,MA Shine General Maintenance and Real Estate...,Abu Dhabi,https://ae.indeed.com/rc/clk?jk=8ec317c43b8872e4&bb=_LyaNmm6mAqiwaPXRBIABxcJLyuLWxqBnQVWPSM4PMSWQtO5leEAxaX8ZfW04M-2aajina7GjndVFk8ymydOmP6lilvTCXTu_cxQLRw0VmxdjS0UD2LgSbwwC6bfYGR5ycyTU0t-SEXTuZMD8Ec0Lg%3D%3D&xkcb=SoDr67M3iLNz8JzFwh0TbzkdCdPP&rjs=0&qd=Xd-cji1-rrfYy0m8LpokE8dF20pwsUrmctm8cTGFOXDOAPLLNYb6wmUg8gjYJafwpsXE23qShaYtGgdtUJu_X5BBGG-ayCiM-gQi8HpsYsLtZozk31ERKPJGlDLUboAG50chrnGX4B46HyqhlSj9xMohy02t3MX0n-6xoRHLk5Oh8V2c0duIS4mZo0TAq11Zl61No7XvcMPz961yBIpblougDO3NlIXerppYqweTrkxdIR2u4KVXi5XGrbZ08pfBgjrEyAE0GkSkYu3jG0wyzz3Y1gCYqZnOBVg83E4dTUMRUCzD5z-K4jPjRpxytdy9WOxvghNOg8rM6Po_qXQU-g&atk=1jqb2v189hmt5801,"Determining improvements by analyzing equipment or services offered and proposing changes in equipment, processes, or use of materials or services. Review tender documents and understand or else seek…",,,indeed_ae,2026-06-05 05:09:18.859912+00:00
Civil Draftsman from Construction Background,Dubai Limited Investment,Dubai,https://ae.indeed.com/rc/clk?jk=8a068abc98faeee5&bb=_LyaNmm6mAqiwaPXRBIAB1kRhwIQp6fmAg5DH3CXBP0EUkAIHeEvgslOw-R7mqmRXON8i_sC_YXv-Yxo3vZ3MFzyEzFvrII25qJ-wVmVtBlUgpcZsDZcbJeO8ziY6iAF5T1pHTcdJfrTLjNWZe49ig%3D%3D&xkcb=SoAC67M3iLNz8JzFwh0cbzkdCdPP&rjs=0&qd=Xd-cji1-rrfYy0m8LpokE8dF20pwsUrmctm8cTGFOXDOAPLLNYb6wmUg8gjYJafwpsXE23qShaYtGgdtUJu_X5BBGG-ayCiM-gQi8HpsYsLtZozk31ERKPJGlDLUboAG50chrnGX4B46HyqhlSj9xMohy02t3MX0n-6xoRHLk5Oh8V2c0duIS4mZo0TAq11Zl61No7XvcMPz961yBIpblougDO3NlIXerppYqweTrkxdIR2u4KVXi5XGrbZ08pfBgjrEyAE0GkSkYu3jG0wyzz3Y1gCYqZnOBVg83E4dTUMRUCzD5z-K4jPjRpxytdy9WOxvghNOg8rM6Po_qXQU-g&atk=1jqb2v189hmt5801,Create drawings manually or through computer-aided drafting systems. Assist during surveying of proposed projects and plot/encode survey data using CAD software .,,,indeed_ae,2026-06-05 05:09:18.814320+00:00
Civil Draftsman,Belhoul Group,Dubai,https://ae.indeed.com/rc/clk?jk=9213be358053b0fc&bb=_LyaNmm6mAqiwaPXRBIAB2M78iCCQtBIFymppgiytm_pZOgVCuIExLL9Ef09Ues8mxjbjw5fvwrDGP2_bROz7eQ3UMAUsZQ8wh-rhTKsb53WKR1_KR0KnosVJFThikNh5MFeBVVe5Qoi5qXQLnAthQ%3D%3D&xkcb=SoC267M3iLNz8JzFwh0dbzkdCdPP&rjs=0&qd=Xd-cji1-rrfYy0m8LpokE8dF20pwsUrmctm8cTGFOXDOAPLLNYb6wmUg8gjYJafwpsXE23qShaYtGgdtUJu_X5BBGG-ayCiM-gQi8HpsYsLtZozk31ERKPJGlDLUboAG50chrnGX4B46HyqhlSj9xMohy02t3MX0n-6xoRHLk5Oh8V2c0duIS4mZo0TAq11Zl61No7XvcMPz961yBIpblougDO3NlIXerppYqweTrkxdIR2u4KVXi5XGrbZ08pfBgjrEyAE0GkSkYu3jG0wyzz3Y1gCYqZnOBVg83E4dTUMRUCzD5z-K4jPjRpxytdy9WOxvghNOg8rM6Po_qXQU-g&atk=1jqb2v189hmt5801,"Work up rough sketches to full working drawings. Preparing drawings for all architectural, structural with their working details as specified by the architects and engineers .",,,indeed_ae,2026-06-05 05:09:18.768189+00:00
Site Engineer,Venco Imtiaz Contracting Co,Dubai,https://ae.indeed.com/rc/clk?jk=d34f92df01934cac&bb=_LyaNmm6mAqiwaPXRBIAB15GN7ZKuW2kpqZxW5LGaxGF7cHOlzuNVxsK1zNeFbKCv85GBTuEBN6wcBKydrvGM0PEGjN8ZNeNNUwIc5wONT-j237O2Tvyp3RG07Sesa-NsNh8BsjIL3wPjMPEafe4Ug%3D%3D&xkcb=SoAr67M3iLNz8JzFwh0ebzkdCdPP&rjs=0&qd=Xd-cji1-rrfYy0m8LpokE8dF20pwsUrmctm8cTGFOXDOAPLLNYb6wmUg8gjYJafwpsXE23qShaYtGgdtUJu_X5BBGG-ayCiM-gQi8HpsYsLtZozk31ERKPJGlDLUboAG50chrnGX4B46HyqhlSj9xMohy02t3MX0n-6xoRHLk5Oh8V2c0duIS4mZo0TAq11Zl61No7XvcMPz961yBIpblougDO3NlIXerppYqweTrkxdIR2u4KVXi5XGrbZ08pfBgjrEyAE0GkSkYu3jG0wyzz3Y1gCYqZnOBVg83E4dTUMRUCzD5z-K4jPjRpxytdy9WOxvghNOg8rM6Po_qXQU-g&atk=1jqb2v189hmt5801,Bachelor’s degree in Civil Engineering or Construction Management. 5 or more years of experience in building construction including at least 4 years in Dubai.,,,indeed_ae,2026-06-05 05:09:18.724762+00:00
Senior SQA/QC Engineer,VST,Dubai,https://ae.indeed.com/rc/clk?jk=5d5b84c0f4274e2e&bb=_LyaNmm6mAqiwaPXRBIAB2M78iCCQtBIV-0FkJ_QsWklJLYVVJa0_m-A_Ifzsn4WRTRBbtbYzi1RHikyW3gNGPPf-hGzM1itVYD9VhFHXvWiiBcgow1e7Uiu0QJJ26E9_LmUlMvUOqFk2SjHT8Ugj7psOBRyXIN2&xkcb=SoCf67M3iLNz8JzFwh0fbzkdCdPP&rjs=0&qd=Xd-cji1-rrfYy0m8LpokE8dF20pwsUrmctm8cTGFOXDOAPLLNYb6wmUg8gjYJafwpsXE23qShaYtGgdtUJu_X5BBGG-ayCiM-gQi8HpsYsLtZozk31ERKPJGlDLUboAG50chrnGX4B46HyqhlSj9xMohy02t3MX0n-6xoRHLk5Oh8V2c0duIS4mZo0TAq11Zl61No7XvcMPz961yBIpblougDO3NlIXerppYqweTrkxdIR2u4KVXi5XGrbZ08pfBgjrEyAE0GkSkYu3jG0wyzz3Y1gCYqZnOBVg83E4dTUMRUCzD5z-K4jPjRpxytdy9WOxvghNOg8rM6Po_qXQU-g&atk=1jqb2v189hmt5801,"Proficiency in one or more programming languages such as Java, Python , C#, or JavaScript. ISTQB Foundation, Advanced Level, or equivalent QA certifications. Competitive salary and benefits package.",,,indeed_ae,2026-06-05 05:09:18.655036+00:00
Principal Dry Utilities Engineer - Design,AtkinsRéalis,Abu Dhabi,https://ae.indeed.com/rc/clk?jk=d8f13bafec03aa1c&bb=_LyaNmm6mAqiwaPXRBIABxkOeffEhKQmYtOp2B3VIow2coEprHKhKldp7X3__Rhj56LNxsyXgF00sbnosRmFIBQ5duRVtcyW4lIPVRVimVS9k_kLnaVmzST4WOd2yJrYBomWChvElEojlsmj57cqHw%3D%3D&xkcb=SoAR67M3iLNz8JzFwh0YbzkdCdPP&rjs=0&qd=Xd-cji1-rrfYy0m8LpokE8dF20pwsUrmctm8cTGFOXDOAPLLNYb6wmUg8gjYJafwpsXE23qShaYtGgdtUJu_X5BBGG-ayCiM-gQi8HpsYsLtZozk31ERKPJGlDLUboAG50chrnGX4B46HyqhlSj9xMohy02t3MX0n-6xoRHLk5Oh8V2c0duIS4mZo0TAq11Zl61No7XvcMPz961yBIpblougDO3NlIXerppYqweTrkxdIR2u4KVXi5XGrbZ08pfBgjrEyAE0GkSkYu3jG0wyzz3Y1gCYqZnOBVg83E4dTUMRUCzD5z-K4jPjRpxytdy9WOxvghNOg8rM6Po_qXQU-g&atk=1jqb2v189hmt5801,"The PE will support infrastructure multi-disciplinary projects for clients in GCC, including planning, designing and engineering related to dry utilities networks which may be comprised of power (MV/…",,,indeed_ae,2026-06-05 05:09:18.600889+00:00
Structural Design Engineer,APEX EVENTS SERVICES LLC,Jebel Ali,https://ae.indeed.com/rc/clk?jk=ad42568e2d44c64e&bb=_LyaNmm6mAqiwaPXRBIAB8nRMySIvqIBmpvLvUt1atc5gvCnqQVTBXk8OmU86ZTYp8_rRnr5Us8Jy1KYzXUlE_6NdW5IOGEx5blBhQKQ2NDzpShO94oai2eR05I2_39-WemVsKyuPUGQRjt2bExZrA%3D%3D&xkcb=SoCl67M3iLNz8JzFwh0ZbzkdCdPP&rjs=0&qd=Xd-cji1-rrfYy0m8LpokE8dF20pwsUrmctm8cTGFOXDOAPLLNYb6wmUg8gjYJafwpsXE23qShaYtGgdtUJu_X5BBGG-ayCiM-gQi8HpsYsLtZozk31ERKPJGlDLUboAG50chrnGX4B46HyqhlSj9xMohy02t3MX0n-6xoRHLk5Oh8V2c0duIS4mZo0TAq11Zl61No7XvcMPz961yBIpblougDO3NlIXerppYqweTrkxdIR2u4KVXi5XGrbZ08pfBgjrEyAE0GkSkYu3jG0wyzz3Y1gCYqZnOBVg83E4dTUMRUCzD5z-K4jPjRpxytdy9WOxvghNOg8rM6Po_qXQU-g&atk=1jqb2v189hmt5801,"Proficiency in structural analysis software such as SAP2000, STAAD Pro, ETABS, or equivalent. Experience with AutoCAD, SketchUp, SolidWorks, Revit, or similar design software .",,,indeed_ae,2026-06-05 05:09:18.555958+00:00
Program manager,Thales,Dubai,https://ae.indeed.com/rc/clk?jk=c557b5504232bcfa&bb=_LyaNmm6mAqiwaPXRBIAB5zH9iioZEUjTw3sQbKBaA8kU_8f3uLa5eZXLpHrkFaC0ZXTM9fwpQDZawpPPCEpWYP5zVJbLajZK6NT8hOWj5p5PiRZI8E-34NeBNMT5rxIc0X_FmCrz7Q9TzOhHhoDlQ%3D%3D&xkcb=SoA467M3iLNz8JzFwh0abzkdCdPP&rjs=0&qd=Xd-cji1-rrfYy0m8LpokE8dF20pwsUrmctm8cTGFOXDOAPLLNYb6wmUg8gjYJafwpsXE23qShaYtGgdtUJu_X5BBGG-ayCiM-gQi8HpsYsLtZozk31ERKPJGlDLUboAG50chrnGX4B46HyqhlSj9xMohy02t3MX0n-6xoRHLk5Oh8V2c0duIS4mZo0TAq11Zl61No7XvcMPz961yBIpblougDO3NlIXerppYqweTrkxdIR2u4KVXi5XGrbZ08pfBgjrEyAE0GkSkYu3jG0wyzz3Y1gCYqZnOBVg83E4dTUMRUCzD5z-K4jPjRpxytdy9WOxvghNOg8rM6Po_qXQU-g&atk=1jqb2v189hmt5801,IPMA or PMP Certification preferred. Experience working in the aviation industry or on international avionics projects. A minimum of 5 years of project management or PMO experience.,,,indeed_ae,2026-06-05 05:09:18.507857+00:00
Project Engineer (Architectural Metal & Glass)/ Interior Designer,Stark Building works.LLC,Dubai,https://ae.indeed.com/rc/clk?jk=7d2f58c88ba1a417&bb=_LyaNmm6mAqiwaPXRBIABy5qfuwdL2ecURmm6NmqaIjrUCky-8nYZZHhbA7VIZWJ60IS9Kp6UraBX0psgjIjoLcip6JEvlnULiV7xbaU0o8S9YGHerWXZYEKdSY8emG1L5MLxRqp5nJOPTLmxY1iXa9W1NUPUoHCCbo5wVx1OFw%3D&xkcb=SoCM67M3iLNz8JzFwh0bbzkdCdPP&rjs=0&qd=Xd-cji1-rrfYy0m8LpokE8dF20pwsUrmctm8cTGFOXDOAPLLNYb6wmUg8gjYJafwpsXE23qShaYtGgdtUJu_X5BBGG-ayCiM-gQi8HpsYsLtZozk31ERKPJGlDLUboAG50chrnGX4B46HyqhlSj9xMohy02t3MX0n-6xoRHLk5Oh8V2c0duIS4mZo0TAq11Zl61No7XvcMPz961yBIpblougDO3NlIXerppYqweTrkxdIR2u4KVXi5XGrbZ08pfBgjrEyAE0GkSkYu3jG0wyzz3Y1gCYqZnOBVg83E4dTUMRUCzD5z-K4jPjRpxytdy9WOxvghNOg8rM6Po_qXQU-g&atk=1jqb2v189hmt5801,Experience with project management software (like MS Project) is a plus. Dubai: Reliably commute or planning to relocate before starting work (Preferred).,,,indeed_ae,2026-06-05 05:09:18.465748+00:00
UAE National Electrical Engineer (Emiratization),Genius HRTech Dubai,UAE,https://ae.indeed.com/rc/clk?jk=7392f7de9fd7f0e4&bb=_LyaNmm6mAqiwaPXRBIAB-Pid1kJd3QxZDzAk4F1bV-DqZkAOIiz32_3uRHxt5peWPTSgErflTQ0MJdB3rfWwkU_DHrExXwJZK7m2XBQTIeTZEmQ9b88Da0XawYuYugwBXF8eqFBEW1CmuAFFoJZFA%3D%3D&xkcb=SoCr67M3iLNz8JzFwh0EbzkdCdPP&rjs=0&qd=Xd-cji1-rrfYy0m8LpokE8dF20pwsUrmctm8cTGFOXDOAPLLNYb6wmUg8gjYJafwpsXE23qShaYtGgdtUJu_X5BBGG-ayCiM-gQi8HpsYsLtZozk31ERKPJGlDLUboAG50chrnGX4B46HyqhlSj9xMohy02t3MX0n-6xoRHLk5Oh8V2c0duIS4mZo0TAq11Zl61No7XvcMPz961yBIpblougDO3NlIXerppYqweTrkxdIR2u4KVXi5XGrbZ08pfBgjrEyAE0GkSkYu3jG0wyzz3Y1gCYqZnOBVg83E4dTUMRUCzD5z-K4jPjRpxytdy9WOxvghNOg8rM6Po_qXQU-g&atk=1jqb2v189hmt5801,"Prepare technical specifications, drawings, schematics, and other project documentation using relevant software tools such as AutoCAD Electrical, ETAP, and Revit.",,,indeed_ae,2026-06-05 05:09:18.426986+00:00
Civil Engineer,Al Maidana General Contracting & Maintenance,Abu Dhabi,https://ae.indeed.com/rc/clk?jk=46e71114af831291&bb=_LyaNmm6mAqiwaPXRBIAB-iPbptu1Do08K2poQShoDwFkV0RA_Ohb8zrRMu_ucjS4tXt1IofupbI7X92bqVvVqnKCSSBi7OoY_nO3NRJ-LWueCsOHE5Ix21b_V0eiqIOyZikCXg-Zxo-RAr3wTJdkw%3D%3D&xkcb=SoAf67M3iLNz8JzFwh0FbzkdCdPP&rjs=0&qd=Xd-cji1-rrfYy0m8LpokE8dF20pwsUrmctm8cTGFOXDOAPLLNYb6wmUg8gjYJafwpsXE23qShaYtGgdtUJu_X5BBGG-ayCiM-gQi8HpsYsLtZozk31ERKPJGlDLUboAG50chrnGX4B46HyqhlSj9xMohy02t3MX0n-6xoRHLk5Oh8V2c0duIS4mZo0TAq11Zl61No7XvcMPz961yBIpblougDO3NlIXerppYqweTrkxdIR2u4KVXi5XGrbZ08pfBgjrEyAE0GkSkYu3jG0wyzz3Y1gCYqZnOBVg83E4dTUMRUCzD5z-K4jPjRpxytdy9WOxvghNOg8rM6Po_qXQU-g&atk=1jqb2v189hmt5801,Share CVS to info@almaidanagcm.ae or 0545728824. Bachelor's Degree in Civil Engineering (mandatory). 3–7 years of GCC experience in civil engineering projects. TAQA competency/approval is preferred.,,,indeed_ae,2026-06-05 05:09:18.377515+00:00
Safety Officer (HSE Officer),SANVEE BUILDING CONTRACTING LLC,Dubai,https://ae.indeed.com/rc/clk?jk=34fae076fe42bec6&bb=_LyaNmm6mAqiwaPXRBIAB7y5RQ9ekRJcYvjkwdE9KLEUyE-n9bBzDqtDBYbFUP6oxbHF67W_Lb7xwE3koujYBgRS7VcLSIJX3eTw8iKs39PIE34TX6NVVfY8sawgNVJc0mTaIcK7-QTtYia8DnKKSA%3D%3D&xkcb=SoCC67M3iLNz8JzFwh0GbzkdCdPP&rjs=0&qd=Xd-cji1-rrfYy0m8LpokE8dF20pwsUrmctm8cTGFOXDOAPLLNYb6wmUg8gjYJafwpsXE23qShaYtGgdtUJu_X5BBGG-ayCiM-gQi8HpsYsLtZozk31ERKPJGlDLUboAG50chrnGX4B46HyqhlSj9xMohy02t3MX0n-6xoRHLk5Oh8V2c0duIS4mZo0TAq11Zl61No7XvcMPz961yBIpblougDO3NlIXerppYqweTrkxdIR2u4KVXi5XGrbZ08pfBgjrEyAE0GkSkYu3jG0wyzz3Y1gCYqZnOBVg83E4dTUMRUCzD5z-K4jPjRpxytdy9WOxvghNOg8rM6Po_qXQU-g&atk=1jqb2v189hmt5801,"Diploma or Bachelor’s Degree in Civil Engineering or Occupational Health & Safety. Coordinate closely with project engineers , site engineers , and subcontractors to resolve safety issues.",,,indeed_ae,2026-06-05 05:09:18.326537+00:00
Real Estate Broker,VELORA WORLD PROPERTIES L.L.C,Dubai,https://ae.indeed.com/rc/clk?jk=0377d2fa07a14256&bb=_LyaNmm6mAqiwaPXRBIAB3PPsRQgIWSRdeM_E7K6QpALtrWRMSCUo8VIIAELPgn7kKstaNgKadB9cPx7U5dPuhKsH-dl0cV9QWahag_JTloWXzBnhdYk5DdfLevGV1F5thK7s9lbBOYi3ky36ZkSs25tqgxtCwqd&xkcb=SoA267M3iLNz8JzFwh0HbzkdCdPP&rjs=0&qd=Xd-cji1-rrfYy0m8LpokE8dF20pwsUrmctm8cTGFOXDOAPLLNYb6wmUg8gjYJafwpsXE23qShaYtGgdtUJu_X5BBGG-ayCiM-gQi8HpsYsLtZozk31ERKPJGlDLUboAG50chrnGX4B46HyqhlSj9xMohy02t3MX0n-6xoRHLk5Oh8V2c0duIS4mZo0TAq11Zl61No7XvcMPz961yBIpblougDO3NlIXerppYqweTrkxdIR2u4KVXi5XGrbZ08pfBgjrEyAE0GkSkYu3jG0wyzz3Y1gCYqZnOBVg83E4dTUMRUCzD5z-K4jPjRpxytdy9WOxvghNOg8rM6Po_qXQU-g&atk=1jqb2v189hmt5801,RERA certified (or willing to obtain). Provide world-class advisory services to international clients looking to invest or relocate to Dubai. International mindset with a strong network or the…,,,indeed_ae,2026-06-05 05:09:18.250959+00:00
Senior AI Architect,Multibank Group,Dubai,https://ae.indeed.com/rc/clk?jk=beca85e024afc012&bb=_LyaNmm6mAqiwaPXRBIABz87TPzUT3pEuHZcTKBEbY3WjF5KYK5wln4P2izCnR3UC0mWCfra1GwL0YcsZ0dYsQvwzcElNBVa1NCewyhvVguwETp5pgH5LT9_rYhUC_ZckCSCkJjqdbL3OdJLbcKi8Q%3D%3D&xkcb=SoC467M3iLNz8JzFwh0AbzkdCdPP&rjs=0&qd=Xd-cji1-rrfYy0m8LpokE8dF20pwsUrmctm8cTGFOXDOAPLLNYb6wmUg8gjYJafwpsXE23qShaYtGgdtUJu_X5BBGG-ayCiM-gQi8HpsYsLtZozk31ERKPJGlDLUboAG50chrnGX4B46HyqhlSj9xMohy02t3MX0n-6xoRHLk5Oh8V2c0duIS4mZo0TAq11Zl61No7XvcMPz961yBIpblougDO3NlIXerppYqweTrkxdIR2u4KVXi5XGrbZ08pfBgjrEyAE0GkSkYu3jG0wyzz3Y1gCYqZnOBVg83E4dTUMRUCzD5z-K4jPjRpxytdy9WOxvghNOg8rM6Po_qXQU-g&atk=1jqb2v189hmt5801,"15 or more years of experience spanning data engineering, software engineering, and AI/ML systems, with at least 3 to 5 years in a senior architecture role.",,,indeed_ae,2026-06-05 05:09:18.153912+00:00
Infrastructure Supervisor,China Civil Engineering Construction Corporation,Dubai,https://ae.indeed.com/rc/clk?jk=3df253a927a752b3&bb=_LyaNmm6mAqiwaPXRBIAB_qwCAEG_j12bE_LgDCKRZKrvyxkJNhsAmMEeOxPUV1Wdm-Xs4-_1qPkPuzP2qm8n2gSUx7ii13xv166vitrbp_WBVDSdzk0wKWzOHdsdNcx9okobOfC34Ic5FV6mxYhYQ%3D%3D&xkcb=SoAM67M3iLNz8JzFwh0BbzkdCdPP&rjs=0&qd=Xd-cji1-rrfYy0m8LpokE8dF20pwsUrmctm8cTGFOXDOAPLLNYb6wmUg8gjYJafwpsXE23qShaYtGgdtUJu_X5BBGG-ayCiM-gQi8HpsYsLtZozk31ERKPJGlDLUboAG50chrnGX4B46HyqhlSj9xMohy02t3MX0n-6xoRHLk5Oh8V2c0duIS4mZo0TAq11Zl61No7XvcMPz961yBIpblougDO3NlIXerppYqweTrkxdIR2u4KVXi5XGrbZ08pfBgjrEyAE0GkSkYu3jG0wyzz3Y1gCYqZnOBVg83E4dTUMRUCzD5z-K4jPjRpxytdy9WOxvghNOg8rM6Po_qXQU-g&atk=1jqb2v189hmt5801,"Diploma or Degree in Civil Engineering or related field. Coordinate with engineers , subcontractors, and project teams. Supervise road and infrastructure construction activities.",,,indeed_ae,2026-06-05 05:09:18.109660+00:00
Mechanical JP- ADNOC Approved,Infotech Electromechanical LLC,Abu Dhabi,https://ae.indeed.com/rc/clk?jk=3e84ad5e967e0a7b&bb=_LyaNmm6mAqiwaPXRBIABwjndkdz1rvC_qMXhH5EiOsc9fSgHbgvFQk6Sdsrnv_5Ap-2ACWoLHsmIl88NquIj_kXI60ND7U9IqzXctYwNKCPCfWtlzNCbE7w007r8A1c15E4DkBxY1f2r4J1cNtPBg%3D%3D&xkcb=SoCR67M3iLNz8JzFwh0CbzkdCdPP&rjs=0&qd=Xd-cji1-rrfYy0m8LpokE8dF20pwsUrmctm8cTGFOXDOAPLLNYb6wmUg8gjYJafwpsXE23qShaYtGgdtUJu_X5BBGG-ayCiM-gQi8HpsYsLtZozk31ERKPJGlDLUboAG50chrnGX4B46HyqhlSj9xMohy02t3MX0n-6xoRHLk5Oh8V2c0duIS4mZo0TAq11Zl61No7XvcMPz961yBIpblougDO3NlIXerppYqweTrkxdIR2u4KVXi5XGrbZ08pfBgjrEyAE0GkSkYu3jG0wyzz3Y1gCYqZnOBVg83E4dTUMRUCzD5z-K4jPjRpxytdy9WOxvghNOg8rM6Po_qXQU-g&atk=1jqb2v189hmt5801,"Bachelor's Degree in Mechanical Engineering or equivalent. Relevant experience in mechanical installation, construction, telecommunications, or infrastructure projects.",,,indeed_ae,2026-06-05 05:09:18.065629+00:00
Subject Matter Expert – Reliability Engineering,Aveva,Abu Dhabi,https://ae.indeed.com/rc/clk?jk=40c9021e6d8680a4&bb=_LyaNmm6mAqiwaPXRBIABzjFE4b2LeqXk-f8zdW9aCpqihmRCCtlP3k-R_rtqxqwtyHZVij4diWKxXb9i-kOM7C3-smqrWy6SYnvaMHnJgOysgVLscmcK7DT8Xznq8L14C0SFATzb1oewSJarB4DBA%3D%3D&xkcb=SoAl67M3iLNz8JzFwh0DbzkdCdPP&rjs=0&qd=Xd-cji1-rrfYy0m8LpokE8dF20pwsUrmctm8cTGFOXDOAPLLNYb6wmUg8gjYJafwpsXE23qShaYtGgdtUJu_X5BBGG-ayCiM-gQi8HpsYsLtZozk31ERKPJGlDLUboAG50chrnGX4B46HyqhlSj9xMohy02t3MX0n-6xoRHLk5Oh8V2c0duIS4mZo0TAq11Zl61No7XvcMPz961yBIpblougDO3NlIXerppYqweTrkxdIR2u4KVXi5XGrbZ08pfBgjrEyAE0GkSkYu3jG0wyzz3Y1gCYqZnOBVg83E4dTUMRUCzD5z-K4jPjRpxytdy9WOxvghNOg8rM6Po_qXQU-g&atk=1jqb2v189hmt5801,"Middle East or GCC operating environment experience preferred. Reliability-centered maintenance or asset management certifications preferred. Experience working with predictive maintenance, condition…",,,indeed_ae,2026-06-05 05:09:18.005613+00:00
Structural Draughtsman,ELROI QHSE CONSULTANCY,Abu Dhabi,https://ae.indeed.com/rc/clk?jk=7d303db28fbfefc5&bb=_LyaNmm6mAqiwaPXRBIAB9x9YRgxWatVF458vTQ2DQuRT9ndRaubRJ06AB7iwo9e5JdS7c4zA1ufaDDScy6tLTGgrsAckl0-KaP-LDtHHHJA7l0szlMCblQOUROxc65PG3V9eY96G_7bEIXQzog98w%3D%3D&xkcb=SoDM67M3iLNz8JzFwh0MbzkdCdPP&rjs=0&qd=Xd-cji1-rrfYy0m8LpokE8dF20pwsUrmctm8cTGFOXDOAPLLNYb6wmUg8gjYJafwpsXE23qShaYtGgdtUJu_X5BBGG-ayCiM-gQi8HpsYsLtZozk31ERKPJGlDLUboAG50chrnGX4B46HyqhlSj9xMohy02t3MX0n-6xoRHLk5Oh8V2c0duIS4mZo0TAq11Zl61No7XvcMPz961yBIpblougDO3NlIXerppYqweTrkxdIR2u4KVXi5XGrbZ08pfBgjrEyAE0GkSkYu3jG0wyzz3Y1gCYqZnOBVg83E4dTUMRUCzD5z-K4jPjRpxytdy9WOxvghNOg8rM6Po_qXQU-g&atk=1jqb2v189hmt5801,"Bachelor's Degree or Diploma in Engineering, Civil Engineering, Architectural Engineering, or a related field. The ideal candidate should have a minimum of *3 years of experience in the UAE or GCC…",,,indeed_ae,2026-06-05 05:09:17.959439+00:00
Graduate Civil Engineer,Worley,Abu Dhabi,https://ae.indeed.com/rc/clk?jk=cd0b467509d7a370&bb=_LyaNmm6mAqiwaPXRBIAB23UOF6iFeewP-G4-AGRqazv8tsieFJweOHjPBa9RvQKMxJFVVeeb_6EcHViZ9VBsOzRHFYTANO_zVf4bLjGf9AACqMUGIde3b9uZzWKD33b5-0TbXB_kjVsk3UvOhfA2g%3D%3D&xkcb=SoB467M3iLNz8JzFwh0NbzkdCdPP&rjs=0&qd=Xd-cji1-rrfYy0m8LpokE8dF20pwsUrmctm8cTGFOXDOAPLLNYb6wmUg8gjYJafwpsXE23qShaYtGgdtUJu_X5BBGG-ayCiM-gQi8HpsYsLtZozk31ERKPJGlDLUboAG50chrnGX4B46HyqhlSj9xMohy02t3MX0n-6xoRHLk5Oh8V2c0duIS4mZo0TAq11Zl61No7XvcMPz961yBIpblougDO3NlIXerppYqweTrkxdIR2u4KVXi5XGrbZ08pfBgjrEyAE0GkSkYu3jG0wyzz3Y1gCYqZnOBVg83E4dTUMRUCzD5z-K4jPjRpxytdy9WOxvghNOg8rM6Po_qXQU-g&atk=1jqb2v189hmt5801,"Technical degree in science or engineering. Relevant discipline experience or working in a related industry such as environmental, operations, maintenance, fabrication, or construction.",,,indeed_ae,2026-06-05 05:09:17.918598+00:00
Aluminium Site Engineer,Al Qassim Aluminum And Glass,Dubai,https://ae.indeed.com/rc/clk?jk=0b6b617938c58377&bb=_LyaNmm6mAqiwaPXRBIAB_pSyKOggQh-nQEm-0f3icQrJgELAWMxRIQWm0Fv6ISIb3UC9FyKCkU8YaeR3_LK4ODRrqHM7mhHeOooY7g7SReYK9vL8qg9G3pX00r8qjlKd9wrb8bbKna8GEb_fv5jTA%3D%3D&xkcb=SoDl67M3iLNz8JzFwh0ObzkdCdPP&rjs=0&qd=Xd-cji1-rrfYy0m8LpokE8dF20pwsUrmctm8cTGFOXDOAPLLNYb6wmUg8gjYJafwpsXE23qShaYtGgdtUJu_X5BBGG-ayCiM-gQi8HpsYsLtZozk31ERKPJGlDLUboAG50chrnGX4B46HyqhlSj9xMohy02t3MX0n-6xoRHLk5Oh8V2c0duIS4mZo0TAq11Zl61No7XvcMPz961yBIpblougDO3NlIXerppYqweTrkxdIR2u4KVXi5XGrbZ08pfBgjrEyAE0GkSkYu3jG0wyzz3Y1gCYqZnOBVg83E4dTUMRUCzD5z-K4jPjRpxytdy9WOxvghNOg8rM6Po_qXQU-g&atk=1jqb2v189hmt5801,Bachelor’s Degree/Diploma in Civil Engineering or related field. We are seeking a skilled and experienced Aluminium Site Engineer to oversee and manage aluminium and façade works at project sites.,,,indeed_ae,2026-06-05 05:09:17.877412+00:00
Civil Supervisor,Donglin Technical Service L.L.C,Dubai,https://ae.indeed.com/rc/clk?jk=f0473ee8279e66e6&bb=_LyaNmm6mAqiwaPXRBIABwjndkdz1rvCViFJHRe4NFVfvTTfxuGkCeX6a7Cs5n6KLttJ-4gVc2PfefJzjF4CZ4SfdHP6CmjyNauKI940i-1Hy4rTI6bm7rIjIe0D-ZkDpYn311OrCG0miVekWGJXqw%3D%3D&xkcb=SoBR67M3iLNz8JzFwh0PbzkdCdPP&rjs=0&qd=Xd-cji1-rrfYy0m8LpokE8dF20pwsUrmctm8cTGFOXDOAPLLNYb6wmUg8gjYJafwpsXE23qShaYtGgdtUJu_X5BBGG-ayCiM-gQi8HpsYsLtZozk31ERKPJGlDLUboAG50chrnGX4B46HyqhlSj9xMohy02t3MX0n-6xoRHLk5Oh8V2c0duIS4mZo0TAq11Zl61No7XvcMPz961yBIpblougDO3NlIXerppYqweTrkxdIR2u4KVXi5XGrbZ08pfBgjrEyAE0GkSkYu3jG0wyzz3Y1gCYqZnOBVg83E4dTUMRUCzD5z-K4jPjRpxytdy9WOxvghNOg8rM6Po_qXQU-g&atk=1jqb2v189hmt5801,"Education: Diploma or Bachelor's degree in Civil Engineering or a relevant construction discipline. Issue Resolution: Flag design discrepancies, material shortages, or delays, and work with Site…",,,indeed_ae,2026-06-05 05:09:17.832475+00:00
Duct Chargehand,Emirates Electrical & Instrumentation Company,Abu Dhabi,https://ae.indeed.com/rc/clk?jk=8d5a70977762ee3a&bb=_LyaNmm6mAqiwaPXRBIAB0yoQFSOPg-e18NP6MHWF9E36widaC1illbZHZXPIvCxJIA4CBDpSO1qgCGEbin38TaggMNcdO8Uv7puG3ps9gJWpww2Z5cub1X3ixzxNcSFEyphv7kqGgBJ_kFwXFAEVg%3D%3D&xkcb=SoDf67M3iLNz8JzFwh0IbzkdCdPP&rjs=0&qd=Xd-cji1-rrfYy0m8LpokE8dF20pwsUrmctm8cTGFOXDOAPLLNYb6wmUg8gjYJafwpsXE23qShaYtGgdtUJu_X5BBGG-ayCiM-gQi8HpsYsLtZozk31ERKPJGlDLUboAG50chrnGX4B46HyqhlSj9xMohy02t3MX0n-6xoRHLk5Oh8V2c0duIS4mZo0TAq11Zl61No7XvcMPz961yBIpblougDO3NlIXerppYqweTrkxdIR2u4KVXi5XGrbZ08pfBgjrEyAE0GkSkYu3jG0wyzz3Y1gCYqZnOBVg83E4dTUMRUCzD5z-K4jPjRpxytdy9WOxvghNOg8rM6Po_qXQU-g&atk=1jqb2v189hmt5801,ITI / Diploma or relevant educational background. Ability to coordinate with engineers and other trades effectively. Monitor progress of work and report to site supervisor/engineer.,,,indeed_ae,2026-06-05 05:09:17.790216+00:00
Hydraulic Mechanic,Enlistcue Consulting and Services FZCO,UAE,https://ae.indeed.com/rc/clk?jk=b525ae41be61e156&bb=_LyaNmm6mAqiwaPXRBIAB4jWo2OOke-NMMhd9CmEXkHYF86UMLIsOWjj4Hf0Y9Pyr_I1ypV5FJ-blbW3Lf09G2N6G_BygeVR6jFCnscuzpbCWEvBSVaTrrDZ5PsrVHZlZhTeQRROc36_faDXB3MSDA%3D%3D&xkcb=SoBr67M3iLNz8JzFwh0JbzkdCdPP&rjs=0&qd=Xd-cji1-rrfYy0m8LpokE8dF20pwsUrmctm8cTGFOXDOAPLLNYb6wmUg8gjYJafwpsXE23qShaYtGgdtUJu_X5BBGG-ayCiM-gQi8HpsYsLtZozk31ERKPJGlDLUboAG50chrnGX4B46HyqhlSj9xMohy02t3MX0n-6xoRHLk5Oh8V2c0duIS4mZo0TAq11Zl61No7XvcMPz961yBIpblougDO3NlIXerppYqweTrkxdIR2u4KVXi5XGrbZ08pfBgjrEyAE0GkSkYu3jG0wyzz3Y1gCYqZnOBVg83E4dTUMRUCzD5z-K4jPjRpxytdy9WOxvghNOg8rM6Po_qXQU-g&atk=1jqb2v189hmt5801,Experience in offshore or marine service companies in the UAE or GCC. Assist in installation and commissioning of hydraulic systems on new or refurbished marine equipment.,,,indeed_ae,2026-06-05 05:09:17.749183+00:00
QA/QC Engineer,DSCA Building Contracting L.L.C,Dubai,https://ae.indeed.com/rc/clk?jk=f312fed302f4105b&bb=_LyaNmm6mAqiwaPXRBIAB1gD4Dxf6iGLUw5_sLrlaxaQrPnO8b6czM0ticmqs5DMaDyNTfe5Or-pImyOLffzfxYHVqaEc6bqKAFj9Q7JsH4xLR6cY50_YqU9_Ha9dK8R1ounfclfxB6zkX3_mFD-VA%3D%3D&xkcb=SoD267M3iLNz8JzFwh0KbzkdCdPP&rjs=0&qd=Xd-cji1-rrfYy0m8LpokE8dF20pwsUrmctm8cTGFOXDOAPLLNYb6wmUg8gjYJafwpsXE23qShaYtGgdtUJu_X5BBGG-ayCiM-gQi8HpsYsLtZozk31ERKPJGlDLUboAG50chrnGX4B46HyqhlSj9xMohy02t3MX0n-6xoRHLk5Oh8V2c0duIS4mZo0TAq11Zl61No7XvcMPz961yBIpblougDO3NlIXerppYqweTrkxdIR2u4KVXi5XGrbZ08pfBgjrEyAE0GkSkYu3jG0wyzz3Y1gCYqZnOBVg83E4dTUMRUCzD5z-K4jPjRpxytdy9WOxvghNOg8rM6Po_qXQU-g&atk=1jqb2v189hmt5801,"Documenting and reporting any quality issues or deviations from standards, and recommending corrective actions. Developing and implementing quality assurance procedures and protocols for the…",,,indeed_ae,2026-06-05 05:09:17.706016+00:00
Arab Site Engineer,Alsayara alsarea car rental,Dubai International City,https://ae.indeed.com/rc/clk?jk=d92a82c367370c41&bb=_LyaNmm6mAqiwaPXRBIABy-n_VM8TWTjdVZapK2-LPRwqY5gssXLc2KCdu2qBENa8YBnCKRj1_QfcLdWdEsbAAwoaiw3ZjEbH7irQh1qZ9yYUSEnd8h9jvt7fmsOi3qLL5M1_a-UrnePcXG2tSVu-w%3D%3D&xkcb=SoBC67M3iLNz8JzFwh0LbzkdCdPP&rjs=0&qd=Xd-cji1-rrfYy0m8LpokE8dF20pwsUrmctm8cTGFOXDOAPLLNYb6wmUg8gjYJafwpsXE23qShaYtGgdtUJu_X5BBGG-ayCiM-gQi8HpsYsLtZozk31ERKPJGlDLUboAG50chrnGX4B46HyqhlSj9xMohy02t3MX0n-6xoRHLk5Oh8V2c0duIS4mZo0TAq11Zl61No7XvcMPz961yBIpblougDO3NlIXerppYqweTrkxdIR2u4KVXi5XGrbZ08pfBgjrEyAE0GkSkYu3jG0wyzz3Y1gCYqZnOBVg83E4dTUMRUCzD5z-K4jPjRpxytdy9WOxvghNOg8rM6Po_qXQU-g&atk=1jqb2v189hmt5801,"Minimum experience in Architectural and Structural works. Valid UAE Driving License (mandatory). Strong knowledge of site supervision, coordination, and project execution.",,,indeed_ae,2026-06-05 05:09:17.655434+00:00
Senior Telecommunications Designer,Worley,Abu Dhabi,https://ae.indeed.com/rc/clk?jk=03f8f366bd92a0aa&bb=T9Rtwdi5UDMDWbO0Y_BcVy7Ah6YoRKt0p7K7QX6PhlFfSik4ih94_trBp8_RC01Hvj_GvnUPWISEUkRBZkh6xKRRP_O6M1G1Vnkk0WC2thQAF38RVPbHhG2AMcaGU7YGIwgaVkRYzYHhe7Vt4bvpiQ%3D%3D&xkcb=SoDN67M3iLN0QHT4250TbzkdCdPP&rjs=0&qd=Xd-cji1-rrfYy0m8LpokE8dF20pwsUrmctm8cTGFOXDOAPLLNYb6wmUg8gjYJafwpsXE23qShaYtGgdtUJu_X5BBGG-ayCiM-gQi8HpsYsLtZozk31ERKPJGlDLUboAG50chrnGX4B46HyqhlSj9xMohy02t3MX0n-6xoRHLk5Oh8V2c0duIS4mZo0TAq11Zl61No7XvcMPz961yBIpblougDO3NlIXerppYqweTrkxdIR2u4KVXi5XGrbZ08pfBgjrEyAE0GkSkYu3jG0wyzz3Y1gCYqZnOBVg83E4dTUNUFKoT9LjaJz3eT3ePbkNzWOxvghNOg8rM6Po_qXQU-g&atk=1jqb2usnrha8t803,"Education: Diploma / Degree in Telecommunications or Electronics & Communication Engineering. Proficiency in AutoCAD, MicroStation, SP3D or AVEVA tools. Strong communication and coordination skills.",,,indeed_ae,2026-06-05 05:09:14.100299+00:00
QA/QC Engineer,China Civil Engineering Construction Corporation,Dubai,https://ae.indeed.com/rc/clk?jk=f6a5a703d08e7ca9&bb=T9Rtwdi5UDMDWbO0Y_BcVyvb4bjxjxqps5j5jHxaXt6cOLUmA6TpOh_MN28YP69FvPGjPRbL1pn_NC5Ux03F_HxN2f4_xCcEyXJyZ_hj7NhYLkFXFskU140xQdo_aAByDhiVOqb4r1RbkvLH__NEAQ%3D%3D&xkcb=SoAk67M3iLN0QHT4250cbzkdCdPP&rjs=0&qd=Xd-cji1-rrfYy0m8LpokE8dF20pwsUrmctm8cTGFOXDOAPLLNYb6wmUg8gjYJafwpsXE23qShaYtGgdtUJu_X5BBGG-ayCiM-gQi8HpsYsLtZozk31ERKPJGlDLUboAG50chrnGX4B46HyqhlSj9xMohy02t3MX0n-6xoRHLk5Oh8V2c0duIS4mZo0TAq11Zl61No7XvcMPz961yBIpblougDO3NlIXerppYqweTrkxdIR2u4KVXi5XGrbZ08pfBgjrEyAE0GkSkYu3jG0wyzz3Y1gCYqZnOBVg83E4dTUNUFKoT9LjaJz3eT3ePbkNzWOxvghNOg8rM6Po_qXQU-g&atk=1jqb2usnrha8t803,Immediate joiners or candidates with short notice periods. Bachelor's Degree or Diploma in Civil Engineering. We are seeking an experienced QA/QC Engineer to join our Infrastructure Division in Dubai.,,,indeed_ae,2026-06-05 05:09:14.054704+00:00
Hiring – Project Engineer (Civil),London Pools and Electromechanical,Abu Dhabi,https://ae.indeed.com/rc/clk?jk=e9443de35b0c9a74&bb=T9Rtwdi5UDMDWbO0Y_BcV4-Eq9yw-e1gN3d8JLTyi7qGRWjLZeTs_r4K0LCl_jNLOWFpp2Rd9ECdamBILs_VJnzwphfikdq1DU1Xek6Q6vT2oLSjNixQRy9K9jzB418RODkGyvqYX52haLwjMIFUbA%3D%3D&xkcb=SoCQ67M3iLN0QHT4250dbzkdCdPP&rjs=0&qd=Xd-cji1-rrfYy0m8LpokE8dF20pwsUrmctm8cTGFOXDOAPLLNYb6wmUg8gjYJafwpsXE23qShaYtGgdtUJu_X5BBGG-ayCiM-gQi8HpsYsLtZozk31ERKPJGlDLUboAG50chrnGX4B46HyqhlSj9xMohy02t3MX0n-6xoRHLk5Oh8V2c0duIS4mZo0TAq11Zl61No7XvcMPz961yBIpblougDO3NlIXerppYqweTrkxdIR2u4KVXi5XGrbZ08pfBgjrEyAE0GkSkYu3jG0wyzz3Y1gCYqZnOBVg83E4dTUNUFKoT9LjaJz3eT3ePbkNzWOxvghNOg8rM6Po_qXQU-g&atk=1jqb2usnrha8t803,Minimum 5 years UAE experience in villa or building construction. We are looking for an experienced Project Engineer to manage and coordinate villa construction projects in Abu Dhabi.,,,indeed_ae,2026-06-05 05:09:14.017417+00:00
Sales & Marketing Engineer (Outdoor),HSJB BUSINESS CONSULTING,Abu Dhabi,https://ae.indeed.com/rc/clk?jk=32b4fad299196ee4&bb=T9Rtwdi5UDMDWbO0Y_BcV0HXknP5Wr5jN5RUVZ4Bx0QQ7ljNsGrlYjdPzfBZbkC4VwDe3MDbQfSw4LQspSZiKAGJ3JWhHAdJPxxeK-MVd7XhSbAVrRbgZqlTw3Eac09DYzEMkAY1Zogp5DcAABDNnA%3D%3D&xkcb=SoAN67M3iLN0QHT4250ebzkdCdPP&rjs=0&qd=Xd-cji1-rrfYy0m8LpokE8dF20pwsUrmctm8cTGFOXDOAPLLNYb6wmUg8gjYJafwpsXE23qShaYtGgdtUJu_X5BBGG-ayCiM-gQi8HpsYsLtZozk31ERKPJGlDLUboAG50chrnGX4B46HyqhlSj9xMohy02t3MX0n-6xoRHLk5Oh8V2c0duIS4mZo0TAq11Zl61No7XvcMPz961yBIpblougDO3NlIXerppYqweTrkxdIR2u4KVXi5XGrbZ08pfBgjrEyAE0GkSkYu3jG0wyzz3Y1gCYqZnOBVg83E4dTUNUFKoT9LjaJz3eT3ePbkNzWOxvghNOg8rM6Po_qXQU-g&atk=1jqb2usnrha8t803,Engineering degree in Instrumentation/ Mechanical or relevant. Min. 3-5 years of experience as a Sales Engineer or similar role. To understand the technical aspects of the products and services…,,,indeed_ae,2026-06-05 05:09:13.975108+00:00
QA/QC Engineer,PALGAN Insulation Co LLC,Dubai,https://ae.indeed.com/rc/clk?jk=6962c33f7f0a9e3a&bb=T9Rtwdi5UDMDWbO0Y_BcV9vtRwMDUCji1nITlTYQmy5PcwG5O12EQ7oLpOTyjbiwHVmNDgGx_1bisFe3JDamEp4EILMh4W7I1ob5hdoCrjLWHfLT8P1e5wZ3PJHlbyGjnVzwt55f407DxSL6bAwNPw%3D%3D&xkcb=SoC567M3iLN0QHT4250fbzkdCdPP&rjs=0&qd=Xd-cji1-rrfYy0m8LpokE8dF20pwsUrmctm8cTGFOXDOAPLLNYb6wmUg8gjYJafwpsXE23qShaYtGgdtUJu_X5BBGG-ayCiM-gQi8HpsYsLtZozk31ERKPJGlDLUboAG50chrnGX4B46HyqhlSj9xMohy02t3MX0n-6xoRHLk5Oh8V2c0duIS4mZo0TAq11Zl61No7XvcMPz961yBIpblougDO3NlIXerppYqweTrkxdIR2u4KVXi5XGrbZ08pfBgjrEyAE0GkSkYu3jG0wyzz3Y1gCYqZnOBVg83E4dTUNUFKoT9LjaJz3eT3ePbkNzWOxvghNOg8rM6Po_qXQU-g&atk=1jqb2usnrha8t803,"Coordinate with site engineers , consultants, and subcontractors on quality matters. Bachelor’s degree in Engineering (Civil/Mechanical/Electrical or related). Good reporting and communication skills.",,,indeed_ae,2026-06-05 05:09:13.929518+00:00
Site Supervisor Fit out,Zan Interior Design,Al Quoz,https://ae.indeed.com/rc/clk?jk=601423a51a7669b0&bb=T9Rtwdi5UDMDWbO0Y_BcV-ew9F0L3_wLcsgTEXyG83ruF7EyMeTZvn3A5cQ43rL0KF6Afk3CctxzSBpASBf5k_tmZw-ntae4W1i4q9qMGGd8QBvlFK_mOoU3fs3DL7AHM9AM0SuUfEm2n7_k2FFnww%3D%3D&xkcb=SoA367M3iLN0QHT4250YbzkdCdPP&rjs=0&qd=Xd-cji1-rrfYy0m8LpokE8dF20pwsUrmctm8cTGFOXDOAPLLNYb6wmUg8gjYJafwpsXE23qShaYtGgdtUJu_X5BBGG-ayCiM-gQi8HpsYsLtZozk31ERKPJGlDLUboAG50chrnGX4B46HyqhlSj9xMohy02t3MX0n-6xoRHLk5Oh8V2c0duIS4mZo0TAq11Zl61No7XvcMPz961yBIpblougDO3NlIXerppYqweTrkxdIR2u4KVXi5XGrbZ08pfBgjrEyAE0GkSkYu3jG0wyzz3Y1gCYqZnOBVg83E4dTUNUFKoT9LjaJz3eT3ePbkNzWOxvghNOg8rM6Po_qXQU-g&atk=1jqb2usnrha8t803,"Coordination with project managers, engineers , and workshop teams. Progress Reporting — Prepare daily/weekly reports, document site issues, and escalate delays or risks.",,,indeed_ae,2026-06-05 05:09:13.889967+00:00
Sales Engineer / Sales Executive- Elevator (MALE / FEMALE),NASCO TRADING LLC,Dubai,https://ae.indeed.com/rc/clk?jk=490bfd8f10dd75ab&bb=T9Rtwdi5UDMDWbO0Y_BcV6SLqNKZX6IHWXI4h1cUsQJSCzyILOjNdUjOp3cfkYP2py0NqqZwDBBDzUehbGs3KBTbKWdWx-BWanWYjMA_MgfsOJrQ9ObIYXFA01NWikMT1dVLMeR4X3fynDqBlbDmZw%3D%3D&xkcb=SoCD67M3iLN0QHT4250ZbzkdCdPP&rjs=0&qd=Xd-cji1-rrfYy0m8LpokE8dF20pwsUrmctm8cTGFOXDOAPLLNYb6wmUg8gjYJafwpsXE23qShaYtGgdtUJu_X5BBGG-ayCiM-gQi8HpsYsLtZozk31ERKPJGlDLUboAG50chrnGX4B46HyqhlSj9xMohy02t3MX0n-6xoRHLk5Oh8V2c0duIS4mZo0TAq11Zl61No7XvcMPz961yBIpblougDO3NlIXerppYqweTrkxdIR2u4KVXi5XGrbZ08pfBgjrEyAE0GkSkYu3jG0wyzz3Y1gCYqZnOBVg83E4dTUNUFKoT9LjaJz3eT3ePbkNzWOxvghNOg8rM6Po_qXQU-g&atk=1jqb2usnrha8t803,The Elevator Sales Engineer / Sales Executive is responsible for selling elevator & dumbwaiter solutions by combining technical expertise with sales skills.,,,indeed_ae,2026-06-05 05:09:13.844818+00:00
Carpenter Foreman,Zan Interior Design,Al Quoz,https://ae.indeed.com/rc/clk?jk=64fa3a45e20c7cdf&bb=T9Rtwdi5UDMDWbO0Y_BcV55ZFR2aW-na_PYfViIIXx4xV_84ETleepXyB5IG_Fd_RD99JOYeaWh4wVxKls1LKoKRCPIZ6HKgWXnSUOkjgow5R-k_gxwfrRgneCgpiye3Dvg_sv3euzkBx-hAXYVxyA%3D%3D&xkcb=SoAe67M3iLN0QHT4250abzkdCdPP&rjs=0&qd=Xd-cji1-rrfYy0m8LpokE8dF20pwsUrmctm8cTGFOXDOAPLLNYb6wmUg8gjYJafwpsXE23qShaYtGgdtUJu_X5BBGG-ayCiM-gQi8HpsYsLtZozk31ERKPJGlDLUboAG50chrnGX4B46HyqhlSj9xMohy02t3MX0n-6xoRHLk5Oh8V2c0duIS4mZo0TAq11Zl61No7XvcMPz961yBIpblougDO3NlIXerppYqweTrkxdIR2u4KVXi5XGrbZ08pfBgjrEyAE0GkSkYu3jG0wyzz3Y1gCYqZnOBVg83E4dTUNUFKoT9LjaJz3eT3ePbkNzWOxvghNOg8rM6Po_qXQU-g&atk=1jqb2usnrha8t803,"Reporting — Prepare daily progress reports and communicate site needs or issues promptly. Site Coordination — Coordinate with project managers, engineers , and subcontractors to ensure smooth…",,,indeed_ae,2026-06-05 05:09:13.805284+00:00
Senior Technical Engineer,Belhoul Group,Dubai International City,https://ae.indeed.com/rc/clk?jk=856a887e84610800&bb=T9Rtwdi5UDMDWbO0Y_BcV2SqsxmutgwDCj3wN4rdNlO7_L5Ifz3TJncBAVJd83ncONUc0Re-N9p9GmLfj1CFwsKXmrIzx2sSEBM-4-Y4K0YZaTrgnDWWf-cEJ66U--LxuFRmjp8wdDcM_yH0Zff8vQ%3D%3D&xkcb=SoCq67M3iLN0QHT4250bbzkdCdPP&rjs=0&qd=Xd-cji1-rrfYy0m8LpokE8dF20pwsUrmctm8cTGFOXDOAPLLNYb6wmUg8gjYJafwpsXE23qShaYtGgdtUJu_X5BBGG-ayCiM-gQi8HpsYsLtZozk31ERKPJGlDLUboAG50chrnGX4B46HyqhlSj9xMohy02t3MX0n-6xoRHLk5Oh8V2c0duIS4mZo0TAq11Zl61No7XvcMPz961yBIpblougDO3NlIXerppYqweTrkxdIR2u4KVXi5XGrbZ08pfBgjrEyAE0GkSkYu3jG0wyzz3Y1gCYqZnOBVg83E4dTUNUFKoT9LjaJz3eT3ePbkNzWOxvghNOg8rM6Po_qXQU-g&atk=1jqb2usnrha8t803,"Supervise site managers, engineers , and contractors. Plans, coordinates, and oversees construction projects to ensure they are completed on time, within budget, and to quality standards.",,,indeed_ae,2026-06-05 05:09:13.762001+00:00
Construction Manager (Civil),Naresco Contracting LLC,Dubai,https://ae.indeed.com/rc/clk?jk=a43d1e0092b1c1a8&bb=T9Rtwdi5UDMDWbO0Y_BcV3gAZz1ntfOnxZzBHxF_g3_E7mOmZT2MKg6eMt2s2_t7GQXIICMo984sK2w6hC6Mon82HA-BdDM0GmnHF6p8lhbDJCnydsWUU4p5yX7bNNsk1Ud-4A7mrv-3goF6HJ5sUw%3D%3D&xkcb=SoCN67M3iLN0QHT4250EbzkdCdPP&rjs=0&qd=Xd-cji1-rrfYy0m8LpokE8dF20pwsUrmctm8cTGFOXDOAPLLNYb6wmUg8gjYJafwpsXE23qShaYtGgdtUJu_X5BBGG-ayCiM-gQi8HpsYsLtZozk31ERKPJGlDLUboAG50chrnGX4B46HyqhlSj9xMohy02t3MX0n-6xoRHLk5Oh8V2c0duIS4mZo0TAq11Zl61No7XvcMPz961yBIpblougDO3NlIXerppYqweTrkxdIR2u4KVXi5XGrbZ08pfBgjrEyAE0GkSkYu3jG0wyzz3Y1gCYqZnOBVg83E4dTUNUFKoT9LjaJz3eT3ePbkNzWOxvghNOg8rM6Po_qXQU-g&atk=1jqb2usnrha8t803,"Proven experience managing projects of 20+ floors or large-scale tower developments. Professional certification (PMP, CCM, or equivalent) is an advantage. Enforce site safety policies and procedures.",,,indeed_ae,2026-06-05 05:09:13.707488+00:00
Data Scientist Senior Analyst,The Cigna Group,Dubai,https://ae.indeed.com/rc/clk?jk=cd8b2073afb9551e&bb=T9Rtwdi5UDMDWbO0Y_BcV6R-hvp2YYuB0i05nOebcu9D4TnSVHgV4E2RPPxXrAFX7lUQAjgCT6WwF4-KlduJUacZStZzHsGKnt6QmyRBdCDXV7MqCosyxPHyP5ts-eSuxIbsOWG_ffGs8kfeLtfm1g%3D%3D&xkcb=SoA567M3iLN0QHT4250FbzkdCdPP&rjs=0&qd=Xd-cji1-rrfYy0m8LpokE8dF20pwsUrmctm8cTGFOXDOAPLLNYb6wmUg8gjYJafwpsXE23qShaYtGgdtUJu_X5BBGG-ayCiM-gQi8HpsYsLtZozk31ERKPJGlDLUboAG50chrnGX4B46HyqhlSj9xMohy02t3MX0n-6xoRHLk5Oh8V2c0duIS4mZo0TAq11Zl61No7XvcMPz961yBIpblougDO3NlIXerppYqweTrkxdIR2u4KVXi5XGrbZ08pfBgjrEyAE0GkSkYu3jG0wyzz3Y1gCYqZnOBVg83E4dTUNUFKoT9LjaJz3eT3ePbkNzWOxvghNOg8rM6Po_qXQU-g&atk=1jqb2usnrha8t803,"Tertiary education in Data Science, Statistics, Computer Science, Engineering, or related disciplines. Experience in cloud-based data and analytics platforms, preferably Amazon Web Services (AWS) and…",,,indeed_ae,2026-06-05 05:09:13.667425+00:00
CAT A - Technician - Line Maintenance,Air Arabia,Sharjah,https://ae.indeed.com/rc/clk?jk=5891d0f32f69e99a&bb=T9Rtwdi5UDMDWbO0Y_BcV_TetbZG2xJUyYMzJsw-2wJnVxzrA4BgA4s9g2vZeQODZC8HEoepsJGmi8EAhHyjJqYhyrAPYVWhd4pughdkQxUPCzB2wrTTrpO6bkZhFsVzjnXxieaaWbLexlYrVCsy_Q%3D%3D&xkcb=SoCk67M3iLN0QHT4250GbzkdCdPP&rjs=0&qd=Xd-cji1-rrfYy0m8LpokE8dF20pwsUrmctm8cTGFOXDOAPLLNYb6wmUg8gjYJafwpsXE23qShaYtGgdtUJu_X5BBGG-ayCiM-gQi8HpsYsLtZozk31ERKPJGlDLUboAG50chrnGX4B46HyqhlSj9xMohy02t3MX0n-6xoRHLk5Oh8V2c0duIS4mZo0TAq11Zl61No7XvcMPz961yBIpblougDO3NlIXerppYqweTrkxdIR2u4KVXi5XGrbZ08pfBgjrEyAE0GkSkYu3jG0wyzz3Y1gCYqZnOBVg83E4dTUNUFKoT9LjaJz3eT3ePbkNzWOxvghNOg8rM6Po_qXQU-g&atk=1jqb2usnrha8t803,Regularly reports the status of assigned tasks to the Certifying Engineer or Shift Manager and alerts him or her to any problems with aircraft condition or with the execution of the work.,,,indeed_ae,2026-06-05 05:09:13.625729+00:00
Road Draftsman (UAE Exp Only),China Civil Engineering Construction Corporation,Dubai,https://ae.indeed.com/rc/clk?jk=b409f9a0f33b276b&bb=T9Rtwdi5UDMDWbO0Y_BcV0HXknP5Wr5jFUOvLTPKfEUvBorzOsUAgAVVhHBf7_Xu4KhE-3Z2KNRyWNopYThQhdcrkgqoo1dZcrRGrKe4o5uiDP4Ow6yqCR7ACxYeSNQBb2Lu9Hmu4HD85zJCOudz0w%3D%3D&xkcb=SoAQ67M3iLN0QHT4250HbzkdCdPP&rjs=0&qd=Xd-cji1-rrfYy0m8LpokE8dF20pwsUrmctm8cTGFOXDOAPLLNYb6wmUg8gjYJafwpsXE23qShaYtGgdtUJu_X5BBGG-ayCiM-gQi8HpsYsLtZozk31ERKPJGlDLUboAG50chrnGX4B46HyqhlSj9xMohy02t3MX0n-6xoRHLk5Oh8V2c0duIS4mZo0TAq11Zl61No7XvcMPz961yBIpblougDO3NlIXerppYqweTrkxdIR2u4KVXi5XGrbZ08pfBgjrEyAE0GkSkYu3jG0wyzz3Y1gCYqZnOBVg83E4dTUNUFKoT9LjaJz3eT3ePbkNzWOxvghNOg8rM6Po_qXQU-g&atk=1jqb2usnrha8t803,"Diploma or Degree in Civil Engineering / Drafting or related field. Previous experience with contractors or consultants in the UAE. Coordinate with engineers , surveyors, quantity surveyors, and…",,,indeed_ae,2026-06-05 05:09:13.573538+00:00
Manager Engineering,talabat,Dubai,https://ae.indeed.com/rc/clk?jk=63b1a99033b9bc22&bb=T9Rtwdi5UDMDWbO0Y_BcV3gAZz1ntfOnvHuPHC8PWqb_iByRBOfXWpPX4QpzzpYhTKQRZUcw20KGeSAUVsofhx0VFHcbq_i1-0m7QI0s37ypNVUPce8mnVO5l8GR_QAwUW9ApuGTVMzb1m_DVDAGLA%3D%3D&xkcb=SoCe67M3iLN0QHT4250AbzkdCdPP&rjs=0&qd=Xd-cji1-rrfYy0m8LpokE8dF20pwsUrmctm8cTGFOXDOAPLLNYb6wmUg8gjYJafwpsXE23qShaYtGgdtUJu_X5BBGG-ayCiM-gQi8HpsYsLtZozk31ERKPJGlDLUboAG50chrnGX4B46HyqhlSj9xMohy02t3MX0n-6xoRHLk5Oh8V2c0duIS4mZo0TAq11Zl61No7XvcMPz961yBIpblougDO3NlIXerppYqweTrkxdIR2u4KVXi5XGrbZ08pfBgjrEyAE0GkSkYu3jG0wyzz3Y1gCYqZnOBVg83E4dTUNUFKoT9LjaJz3eT3ePbkNzWOxvghNOg8rM6Po_qXQU-g&atk=1jqb2usnrha8t803,"Senior Engineering Manager — You lead multiple teams or a full domain. AWS or cloud platform experience. You'll lead a team of 6–10 mobile engineers and partner closely with product, design, and…",,,indeed_ae,2026-06-05 05:09:13.533896+00:00
Duty Engineer – Relocate in Maldives,Resort in Maldives,Dubai,https://ae.indeed.com/rc/clk?jk=5949a456c8568e90&bb=T9Rtwdi5UDMDWbO0Y_BcV5aZFOyKWeFENNP4galvu3SvPxqlM5N2Tu4zIs6wgUbbOAIFWHpmpY5PCyJg6UQERlU7wOp0O6xDgJ4KYPeH6upJk8eHovaYFC8G0kf9RrplxUcLI-vEQ_vPRSH3VfEFMA%3D%3D&xkcb=SoAq67M3iLN0QHT4250BbzkdCdPP&rjs=0&qd=Xd-cji1-rrfYy0m8LpokE8dF20pwsUrmctm8cTGFOXDOAPLLNYb6wmUg8gjYJafwpsXE23qShaYtGgdtUJu_X5BBGG-ayCiM-gQi8HpsYsLtZozk31ERKPJGlDLUboAG50chrnGX4B46HyqhlSj9xMohy02t3MX0n-6xoRHLk5Oh8V2c0duIS4mZo0TAq11Zl61No7XvcMPz961yBIpblougDO3NlIXerppYqweTrkxdIR2u4KVXi5XGrbZ08pfBgjrEyAE0GkSkYu3jG0wyzz3Y1gCYqZnOBVg83E4dTUNUFKoT9LjaJz3eT3ePbkNzWOxvghNOg8rM6Po_qXQU-g&atk=1jqb2usnrha8t803,"Diploma or Degree in Mechanical, Electrical, or related Engineering field. Minimum 2–3 years of experience in a hotel, resort, or hospitality engineering environment.",,,indeed_ae,2026-06-05 05:09:13.491880+00:00
Director of Rooms,SOFITEL,Ras al-Khaimah,https://ae.indeed.com/rc/clk?jk=01a4ebf7bde4fbb4&bb=T9Rtwdi5UDMDWbO0Y_BcV4npIRGs2-0dp8fpjFkFEdqq71l9MhoIt4fFduq6048m1PIsXr_HrbpvqIxh7T7_RHNnqWRTZiP9QSD631W8n_N3nrLdcZjYwmOj_-YYiklorfTlsY-_47MARkOjaf0ecQ%3D%3D&xkcb=SoC367M3iLN0QHT4250CbzkdCdPP&rjs=0&qd=Xd-cji1-rrfYy0m8LpokE8dF20pwsUrmctm8cTGFOXDOAPLLNYb6wmUg8gjYJafwpsXE23qShaYtGgdtUJu_X5BBGG-ayCiM-gQi8HpsYsLtZozk31ERKPJGlDLUboAG50chrnGX4B46HyqhlSj9xMohy02t3MX0n-6xoRHLk5Oh8V2c0duIS4mZo0TAq11Zl61No7XvcMPz961yBIpblougDO3NlIXerppYqweTrkxdIR2u4KVXi5XGrbZ08pfBgjrEyAE0GkSkYu3jG0wyzz3Y1gCYqZnOBVg83E4dTUNUFKoT9LjaJz3eT3ePbkNzWOxvghNOg8rM6Po_qXQU-g&atk=1jqb2usnrha8t803,"Experience managing high-net-worth individuals, celebrities, or VIP clientele. Certification in hospitality management or related field. Minimum 8-10 years of progressive leadership experience in…",,,indeed_ae,2026-06-05 05:09:13.442422+00:00
Production Support Engineer – Banking Domain,Dicetek LLC,Abu Dhabi,https://ae.indeed.com/rc/clk?jk=542aa9e54f27f4c8&bb=T9Rtwdi5UDMDWbO0Y_BcV3m7e2NsjxR2O8wQ_5DQJ2TxJJ_8CTA6BCWFg1dPGPKxj7wh_pXPb-wTlejetzZD_W-yODtr8WKKFhn4-V0r1msZVgG91H5HY__OaPEnRumIvc-MspJiGefUrYttpbX-8w%3D%3D&xkcb=SoAD67M3iLN0QHT4250DbzkdCdPP&rjs=0&qd=Xd-cji1-rrfYy0m8LpokE8dF20pwsUrmctm8cTGFOXDOAPLLNYb6wmUg8gjYJafwpsXE23qShaYtGgdtUJu_X5BBGG-ayCiM-gQi8HpsYsLtZozk31ERKPJGlDLUboAG50chrnGX4B46HyqhlSj9xMohy02t3MX0n-6xoRHLk5Oh8V2c0duIS4mZo0TAq11Zl61No7XvcMPz961yBIpblougDO3NlIXerppYqweTrkxdIR2u4KVXi5XGrbZ08pfBgjrEyAE0GkSkYu3jG0wyzz3Y1gCYqZnOBVg83E4dTUNUFKoT9LjaJz3eT3ePbkNzWOxvghNOg8rM6Po_qXQU-g&atk=1jqb2usnrha8t803,"We are seeking a Production Support Engineer with 3–7 years of experience in supporting banking applications, particularly Loan Origination Systems. The ideal candidate should have strong production…",,,indeed_ae,2026-06-05 05:09:13.387052+00:00
Engineering Teacher - Mechanical,Abu Dhabi Vocational Education and Training...,Abu Dhabi,https://ae.indeed.com/rc/clk?jk=88f371e2e1da1bfb&bb=T9Rtwdi5UDMDWbO0Y_BcVxWnSBCjWFeukxae-MvnFGKhKwTqMpZCQR2v2MnjMqmAcbjqvs22U7ZIcnqbyLtVpLsiS1F2rn2jnBag9C-ROh_3xogURSiPMw4cZfu_WwsoT-1yuEn3AsuEdTNegMTUeQ%3D%3D&xkcb=SoDq67M3iLN0QHT4250MbzkdCdPP&rjs=0&qd=Xd-cji1-rrfYy0m8LpokE8dF20pwsUrmctm8cTGFOXDOAPLLNYb6wmUg8gjYJafwpsXE23qShaYtGgdtUJu_X5BBGG-ayCiM-gQi8HpsYsLtZozk31ERKPJGlDLUboAG50chrnGX4B46HyqhlSj9xMohy02t3MX0n-6xoRHLk5Oh8V2c0duIS4mZo0TAq11Zl61No7XvcMPz961yBIpblougDO3NlIXerppYqweTrkxdIR2u4KVXi5XGrbZ08pfBgjrEyAE0GkSkYu3jG0wyzz3Y1gCYqZnOBVg83E4dTUNUFKoT9LjaJz3eT3ePbkNzWOxvghNOg8rM6Po_qXQU-g&atk=1jqb2usnrha8t803,Worked 3 years in Industry as maintenance engineer or similar. BSc or Equivalent in Electrical Engineering or related disciplines. MSc in Engineering or Education. BSc or Equivalent in Mechanical.,,,indeed_ae,2026-06-05 05:09:13.340597+00:00
Project Manager – MEP,PERFECT TECHNICAL WORKS & LANDSCAPING LLC,Dubai,https://ae.indeed.com/rc/clk?jk=78cccb4cbc6eca25&bb=T9Rtwdi5UDMDWbO0Y_BcV0rIFVwlI8jHz_E2C530JkliZYKzLt_syNW2_gn5ctMCfXEwZusMT9DipZRohzO0wrdvCdprQ17S5Mn1vzMjBo2zm-JC708B-GNQEbBrkXdaTaHFGkHFvjcOFz-eKR7rPA%3D%3D&xkcb=SoBe67M3iLN0QHT4250NbzkdCdPP&rjs=0&qd=Xd-cji1-rrfYy0m8LpokE8dF20pwsUrmctm8cTGFOXDOAPLLNYb6wmUg8gjYJafwpsXE23qShaYtGgdtUJu_X5BBGG-ayCiM-gQi8HpsYsLtZozk31ERKPJGlDLUboAG50chrnGX4B46HyqhlSj9xMohy02t3MX0n-6xoRHLk5Oh8V2c0duIS4mZo0TAq11Zl61No7XvcMPz961yBIpblougDO3NlIXerppYqweTrkxdIR2u4KVXi5XGrbZ08pfBgjrEyAE0GkSkYu3jG0wyzz3Y1gCYqZnOBVg83E4dTUNUFKoT9LjaJz3eT3ePbkNzWOxvghNOg8rM6Po_qXQU-g&atk=1jqb2usnrha8t803,Resolve site issues promptly to avoid delays or disruptions. Bachelor’s Degree in Mechanical or Electrical Engineering. Take full ownership of project delivery from initiation to final handover.,,,indeed_ae,2026-06-05 05:09:13.294187+00:00
Site Engineer,High Home Building Materials,Dubai,https://ae.indeed.com/rc/clk?jk=8be42ae2f9cf6a8b&bb=T9Rtwdi5UDMDWbO0Y_BcV6jwKW3L3nc5IrH9Sqp6dEipfSPCqLaL9Pr5LW-kdWbHejTC1yrBSMzvUBj7V0eiVsUJ_OjCvqqdmw01X48KlxcnGA3WG-M9nTNnaETXYU5UdiU5CBwtBhDgSE5PmsUZcQ%3D%3D&xkcb=SoDD67M3iLN0QHT4250ObzkdCdPP&rjs=0&qd=Xd-cji1-rrfYy0m8LpokE8dF20pwsUrmctm8cTGFOXDOAPLLNYb6wmUg8gjYJafwpsXE23qShaYtGgdtUJu_X5BBGG-ayCiM-gQi8HpsYsLtZozk31ERKPJGlDLUboAG50chrnGX4B46HyqhlSj9xMohy02t3MX0n-6xoRHLk5Oh8V2c0duIS4mZo0TAq11Zl61No7XvcMPz961yBIpblougDO3NlIXerppYqweTrkxdIR2u4KVXi5XGrbZ08pfBgjrEyAE0GkSkYu3jG0wyzz3Y1gCYqZnOBVg83E4dTUNUFKoT9LjaJz3eT3ePbkNzWOxvghNOg8rM6Po_qXQU-g&atk=1jqb2usnrha8t803,You will own the full engineering lifecycle . Bachelor’s degree in Architecture or Structural/Civil Engineering. We are seeking an Site Engineer with hands-on experience especially in *site…,,,indeed_ae,2026-06-05 05:09:13.237243+00:00
Draftsman – Construction Projects Job Description,CARISMA Decoration Design & Implementation LLC,Al Barsha,https://ae.indeed.com/rc/clk?jk=02b2f9434b5eb65e&bb=T9Rtwdi5UDMDWbO0Y_BcVw3rPV0HSPScWLibCGjYkq2LUZKbJn1NJduMF3u9r_0IHBzHFEi-TTLkAmxS5TJf8op-jk4TQCMAayhaybeY3q_XylxZZ-d0Lq3f5RRgn1ZKeAUXFpRVshni-qW2OVwMSw%3D%3D&xkcb=SoB367M3iLN0QHT4250PbzkdCdPP&rjs=0&qd=Xd-cji1-rrfYy0m8LpokE8dF20pwsUrmctm8cTGFOXDOAPLLNYb6wmUg8gjYJafwpsXE23qShaYtGgdtUJu_X5BBGG-ayCiM-gQi8HpsYsLtZozk31ERKPJGlDLUboAG50chrnGX4B46HyqhlSj9xMohy02t3MX0n-6xoRHLk5Oh8V2c0duIS4mZo0TAq11Zl61No7XvcMPz961yBIpblougDO3NlIXerppYqweTrkxdIR2u4KVXi5XGrbZ08pfBgjrEyAE0GkSkYu3jG0wyzz3Y1gCYqZnOBVg83E4dTUNUFKoT9LjaJz3eT3ePbkNzWOxvghNOg8rM6Po_qXQU-g&atk=1jqb2usnrha8t803,"* Diploma or Degree in Civil Engineering, Architecture, or a related field. * Review project drawings and identify discrepancies before submission or construction.",,,indeed_ae,2026-06-05 05:09:13.195774+00:00
BIM ELECTRICAL DESIGNER,consultant chss,Dubai,https://ae.indeed.com/rc/clk?jk=3cf8d7a98f0a483f&bb=T9Rtwdi5UDMDWbO0Y_BcV4xC-OkW7ONxWhc-HEJR2ARFj_61-54Qzf3EwM-blBED1UqEJj6ujtHitS1ONw5Uvi6XjJFerCWrz4DYIlui89K7bsubLGySDN2KMArnJC88X27E5zk5fMMRnhIlMvwatA%3D%3D&xkcb=SoD567M3iLN0QHT4250IbzkdCdPP&rjs=0&qd=Xd-cji1-rrfYy0m8LpokE8dF20pwsUrmctm8cTGFOXDOAPLLNYb6wmUg8gjYJafwpsXE23qShaYtGgdtUJu_X5BBGG-ayCiM-gQi8HpsYsLtZozk31ERKPJGlDLUboAG50chrnGX4B46HyqhlSj9xMohy02t3MX0n-6xoRHLk5Oh8V2c0duIS4mZo0TAq11Zl61No7XvcMPz961yBIpblougDO3NlIXerppYqweTrkxdIR2u4KVXi5XGrbZ08pfBgjrEyAE0GkSkYu3jG0wyzz3Y1gCYqZnOBVg83E4dTUNUFKoT9LjaJz3eT3ePbkNzWOxvghNOg8rM6Po_qXQU-g&atk=1jqb2usnrha8t803,"Assist in training and mentoring junior engineers and designers. Develop detailed electrical designs and 3D models using BIM software (e.g., Revit, AutoCAD). Competitive salary and benefits package.",,,indeed_ae,2026-06-05 05:09:13.139162+00:00
HSE Officer,Venco Imtiaz Contracting Co,Dubai,https://ae.indeed.com/rc/clk?jk=76dc4a35ae249d61&bb=T9Rtwdi5UDMDWbO0Y_BcVw1gW9qvxKu1IwCzGULIBCRjQn4JwgY-Goc6TYhO58FkqzOb-2aK83CMVXKuLBnTa2qsiuqPAjpFebaYTY8JpALgfUpAUIfOognSgD8VWq2Uov5CZhi5vBWqMXNTRNBk_Q%3D%3D&xkcb=SoBN67M3iLN0QHT4250JbzkdCdPP&rjs=0&qd=Xd-cji1-rrfYy0m8LpokE8dF20pwsUrmctm8cTGFOXDOAPLLNYb6wmUg8gjYJafwpsXE23qShaYtGgdtUJu_X5BBGG-ayCiM-gQi8HpsYsLtZozk31ERKPJGlDLUboAG50chrnGX4B46HyqhlSj9xMohy02t3MX0n-6xoRHLk5Oh8V2c0duIS4mZo0TAq11Zl61No7XvcMPz961yBIpblougDO3NlIXerppYqweTrkxdIR2u4KVXi5XGrbZ08pfBgjrEyAE0GkSkYu3jG0wyzz3Y1gCYqZnOBVg83E4dTUNUFKoT9LjaJz3eT3ePbkNzWOxvghNOg8rM6Po_qXQU-g&atk=1jqb2usnrha8t803,"Diploma or Bachelor’s degree in Safety, Environmental Science, Civil Engineering, or related field preferred. NEBOSH International General Certificate (IGC) or equivalent safety certification is…",,,indeed_ae,2026-06-05 05:09:13.074951+00:00
Assistant Sales Manager,Kleos,Abu Dhabi,https://ae.indeed.com/rc/clk?jk=2f761b5e79447159&bb=T9Rtwdi5UDMDWbO0Y_BcVwK684w03YkmHuHd-bn59WfyCLCVaytopHvJwu1-PhHErRJP5gXG3N6iZWWIcebLAEKBe7cbqp0CtmgAcFfzjcXJWUVfVMENQYhwegrLMOEWKb4RL1Hrc3csa3bktaaK0w%3D%3D&xkcb=SoDQ67M3iLN0QHT4250KbzkdCdPP&rjs=0&qd=Xd-cji1-rrfYy0m8LpokE8dF20pwsUrmctm8cTGFOXDOAPLLNYb6wmUg8gjYJafwpsXE23qShaYtGgdtUJu_X5BBGG-ayCiM-gQi8HpsYsLtZozk31ERKPJGlDLUboAG50chrnGX4B46HyqhlSj9xMohy02t3MX0n-6xoRHLk5Oh8V2c0duIS4mZo0TAq11Zl61No7XvcMPz961yBIpblougDO3NlIXerppYqweTrkxdIR2u4KVXi5XGrbZ08pfBgjrEyAE0GkSkYu3jG0wyzz3Y1gCYqZnOBVg83E4dTUNUFKoT9LjaJz3eT3ePbkNzWOxvghNOg8rM6Po_qXQU-g&atk=1jqb2usnrha8t803,"Experience in IT Solutions, Digital Transformation, ERP, AI , or Document Management sales. Fluent in Arabic and English. Strong track record in business development and achieving sales targets.",,,indeed_ae,2026-06-05 05:09:13.022222+00:00
Site Engineer,SEVENTS BUILDING CONTRACTING LLC,Dubai,https://ae.indeed.com/rc/clk?jk=701de251f6fd8107&bb=T9Rtwdi5UDMDWbO0Y_BcVzYA919V-h5Tt61DYM3egcat4cAg30zr3gigCHj-ToC1ycXZXUjsGeumC4GOdH5K27R-u5mMlFDButiETmGKp3qgJjVLcbMpnPFowHvJUJMG_rg6X9u-dIXNW9QHhrjBKQ%3D%3D&xkcb=SoBk67M3iLN0QHT4250LbzkdCdPP&rjs=0&qd=Xd-cji1-rrfYy0m8LpokE8dF20pwsUrmctm8cTGFOXDOAPLLNYb6wmUg8gjYJafwpsXE23qShaYtGgdtUJu_X5BBGG-ayCiM-gQi8HpsYsLtZozk31ERKPJGlDLUboAG50chrnGX4B46HyqhlSj9xMohy02t3MX0n-6xoRHLk5Oh8V2c0duIS4mZo0TAq11Zl61No7XvcMPz961yBIpblougDO3NlIXerppYqweTrkxdIR2u4KVXi5XGrbZ08pfBgjrEyAE0GkSkYu3jG0wyzz3Y1gCYqZnOBVg83E4dTUNUFKoT9LjaJz3eT3ePbkNzWOxvghNOg8rM6Po_qXQU-g&atk=1jqb2usnrha8t803,"Bachelor's Degree in Civil Engineering or a related engineering discipline. Proficiency in AutoCAD, Microsoft Office, and project management software . Strong technical and engineering knowledge.",,,indeed_ae,2026-06-05 05:09:12.979168+00:00
Draftsman – Steel Structure (Contractor Side),SANVEE BUILDING CONTRACTING LLC,Dubai,https://ae.indeed.com/rc/clk?jk=85c2d527106553bf&bb=651-qRPks1_bG2zRqVl9G0UPsMTNqdvvLuyGgE0LDQj6SBNBEQYuBv0XTWgra9oQJevINOQH7N0uyiTi8rIWfuAcVAb3Wnit1BzXKNn8bytZzkiFSIbXSOiqwQxjio_64NeDROp39BbMVR5KCagdYw%3D%3D&xkcb=SoBB67M3iLN013T42B0TbzkdCdPP&rjs=0&qd=Xd-cji1-rrfYy0m8LpokE8dF20pwsUrmctm8cTGFOXDOAPLLNYb6wmUg8gjYJafwpsXE23qShaYtGgdtUJu_X5BBGG-ayCiM-gQi8HpsYsLtZozk31ERKPJGlDLUboAG50chrnGX4B46HyqhlSj9xMohy02t3MX0n-6xoRHLk5Oh8V2c0duIS4mZo0TAq11Zl61No7XvcMPz961yBIpblougDO3NlIXerppYqweTrkxdIR2u4KVXi5XGrbZ08pfBgjrEyAE0GkSkYu3jG0wyzz3Y1gCYqZnOBVg83E4dTUNJs2YJLJZz_RmVPbOd2nWlWOxvghNOg8rM6Po_qXQU-g&atk=1jqb2uo8chcen800,"Coordinate with project engineers , site engineers , and subcontractors to ensure accurate implementation of drawings at site. We are seeking an experienced Draftsman with strong expertise in steel…",,,indeed_ae,2026-06-05 05:09:09.465979+00:00
QA/QC Manager-CCGT,Al Jomaih Energy and Water,Abu Dhabi,https://ae.indeed.com/rc/clk?jk=e669f1678afffadc&bb=651-qRPks1_bG2zRqVl9G-8DW5cSJuq1QH0ExDPbyjCxwUsjs8vnH29fIDBr2ewwYomcJJYcN7RUO1DiPztizG9Ez58DZaBEFTfGcU-DaAhJyL9ATDd-xp_KwyRX1zZx5VyVrXZ-p3m0hOf8DUtksQ%3D%3D&xkcb=SoCo67M3iLN013T42B0cbzkdCdPP&rjs=0&qd=Xd-cji1-rrfYy0m8LpokE8dF20pwsUrmctm8cTGFOXDOAPLLNYb6wmUg8gjYJafwpsXE23qShaYtGgdtUJu_X5BBGG-ayCiM-gQi8HpsYsLtZozk31ERKPJGlDLUboAG50chrnGX4B46HyqhlSj9xMohy02t3MX0n-6xoRHLk5Oh8V2c0duIS4mZo0TAq11Zl61No7XvcMPz961yBIpblougDO3NlIXerppYqweTrkxdIR2u4KVXi5XGrbZ08pfBgjrEyAE0GkSkYu3jG0wyzz3Y1gCYqZnOBVg83E4dTUNJs2YJLJZz_RmVPbOd2nWlWOxvghNOg8rM6Po_qXQU-g&atk=1jqb2uo8chcen800,"Bachelor’s degree in engineering or equivalent. Good software knowledge and skills in MS Office. This is a greenfield CCGT project to be constructed with a net power capacity of 2400 MW, together with…",,,indeed_ae,2026-06-05 05:09:09.423164+00:00
Senior UX Researcher (100% Remote Worldwide),Tether Operations Limited,Remote in Dubai,https://ae.indeed.com/rc/clk?jk=2fc5cb301a81f329&bb=651-qRPks1_bG2zRqVl9G-_syht_uDNeIVfUSkkdBUBtK9Xlc4nK_w2T0KUnYD3_jFYntrzELO3sm6DL6VOLuX6VWW1AMz1YN4Bf0J1S9ZAnmWhPdNtrFF2zlE_tAESIudJIp8vByOj3qicPjD9XgA%3D%3D&xkcb=SoAc67M3iLN013T42B0dbzkdCdPP&rjs=0&qd=Xd-cji1-rrfYy0m8LpokE8dF20pwsUrmctm8cTGFOXDOAPLLNYb6wmUg8gjYJafwpsXE23qShaYtGgdtUJu_X5BBGG-ayCiM-gQi8HpsYsLtZozk31ERKPJGlDLUboAG50chrnGX4B46HyqhlSj9xMohy02t3MX0n-6xoRHLk5Oh8V2c0duIS4mZo0TAq11Zl61No7XvcMPz961yBIpblougDO3NlIXerppYqweTrkxdIR2u4KVXi5XGrbZ08pfBgjrEyAE0GkSkYu3jG0wyzz3Y1gCYqZnOBVg83E4dTUNJs2YJLJZz_RmVPbOd2nWlWOxvghNOg8rM6Po_qXQU-g&atk=1jqb2uo8chcen800,"Working knowledge of at least one of: crypto wallets and self-custody, messaging or P2P, AI applications, or developer tooling. We will never request payment or financial details.",,,indeed_ae,2026-06-05 05:09:09.380402+00:00
MEA Finance Controller - Services,SoftwareONE,Dubai,https://ae.indeed.com/rc/clk?jk=ba866d24b95eb168&bb=651-qRPks1_bG2zRqVl9G0SU_91YgWNvms4Q_zr4Sd3e_eCXBxupaIAUwV7gf5D7rzY995KPf4uPbDMwVPBKydBgKyviGkMkMdEElqnu5rZw7z4-j_9D6md76ESMS-MHwwLjb7v8Qxq51QEDP5AMEA%3D%3D&xkcb=SoCB67M3iLN013T42B0ebzkdCdPP&rjs=0&qd=Xd-cji1-rrfYy0m8LpokE8dF20pwsUrmctm8cTGFOXDOAPLLNYb6wmUg8gjYJafwpsXE23qShaYtGgdtUJu_X5BBGG-ayCiM-gQi8HpsYsLtZozk31ERKPJGlDLUboAG50chrnGX4B46HyqhlSj9xMohy02t3MX0n-6xoRHLk5Oh8V2c0duIS4mZo0TAq11Zl61No7XvcMPz961yBIpblougDO3NlIXerppYqweTrkxdIR2u4KVXi5XGrbZ08pfBgjrEyAE0GkSkYu3jG0wyzz3Y1gCYqZnOBVg83E4dTUNJs2YJLJZz_RmVPbOd2nWlWOxvghNOg8rM6Po_qXQU-g&atk=1jqb2uo8chcen800,Please describe a time when you identified a financial risk or performance issue within a project or business area and took proactive action to improve the outcome.,,,indeed_ae,2026-06-05 05:09:09.337419+00:00
Land Surveyor,China Civil Engineering Construction Corporation,Dubai,https://ae.indeed.com/rc/clk?jk=d83311a231aeaa41&bb=651-qRPks1_bG2zRqVl9G2VQIkTCAa78BKELDClJ11hIRAJdQFgVMBQEUnw-cDuxW8-02m-KtCAUvWc6HIxtJgrjQi6dPxuIkzFeSZdTu7vp7ZvTGJogi5eg8R7QJYB3AvLp8ZaXNdUWuetRyH7YWQ%3D%3D&xkcb=SoA167M3iLN013T42B0fbzkdCdPP&rjs=0&qd=Xd-cji1-rrfYy0m8LpokE8dF20pwsUrmctm8cTGFOXDOAPLLNYb6wmUg8gjYJafwpsXE23qShaYtGgdtUJu_X5BBGG-ayCiM-gQi8HpsYsLtZozk31ERKPJGlDLUboAG50chrnGX4B46HyqhlSj9xMohy02t3MX0n-6xoRHLk5Oh8V2c0duIS4mZo0TAq11Zl61No7XvcMPz961yBIpblougDO3NlIXerppYqweTrkxdIR2u4KVXi5XGrbZ08pfBgjrEyAE0GkSkYu3jG0wyzz3Y1gCYqZnOBVg83E4dTUNJs2YJLJZz_RmVPbOd2nWlWOxvghNOg8rM6Po_qXQU-g&atk=1jqb2uo8chcen800,"Diploma or Degree in Civil Engineering, Surveying, or related field. Proficiency in Total Station, GPS, AutoCAD, and survey software . We are seeking an experienced Land Surveyor with a strong…",,,indeed_ae,2026-06-05 05:09:09.279976+00:00
Finance Advisor - FP&A Operations,Baker Hughes,Abu Dhabi,https://ae.indeed.com/rc/clk?jk=51d7cbf6b9507ab0&bb=651-qRPks1_bG2zRqVl9GwZ4baXDZAMTfeb4PAdGqL0QpQH8GjMEGZeJJ4PG7vSla0OJxq5OI48F08yBHf1SUHuMyGVSuhLUN84rDWsE-BNNaqhFTjNQ-UT8kX7VzKj4CsaIshgJQJKNehg3gzBd8g%3D%3D&xkcb=SoC767M3iLN013T42B0YbzkdCdPP&rjs=0&qd=Xd-cji1-rrfYy0m8LpokE8dF20pwsUrmctm8cTGFOXDOAPLLNYb6wmUg8gjYJafwpsXE23qShaYtGgdtUJu_X5BBGG-ayCiM-gQi8HpsYsLtZozk31ERKPJGlDLUboAG50chrnGX4B46HyqhlSj9xMohy02t3MX0n-6xoRHLk5Oh8V2c0duIS4mZo0TAq11Zl61No7XvcMPz961yBIpblougDO3NlIXerppYqweTrkxdIR2u4KVXi5XGrbZ08pfBgjrEyAE0GkSkYu3jG0wyzz3Y1gCYqZnOBVg83E4dTUNJs2YJLJZz_RmVPbOd2nWlWOxvghNOg8rM6Po_qXQU-g&atk=1jqb2uo8chcen800,Have a bachelor’s degree in finance or accounting or equivalent from an accredited university or college. Safety net of life insurance and disability programs.,,,indeed_ae,2026-06-05 05:09:09.239300+00:00
HSE Engineer - Site,Egis,Dubai,https://ae.indeed.com/rc/clk?jk=f731a9bd31930c0f&bb=651-qRPks1_bG2zRqVl9G1Kgl_cL5a3SbvxYMMKUV9Ht6iAr9XgpKtLEEQ-JqiPxVUlmwA9wqyRDQYg_HrnB_taErsvBuGO-Jt417HXPlvJf8sS93IrU0dsDsi-h7R09Q4pRaUZ6IoXgB00d4tInRw%3D%3D&xkcb=SoAP67M3iLN013T42B0ZbzkdCdPP&rjs=0&qd=Xd-cji1-rrfYy0m8LpokE8dF20pwsUrmctm8cTGFOXDOAPLLNYb6wmUg8gjYJafwpsXE23qShaYtGgdtUJu_X5BBGG-ayCiM-gQi8HpsYsLtZozk31ERKPJGlDLUboAG50chrnGX4B46HyqhlSj9xMohy02t3MX0n-6xoRHLk5Oh8V2c0duIS4mZo0TAq11Zl61No7XvcMPz961yBIpblougDO3NlIXerppYqweTrkxdIR2u4KVXi5XGrbZ08pfBgjrEyAE0GkSkYu3jG0wyzz3Y1gCYqZnOBVg83E4dTUNJs2YJLJZz_RmVPbOd2nWlWOxvghNOg8rM6Po_qXQU-g&atk=1jqb2uo8chcen800,"Bachelor’s degree in occupational health and safety, Engineering, or a related field. CM/Cert.-IOSH, CSP, CRSP, MIIRSM or Equivalent. Attend contractor meetings, be provided with minutes of, or chair…",,,indeed_ae,2026-06-05 05:09:09.184805+00:00
Senior Technical Product Manager - Wallets (100% Remote Worldwide),Tether Operations Limited,Remote in Dubai,https://ae.indeed.com/rc/clk?jk=ea344ac1ad921b80&bb=651-qRPks1_bG2zRqVl9G-x1ZidPCjtXzrZeEj9uPAAb3H8uNMfzTCCPt5p3Du-ywq_C9SNUNDPJKk0__n5iW6qjRZnfrLiF2gbgTTwUN6tWDpWgTckMoVUfZLusQmZ4ci0M5u4T78WD2S4ehnuMAA%3D%3D&xkcb=SoCS67M3iLN013T42B0abzkdCdPP&rjs=0&qd=Xd-cji1-rrfYy0m8LpokE8dF20pwsUrmctm8cTGFOXDOAPLLNYb6wmUg8gjYJafwpsXE23qShaYtGgdtUJu_X5BBGG-ayCiM-gQi8HpsYsLtZozk31ERKPJGlDLUboAG50chrnGX4B46HyqhlSj9xMohy02t3MX0n-6xoRHLk5Oh8V2c0duIS4mZo0TAq11Zl61No7XvcMPz961yBIpblougDO3NlIXerppYqweTrkxdIR2u4KVXi5XGrbZ08pfBgjrEyAE0GkSkYu3jG0wyzz3Y1gCYqZnOBVg83E4dTUNJs2YJLJZz_RmVPbOd2nWlWOxvghNOg8rM6Po_qXQU-g&atk=1jqb2uo8chcen800,"We will never request payment or financial details. Past experience in building or managing crypto wallets with DeFi features. Skilled in defining, tracking, and reporting on product KPIs to measure…",,,indeed_ae,2026-06-05 05:09:09.145664+00:00
QA/QC Engineer,Yanal Building Contracting LLC,Dubai,https://ae.indeed.com/rc/clk?jk=9a5ad433ff2ac033&bb=651-qRPks1_bG2zRqVl9G44ELiles_7zCyRt0Ix96wnURXOvDZdb9xD7kh8oYpaNLq6aSxmAwkTcWS2wIQZqJLR4eIVMfETJa-JpMLb5nutKX2k37pFXqcRM4NwzlLq5d4Zi0L1-kNCRuPHfIqU2Pw%3D%3D&xkcb=SoAm67M3iLN013T42B0bbzkdCdPP&rjs=0&qd=Xd-cji1-rrfYy0m8LpokE8dF20pwsUrmctm8cTGFOXDOAPLLNYb6wmUg8gjYJafwpsXE23qShaYtGgdtUJu_X5BBGG-ayCiM-gQi8HpsYsLtZozk31ERKPJGlDLUboAG50chrnGX4B46HyqhlSj9xMohy02t3MX0n-6xoRHLk5Oh8V2c0duIS4mZo0TAq11Zl61No7XvcMPz961yBIpblougDO3NlIXerppYqweTrkxdIR2u4KVXi5XGrbZ08pfBgjrEyAE0GkSkYu3jG0wyzz3Y1gCYqZnOBVg83E4dTUNJs2YJLJZz_RmVPbOd2nWlWOxvghNOg8rM6Po_qXQU-g&atk=1jqb2uo8chcen800,"Proficient in Microsoft Office and quality management software . Bachelor’s degree in Civil Engineering, 10+ years of experience large-scale building and villa construction projects..",,,indeed_ae,2026-06-05 05:09:09.078502+00:00
Quantity Surveyor ( Post Contract ),IRTH,Dubai,https://ae.indeed.com/rc/clk?jk=88c9f7d47abe9c70&bb=651-qRPks1_bG2zRqVl9G5VAELivvWzwXRTxfhGBc0aUpf2GCLtpbj_zwcbZbj-kVRtJ_tkpJHIIYr9ouQrEwvbp18O24w0kWAXsssjFj68rXG8VY3ozXN_Lb-XqDpF_nZSpDX28G-7XnEA1EmgprA%3D%3D&xkcb=SoAB67M3iLN013T42B0EbzkdCdPP&rjs=0&qd=Xd-cji1-rrfYy0m8LpokE8dF20pwsUrmctm8cTGFOXDOAPLLNYb6wmUg8gjYJafwpsXE23qShaYtGgdtUJu_X5BBGG-ayCiM-gQi8HpsYsLtZozk31ERKPJGlDLUboAG50chrnGX4B46HyqhlSj9xMohy02t3MX0n-6xoRHLk5Oh8V2c0duIS4mZo0TAq11Zl61No7XvcMPz961yBIpblougDO3NlIXerppYqweTrkxdIR2u4KVXi5XGrbZ08pfBgjrEyAE0GkSkYu3jG0wyzz3Y1gCYqZnOBVg83E4dTUNJs2YJLJZz_RmVPbOd2nWlWOxvghNOg8rM6Po_qXQU-g&atk=1jqb2uo8chcen800,"Proficient in Microsoft Excel and standard QS software . Proven experience on high-rise residential, hospitality, or mixed-use developments. Coordinate with project managers, engineers , procurement…",,,indeed_ae,2026-06-05 05:09:09.040144+00:00
Civil Technical Office Engineer,Brix,Dubai,https://ae.indeed.com/rc/clk?jk=48464d64a7bd24b2&bb=651-qRPks1_bG2zRqVl9G-_syht_uDNea6EmstxijMaRUF55qXrGzxWrGW6XjyPLSGbmfpSrArUgHmr6dtPZ4sVFBtnMFDUhqjnXf_gilhbMCobJtHUcEZPli1En-42NUJEwyzfyTKcr0pNkJLgwHQ%3D%3D&xkcb=SoC167M3iLN013T42B0FbzkdCdPP&rjs=0&qd=Xd-cji1-rrfYy0m8LpokE8dF20pwsUrmctm8cTGFOXDOAPLLNYb6wmUg8gjYJafwpsXE23qShaYtGgdtUJu_X5BBGG-ayCiM-gQi8HpsYsLtZozk31ERKPJGlDLUboAG50chrnGX4B46HyqhlSj9xMohy02t3MX0n-6xoRHLk5Oh8V2c0duIS4mZo0TAq11Zl61No7XvcMPz961yBIpblougDO3NlIXerppYqweTrkxdIR2u4KVXi5XGrbZ08pfBgjrEyAE0GkSkYu3jG0wyzz3Y1gCYqZnOBVg83E4dTUNJs2YJLJZz_RmVPbOd2nWlWOxvghNOg8rM6Po_qXQU-g&atk=1jqb2uo8chcen800,"The ideal candidate will have a minimum of 3 years of experience in technical office functions, including Material Submittals, Structural Shop Drawings, and Quantity Surveying (QS), with the ability…",,,indeed_ae,2026-06-05 05:09:08.996387+00:00
Entry Level Civil Engineer,Graviton Interiors,Abu Dhabi,https://ae.indeed.com/rc/clk?jk=fb3b3952e181ed40&bb=651-qRPks1_bG2zRqVl9G-d-vlIITgH66ZTjfJjo9Xj4c1_SxeTx6Nu9xecCmvK4tbzN4tPi0R7-kgBTJQNvhr1EX8B67vNf1KsweOAL4hGuBfMkQJPrBoHehb1m2BaBToAar-vYCjlJg6dT6sa28g%3D%3D&xkcb=SoAo67M3iLN013T42B0GbzkdCdPP&rjs=0&qd=Xd-cji1-rrfYy0m8LpokE8dF20pwsUrmctm8cTGFOXDOAPLLNYb6wmUg8gjYJafwpsXE23qShaYtGgdtUJu_X5BBGG-ayCiM-gQi8HpsYsLtZozk31ERKPJGlDLUboAG50chrnGX4B46HyqhlSj9xMohy02t3MX0n-6xoRHLk5Oh8V2c0duIS4mZo0TAq11Zl61No7XvcMPz961yBIpblougDO3NlIXerppYqweTrkxdIR2u4KVXi5XGrbZ08pfBgjrEyAE0GkSkYu3jG0wyzz3Y1gCYqZnOBVg83E4dTUNJs2YJLJZz_RmVPbOd2nWlWOxvghNOg8rM6Po_qXQU-g&atk=1jqb2uo8chcen800,"Proficiency with Microsoft Office software including Word, Excel, and Outlook is needed; We are currently searching for an Entry-Level Civil Engineer to join our site/civil department.",,,indeed_ae,2026-06-05 05:09:08.957715+00:00
Civil Inspector-SWRO,WSP,Abu Dhabi,https://ae.indeed.com/rc/clk?jk=69e22910236ed4d7&bb=651-qRPks1_bG2zRqVl9G5ZlPKBl28A9rzV7dnKFnTGVd-GvjCTDsW1yQQuBVcN-rgQ1fGTChA-odaxJtoyQibzu7wsFe69XeTtkGZb6_9lex3iEnXYOpR8jECg_7gCBH-KcL8kjQ9307IuioIFbAw%3D%3D&xkcb=SoCc67M3iLN013T42B0HbzkdCdPP&rjs=0&qd=Xd-cji1-rrfYy0m8LpokE8dF20pwsUrmctm8cTGFOXDOAPLLNYb6wmUg8gjYJafwpsXE23qShaYtGgdtUJu_X5BBGG-ayCiM-gQi8HpsYsLtZozk31ERKPJGlDLUboAG50chrnGX4B46HyqhlSj9xMohy02t3MX0n-6xoRHLk5Oh8V2c0duIS4mZo0TAq11Zl61No7XvcMPz961yBIpblougDO3NlIXerppYqweTrkxdIR2u4KVXi5XGrbZ08pfBgjrEyAE0GkSkYu3jG0wyzz3Y1gCYqZnOBVg83E4dTUNJs2YJLJZz_RmVPbOd2nWlWOxvghNOg8rM6Po_qXQU-g&atk=1jqb2uo8chcen800,"Coordinate with QA/QC engineers , contractors, and site engineers . Diploma or Bachelor’s Degree in Civil Engineering. Certification in quality inspection or QA/QC (preferred).",,,indeed_ae,2026-06-05 05:09:08.917194+00:00
Electrical Engineer – Technical Office (MEP Construction),Asian Falcons Engineering,UAE,https://ae.indeed.com/rc/clk?jk=b1da0ea61d29c3ba&bb=651-qRPks1_bG2zRqVl9G44ELiles_7zxZA03tHWUSqinxJlFKuCYfig7ZUWKevTFhocdQkJLnuC7JQ-CFvOCxHqGm1lFA8hR2FJwWsn7oAC8p1QFo45GVuxgLX2NG6-KyQtSQ9ZMzpZxP4yheqCEw%3D%3D&xkcb=SoAS67M3iLN013T42B0AbzkdCdPP&rjs=0&qd=Xd-cji1-rrfYy0m8LpokE8dF20pwsUrmctm8cTGFOXDOAPLLNYb6wmUg8gjYJafwpsXE23qShaYtGgdtUJu_X5BBGG-ayCiM-gQi8HpsYsLtZozk31ERKPJGlDLUboAG50chrnGX4B46HyqhlSj9xMohy02t3MX0n-6xoRHLk5Oh8V2c0duIS4mZo0TAq11Zl61No7XvcMPz961yBIpblougDO3NlIXerppYqweTrkxdIR2u4KVXi5XGrbZ08pfBgjrEyAE0GkSkYu3jG0wyzz3Y1gCYqZnOBVg83E4dTUNJs2YJLJZz_RmVPbOd2nWlWOxvghNOg8rM6Po_qXQU-g&atk=1jqb2uo8chcen800,"Prepare, review, and coordinate electrical shop drawings in accordance with project specifications and consultant requirements. Prepare and submit material submittals, technical submittals, method…",,,indeed_ae,2026-06-05 05:09:08.877303+00:00
Senior .NET Developer (ASP.NET MVC),Stellar Technologies,Dubai,https://ae.indeed.com/rc/clk?jk=44f59a824fa58249&bb=651-qRPks1_bG2zRqVl9GyTgWiWBnaAdZe-g9esKUJ_HxWXLLKwHgpAk3xPR7LMIE-SDLiLFWvhmBJTPe0prJlma4j2q1fQ27Gs3P_TtNKVmJgU3LIj7aj79Wa19gsaRDWN8HSW7UQ_t9r4jkT8dow%3D%3D&xkcb=SoCm67M3iLN013T42B0BbzkdCdPP&rjs=0&qd=Xd-cji1-rrfYy0m8LpokE8dF20pwsUrmctm8cTGFOXDOAPLLNYb6wmUg8gjYJafwpsXE23qShaYtGgdtUJu_X5BBGG-ayCiM-gQi8HpsYsLtZozk31ERKPJGlDLUboAG50chrnGX4B46HyqhlSj9xMohy02t3MX0n-6xoRHLk5Oh8V2c0duIS4mZo0TAq11Zl61No7XvcMPz961yBIpblougDO3NlIXerppYqweTrkxdIR2u4KVXi5XGrbZ08pfBgjrEyAE0GkSkYu3jG0wyzz3Y1gCYqZnOBVg83E4dTUNJs2YJLJZz_RmVPbOd2nWlWOxvghNOg8rM6Po_qXQU-g&atk=1jqb2uo8chcen800,Experience in government or regulated sector environments. Familiarity with Git or similar version control tools. We are seeking an Arabic-speaking Senior .,,,indeed_ae,2026-06-05 05:09:08.835246+00:00
HSE Engineer,Turner & Townsend,Abu Dhabi,https://ae.indeed.com/rc/clk?jk=d86af49eb10668f4&bb=651-qRPks1_bG2zRqVl9GwkmshSj4bR6X1TwvJag1f8BmDHoEOm1abKLKhCfnB1NPodg5OkmgT1rhWbQk9jvULEMu-ZOxrvJkWR9xBwPBLx5cB_vr1xrpRPrEpKJyzoD7P-ITYTmng7v8Si0Gv2d2A%3D%3D&xkcb=SoA767M3iLN013T42B0CbzkdCdPP&rjs=0&qd=Xd-cji1-rrfYy0m8LpokE8dF20pwsUrmctm8cTGFOXDOAPLLNYb6wmUg8gjYJafwpsXE23qShaYtGgdtUJu_X5BBGG-ayCiM-gQi8HpsYsLtZozk31ERKPJGlDLUboAG50chrnGX4B46HyqhlSj9xMohy02t3MX0n-6xoRHLk5Oh8V2c0duIS4mZo0TAq11Zl61No7XvcMPz961yBIpblougDO3NlIXerppYqweTrkxdIR2u4KVXi5XGrbZ08pfBgjrEyAE0GkSkYu3jG0wyzz3Y1gCYqZnOBVg83E4dTUNJs2YJLJZz_RmVPbOd2nWlWOxvghNOg8rM6Po_qXQU-g&atk=1jqb2uo8chcen800,"Bachelor’s degree in HSE, Engineering, or related field; or NEBOSH Diploma, NEBOSH IGC, or equivalent recognized HSE qualification. Prior experience working with Supervision Consultants or in a PMC…",,,indeed_ae,2026-06-05 05:09:08.795234+00:00
Senior QA Analyst,Planet,Dubai,https://ae.indeed.com/rc/clk?jk=1601ea5e555b1293&bb=651-qRPks1_bG2zRqVl9G-mxVj5sZEPBMmDfjvBUab1tnEILuQXp464LMvaWMDiD0xm6Z4AWmbai7f3Ctgj63H9NnSFMAG7RFzbNVfALpQl_m8voStHN4GJrnETZC4veVvaGql2EGCB8ohQ6FIFOqQ%3D%3D&xkcb=SoCP67M3iLN013T42B0DbzkdCdPP&rjs=0&qd=Xd-cji1-rrfYy0m8LpokE8dF20pwsUrmctm8cTGFOXDOAPLLNYb6wmUg8gjYJafwpsXE23qShaYtGgdtUJu_X5BBGG-ayCiM-gQi8HpsYsLtZozk31ERKPJGlDLUboAG50chrnGX4B46HyqhlSj9xMohy02t3MX0n-6xoRHLk5Oh8V2c0duIS4mZo0TAq11Zl61No7XvcMPz961yBIpblougDO3NlIXerppYqweTrkxdIR2u4KVXi5XGrbZ08pfBgjrEyAE0GkSkYu3jG0wyzz3Y1gCYqZnOBVg83E4dTUNJs2YJLJZz_RmVPbOd2nWlWOxvghNOg8rM6Po_qXQU-g&atk=1jqb2uo8chcen800,"5-7 years of experience in software testing and/or release management. The ideal candidate will have 5 to 7 years of experience in software testing and/or release management, with a proven track…",,,indeed_ae,2026-06-05 05:09:08.754457+00:00
Senior Mechanical Engineer,Arts Island Contracting,Abu Dhabi,https://ae.indeed.com/pagead/clk?mo=r&ad=-6NYlbfkN0CeKNkVXbVjzTU4zIJHwwhojpv_Xynij0LeVyHtSKjbAU8Votg5WNHv1mjAa_bXA4Bu_pLFGUuc_tuc6-4wOOXjqTzrhuK7JZRfIh9CV21Gph0pZ9E3vifInzKKJWRN1ahGQy9A3BzpfiAkLKjg_L2DM0mrnNBqnfX4B0U5wdl9uBtP5xZnGTo0OQsHOdGb-6m3vkXIqrabJ3iLqYjhUvlr7e93rcSjeZPAM-C2_JKRX_YCAIEY1JFmIA_0PR01PJqeguaKxwqgw5FKd6schLt2HtcYJ4MIEZsGqkemJCHGE-PpNrkjL0CUCyaViNi40g_yEzRlxYOhel8Xw8WTGV7nYHLg6OfRSA2L0NMYMQp0B0PkC_U6mq4HPTvh1usaHJT3N6sLBX4X49bt820__SKEgspdAHyTzR3X4jbPwnki0yv8Qo-ja4YBuLAYUZ75Xb6yYd1Uk2IVXgUlMnjeWmPtED_yaSuUB87TD_QOk6dJ2aYyF8ULZapzd-v6Ns_4oytC4K7p-D4fgD7HipJKCChmQKIUN_sWVTABo4xPgORFy1nsU0M7FRvDOMyKgrik9MbfrAdboGFr3C4H4AleIyISbAIgHFoU_YbS1pK5cfQozf1CyiJbpigemY6Up05kNiL64s6hIvi1Z8ijdCCeGou9mHctOOZIl0R-EBc9VCLP89AcyDDCYC4zWefVIPe1xSHTMApHnufG25wkvpyWqIpueLBLJ9mHG37dkfqdBMGlzRlv8UlM0QyT-_X-Gy2mVBR2XjMkzwrkNJcDgXNt_uXWsh7EYknQpgLQUWV7ZJcg-9p5wBjU83iLlrx5IH3t_WrtRtzewhh3bS0h8xF5jysk6zOsicFqkgYh9eQ74SGZ4_d2dnIizoMRiE1B6YEoG0Vx6cp2dFNGUjEI2qfbhmnx1x5-0bV4KpRK9iIJZ1Yfi91aw9OSA9Kq1ae62BslDtzOmY2Jjf2W-_rGzDj-o2ka70Ue3Ub0Z60=&xkcb=SoCS6_M3iLN013T42B0MbzkdCdPP&camk=C3EPSzFlQw-jacFT4YD7vQ==&p=7&atk=1jqb2uo8chcen800,Priority is given to those with freehold visa and car or driving license . Arts Island Contracting Company in Abu Dhabi - Looking for Senior Mechanical Engineer with not less than 10 years’…,,,indeed_ae,2026-06-05 05:09:08.711935+00:00
Sales & Business Development Officer - Healthcare Services,Homecare,Dubai,https://ae.indeed.com/pagead/clk?mo=r&ad=-6NYlbfkN0DOuFeq1kdyj1pAR5vRGr_PZR930_QOEr-VMjHGuiAf1yAT6CTQfuoyb9SHNpWzSiPFOPAWFz8ri92Jgxhx6Np1vOydJt1Nmg16BbS2ddUvqA8R3HoQq519qw1-hEJ_bv2WtNSdarX7p2yUceQZ6LF-tv8ssM8Er7aPtZNii-rB-FjLE2v37U2jXutXzd2wwbv1DHz_aURea92zpYQU1cTremBfg-PZC87E84rA18IXR1iJbWaoxk10uK_JW46wxfSsA-Wdz86odPmpxmU0c8Q_i3K2mw3nmcPdaQJxNLYQSQPpJLA-ens1mAjX1tb-mOCi_HqRnSM-gNtcBF6K45bI1y97dcJWSZP13mSK5e4i7XH-F8Gf071KnSMo0tStDArbzwKo7takGRmk6x0A_JZSBvAdpk5vl_u7w5XpbSkkoMhGGvrIzDTU3-Z51So1C7m7S1nww2jCwDuv8X3bcrCgT5hYzVYpI9PP3j0oQ3wmRtESy88BKD4Ea5f-Mgqzr6aU0zNGwvi63xbtJ6Egoyq5OkNjWNGtEmcG0ywOtnq0cehM3n0hQy7XP9Ii9JjUZKVq7y5HSLNqAvTy5s0oMEBH-iCRezSObUMG7yrEF9tEx11_0BByQRBoZ9pwhitCVbBAMkS6ueJF5wyZtPjnsAMGJiCX3Qvo4oYYM_34V1l1sHsGCkRkHKlPUQMFBz5X6FbQgheZjCBZziSCqH4-srx7KDBvL5TxDskW59Fk5tJbW4w3ggt_0ARZr3aq8XXwV-AJ-J8O30F0h_7etz3t7QUtifk7ouxuuC0mxQytmyMrFdsK86HiK340d2O_tVmoHIob6KhnC_ilTevmHq-WSnzx2NzXno9MlCwEGSTPGnmQeE7ki-5iB3VPVBMpXI8SPM0z_aaxalanUQVbD9dPMKue5CqPBWqSHV2a5yumU3dCQ8wjmMFLwzxpKw7ASUaaK-6eAYWB7FWAt1X_UVhYKERVR-NcGj6aZZ8mbLrk0XQSsg==&xkcb=SoAm6_M3iLN013T42B0NbzkdCdPP&camk=C3EPSzFlQw98r7RrlBtBug==&p=6&atk=1jqb2uo8chcen800,"Wellness or Healthcare Business Development. Bachelor’s Degree in Business, Marketing, Healthcare Management, or related field. This role is ideal for candidates with strong UAE healthcare market…",,,indeed_ae,2026-06-05 05:09:08.670503+00:00
Civil Engineer,Al marmoom contracting LLC,Dubai,https://ae.indeed.com/rc/clk?jk=44a38d7efd08ee12&bb=c7XMyDeSnkKctTd7sudqDANzrumAFR-t384Wji-p9w5zinGn2OGSsRWDPKYQLVT3TxNBpBmDFq_RmALP2IKpJfTsag1bswiddSnt9DrGuLWr1l_haF3D4J7wDK-GuDWdwuxV7ZtDQwTA5utRjViZgA%3D%3D&xkcb=SoAJ67M3iLN1ofTF1J0TbzkdCdPP&rjs=0&qd=Xd-cji1-rrfYy0m8LpokE8dF20pwsUrmctm8cTGFOXDOAPLLNYb6wmUg8gjYJafwpsXE23qShaYtGgdtUJu_X5BBGG-ayCiM-gQi8HpsYsLtZozk31ERKPJGlDLUboAG50chrnGX4B46HyqhlSj9xMohy02t3MX0n-6xoRHLk5Oh8V2c0duIS4mZo0TAq11Zl61No7XvcMPz961yBIpblougDO3NlIXerppYqweTrkxdIR2u4KVXi5XGrbZ08pfBgjrEyAE0GkSkYu3jG0wyzz3Y1gCYqZnOBVg83E4dTUNcsXHMJcD0BPvA-cVuRKj9WOxvghNOg8rM6Po_qXQU-g&atk=1jqb2ujmmhn0i800,"Prepare, review, and approve construction drawings, structural designs, and BOQ. Supervise all civil works on-site, ensuring quality execution as per project specifications. 28 to 35 years old.",,,indeed_ae,2026-06-05 05:09:04.861539+00:00
Site Engineer,Go Tech Contracting LLC,Al Quoz,https://ae.indeed.com/rc/clk?jk=bff08d6e0330fa94&bb=c7XMyDeSnkKctTd7sudqDPzchyqESiqkumqVFPDHb-92fx8pUzEILy8MWsC53nR0iowhT4ZIECFZ5JQRSHB26yxrxbOFYwQNhcD9IowVLojrgC1OEOBFYscoCDIuv36418MdMGqpn-LbwgAr5JUPBw%3D%3D&xkcb=SoDg67M3iLN1ofTF1J0cbzkdCdPP&rjs=0&qd=Xd-cji1-rrfYy0m8LpokE8dF20pwsUrmctm8cTGFOXDOAPLLNYb6wmUg8gjYJafwpsXE23qShaYtGgdtUJu_X5BBGG-ayCiM-gQi8HpsYsLtZozk31ERKPJGlDLUboAG50chrnGX4B46HyqhlSj9xMohy02t3MX0n-6xoRHLk5Oh8V2c0duIS4mZo0TAq11Zl61No7XvcMPz961yBIpblougDO3NlIXerppYqweTrkxdIR2u4KVXi5XGrbZ08pfBgjrEyAE0GkSkYu3jG0wyzz3Y1gCYqZnOBVg83E4dTUNcsXHMJcD0BPvA-cVuRKj9WOxvghNOg8rM6Po_qXQU-g&atk=1jqb2ujmmhn0i800,"Review construction drawings and identify discrepancies or clashes. Monitor progress against project schedules and report any delays or issues. Experience in G+4 residential, commercial, or mixed-use…",,,indeed_ae,2026-06-05 05:09:04.820577+00:00
Sales Engineer,Socomec Group,Dubai,https://ae.indeed.com/rc/clk?jk=0150b20bb37ca48c&bb=c7XMyDeSnkKctTd7sudqDGcWc6kpIm11Zq0HOZ0wXmBoYe-NRnZUr6RoCkNQ1yJeK1EE_Wb5tYCCgnFFoBwn8jeo5v4IdLvFRJcVA3tSJw8AfNMdb2nVf3IsSFZ1SWMkiQgQ7u8ChtXNfohteeF_yw%3D%3D&xkcb=SoBU67M3iLN1ofTF1J0dbzkdCdPP&rjs=0&qd=Xd-cji1-rrfYy0m8LpokE8dF20pwsUrmctm8cTGFOXDOAPLLNYb6wmUg8gjYJafwpsXE23qShaYtGgdtUJu_X5BBGG-ayCiM-gQi8HpsYsLtZozk31ERKPJGlDLUboAG50chrnGX4B46HyqhlSj9xMohy02t3MX0n-6xoRHLk5Oh8V2c0duIS4mZo0TAq11Zl61No7XvcMPz961yBIpblougDO3NlIXerppYqweTrkxdIR2u4KVXi5XGrbZ08pfBgjrEyAE0GkSkYu3jG0wyzz3Y1gCYqZnOBVg83E4dTUNcsXHMJcD0BPvA-cVuRKj9WOxvghNOg8rM6Po_qXQU-g&atk=1jqb2ujmmhn0i800,"Previous experience with CRM software preferably SalesForce. Bachelor’s degree in electrical engineering, Electronics Engineering, or related technical field. CEM certification is a big plus.",,,indeed_ae,2026-06-05 05:09:04.777919+00:00
Community Management Intern (Unpaid),ITP Media Group,Dubai,https://ae.indeed.com/rc/clk?jk=f8705d7ba9738e87&bb=c7XMyDeSnkKctTd7sudqDDaJ8j8F0Qh6X3157f873Cn-S8rLgeKffAbLJNPWtRfjXsI8pZAVJ-ga8zGKJRUq5V9OGoB1COcqiIs3YIONm_rlIUBmYPqxKnHQJmchPtWsU1hRzwXjuTAyIMi1oTL2sw%3D%3D&xkcb=SoDJ67M3iLN1ofTF1J0ebzkdCdPP&rjs=0&qd=Xd-cji1-rrfYy0m8LpokE8dF20pwsUrmctm8cTGFOXDOAPLLNYb6wmUg8gjYJafwpsXE23qShaYtGgdtUJu_X5BBGG-ayCiM-gQi8HpsYsLtZozk31ERKPJGlDLUboAG50chrnGX4B46HyqhlSj9xMohy02t3MX0n-6xoRHLk5Oh8V2c0duIS4mZo0TAq11Zl61No7XvcMPz961yBIpblougDO3NlIXerppYqweTrkxdIR2u4KVXi5XGrbZ08pfBgjrEyAE0GkSkYu3jG0wyzz3Y1gCYqZnOBVg83E4dTUNcsXHMJcD0BPvA-cVuRKj9WOxvghNOg8rM6Po_qXQU-g&atk=1jqb2ujmmhn0i800,"Engage with our Discord communities, ensuring conversations remain active and positive. Support community-driven initiatives, contests, and live events. Strong interest in gaming and esports.",,,indeed_ae,2026-06-05 05:09:04.737345+00:00
Interior Designer - Sales (Luxury Villa Fit - Out),Prime Rock Contracting LLC,Dubai,https://ae.indeed.com/rc/clk?jk=f8fa9c149c5ac298&bb=c7XMyDeSnkKctTd7sudqDD3Q8PpSLyQ8GaM1xqrvxID815jPvsb2jQL7HXW1LkpsOa-H4ZH2-ZSdXgdNy7j9ZuDUsYJ49Bcdq4Oat6_GYXSeHWjdVChuPq1s4PdSY_Z1-oHeXNZawXEB1pDVGouAXg%3D%3D&xkcb=SoB967M3iLN1ofTF1J0fbzkdCdPP&rjs=0&qd=Xd-cji1-rrfYy0m8LpokE8dF20pwsUrmctm8cTGFOXDOAPLLNYb6wmUg8gjYJafwpsXE23qShaYtGgdtUJu_X5BBGG-ayCiM-gQi8HpsYsLtZozk31ERKPJGlDLUboAG50chrnGX4B46HyqhlSj9xMohy02t3MX0n-6xoRHLk5Oh8V2c0duIS4mZo0TAq11Zl61No7XvcMPz961yBIpblougDO3NlIXerppYqweTrkxdIR2u4KVXi5XGrbZ08pfBgjrEyAE0GkSkYu3jG0wyzz3Y1gCYqZnOBVg83E4dTUNcsXHMJcD0BPvA-cVuRKj9WOxvghNOg8rM6Po_qXQU-g&atk=1jqb2ujmmhn0i800,"Proficiency in design software (AutoCAD, SketchUp, 3D Max, or similar). Strong design portfolio showcasing villa or high-end residential work. Manage the full sales cycle—from initial consultation to…",,,indeed_ae,2026-06-05 05:09:04.694918+00:00
In House Sales Coordinator,Atlas Copco Group,Abu Dhabi,https://ae.indeed.com/rc/clk?jk=e0b0ba0dce523e03&bb=c7XMyDeSnkKctTd7sudqDL0KUDmKMBsb1CDDvSylzEhlMGs-ZhBoIl1m08QOXXWSqH8ydj-mC36INQlFC3dZTHC_MELSi8NrHf-8WB_cB3JAZvrZgFn6M1hNL_zsCThpvAErw_aSWb1OHmXPYdg_SQ%3D%3D&xkcb=SoDz67M3iLN1ofTF1J0YbzkdCdPP&rjs=0&qd=Xd-cji1-rrfYy0m8LpokE8dF20pwsUrmctm8cTGFOXDOAPLLNYb6wmUg8gjYJafwpsXE23qShaYtGgdtUJu_X5BBGG-ayCiM-gQi8HpsYsLtZozk31ERKPJGlDLUboAG50chrnGX4B46HyqhlSj9xMohy02t3MX0n-6xoRHLk5Oh8V2c0duIS4mZo0TAq11Zl61No7XvcMPz961yBIpblougDO3NlIXerppYqweTrkxdIR2u4KVXi5XGrbZ08pfBgjrEyAE0GkSkYu3jG0wyzz3Y1gCYqZnOBVg83E4dTUNcsXHMJcD0BPvA-cVuRKj9WOxvghNOg8rM6Po_qXQU-g&atk=1jqb2ujmmhn0i800,Interact with other departments and service & sales team members and adjust efforts to accomplish or improve results. To achieve better customer’s relationships & ensure an excellent standard of…,,,indeed_ae,2026-06-05 05:09:04.645502+00:00
CCS Project Engineer,GE Vernova,Dubai,https://ae.indeed.com/rc/clk?jk=ffd9c325ef98e953&bb=c7XMyDeSnkKctTd7sudqDK0EOtcmJh_UUOSykWY66r0BhJmlEXByw-4sp1Gi10neKS2qilygXFyv58cWGM2G9FxDndu0w1cK4TuJq51Zt6gf25DHffalwkWANGjUEjsvW1a5aLCHUp9co14IwbLf7A%3D%3D&xkcb=SoBH67M3iLN1ofTF1J0ZbzkdCdPP&rjs=0&qd=Xd-cji1-rrfYy0m8LpokE8dF20pwsUrmctm8cTGFOXDOAPLLNYb6wmUg8gjYJafwpsXE23qShaYtGgdtUJu_X5BBGG-ayCiM-gQi8HpsYsLtZozk31ERKPJGlDLUboAG50chrnGX4B46HyqhlSj9xMohy02t3MX0n-6xoRHLk5Oh8V2c0duIS4mZo0TAq11Zl61No7XvcMPz961yBIpblougDO3NlIXerppYqweTrkxdIR2u4KVXi5XGrbZ08pfBgjrEyAE0GkSkYu3jG0wyzz3Y1gCYqZnOBVg83E4dTUNcsXHMJcD0BPvA-cVuRKj9WOxvghNOg8rM6Po_qXQU-g&atk=1jqb2ujmmhn0i800,"Bachelor’s degree in electronic/electrical engineering or related field. Experienced in all protection relays software , test kits, and Microsoft office. Strong communication skills in English.",,,indeed_ae,2026-06-05 05:09:04.606232+00:00
Test Engineer – ATM and Cards domain,Dicetek LLC,Abu Dhabi,https://ae.indeed.com/rc/clk?jk=80745286495abcbf&bb=c7XMyDeSnkKctTd7sudqDPoHw0S6lrPzEF0gYlSnviLzp3BUJx2VH7JEYYNp3-YRP2OKIk-hP4e_Zh-mROvZV66wfx-zv2wbqecxm9gOslEPP-Hti0iYcduWZXcln7-Iu150yCsl8OzeBSqxlchPSA%3D%3D&xkcb=SoDa67M3iLN1ofTF1J0abzkdCdPP&rjs=0&qd=Xd-cji1-rrfYy0m8LpokE8dF20pwsUrmctm8cTGFOXDOAPLLNYb6wmUg8gjYJafwpsXE23qShaYtGgdtUJu_X5BBGG-ayCiM-gQi8HpsYsLtZozk31ERKPJGlDLUboAG50chrnGX4B46HyqhlSj9xMohy02t3MX0n-6xoRHLk5Oh8V2c0duIS4mZo0TAq11Zl61No7XvcMPz961yBIpblougDO3NlIXerppYqweTrkxdIR2u4KVXi5XGrbZ08pfBgjrEyAE0GkSkYu3jG0wyzz3Y1gCYqZnOBVg83E4dTUNcsXHMJcD0BPvA-cVuRKj9WOxvghNOg8rM6Po_qXQU-g&atk=1jqb2ujmmhn0i800,"Proficient in with ATM Switches(Base24 eps) , ISO Messages and data structures, Visa and MasterCard Interfaces. In depth knowledge in cards (Debit, Credit, Pre-paid cards), issuing and acquiring…",,,indeed_ae,2026-06-05 05:09:04.563704+00:00
Senior Solutions Architect,D4 Insight,Abu Dhabi,https://ae.indeed.com/rc/clk?jk=ef45522a891b90d8&bb=c7XMyDeSnkKctTd7sudqDPzchyqESiqkSmiZFteCtu7dJjm3UPsPNMzXg-TRzwAVz2sIRl-BZ25gHMo1Pawn0k7QP9-xdKhmqU0JBx10WX2_SKcQs-Mn8k0ntE6e99sSxd_Qxqg2G5uNkBByNGxoAw%3D%3D&xkcb=SoBu67M3iLN1ofTF1J0bbzkdCdPP&rjs=0&qd=Xd-cji1-rrfYy0m8LpokE8dF20pwsUrmctm8cTGFOXDOAPLLNYb6wmUg8gjYJafwpsXE23qShaYtGgdtUJu_X5BBGG-ayCiM-gQi8HpsYsLtZozk31ERKPJGlDLUboAG50chrnGX4B46HyqhlSj9xMohy02t3MX0n-6xoRHLk5Oh8V2c0duIS4mZo0TAq11Zl61No7XvcMPz961yBIpblougDO3NlIXerppYqweTrkxdIR2u4KVXi5XGrbZ08pfBgjrEyAE0GkSkYu3jG0wyzz3Y1gCYqZnOBVg83E4dTUNcsXHMJcD0BPvA-cVuRKj9WOxvghNOg8rM6Po_qXQU-g&atk=1jqb2ujmmhn0i800,"We are seeking experienced Senior Solutions Architect to lead the design, implementation, integration, and production support of Wealth Management, Brokerage, and Investment Banking platforms.",,,indeed_ae,2026-06-05 05:09:04.524112+00:00
Civil Engineer,Jetons General Contracting LLC,Remote,https://ae.indeed.com/rc/clk?jk=b22ce7e2fcaedd64&bb=c7XMyDeSnkKctTd7sudqDNdE2cOSQya9hl4IenU5usUloIRjo-L3YKMZJ3jniy_4wQSK1pxvx-kkVZg4p4OT6CJBJK0A3DE-1uPQXIZniH9I1N68CS9xfgclZMZRnG-cszuSUJfcCEsmQdWj0gTaCg%3D%3D&xkcb=SoBJ67M3iLN1ofTF1J0EbzkdCdPP&rjs=0&qd=Xd-cji1-rrfYy0m8LpokE8dF20pwsUrmctm8cTGFOXDOAPLLNYb6wmUg8gjYJafwpsXE23qShaYtGgdtUJu_X5BBGG-ayCiM-gQi8HpsYsLtZozk31ERKPJGlDLUboAG50chrnGX4B46HyqhlSj9xMohy02t3MX0n-6xoRHLk5Oh8V2c0duIS4mZo0TAq11Zl61No7XvcMPz961yBIpblougDO3NlIXerppYqweTrkxdIR2u4KVXi5XGrbZ08pfBgjrEyAE0GkSkYu3jG0wyzz3Y1gCYqZnOBVg83E4dTUNcsXHMJcD0BPvA-cVuRKj9WOxvghNOg8rM6Po_qXQU-g&atk=1jqb2ujmmhn0i800,"Proficiency in AutoCAD, MS Office, and project management software . Monitor project progress and identify potential delays or issues, proposing corrective actions when necessary.",,,indeed_ae,2026-06-05 05:09:04.458509+00:00
Waiter,Esbe restaurants llc,Dubai,https://ae.indeed.com/rc/clk?jk=f8a6606d5a704597&bb=c7XMyDeSnkKctTd7sudqDKr_Jc4bJHDiI5FXWnmLhoFnLCtac-ThHb-3kaUe0H58vdbjxALJ6mqxq4UY0zhpd609NgDeB8cuYU5hmstPaEy7UGZ3mQ5iA3-hMCydQN3jM6TCU5fdZBJXe_MkUMM82w%3D%3D&xkcb=SoD967M3iLN1ofTF1J0FbzkdCdPP&rjs=0&qd=Xd-cji1-rrfYy0m8LpokE8dF20pwsUrmctm8cTGFOXDOAPLLNYb6wmUg8gjYJafwpsXE23qShaYtGgdtUJu_X5BBGG-ayCiM-gQi8HpsYsLtZozk31ERKPJGlDLUboAG50chrnGX4B46HyqhlSj9xMohy02t3MX0n-6xoRHLk5Oh8V2c0duIS4mZo0TAq11Zl61No7XvcMPz961yBIpblougDO3NlIXerppYqweTrkxdIR2u4KVXi5XGrbZ08pfBgjrEyAE0GkSkYu3jG0wyzz3Y1gCYqZnOBVg83E4dTUNcsXHMJcD0BPvA-cVuRKj9WOxvghNOg8rM6Po_qXQU-g&atk=1jqb2ujmmhn0i800,"Handle cash, card, or digital payments responsibly. Report any hazards, broken equipment, or safety issues. Suggest additional items such as appetizers, beverages, or desserts.",,,indeed_ae,2026-06-05 05:09:04.414511+00:00
Professional Services Engineer,CNS Middle East,Dubai,https://ae.indeed.com/rc/clk?jk=ce76454c854834e2&bb=c7XMyDeSnkKctTd7sudqDFNozMcFDdWjMFeAvmcZ38ppWyQR0UjUHFmXXUGb1Pm79R1bE0UryN3L4s1OPc6mQhvbQjU_w_IMiS4NPbIXdL_EKqcHy_bxA1R_-Vql_tbd-RwbwKMdZuz9gCYVYNVJaw%3D%3D&xkcb=SoBg67M3iLN1ofTF1J0GbzkdCdPP&rjs=0&qd=Xd-cji1-rrfYy0m8LpokE8dF20pwsUrmctm8cTGFOXDOAPLLNYb6wmUg8gjYJafwpsXE23qShaYtGgdtUJu_X5BBGG-ayCiM-gQi8HpsYsLtZozk31ERKPJGlDLUboAG50chrnGX4B46HyqhlSj9xMohy02t3MX0n-6xoRHLk5Oh8V2c0duIS4mZo0TAq11Zl61No7XvcMPz961yBIpblougDO3NlIXerppYqweTrkxdIR2u4KVXi5XGrbZ08pfBgjrEyAE0GkSkYu3jG0wyzz3Y1gCYqZnOBVg83E4dTUNcsXHMJcD0BPvA-cVuRKj9WOxvghNOg8rM6Po_qXQU-g&atk=1jqb2ujmmhn0i800,"Experience with software deployment, configuration, and maintenance. 3–4 years of experience in the banking or BFSI technology domain. Provide guidance and mentorship to junior engineers during…",,,indeed_ae,2026-06-05 05:09:04.375659+00:00
Sales Engineer Services,Reinhausen Middle East,Dubai,https://ae.indeed.com/rc/clk?jk=029ee9b94ff8fc83&bb=c7XMyDeSnkKctTd7sudqDDhF-sIB9Gy3fVu-a3nq7JyyXA3ERLCM_RHRYOMJSu9St-8-mwlU5bVCH3nCieQ7YUA7oCPVJlXyJMy26vnaMKHjIdFz6fVmrhfDkRC9J_LGxyetnKGf94MtBj9befq87Q%3D%3D&xkcb=SoDU67M3iLN1ofTF1J0HbzkdCdPP&rjs=0&qd=Xd-cji1-rrfYy0m8LpokE8dF20pwsUrmctm8cTGFOXDOAPLLNYb6wmUg8gjYJafwpsXE23qShaYtGgdtUJu_X5BBGG-ayCiM-gQi8HpsYsLtZozk31ERKPJGlDLUboAG50chrnGX4B46HyqhlSj9xMohy02t3MX0n-6xoRHLk5Oh8V2c0duIS4mZo0TAq11Zl61No7XvcMPz961yBIpblougDO3NlIXerppYqweTrkxdIR2u4KVXi5XGrbZ08pfBgjrEyAE0GkSkYu3jG0wyzz3Y1gCYqZnOBVg83E4dTUNcsXHMJcD0BPvA-cVuRKj9WOxvghNOg8rM6Po_qXQU-g&atk=1jqb2ujmmhn0i800,Additionally you have field experience with Power Transformers and/or OLTCs. You have a completed degree in Engineering or a similar educational background.,,,indeed_ae,2026-06-05 05:09:04.333752+00:00
site engineer- road & infra,China National Chemical Engineering & Construction...,Dubai,https://ae.indeed.com/rc/clk?jk=ef1a7d2532ffa5fb&bb=c7XMyDeSnkKctTd7sudqDE8-XwliErOpgMlw1rSHrp-Fx5eOYiO7JuNEyVtlA0BhRW4ngyoHSXNXGbbFlXeGmiWj97DhPaJQggvBWx2yX0Swvi7MF-OzEm4EPpImlZMUpPWJt_CoOa6PRKOZNN0uHg%3D%3D&xkcb=SoBa67M3iLN1ofTF1J0AbzkdCdPP&rjs=0&qd=Xd-cji1-rrfYy0m8LpokE8dF20pwsUrmctm8cTGFOXDOAPLLNYb6wmUg8gjYJafwpsXE23qShaYtGgdtUJu_X5BBGG-ayCiM-gQi8HpsYsLtZozk31ERKPJGlDLUboAG50chrnGX4B46HyqhlSj9xMohy02t3MX0n-6xoRHLk5Oh8V2c0duIS4mZo0TAq11Zl61No7XvcMPz961yBIpblougDO3NlIXerppYqweTrkxdIR2u4KVXi5XGrbZ08pfBgjrEyAE0GkSkYu3jG0wyzz3Y1gCYqZnOBVg83E4dTUNcsXHMJcD0BPvA-cVuRKj9WOxvghNOg8rM6Po_qXQU-g&atk=1jqb2ujmmhn0i800,"On‑Site Technical Management*. Supervise, guide, and manage daily construction activities. Conduct setting‑out, site levelling, and determine elevations (initial surveying tasks).",,,indeed_ae,2026-06-05 05:09:04.293330+00:00
Electrical and Mapping Engineer,Hattan Investments LLC,Dubai,https://ae.indeed.com/rc/clk?jk=627c995ff63270a8&bb=c7XMyDeSnkKctTd7sudqDNPxo10Dhs_QE8wJxBYuFLha1zt2-vTFphyURf_m3bgTB4haVNSmcwTLrFZwNiQYyoTY24_YCejp1r5gbt9Z5BtcLxYdomRun7Vd4JlcJjxlQz9hbz_i1QAJxftGQMoV-w%3D%3D&xkcb=SoDu67M3iLN1ofTF1J0BbzkdCdPP&rjs=0&qd=Xd-cji1-rrfYy0m8LpokE8dF20pwsUrmctm8cTGFOXDOAPLLNYb6wmUg8gjYJafwpsXE23qShaYtGgdtUJu_X5BBGG-ayCiM-gQi8HpsYsLtZozk31ERKPJGlDLUboAG50chrnGX4B46HyqhlSj9xMohy02t3MX0n-6xoRHLk5Oh8V2c0duIS4mZo0TAq11Zl61No7XvcMPz961yBIpblougDO3NlIXerppYqweTrkxdIR2u4KVXi5XGrbZ08pfBgjrEyAE0GkSkYu3jG0wyzz3Y1gCYqZnOBVg83E4dTUNcsXHMJcD0BPvA-cVuRKj9WOxvghNOg8rM6Po_qXQU-g&atk=1jqb2ujmmhn0i800,"Work closely with cross-functional teams, including mechanical engineers , software engineers , and technicians. Use CAD software to produce detailed schematics and layouts.",,,indeed_ae,2026-06-05 05:09:04.252565+00:00
Subject Matter Expert – Process Engineering,Aveva,Abu Dhabi,https://ae.indeed.com/rc/clk?jk=3caab91ff462a709&bb=c7XMyDeSnkKctTd7sudqDOkcJ1-S39MqYqQ7cLryfenEN6pRSGrZzw60rH_4NmcrHl-1K6ikzNMUSqLIGrkUsoyCKrxNwlV5ZOnHHOAR_o_CT6IxiKmwH5qqVo37xQtS5xwYBMd7c5p_W1qpyGz__Q%3D%3D&xkcb=SoBz67M3iLN1ofTF1J0CbzkdCdPP&rjs=0&qd=Xd-cji1-rrfYy0m8LpokE8dF20pwsUrmctm8cTGFOXDOAPLLNYb6wmUg8gjYJafwpsXE23qShaYtGgdtUJu_X5BBGG-ayCiM-gQi8HpsYsLtZozk31ERKPJGlDLUboAG50chrnGX4B46HyqhlSj9xMohy02t3MX0n-6xoRHLk5Oh8V2c0duIS4mZo0TAq11Zl61No7XvcMPz961yBIpblougDO3NlIXerppYqweTrkxdIR2u4KVXi5XGrbZ08pfBgjrEyAE0GkSkYu3jG0wyzz3Y1gCYqZnOBVg83E4dTUNcsXHMJcD0BPvA-cVuRKj9WOxvghNOg8rM6Po_qXQU-g&atk=1jqb2ujmmhn0i800,Model artefacts or data quality issues. Energy management or operational excellence certifications preferred. Process optimization or APC-related certifications advantageous.,,,indeed_ae,2026-06-05 05:09:04.194264+00:00
Interior Design Engineer,Al Omran Training And Development Center,Abu Dhabi,https://ae.indeed.com/rc/clk?jk=d224359706b959df&bb=c7XMyDeSnkKctTd7sudqDHU98TYkBHYwe_j_KYKbVszhfw7W4tBqID2Nc5-ae7TfJUET5Eecj04JSfAGYqPryNIWUyN1uCSXjpwvqvbJndtIRjyiHYLUgE4J7R3PZD3GbdmyrHOGJKGy6WoyGbt32w%3D%3D&xkcb=SoDH67M3iLN1ofTF1J0DbzkdCdPP&rjs=0&qd=Xd-cji1-rrfYy0m8LpokE8dF20pwsUrmctm8cTGFOXDOAPLLNYb6wmUg8gjYJafwpsXE23qShaYtGgdtUJu_X5BBGG-ayCiM-gQi8HpsYsLtZozk31ERKPJGlDLUboAG50chrnGX4B46HyqhlSj9xMohy02t3MX0n-6xoRHLk5Oh8V2c0duIS4mZo0TAq11Zl61No7XvcMPz961yBIpblougDO3NlIXerppYqweTrkxdIR2u4KVXi5XGrbZ08pfBgjrEyAE0GkSkYu3jG0wyzz3Y1gCYqZnOBVg83E4dTUNcsXHMJcD0BPvA-cVuRKj9WOxvghNOg8rM6Po_qXQU-g&atk=1jqb2ujmmhn0i800,Looking for a qualified Interior Design Engineer to teach the following three subjects Architecture History. 3 sessions per week - one instructor must cover all three subjects.,,,indeed_ae,2026-06-05 05:09:04.150876+00:00
Agricultural / Irrigation Engineer,Aqua Verde Co. L.L.C,Dubai,https://ae.indeed.com/rc/clk?jk=721037b3fa8272f8&bb=c7XMyDeSnkKctTd7sudqDJrMR1OVo3etcUqRdV5Svf-Kq7oIZI5GgcDOgzeZ59PsSWDHHvb39apLTNzQUO6jbECBx3cYz31QF3uHICkayNlmw0oNNd1ZGvTq74llTroyZr9zJpw2sw8UpLK0JC5NCQ%3D%3D&xkcb=SoAu67M3iLN1ofTF1J0MbzkdCdPP&rjs=0&qd=Xd-cji1-rrfYy0m8LpokE8dF20pwsUrmctm8cTGFOXDOAPLLNYb6wmUg8gjYJafwpsXE23qShaYtGgdtUJu_X5BBGG-ayCiM-gQi8HpsYsLtZozk31ERKPJGlDLUboAG50chrnGX4B46HyqhlSj9xMohy02t3MX0n-6xoRHLk5Oh8V2c0duIS4mZo0TAq11Zl61No7XvcMPz961yBIpblougDO3NlIXerppYqweTrkxdIR2u4KVXi5XGrbZ08pfBgjrEyAE0GkSkYu3jG0wyzz3Y1gCYqZnOBVg83E4dTUNcsXHMJcD0BPvA-cVuRKj9WOxvghNOg8rM6Po_qXQU-g&atk=1jqb2ujmmhn0i800,"Irrigation design software is an advantage. Bachelor’s Degree in Agricultural Engineering, Irrigation Engineering, Civil Engineering, or related field. Perform hydraulic calculations and pipe sizing.",,,indeed_ae,2026-06-05 05:09:04.103278+00:00
Storekeeper (MEP Field),POWER WAY ELECTROMECHANICAL CONTRACTING,Ras al-Khaimah,https://ae.indeed.com/rc/clk?jk=8fbda7aff6c8910f&bb=c7XMyDeSnkKctTd7sudqDCvBI945k-AoaZhsC75Om4SMCuocRmYP2-0EPpubibtGGbycWznb3KH2vKUIH5ib-DNTq_xFCXcbNofb0G1vVnag4I_WjWxOWte7DA8zMDsE5uLIgQivknnI8FXNQUZnfg%3D%3D&xkcb=SoCa67M3iLN1ofTF1J0NbzkdCdPP&rjs=0&qd=Xd-cji1-rrfYy0m8LpokE8dF20pwsUrmctm8cTGFOXDOAPLLNYb6wmUg8gjYJafwpsXE23qShaYtGgdtUJu_X5BBGG-ayCiM-gQi8HpsYsLtZozk31ERKPJGlDLUboAG50chrnGX4B46HyqhlSj9xMohy02t3MX0n-6xoRHLk5Oh8V2c0duIS4mZo0TAq11Zl61No7XvcMPz961yBIpblougDO3NlIXerppYqweTrkxdIR2u4KVXi5XGrbZ08pfBgjrEyAE0GkSkYu3jG0wyzz3Y1gCYqZnOBVg83E4dTUNcsXHMJcD0BPvA-cVuRKj9WOxvghNOg8rM6Po_qXQU-g&atk=1jqb2ujmmhn0i800,"Maintain records using ERP systems, inventory software , or MS Excel. Diploma, or Bachelor's Degree. Proficiency in MS Excel and inventory/ERP software . Inventory management and stock control skills.",,,indeed_ae,2026-06-05 05:09:04.059639+00:00
Site Engineer,OEA ALUMINIUM LLC,Dubai,https://ae.indeed.com/rc/clk?jk=e5fba0b6fb33e053&bb=c7XMyDeSnkKctTd7sudqDBUEUDn5otqW7BaxDLIaEKQ-LsS0TamwOD0dXKlOK7Sm7EXnAV_ONFx_LfiZzRUqcZuzZ-S7Ni_vydUFjTd5X3twLsn-Y9qHroYd_z9jQn-n2EqaGd2VSuY2tft7P5ELXg%3D%3D&xkcb=SoAH67M3iLN1ofTF1J0ObzkdCdPP&rjs=0&qd=Xd-cji1-rrfYy0m8LpokE8dF20pwsUrmctm8cTGFOXDOAPLLNYb6wmUg8gjYJafwpsXE23qShaYtGgdtUJu_X5BBGG-ayCiM-gQi8HpsYsLtZozk31ERKPJGlDLUboAG50chrnGX4B46HyqhlSj9xMohy02t3MX0n-6xoRHLk5Oh8V2c0duIS4mZo0TAq11Zl61No7XvcMPz961yBIpblougDO3NlIXerppYqweTrkxdIR2u4KVXi5XGrbZ08pfBgjrEyAE0GkSkYu3jG0wyzz3Y1gCYqZnOBVg83E4dTUNcsXHMJcD0BPvA-cVuRKj9WOxvghNOg8rM6Po_qXQU-g&atk=1jqb2ujmmhn0i800,"Bachelor's Degree in Civil Engineering, Architecture, or related field. We are urgently looking for a Site Engineer with experience in Facade Works to supervise on-site activities, coordinate with…",,,indeed_ae,2026-06-05 05:09:04.019087+00:00
Senior Supervisor,Petrofac,Abu Dhabi,https://ae.indeed.com/rc/clk?jk=6987be59de288d01&bb=c7XMyDeSnkKctTd7sudqDPtxZZ-gdDahKtvfDEGpaucm5vJAu3Vog4T-fWYe6KTSgG1uorDONrxbiycNIuZBI0r_rh7eg1RCH_AKiIE7E9T07ZrJqtboR5pczOdrPsMv1swkqc7Svkqyh2ATjHeNxw%3D%3D&xkcb=SoCz67M3iLN1ofTF1J0PbzkdCdPP&rjs=0&qd=Xd-cji1-rrfYy0m8LpokE8dF20pwsUrmctm8cTGFOXDOAPLLNYb6wmUg8gjYJafwpsXE23qShaYtGgdtUJu_X5BBGG-ayCiM-gQi8HpsYsLtZozk31ERKPJGlDLUboAG50chrnGX4B46HyqhlSj9xMohy02t3MX0n-6xoRHLk5Oh8V2c0duIS4mZo0TAq11Zl61No7XvcMPz961yBIpblougDO3NlIXerppYqweTrkxdIR2u4KVXi5XGrbZ08pfBgjrEyAE0GkSkYu3jG0wyzz3Y1gCYqZnOBVg83E4dTUNcsXHMJcD0BPvA-cVuRKj9WOxvghNOg8rM6Po_qXQU-g&atk=1jqb2ujmmhn0i800,Ensure full compliance to company Fire & safety & Environment procedures/standards in all executed work-tasks and actively contributes to sections HSE. Ensure transport is available for site teams.,,,indeed_ae,2026-06-05 05:09:03.973963+00:00
Network Security Engineer,Rals Healthcare,Dubai,https://ae.indeed.com/rc/clk?jk=be58bcf62616a27c&bb=c7XMyDeSnkKctTd7sudqDNKe_jKzeFEYkloteN4ZNKU79tB7PCVAlkZe7hS3U1BEF5LTV5ol7IsjM3QzLkJkEz8HeUmDAyJmxaJZ3EHWancq65UaoHRisKfZpcPCYWOA0jVNW_jXBbLIroUnuqi9Ag%3D%3D&xkcb=SoA967M3iLN1ofTF1J0IbzkdCdPP&rjs=0&qd=Xd-cji1-rrfYy0m8LpokE8dF20pwsUrmctm8cTGFOXDOAPLLNYb6wmUg8gjYJafwpsXE23qShaYtGgdtUJu_X5BBGG-ayCiM-gQi8HpsYsLtZozk31ERKPJGlDLUboAG50chrnGX4B46HyqhlSj9xMohy02t3MX0n-6xoRHLk5Oh8V2c0duIS4mZo0TAq11Zl61No7XvcMPz961yBIpblougDO3NlIXerppYqweTrkxdIR2u4KVXi5XGrbZ08pfBgjrEyAE0GkSkYu3jG0wyzz3Y1gCYqZnOBVg83E4dTUNcsXHMJcD0BPvA-cVuRKj9WOxvghNOg8rM6Po_qXQU-g&atk=1jqb2ujmmhn0i800,"Monitor network performance and perform necessary optimizations or upgrades. Bachelor’s degree in Information Technology, Computer Science, or a related field.",,,indeed_ae,2026-06-05 05:09:03.928171+00:00
Senior Engineer - Level 3,Edenred,Dubai,https://ae.indeed.com/rc/clk?jk=d435b329da1a3cc7&bb=c7XMyDeSnkKctTd7sudqDPEbzBRdwgCWxpLYyf1eMFdeKSVfjILv5rtEtVr1YZDwAsFQfu4bcC9atJeVe6OBI7mmA7vSGsxA5lG7LF4MmGdkPDRqg_ZcRw89v1cDhefhmr82IzRWTc9WCt13cULa8w%3D%3D&xkcb=SoCJ67M3iLN1ofTF1J0JbzkdCdPP&rjs=0&qd=Xd-cji1-rrfYy0m8LpokE8dF20pwsUrmctm8cTGFOXDOAPLLNYb6wmUg8gjYJafwpsXE23qShaYtGgdtUJu_X5BBGG-ayCiM-gQi8HpsYsLtZozk31ERKPJGlDLUboAG50chrnGX4B46HyqhlSj9xMohy02t3MX0n-6xoRHLk5Oh8V2c0duIS4mZo0TAq11Zl61No7XvcMPz961yBIpblougDO3NlIXerppYqweTrkxdIR2u4KVXi5XGrbZ08pfBgjrEyAE0GkSkYu3jG0wyzz3Y1gCYqZnOBVg83E4dTUNcsXHMJcD0BPvA-cVuRKj9WOxvghNOg8rM6Po_qXQU-g&atk=1jqb2ujmmhn0i800,Lead the design and development of complex software solutions. Drive best practices in software development and contribute to the overall technical strategy.,,,indeed_ae,2026-06-05 05:09:03.884935+00:00
Helper,NEW AGE GENERAL CONTRACTING L.L.C.,Abu Dhabi,https://ae.indeed.com/rc/clk?jk=cd7612fbe72bf7d6&bb=c7XMyDeSnkKctTd7sudqDA6QEqTH6QUZmrHukuxaywrooNt2KsqcSzH07VacDJRTHxHZY81QhfJXhnJFJd5oC06TQyhABq51R2EqJSYIkspuyI7hSnb6nGtxETPX_jnfJzCZUJ_34pclxBVLlb7rpg%3D%3D&xkcb=SoAU67M3iLN1ofTF1J0KbzkdCdPP&rjs=0&qd=Xd-cji1-rrfYy0m8LpokE8dF20pwsUrmctm8cTGFOXDOAPLLNYb6wmUg8gjYJafwpsXE23qShaYtGgdtUJu_X5BBGG-ayCiM-gQi8HpsYsLtZozk31ERKPJGlDLUboAG50chrnGX4B46HyqhlSj9xMohy02t3MX0n-6xoRHLk5Oh8V2c0duIS4mZo0TAq11Zl61No7XvcMPz961yBIpblougDO3NlIXerppYqweTrkxdIR2u4KVXi5XGrbZ08pfBgjrEyAE0GkSkYu3jG0wyzz3Y1gCYqZnOBVg83E4dTUNcsXHMJcD0BPvA-cVuRKj9WOxvghNOg8rM6Po_qXQU-g&atk=1jqb2ujmmhn0i800,Follow instructions from supervisors and site engineers . Hold tools and provide support during installation or repair work. Prior experience as a helper or laborer is an advantage.,,,indeed_ae,2026-06-05 05:09:03.844320+00:00
Field Service Engineer (Turbomachinery),Elliott Company,Remote,https://ae.indeed.com/rc/clk?jk=e3472afdeeecfcd2&bb=c7XMyDeSnkKctTd7sudqDAioUbXOXQM_ITbH0PlNay7jg9FR_9Ng-DQn3kAPvJyQUll0Wgs2UWEk2PkxWNarvHlGuy3D9H8ELlBZzb3UVSzCO-P40fUWf9-ioWvZfRtAfD7XLUyH3GdG6I3SBaPamw%3D%3D&xkcb=SoCg67M3iLN1ofTF1J0LbzkdCdPP&rjs=0&qd=Xd-cji1-rrfYy0m8LpokE8dF20pwsUrmctm8cTGFOXDOAPLLNYb6wmUg8gjYJafwpsXE23qShaYtGgdtUJu_X5BBGG-ayCiM-gQi8HpsYsLtZozk31ERKPJGlDLUboAG50chrnGX4B46HyqhlSj9xMohy02t3MX0n-6xoRHLk5Oh8V2c0duIS4mZo0TAq11Zl61No7XvcMPz961yBIpblougDO3NlIXerppYqweTrkxdIR2u4KVXi5XGrbZ08pfBgjrEyAE0GkSkYu3jG0wyzz3Y1gCYqZnOBVg83E4dTUNcsXHMJcD0BPvA-cVuRKj9WOxvghNOg8rM6Po_qXQU-g&atk=1jqb2ujmmhn0i800,"Degree: Bachelor’s degree in Mechanical Engineering, or an equivalent combination of education and experience. Cost Mitigation: Keeps installation back charges from customers and/or mechanical…",,,indeed_ae,2026-06-05 05:09:03.802768+00:00
Civil Project Engineer,The Tower Plaza Hotel Dubai,UAE,https://ae.indeed.com/rc/clk?jk=f42e3b758dd78821&bb=GfgYRhUCf_8BUMC-vI8-eWBZTEZ8kWYmtyxs0YL2ZOlVXyXf-udlOccRglSOS1OnVZ3tZkt-tP2SF4yBp42UC7gfQF-0YVs37ygqVDuIdzoula-HL8rp5lSNUCRBbweokT1mEnlcxCjL_dClD3rleA%3D%3D&xkcb=SoDO67M3iLN2PHzFwh0TbzkdCdPP&rjs=0&qd=Xd-cji1-rrfYy0m8LpokE8dF20pwsUrmctm8cTGFOXDOAPLLNYb6wmUg8gjYJafwpsXE23qShaYtGgdtUJu_X5BBGG-ayCiM-gQi8HpsYsLtZozk31ERKPJGlDLUboAG50chrnGX4B46HyqhlSj9xMohy02t3MX0n-6xoRHLk5Oh8V2c0duIS4mZo0TAq11Zl61No7XvcMPz961yBIpblougDO3NlIXerppYqweTrkxdIR2u4KVXi5XGrbZ08pfBgjrEyAE0GkSkYu3jG0wyzz3Y1gCYqZnOBVg83E4dTUM9oHrrKPqgUwpEOm4f4sA5WOxvghNOg8rM6Po_qXQU-g&atk=1jqb2uf3m26sf000,"Proficiency in AutoCAD, MS Office, and project management software . The Civil Project Engineer is responsible for planning, coordinating, and supervising construction activities to ensure projects are…",,,indeed_ae,2026-06-05 05:09:00.205402+00:00
Project Engineer (Mechanical) – District Cooling & Chilled Water Networks,Island Tower Electromechanical Works LLC,Dubai,https://ae.indeed.com/rc/clk?jk=973cc73af88c3df4&bb=GfgYRhUCf_8BUMC-vI8-eUd0-A1Ygp-JGB4-ljd_PyJP3EtVNtvfRMub9p38gDxmF0XGtGo-d6qiGDi8ky4USPmwSp9sHGUO4uBjGG4IISjPFMBTkaBRde9uIo3yDbMW1aWHNzO0QIRI89ibYyV2KQ%3D%3D&xkcb=SoAn67M3iLN2PHzFwh0cbzkdCdPP&rjs=0&qd=Xd-cji1-rrfYy0m8LpokE8dF20pwsUrmctm8cTGFOXDOAPLLNYb6wmUg8gjYJafwpsXE23qShaYtGgdtUJu_X5BBGG-ayCiM-gQi8HpsYsLtZozk31ERKPJGlDLUboAG50chrnGX4B46HyqhlSj9xMohy02t3MX0n-6xoRHLk5Oh8V2c0duIS4mZo0TAq11Zl61No7XvcMPz961yBIpblougDO3NlIXerppYqweTrkxdIR2u4KVXi5XGrbZ08pfBgjrEyAE0GkSkYu3jG0wyzz3Y1gCYqZnOBVg83E4dTUM9oHrrKPqgUwpEOm4f4sA5WOxvghNOg8rM6Po_qXQU-g&atk=1jqb2uf3m26sf000,"The Project Engineer (Mechanical) will be responsible for the on-site execution, coordination, and technical delivery of district cooling chilled water pipeline projects.",,,indeed_ae,2026-06-05 05:09:00.158520+00:00
Marketing and Sales Intern,scholarix global consultants - FZCO,Dubai Silicon Oasis,https://ae.indeed.com/rc/clk?jk=a7018d6bb93454da&bb=GfgYRhUCf_8BUMC-vI8-eRHaLznvnhL7Z3mk7li8qHubbKkqlJDiMPQFhqAMpH_ry39VueNsoBGt92fRAHcebVrLdWbE2uTlTWq4Lv1e1MjKmtlAa0HXcWCytUSB1xsWKfMFREc8MWG9eMATyOxS1w%3D%3D&xkcb=SoCT67M3iLN2PHzFwh0dbzkdCdPP&rjs=0&qd=Xd-cji1-rrfYy0m8LpokE8dF20pwsUrmctm8cTGFOXDOAPLLNYb6wmUg8gjYJafwpsXE23qShaYtGgdtUJu_X5BBGG-ayCiM-gQi8HpsYsLtZozk31ERKPJGlDLUboAG50chrnGX4B46HyqhlSj9xMohy02t3MX0n-6xoRHLk5Oh8V2c0duIS4mZo0TAq11Zl61No7XvcMPz961yBIpblougDO3NlIXerppYqweTrkxdIR2u4KVXi5XGrbZ08pfBgjrEyAE0GkSkYu3jG0wyzz3Y1gCYqZnOBVg83E4dTUM9oHrrKPqgUwpEOm4f4sA5WOxvghNOg8rM6Po_qXQU-g&atk=1jqb2uf3m26sf000,"B2B Lead Generation & Outreach: Identify potential corporate clients in the UAE market who need digital transformation, cloud infrastructure, or compliance software .",,,indeed_ae,2026-06-05 05:09:00.115115+00:00
Smart Solutions Development Director (UAE Nationals),Hamdan Bin Mohammed Smart University,Dubai,https://ae.indeed.com/rc/clk?jk=25d24a73623ff5bc&bb=GfgYRhUCf_8BUMC-vI8-edbK-9-iiBT6gJ-RVEHgerf-67heKOT-P-ZZrrF06Lfe36ico_r0Fp7dYqJmNsUdUjkvED4XlCShpIJTUAFnLe7xiuG3a_BpgR32IehJmWQ18PGICOvrMkO15dN2Uj-skg%3D%3D&xkcb=SoAO67M3iLN2PHzFwh0ebzkdCdPP&rjs=0&qd=Xd-cji1-rrfYy0m8LpokE8dF20pwsUrmctm8cTGFOXDOAPLLNYb6wmUg8gjYJafwpsXE23qShaYtGgdtUJu_X5BBGG-ayCiM-gQi8HpsYsLtZozk31ERKPJGlDLUboAG50chrnGX4B46HyqhlSj9xMohy02t3MX0n-6xoRHLk5Oh8V2c0duIS4mZo0TAq11Zl61No7XvcMPz961yBIpblougDO3NlIXerppYqweTrkxdIR2u4KVXi5XGrbZ08pfBgjrEyAE0GkSkYu3jG0wyzz3Y1gCYqZnOBVg83E4dTUM9oHrrKPqgUwpEOm4f4sA5WOxvghNOg8rM6Po_qXQU-g&atk=1jqb2uf3m26sf000,Ensure that software development quality standards and best practices are implemented for all stages of the software development process. Best practices in software development architecture and…,,,indeed_ae,2026-06-05 05:09:00.077073+00:00
Electromechanical Engineer (Maintenance),AMC PROTECTION L.L.C,Abu Dhabi,https://ae.indeed.com/rc/clk?jk=be4e75c6b0d0855e&bb=GfgYRhUCf_8BUMC-vI8-ebnsQNm039Vj6JAVGrUpS41_OXLKKk2JsBbdNvVh0aXpf58s3ZtZ6iANgVU0R5F5KSQ1NXEA7TzN0v1By3G_A95CHVP08UZFeh3XagRUdIUzjCeJQ_-q79ZHrIST3w_1yw%3D%3D&xkcb=SoC667M3iLN2PHzFwh0fbzkdCdPP&rjs=0&qd=Xd-cji1-rrfYy0m8LpokE8dF20pwsUrmctm8cTGFOXDOAPLLNYb6wmUg8gjYJafwpsXE23qShaYtGgdtUJu_X5BBGG-ayCiM-gQi8HpsYsLtZozk31ERKPJGlDLUboAG50chrnGX4B46HyqhlSj9xMohy02t3MX0n-6xoRHLk5Oh8V2c0duIS4mZo0TAq11Zl61No7XvcMPz961yBIpblougDO3NlIXerppYqweTrkxdIR2u4KVXi5XGrbZ08pfBgjrEyAE0GkSkYu3jG0wyzz3Y1gCYqZnOBVg83E4dTUM9oHrrKPqgUwpEOm4f4sA5WOxvghNOg8rM6Po_qXQU-g&atk=1jqb2uf3m26sf000,Bachelor’s degree in Electromechanical Engineering or related field. Minimum 10 years of maintenance experience (industrial/construction/insulation sector preferred).,,,indeed_ae,2026-06-05 05:09:00.034435+00:00
Finance Director - ATO,Blue Ray Printing,Abu Dhabi,https://ae.indeed.com/rc/clk?jk=516b5c4268cd8a2a&bb=GfgYRhUCf_8BUMC-vI8-eSYabtURnhbpVAwMuVrIitNNA-OypEmfct9DMQmCn51pyQKmN0JwPP4C39WYUR08AU5kQVE4A9P62A3KwSm4lL3TmAP5UZr_PcDNIuDZt_n-SFS3TfKvGSVByiHpH2EhTQ%3D%3D&xkcb=SoA067M3iLN2PHzFwh0YbzkdCdPP&rjs=0&qd=Xd-cji1-rrfYy0m8LpokE8dF20pwsUrmctm8cTGFOXDOAPLLNYb6wmUg8gjYJafwpsXE23qShaYtGgdtUJu_X5BBGG-ayCiM-gQi8HpsYsLtZozk31ERKPJGlDLUboAG50chrnGX4B46HyqhlSj9xMohy02t3MX0n-6xoRHLk5Oh8V2c0duIS4mZo0TAq11Zl61No7XvcMPz961yBIpblougDO3NlIXerppYqweTrkxdIR2u4KVXi5XGrbZ08pfBgjrEyAE0GkSkYu3jG0wyzz3Y1gCYqZnOBVg83E4dTUM9oHrrKPqgUwpEOm4f4sA5WOxvghNOg8rM6Po_qXQU-g&atk=1jqb2uf3m26sf000,"This may include financial modelling to support target setting, consulting with organization design leads on design alternatives, scope management to ensure value targeting occurs for the most…",,,indeed_ae,2026-06-05 05:08:59.994517+00:00
Senior Supplier Quality Engineer,Volvo Group,Dubai,https://ae.indeed.com/rc/clk?jk=e01e60ffc183a18c&bb=GfgYRhUCf_8BUMC-vI8-eSdLNgUoN3cgOja2rRm5WJDzbg-r19C6ZMOl6oJjy37QW5k_f-TbTsjD7tZJZc7dvIHxLGPQYV2Y9QVOZLz674OJOMTinOeuRcn7OGZJ1sUzryziqaqPs9ojP54sW9jGPQ%3D%3D&xkcb=SoCA67M3iLN2PHzFwh0ZbzkdCdPP&rjs=0&qd=Xd-cji1-rrfYy0m8LpokE8dF20pwsUrmctm8cTGFOXDOAPLLNYb6wmUg8gjYJafwpsXE23qShaYtGgdtUJu_X5BBGG-ayCiM-gQi8HpsYsLtZozk31ERKPJGlDLUboAG50chrnGX4B46HyqhlSj9xMohy02t3MX0n-6xoRHLk5Oh8V2c0duIS4mZo0TAq11Zl61No7XvcMPz961yBIpblougDO3NlIXerppYqweTrkxdIR2u4KVXi5XGrbZ08pfBgjrEyAE0GkSkYu3jG0wyzz3Y1gCYqZnOBVg83E4dTUM9oHrrKPqgUwpEOm4f4sA5WOxvghNOg8rM6Po_qXQU-g&atk=1jqb2uf3m26sf000,"Degree in Engineering, Supply Chain or related field, or equivalent working experience. 6 or more years of quality assurance, process quality, process engineering, or design engineering experience.",,,indeed_ae,2026-06-05 05:08:59.954409+00:00
Electrical Estimation Engineer,Mepak Electromechanical LLC,Dubai,https://ae.indeed.com/rc/clk?jk=756aca8879a14ae8&bb=GfgYRhUCf_8BUMC-vI8-eeMEgadEdbdR2LnCU9NtTJtsjXr5eaJCcq-eKpRf50gRtRFehTo8pttZtJBn3jcp95MwGldjpxr6orJmEOpHAhrp0RtMUBeeiGEML-JkUkSArLq5d3F-vYQWIVwPZ6_LyQ%3D%3D&xkcb=SoAd67M3iLN2PHzFwh0abzkdCdPP&rjs=0&qd=Xd-cji1-rrfYy0m8LpokE8dF20pwsUrmctm8cTGFOXDOAPLLNYb6wmUg8gjYJafwpsXE23qShaYtGgdtUJu_X5BBGG-ayCiM-gQi8HpsYsLtZozk31ERKPJGlDLUboAG50chrnGX4B46HyqhlSj9xMohy02t3MX0n-6xoRHLk5Oh8V2c0duIS4mZo0TAq11Zl61No7XvcMPz961yBIpblougDO3NlIXerppYqweTrkxdIR2u4KVXi5XGrbZ08pfBgjrEyAE0GkSkYu3jG0wyzz3Y1gCYqZnOBVg83E4dTUM9oHrrKPqgUwpEOm4f4sA5WOxvghNOg8rM6Po_qXQU-g&atk=1jqb2uf3m26sf000,We are seeking a motivated and detail-oriented Electrical Estimator with 2–4 years of experience in the construction industry. The successful candidate will be responsible for preparing accurate…,,,indeed_ae,2026-06-05 05:08:59.894806+00:00
Engineering Support Coordinator,Zahrawi Medical,Dubai,https://ae.indeed.com/rc/clk?jk=ce41df1d610f114a&bb=GfgYRhUCf_8BUMC-vI8-eRHaLznvnhL7Y2ogJJXXV2f2N87cc4BJxHcEoPCh3pgJ5jlvL7aaAz3VK9a_m5xzbyzA_WbAfQhSV02EmJrCT6YdfrM2tYjCKxM0nGpwsrHXUiLKXecOipVoisaX8Eqxpg%3D%3D&xkcb=SoCp67M3iLN2PHzFwh0bbzkdCdPP&rjs=0&qd=Xd-cji1-rrfYy0m8LpokE8dF20pwsUrmctm8cTGFOXDOAPLLNYb6wmUg8gjYJafwpsXE23qShaYtGgdtUJu_X5BBGG-ayCiM-gQi8HpsYsLtZozk31ERKPJGlDLUboAG50chrnGX4B46HyqhlSj9xMohy02t3MX0n-6xoRHLk5Oh8V2c0duIS4mZo0TAq11Zl61No7XvcMPz961yBIpblougDO3NlIXerppYqweTrkxdIR2u4KVXi5XGrbZ08pfBgjrEyAE0GkSkYu3jG0wyzz3Y1gCYqZnOBVg83E4dTUM9oHrrKPqgUwpEOm4f4sA5WOxvghNOg8rM6Po_qXQU-g&atk=1jqb2uf3m26sf000,"§ Receive service inquiry calls from customers and assign the appropriate service engineer to resolve the issue. The Engineering Support Coordinator is responsible for managing customer relationships,…",,,indeed_ae,2026-06-05 05:08:59.853029+00:00
Senior Planning Engineer,Green & More Landscape Gardening LLC,Dubai,https://ae.indeed.com/rc/clk?jk=d8db54b9cdd4261f&bb=GfgYRhUCf_8BUMC-vI8-eX1o0oIiNPMdkXUuhto7ZIyW7j3r2AvuZuz9bJz63nf6VVBtbOz6EKZxqlDeCQfYB_JTipDydpPDeWxV2F-PoFR0Hx0KIWcrjKzyJfYccvixh514b4xZOBdy-Eg6moz7Dw%3D%3D&xkcb=SoCO67M3iLN2PHzFwh0EbzkdCdPP&rjs=0&qd=Xd-cji1-rrfYy0m8LpokE8dF20pwsUrmctm8cTGFOXDOAPLLNYb6wmUg8gjYJafwpsXE23qShaYtGgdtUJu_X5BBGG-ayCiM-gQi8HpsYsLtZozk31ERKPJGlDLUboAG50chrnGX4B46HyqhlSj9xMohy02t3MX0n-6xoRHLk5Oh8V2c0duIS4mZo0TAq11Zl61No7XvcMPz961yBIpblougDO3NlIXerppYqweTrkxdIR2u4KVXi5XGrbZ08pfBgjrEyAE0GkSkYu3jG0wyzz3Y1gCYqZnOBVg83E4dTUM9oHrrKPqgUwpEOm4f4sA5WOxvghNOg8rM6Po_qXQU-g&atk=1jqb2uf3m26sf000,"Bachelor’s Degree in Engineering or a related field. We are looking for a detail-oriented and experienced Senior Planning Engineer with 5 to 10 years of experience, including *landscape project…",,,indeed_ae,2026-06-05 05:08:59.812485+00:00
Mechanical Site Engineer,Target Fire & Safety Systems Maintenance LLC,Abu Dhabi,https://ae.indeed.com/rc/clk?jk=35dcdc8be206c45a&bb=GfgYRhUCf_8BUMC-vI8-edMYa_UrgYlavOueWQWTkNn5spnIHfBh1LFf06xiZQzYCd3QNoHQtUdnJ1oJ9_-A91ewq8VG6KdRu-YxfJ1doFEKante7vaZFcDMjHDYPgZsKlQqDRLMkjrQsybI4UkTXQ%3D%3D&xkcb=SoA667M3iLN2PHzFwh0FbzkdCdPP&rjs=0&qd=Xd-cji1-rrfYy0m8LpokE8dF20pwsUrmctm8cTGFOXDOAPLLNYb6wmUg8gjYJafwpsXE23qShaYtGgdtUJu_X5BBGG-ayCiM-gQi8HpsYsLtZozk31ERKPJGlDLUboAG50chrnGX4B46HyqhlSj9xMohy02t3MX0n-6xoRHLk5Oh8V2c0duIS4mZo0TAq11Zl61No7XvcMPz961yBIpblougDO3NlIXerppYqweTrkxdIR2u4KVXi5XGrbZ08pfBgjrEyAE0GkSkYu3jG0wyzz3Y1gCYqZnOBVg83E4dTUM9oHrrKPqgUwpEOm4f4sA5WOxvghNOg8rM6Po_qXQU-g&atk=1jqb2uf3m26sf000,"Bachelor’s degree in Mechanical Engineering, Fire Protection Engineering, or a related field. Collaborate with teams: Work with architects, engineers , and construction teams to integrate fire…",,,indeed_ae,2026-06-05 05:08:59.768988+00:00
Site Engineer (Civil),Stark Building works.LLC,Dubai,https://ae.indeed.com/pagead/clk?mo=r&ad=-6NYlbfkN0C_IVWOaZTwmAnli9IcT8VuTqmdfdEHhMu8isAFL2ngOFpf6wn43DX8kpQSbvXldhUi1c_5GHsBNQ5AWP4GOT8KZxo8R7uOQShxxwhnBjIMFYoFji0iFz1gbfm-R8JwibiO7YSBQ_eijYYGMOnSQMKLjXFsrWOBxk2SygO8ENiO9bdl15lyDcm17mPcZE0auedPWhUVr0b45BXUeMgLAG31_ELBK72TjAHHTCoLDgJGms6gznc_cAcG6XPSmZPrnuJFb72FIu3usRUtzS_Tj8yAeM7CVxBC5I9UT5CZXJ8KTNwNb1K0j58dRsNFvgyIfT8lt0B-AI1ZTYfpVQpcNyG-hV2ax5u82fUQgyBvoLwrOAhaFQLTcLDY32SFlpUziE-CNWbSdwvE1jhpPIVcMesAjwh6n65JOh_vddVYw85ACf6H01P_8v-r7eFgvrbR3qD3bDKE20JOzIlP7QArHDCQL3LQp6Lw5n3IiK1WShX5cbDtwgehrWCSqN_SF3ZHM0qSzlS7geB9gPbIzzK359z57F4ZZotfchlb3dfs5F9wP8w16lERiYJnN_vp_sFm8DhYAM3frKxiukgsYYSbAEyrC1XrENbuuMK1XvBmMzSW5EGC_IMDZo5e5X_dvKpEhy1ZDe25e4Ck_f3wm43wS3ANkq0ISmTgQ83HjFDazZWnrdQQ1WK4st2K3U4MxZIKU88d9M3kbR1_4XlgZAAr-YqZZu5F3T5RIdqcBWIHzeZTRRAsKJAkMENwpV8Wu1hGXeqwnirkG6uWaSP16am9iffnal6r17FwPKD_BG-58CO-FlR-i1d2T2ygmWRROBNruk8aXURmlzhsoC8BnC9kT_9L11ebZ7y81chJcWf73BnxSRXLvkObmJpvHwa9v1mh52cY-ctq7zN2bukEy1E34Qpw4GregCVW8BRsb6Sne-RVQos5YrZQtXunNtVzkO0S4ow=&xkcb=SoBT6_M3iLN2PHzFwh0GbzkdCdPP&camk=C3EPSzFlQw9oCWuYlmVaOg==&p=13&atk=1jqb2uf3m26sf000,We are looking for a civil/mechanical/Fitter Site Engineers or Supervisor (B-tech/Diploma/ITI or ITC available in UAE-Visit Visa or Employment Visa with 2 + years of experience in *metal and glass…,,,indeed_ae,2026-06-05 05:08:59.725210+00:00
Senior Software Quality Assurance Engineer,Riseup Group,Sharjah,https://ae.indeed.com/rc/clk?jk=31e545f971db7785&bb=GfgYRhUCf_8BUMC-vI8-eRZiG_6d7j9yeVfjoR4vJe-3-l5fuP2BDE7IFY4pUGo898XNkigdmY53MgxtLjYQCcwEm3FYVPI4lQtUNlnjBxXQlSfxJ8cl6UohxsF4HzMq5fapG4TT1Y1Y850Hj-h4mw%3D%3D&xkcb=SoAT67M3iLN2PHzFwh0HbzkdCdPP&rjs=0&qd=Xd-cji1-rrfYy0m8LpokE8dF20pwsUrmctm8cTGFOXDOAPLLNYb6wmUg8gjYJafwpsXE23qShaYtGgdtUJu_X5BBGG-ayCiM-gQi8HpsYsLtZozk31ERKPJGlDLUboAG50chrnGX4B46HyqhlSj9xMohy02t3MX0n-6xoRHLk5Oh8V2c0duIS4mZo0TAq11Zl61No7XvcMPz961yBIpblougDO3NlIXerppYqweTrkxdIR2u4KVXi5XGrbZ08pfBgjrEyAE0GkSkYu3jG0wyzz3Y1gCYqZnOBVg83E4dTUM9oHrrKPqgUwpEOm4f4sA5WOxvghNOg8rM6Po_qXQU-g&atk=1jqb2uf3m26sf000,Mentor and guide junior software quality engineers . Knowledge of software development methodologies and practices. Bachelor’s degree in computer science or related field. Arabic Fluency is a MUST..,,,indeed_ae,2026-06-05 05:08:59.682524+00:00
Senior Electrical Engineer,MPH Global Services,Abu Dhabi,https://ae.indeed.com/rc/clk?jk=4b7fe60facb97a50&bb=GfgYRhUCf_8BUMC-vI8-eYGrMPmPVTieQFdUSyXg6QOrA_S-Pxok3bwJ44jObfzHGo2Kv4Afy6xv8SR2ydj-7btn_BKAVEYbJksGvYh1ELsQE0kk8bwm7HcZ7KyGjqoeDKgGoRK5NwMGc1wiQEKluw%3D%3D&xkcb=SoCd67M3iLN2PHzFwh0AbzkdCdPP&rjs=0&qd=Xd-cji1-rrfYy0m8LpokE8dF20pwsUrmctm8cTGFOXDOAPLLNYb6wmUg8gjYJafwpsXE23qShaYtGgdtUJu_X5BBGG-ayCiM-gQi8HpsYsLtZozk31ERKPJGlDLUboAG50chrnGX4B46HyqhlSj9xMohy02t3MX0n-6xoRHLk5Oh8V2c0duIS4mZo0TAq11Zl61No7XvcMPz961yBIpblougDO3NlIXerppYqweTrkxdIR2u4KVXi5XGrbZ08pfBgjrEyAE0GkSkYu3jG0wyzz3Y1gCYqZnOBVg83E4dTUM9oHrrKPqgUwpEOm4f4sA5WOxvghNOg8rM6Po_qXQU-g&atk=1jqb2uf3m26sf000,Prior involvement in Habshan 0 and/or Habshan 5 Gas Processing Facility projects will be an advantage. Proven experience in ADNOC Gas processing projects. Experience in mega gas processing facilities.,,,indeed_ae,2026-06-05 05:08:59.640210+00:00
Sr. Interface Engineer,Worley,Remote in Abu Dhabi,https://ae.indeed.com/rc/clk?jk=0697824c00edb935&bb=GfgYRhUCf_8BUMC-vI8-eVMfEUcNCv-GTr7lw2TT_F7WdhxLM9kj1dMkatt1KlRftWSAs8W2EcASScVeBLFEVJgkiEBAWOUgzUCfeD9KmQqQ2Vap6PFEoIxt8ozYC2FHwR0IJf8eokP0MQjsLAzlqg%3D%3D&xkcb=SoAp67M3iLN2PHzFwh0BbzkdCdPP&rjs=0&qd=Xd-cji1-rrfYy0m8LpokE8dF20pwsUrmctm8cTGFOXDOAPLLNYb6wmUg8gjYJafwpsXE23qShaYtGgdtUJu_X5BBGG-ayCiM-gQi8HpsYsLtZozk31ERKPJGlDLUboAG50chrnGX4B46HyqhlSj9xMohy02t3MX0n-6xoRHLk5Oh8V2c0duIS4mZo0TAq11Zl61No7XvcMPz961yBIpblougDO3NlIXerppYqweTrkxdIR2u4KVXi5XGrbZ08pfBgjrEyAE0GkSkYu3jG0wyzz3Y1gCYqZnOBVg83E4dTUM9oHrrKPqgUwpEOm4f4sA5WOxvghNOg8rM6Po_qXQU-g&atk=1jqb2uf3m26sf000,Must be a Bachelor degree holder (Mechanical / chemical) or any equivalent degree. Proficient in the use of computers and able to work with the relevant engineering software .,,,indeed_ae,2026-06-05 05:08:59.583925+00:00
"Regional Environmental Engineer, AWS Environmental",Amazon Data Services Emirates LLC DWC-Branch...,Dubai,https://ae.indeed.com/rc/clk?jk=c7ae22b801472efe&bb=GfgYRhUCf_8BUMC-vI8-eYGrMPmPVTieH167t4m2A1XiDHZZmjcgPq5dU3qNb5gkeq092tf7wqcvxpIEqcDGiaoc9vaZuUnF7BBH_XVhTJRa161wFqPKECeyPWK4yiyEN8rcleqmmev_r1d_PKqALw%3D%3D&xkcb=SoC067M3iLN2PHzFwh0CbzkdCdPP&rjs=0&qd=Xd-cji1-rrfYy0m8LpokE8dF20pwsUrmctm8cTGFOXDOAPLLNYb6wmUg8gjYJafwpsXE23qShaYtGgdtUJu_X5BBGG-ayCiM-gQi8HpsYsLtZozk31ERKPJGlDLUboAG50chrnGX4B46HyqhlSj9xMohy02t3MX0n-6xoRHLk5Oh8V2c0duIS4mZo0TAq11Zl61No7XvcMPz961yBIpblougDO3NlIXerppYqweTrkxdIR2u4KVXi5XGrbZ08pfBgjrEyAE0GkSkYu3jG0wyzz3Y1gCYqZnOBVg83E4dTUM9oHrrKPqgUwpEOm4f4sA5WOxvghNOg8rM6Po_qXQU-g&atk=1jqb2uf3m26sf000,"Experience in project management in data centers or comparable critical infrastructure. Bachelors Degree in Environmental / Civil / Chemical Engineering, or a related field.",,,indeed_ae,2026-06-05 05:08:59.541764+00:00
"Enterprise Technical Sales Specialist, EMEA",Meta,Dubai,https://ae.indeed.com/rc/clk?jk=a2bf819b3fdf798c&bb=GfgYRhUCf_8BUMC-vI8-eQofBQ-huMb0_HiIIoPbEikswMcaJTO9oj4DuqPNSaxBpt7ah2dA94WUGlT8pySHfoiQPiaU1OKsaW_sz-ONjHCZLhblVcUd1LnAA6r5xr-wDDGEsavAa4WJxpnfGL2AjQ%3D%3D&xkcb=SoAA67M3iLN2PHzFwh0DbzkdCdPP&rjs=0&qd=Xd-cji1-rrfYy0m8LpokE8dF20pwsUrmctm8cTGFOXDOAPLLNYb6wmUg8gjYJafwpsXE23qShaYtGgdtUJu_X5BBGG-ayCiM-gQi8HpsYsLtZozk31ERKPJGlDLUboAG50chrnGX4B46HyqhlSj9xMohy02t3MX0n-6xoRHLk5Oh8V2c0duIS4mZo0TAq11Zl61No7XvcMPz961yBIpblougDO3NlIXerppYqweTrkxdIR2u4KVXi5XGrbZ08pfBgjrEyAE0GkSkYu3jG0wyzz3Y1gCYqZnOBVg83E4dTUM9oHrrKPqgUwpEOm4f4sA5WOxvghNOg8rM6Po_qXQU-g&atk=1jqb2uf3m26sf000,"Move to MINIMUM_QUALIFICATION or PREFERRED_QUALIFICATIONS, or rephrase as a responsibility: ""Connect the bridges between standard customer experience market API , CRM/ERP integration, and whiteboard…",,,indeed_ae,2026-06-05 05:08:59.497139+00:00
Sales Manager,Binghatti Developers,Dubai,https://ae.indeed.com/rc/clk?jk=c37316d6f88c3de1&bb=GfgYRhUCf_8BUMC-vI8-eZBOTa_bKCxuikMjCcwcsdsy7Cy6mhC5NOKDgc99FDTxsom5Q6X682vKCpwiecVMAUfzyMUvh2SrYYbCCLXkqzezDgwLCaJY9blASNrPCoFYYmk-DhAZ5OMs2f2Rm-3Vjg%3D%3D&xkcb=SoDp67M3iLN2PHzFwh0MbzkdCdPP&rjs=0&qd=Xd-cji1-rrfYy0m8LpokE8dF20pwsUrmctm8cTGFOXDOAPLLNYb6wmUg8gjYJafwpsXE23qShaYtGgdtUJu_X5BBGG-ayCiM-gQi8HpsYsLtZozk31ERKPJGlDLUboAG50chrnGX4B46HyqhlSj9xMohy02t3MX0n-6xoRHLk5Oh8V2c0duIS4mZo0TAq11Zl61No7XvcMPz961yBIpblougDO3NlIXerppYqweTrkxdIR2u4KVXi5XGrbZ08pfBgjrEyAE0GkSkYu3jG0wyzz3Y1gCYqZnOBVg83E4dTUM9oHrrKPqgUwpEOm4f4sA5WOxvghNOg8rM6Po_qXQU-g&atk=1jqb2uf3m26sf000,"Knowledge of CRM tools and real estate sales software . Proven track record of consistently meeting or exceeding sales targets. Bachelor’s degree in Business Administration, Marketing, or related field…",,,indeed_ae,2026-06-05 05:08:59.434084+00:00
Estimation Engineer - Commercial Kitchen,Parasol International General Trading LLC,Dubai,https://ae.indeed.com/rc/clk?jk=6a6072568fd706e8&bb=GfgYRhUCf_8BUMC-vI8-eYg4qcSc_70K33MkGWa7hbRtzGgC8RxYIGqLWqrE3Ea6Kb7yCjSKP8FtT7aGY5VZylGdMwBOvzTXeUp1KhLtTuKXKBAGnt4TWJ1dynHFQvAftnseWWoK2V9TOxH4YdJyEw%3D%3D&xkcb=SoBd67M3iLN2PHzFwh0NbzkdCdPP&rjs=0&qd=Xd-cji1-rrfYy0m8LpokE8dF20pwsUrmctm8cTGFOXDOAPLLNYb6wmUg8gjYJafwpsXE23qShaYtGgdtUJu_X5BBGG-ayCiM-gQi8HpsYsLtZozk31ERKPJGlDLUboAG50chrnGX4B46HyqhlSj9xMohy02t3MX0n-6xoRHLk5Oh8V2c0duIS4mZo0TAq11Zl61No7XvcMPz961yBIpblougDO3NlIXerppYqweTrkxdIR2u4KVXi5XGrbZ08pfBgjrEyAE0GkSkYu3jG0wyzz3Y1gCYqZnOBVg83E4dTUM9oHrrKPqgUwpEOm4f4sA5WOxvghNOg8rM6Po_qXQU-g&atk=1jqb2uf3m26sf000,Ensure full compliance with consultant and client requirements. Analyze project scope and identify missing items or risks. Bachelor’s degree in mechanical/electrical engineering or related field.,,,indeed_ae,2026-06-05 05:08:59.392282+00:00
Arabic (Emirati) Language Specialist - Freelance AI Trainer Project,Meridial,Remote,https://ae.indeed.com/rc/clk?jk=c4584347de33e60a&bb=GfgYRhUCf_8BUMC-vI8-ebc-pFbzRno7wPWJAqFXjbPwYAfSivEG3t32rzCzG0WStM5br-lMKUB7F-fgPdKImcrb2G6G2ctRIo0kcyIxoZcpSL9vugO_NBi6TEUKl85FqCfwa7DuGetV1fpBLkyzdg%3D%3D&xkcb=SoDA67M3iLN2PHzFwh0ObzkdCdPP&rjs=0&qd=Xd-cji1-rrfYy0m8LpokE8dF20pwsUrmctm8cTGFOXDOAPLLNYb6wmUg8gjYJafwpsXE23qShaYtGgdtUJu_X5BBGG-ayCiM-gQi8HpsYsLtZozk31ERKPJGlDLUboAG50chrnGX4B46HyqhlSj9xMohy02t3MX0n-6xoRHLk5Oh8V2c0duIS4mZo0TAq11Zl61No7XvcMPz961yBIpblougDO3NlIXerppYqweTrkxdIR2u4KVXi5XGrbZ08pfBgjrEyAE0GkSkYu3jG0wyzz3Y1gCYqZnOBVg83E4dTUM9oHrrKPqgUwpEOm4f4sA5WOxvghNOg8rM6Po_qXQU-g&atk=1jqb2uf3m26sf000,"A degree in Arabic language, linguistics, or a closely related field is ideal; peer‑reviewed publications, translation experience, or hands-on linguistic analysis projects signal fit.",,,indeed_ae,2026-06-05 05:08:59.327586+00:00
office Engineer,Ctiy tower decorLLC,Dubai,https://ae.indeed.com/rc/clk?jk=5de87aac7312f991&bb=GfgYRhUCf_8BUMC-vI8-eRHKskPKxqMHw6ARqASI2CWhsVGq1Aaw0BnmNyUGLtgg3tHrR4lwGODLzeiaEsI2OuftcuZhMCbLbEiKImc1OiaiCyoyUqdCSG2YKJuRuTlVvV9hDyJU4P3l7YhoBGATOA%3D%3D&xkcb=SoB067M3iLN2PHzFwh0PbzkdCdPP&rjs=0&qd=Xd-cji1-rrfYy0m8LpokE8dF20pwsUrmctm8cTGFOXDOAPLLNYb6wmUg8gjYJafwpsXE23qShaYtGgdtUJu_X5BBGG-ayCiM-gQi8HpsYsLtZozk31ERKPJGlDLUboAG50chrnGX4B46HyqhlSj9xMohy02t3MX0n-6xoRHLk5Oh8V2c0duIS4mZo0TAq11Zl61No7XvcMPz961yBIpblougDO3NlIXerppYqweTrkxdIR2u4KVXi5XGrbZ08pfBgjrEyAE0GkSkYu3jG0wyzz3Y1gCYqZnOBVg83E4dTUM9oHrrKPqgUwpEOm4f4sA5WOxvghNOg8rM6Po_qXQU-g&atk=1jqb2uf3m26sf000,"Degree or Diploma in Civil Engineering. Min 2 years of experience in Interiors/ Joinery or General maintenance. Coordinate with the manager and site engineer regarding the design, estimate and…",,,indeed_ae,2026-06-05 05:08:59.284831+00:00
Regional Technical Manager,Boskalis,Sharjah,https://ae.indeed.com/rc/clk?jk=50a2fce21558b5a8&bb=GfgYRhUCf_8BUMC-vI8-eQO345vIk5LKHWUrxam_XjaYWJxSKJOsfhpomHgISiLr0SBWeRFfhPov38yHReBjen9yfJyNVlSX6luAWb3Rf0SwDcUS1iflZzABw-7Oc4OnycSSRe1sh3IGtqmO_wpMtA%3D%3D&xkcb=SoD667M3iLN2PHzFwh0IbzkdCdPP&rjs=0&qd=Xd-cji1-rrfYy0m8LpokE8dF20pwsUrmctm8cTGFOXDOAPLLNYb6wmUg8gjYJafwpsXE23qShaYtGgdtUJu_X5BBGG-ayCiM-gQi8HpsYsLtZozk31ERKPJGlDLUboAG50chrnGX4B46HyqhlSj9xMohy02t3MX0n-6xoRHLk5Oh8V2c0duIS4mZo0TAq11Zl61No7XvcMPz961yBIpblougDO3NlIXerppYqweTrkxdIR2u4KVXi5XGrbZ08pfBgjrEyAE0GkSkYu3jG0wyzz3Y1gCYqZnOBVg83E4dTUM9oHrrKPqgUwpEOm4f4sA5WOxvghNOg8rM6Po_qXQU-g&atk=1jqb2uf3m26sf000,"Bachelor’s or Master’s degree in Maritime Engineering, Mechanical Engineering, or Naval Architecture (Maritime Officer HWTK preferred). Preferably seagoing experience as Chief Engineer or First…",,,indeed_ae,2026-06-05 05:08:59.244627+00:00
Front Desk Admin(immediate joining),HBS Group,Dubai,https://ae.indeed.com/pagead/clk?mo=r&ad=-6NYlbfkN0DQqPvdxU1pURC7RlQ_P3u7vhSz6arODtAHmnVkftZivz0hs-YN0pjKGv9Fmc6Zea789F9DcZRoLJbtBml3r86rjfipFlyjayB3YAZZ7HhvXabs5yShkk9koDp8gCx2ytlTBBfT1OwMminQ-getyii7H86BsZmjV6djKlsmRWOhf_AYHwDKj3hz8xb1MUw3QO_Xyi_W-0zA4y1JepZRO6ACLfMspqbMNreVTt1_rK3tFYOa55gXo_5SoCsaQqy376Qn75oGsdmb76gpTjWUUx3B3dLl4ENPnGZf7PU_IO9yQ7Q2CJCwSpHQ_UZJ2ddqyL6rTO9wpPKc9NvTxDuV4G8GCdeiMXY0b9Hw8HjIRBx3l4qeGxypgdZlrAgXW9KtJspJSbB10WSk_NUiDKpLaCDZNGSwkWa7d5bK0O0IhlmSXDa4OvVA_7RBQh8tcN4pSitBOVPkLWILr70jQ-iJgcFzaicsytfOKaYYWH0QTuw8zM1qWcOQwyiCls93lm-5W_L9Wm9vsnaX5vq6jY2l5V-M02goEJYpXEBc14m0sx4kmYZeriQv1LqjfbXm3qvQv2gf5z81XOZLI_-ij2YYE_jaaM_w5aOVE5xqLb5HqaqKooBAIm6N2Dc8yZDUpn7Gc5QrbmIa4Z6dp0iRtcDcPcUgG2Xq_UrTl5rUvVtAo9tuhygh56VztV906uck4MholkiMu-8Is4ADWxBtvxLOKTPpdkkYIF8w5xxhKBwCFg1S3leyZGwpboeE3t1BDh68UY1vmWxkGextY71Pjd0t6dSuHNq32qrolUVeSr_onAhjRAhERqyWfdosPU3KJaF8P2z08-ARRS__3IUncxFNwQiXrY8Zudu924aZM6TLzXHGYtg3TBvIKiRer74_rZ-CWJh3ruCbXFDuD9diERT8R1zI9Ws3Fd3DRvfH0r4Hi2jlsUKxev6RE6vvtHg6XXEyx4iUtsyo5ExuKqXP5zA72hkc&xkcb=SoC66_M3iLN2PHzFwh0JbzkdCdPP&camk=C3EPSzFlQw_WtoB6WZeH0A==&p=2&atk=1jqb2uf3m26sf000,"Experience dealing with high-net-worth individuals (HNWI) or VIP clients is an advantage. Handle client concerns or complaints with efficiency, empathy, and resolution-focused communication.",,,indeed_ae,2026-06-05 05:08:59.197055+00:00
DOMAIN CONSULTANT L3,Wipro Limited,Abu Dhabi,https://ae.indeed.com/rc/clk?jk=181fc20a3be98598&bb=GfgYRhUCf_8BUMC-vI8-eS1CxzEY-Tp-tUSCye_cD3Ii5NIEZWiFO2n2R8eTiwxcaQTmuG9jXW0BH3WJC6PPHWZfPT0_AWwUPgVkfkm8XHN7wu4C7pJi8J6rfjXJU0Dx1vyjV2-n-vlnr5d9XJ-M-g%3D%3D&xkcb=SoDT67M3iLN2PHzFwh0KbzkdCdPP&rjs=0&qd=Xd-cji1-rrfYy0m8LpokE8dF20pwsUrmctm8cTGFOXDOAPLLNYb6wmUg8gjYJafwpsXE23qShaYtGgdtUJu_X5BBGG-ayCiM-gQi8HpsYsLtZozk31ERKPJGlDLUboAG50chrnGX4B46HyqhlSj9xMohy02t3MX0n-6xoRHLk5Oh8V2c0duIS4mZo0TAq11Zl61No7XvcMPz961yBIpblougDO3NlIXerppYqweTrkxdIR2u4KVXi5XGrbZ08pfBgjrEyAE0GkSkYu3jG0wyzz3Y1gCYqZnOBVg83E4dTUM9oHrrKPqgUwpEOm4f4sA5WOxvghNOg8rM6Po_qXQU-g&atk=1jqb2uf3m26sf000,Banking or Trade Finance domain experience is strongly preferred. Advanced certifications in cloud technologies or Java frameworks will be an added advantage.,,,indeed_ae,2026-06-05 05:08:59.157026+00:00
"Customer Solution Engineer, Major Projects Modernization",Kone,Dubai,https://ae.indeed.com/rc/clk?jk=800d5c2c3fd2b6db&bb=GfgYRhUCf_8BUMC-vI8-eXESANFQ0OsqkiX7EI4tkRpy2rGKNiImRi-fSAZJ01ZYfK4A0KsfCpnJRPMKB23SoWRQaugLaU8S-5WE9fwRLuLXBsJyqWHQFDTHg39sNcXADTEz-WFyE0-_7Uh2s0jfNw%3D%3D&xkcb=SoBn67M3iLN2PHzFwh0LbzkdCdPP&rjs=0&qd=Xd-cji1-rrfYy0m8LpokE8dF20pwsUrmctm8cTGFOXDOAPLLNYb6wmUg8gjYJafwpsXE23qShaYtGgdtUJu_X5BBGG-ayCiM-gQi8HpsYsLtZozk31ERKPJGlDLUboAG50chrnGX4B46HyqhlSj9xMohy02t3MX0n-6xoRHLk5Oh8V2c0duIS4mZo0TAq11Zl61No7XvcMPz961yBIpblougDO3NlIXerppYqweTrkxdIR2u4KVXi5XGrbZ08pfBgjrEyAE0GkSkYu3jG0wyzz3Y1gCYqZnOBVg83E4dTUM9oHrrKPqgUwpEOm4f4sA5WOxvghNOg8rM6Po_qXQU-g&atk=1jqb2uf3m26sf000,"Minimum Bachelor’s degree in preferably Mechanical or Electrical Engineering, or several years of working experience in the elevator business. Handles engineering on Modernisation (MOD), including…",,,indeed_ae,2026-06-05 05:08:59.112007+00:00
Electrical Estimation Engineer,PLUTO ELECTRO-MECHANICAL CONT. COMPANY,Dubai,https://ae.indeed.com/rc/clk?jk=7f86d2f4129871e4&bb=A1cEFvwNWx0yDwGK0v8yGDYtxcwAf877-u-QjgDdGpyt1zuOMoO7K14zIV78NAJ6UAxJbwmsl666C5yG_HvTU_gIbkE59yUWzCbrV2xN95q9-y6aORjLf-C7n9iodkP9Ges4JI_nv28tPxvVwjKkGg%3D%3D&xkcb=SoB467M3iLN2jfz43J0XbzkdCdPP&rjs=0&qd=Xd-cji1-rrfYy0m8LpokE8dF20pwsUrmctm8cTGFOXDOAPLLNYb6wmUg8gjYJafwpsXE23qShaYtGgdtUJu_X5BBGG-ayCiM-gQi8HpsYsLtZozk31ERKPJGlDLUboAG50chrnGX4B46HyqhlSj9xMohy02t3MX0n-6xoRHLk5Oh8V2c0duIS4mZo0TAq11Zl61No7XvcMPz961yBIpblougDO3NlIXerppYqweTrkxdIR2u4KVXi5XGrbZ08pfBgjrEyAE0GkSkYu3jG0wyzz3Y1gCYqZnOBVg83E4dTUMYhj3CoJQC3bpgf4LtXeKOWOxvghNOg8rM6Po_qXQU-g&atk=1jqb2uahc26pt003,"They prepare project cost estimates, evaluate contractors' bids, and recommend the best option to the client. They must have a strong understanding of construction methods and materials and an ability…",,,indeed_ae,2026-06-05 05:08:55.516081+00:00
Specialist Engineer – Construction- Instrumentation &Control,Worley,Abu Dhabi,https://ae.indeed.com/rc/clk?jk=c55112f851e0887d&bb=A1cEFvwNWx0yDwGK0v8yGO4pTw_xwwdx4jhd0L5jY78EyFOAJy6ukRC4YrwUM0uxI6ndLmt5OGSnSlp_YH_qjE3NtbgY_VMv2Ah5yG3zBJyLbugMjuQ4lMEt4E5ppQWJO5-3CyjI_Pn8WAniNrqDKA%3D%3D&xkcb=SoD267M3iLN2jfz43J0QbzkdCdPP&rjs=0&qd=Xd-cji1-rrfYy0m8LpokE8dF20pwsUrmctm8cTGFOXDOAPLLNYb6wmUg8gjYJafwpsXE23qShaYtGgdtUJu_X5BBGG-ayCiM-gQi8HpsYsLtZozk31ERKPJGlDLUboAG50chrnGX4B46HyqhlSj9xMohy02t3MX0n-6xoRHLk5Oh8V2c0duIS4mZo0TAq11Zl61No7XvcMPz961yBIpblougDO3NlIXerppYqweTrkxdIR2u4KVXi5XGrbZ08pfBgjrEyAE0GkSkYu3jG0wyzz3Y1gCYqZnOBVg83E4dTUMYhj3CoJQC3bpgf4LtXeKOWOxvghNOg8rM6Po_qXQU-g&atk=1jqb2uahc26pt003,Liaise with project engineers to ensure priorities are maintained. Min 5+ Years experience in the Oil and Gas or petrochemical industry is mandatory and minimum 5 years GCC experience is preferred.,,,indeed_ae,2026-06-05 05:08:55.475413+00:00
Safety Officer (HSE Officer),IIQAF,Abu Dhabi,https://ae.indeed.com/rc/clk?jk=c7aa7d14c35ab70d&bb=A1cEFvwNWx0yDwGK0v8yGO1R4yt6kom1ghWlggECH6TLohu6Gy752C1sJ8ERF1ozxuIZcmoYMUMl7OoE6xiUn_LXPonWrnt5jgy4_SEhdSL2OGAyhOAi1mMKVPdd668QBK0nxvW9pyfRb3xBlttS5Q%3D%3D&xkcb=SoBC67M3iLN2jfz43J0RbzkdCdPP&rjs=0&qd=Xd-cji1-rrfYy0m8LpokE8dF20pwsUrmctm8cTGFOXDOAPLLNYb6wmUg8gjYJafwpsXE23qShaYtGgdtUJu_X5BBGG-ayCiM-gQi8HpsYsLtZozk31ERKPJGlDLUboAG50chrnGX4B46HyqhlSj9xMohy02t3MX0n-6xoRHLk5Oh8V2c0duIS4mZo0TAq11Zl61No7XvcMPz961yBIpblougDO3NlIXerppYqweTrkxdIR2u4KVXi5XGrbZ08pfBgjrEyAE0GkSkYu3jG0wyzz3Y1gCYqZnOBVg83E4dTUMYhj3CoJQC3bpgf4LtXeKOWOxvghNOg8rM6Po_qXQU-g&atk=1jqb2uahc26pt003,"Diploma or Bachelor’s degree in Occupational Health & Safety, Engineering, or related field. NEBOSH, IOSH, or equivalent HSE certification preferred. IIQAF Group is seeking a vigilant and experienced…",,,indeed_ae,2026-06-05 05:08:55.431379+00:00
Engineering Teacher - Electrical,Abu Dhabi Vocational Education and Training...,Abu Dhabi,https://ae.indeed.com/rc/clk?jk=21f612c9d0373dd9&bb=A1cEFvwNWx0yDwGK0v8yGFOSgxfVqKzbPAuUHglx_YpQxKOEzi8mtc8KAN37sps2ZtXJ7e99ZzK822rXMyj0qvJWDfH-VA4BhmX-8atltbKaTB-L5Yp6WDmKigz_lOj0OAM7eBsA6kSH8WZQhSuHQA%3D%3D&xkcb=SoDf67M3iLN2jfz43J0SbzkdCdPP&rjs=0&qd=Xd-cji1-rrfYy0m8LpokE8dF20pwsUrmctm8cTGFOXDOAPLLNYb6wmUg8gjYJafwpsXE23qShaYtGgdtUJu_X5BBGG-ayCiM-gQi8HpsYsLtZozk31ERKPJGlDLUboAG50chrnGX4B46HyqhlSj9xMohy02t3MX0n-6xoRHLk5Oh8V2c0duIS4mZo0TAq11Zl61No7XvcMPz961yBIpblougDO3NlIXerppYqweTrkxdIR2u4KVXi5XGrbZ08pfBgjrEyAE0GkSkYu3jG0wyzz3Y1gCYqZnOBVg83E4dTUMYhj3CoJQC3bpgf4LtXeKOWOxvghNOg8rM6Po_qXQU-g&atk=1jqb2uahc26pt003,Worked 3 years in Industry as maintenance engineer or similar. BSc or Equivalent in Electrical Engineering or related disciplines. MSc in Engineering or Education. Vocational teaching and training.,,,indeed_ae,2026-06-05 05:08:55.382834+00:00
Estmation Engineer - MEP,Jaseera Building Contracting LLC,Dubai,https://ae.indeed.com/rc/clk?jk=0f0ecd58b191d8d8&bb=A1cEFvwNWx0yDwGK0v8yGDKhlAtgySs6BY7TOgDmc1ykSadW5bOtB69Wm_fMXwBJurivfR-YdS1k0Xlx9mmGLapHPaKSnqgdfJ0Yf3LMQErWpbf1En6xmQkT3rHMDkhZa-Y8W3nZo_8Isavq4LsBWA%3D%3D&xkcb=SoBr67M3iLN2jfz43J0TbzkdCdPP&rjs=0&qd=Xd-cji1-rrfYy0m8LpokE8dF20pwsUrmctm8cTGFOXDOAPLLNYb6wmUg8gjYJafwpsXE23qShaYtGgdtUJu_X5BBGG-ayCiM-gQi8HpsYsLtZozk31ERKPJGlDLUboAG50chrnGX4B46HyqhlSj9xMohy02t3MX0n-6xoRHLk5Oh8V2c0duIS4mZo0TAq11Zl61No7XvcMPz961yBIpblougDO3NlIXerppYqweTrkxdIR2u4KVXi5XGrbZ08pfBgjrEyAE0GkSkYu3jG0wyzz3Y1gCYqZnOBVg83E4dTUMYhj3CoJQC3bpgf4LtXeKOWOxvghNOg8rM6Po_qXQU-g&atk=1jqb2uahc26pt003,"We are looking for a skilled MEP Estimation Engineer to prepare accurate cost estimates and support tendering activities for Mechanical, Electrical, and Plumbing (MEP) projects.",,,indeed_ae,2026-06-05 05:08:55.344405+00:00
PROJECT MANAGER - MEP,Asian Falcons Engineering,UAE,https://ae.indeed.com/rc/clk?jk=2d07d3d3cc41e46c&bb=A1cEFvwNWx0yDwGK0v8yGG-Kvvk1_hR2hDjmKMId0YB_tL8rlwzW1lpj51ZOTSHsmUtcTNIXcr94Ct5GCZJRnMeCclY_HqswTQh5uaDtGCe_kck8Dk-35UXaDA4eYqIlF5DGLeoCy6J5q7Ch6_TvLA%3D%3D&xkcb=SoCC67M3iLN2jfz43J0cbzkdCdPP&rjs=0&qd=Xd-cji1-rrfYy0m8LpokE8dF20pwsUrmctm8cTGFOXDOAPLLNYb6wmUg8gjYJafwpsXE23qShaYtGgdtUJu_X5BBGG-ayCiM-gQi8HpsYsLtZozk31ERKPJGlDLUboAG50chrnGX4B46HyqhlSj9xMohy02t3MX0n-6xoRHLk5Oh8V2c0duIS4mZo0TAq11Zl61No7XvcMPz961yBIpblougDO3NlIXerppYqweTrkxdIR2u4KVXi5XGrbZ08pfBgjrEyAE0GkSkYu3jG0wyzz3Y1gCYqZnOBVg83E4dTUMYhj3CoJQC3bpgf4LtXeKOWOxvghNOg8rM6Po_qXQU-g&atk=1jqb2uahc26pt003,"Available to join immediately or within a short notice period. Bachelor's Degree in Mechanical Engineering or Electrical Engineering. Proven experience with high-rise buildings, commercial buildings,…",,,indeed_ae,2026-06-05 05:08:55.303426+00:00
Draftsman - Civil Structure,Naresco Contracting LLC,Dubai,https://ae.indeed.com/rc/clk?jk=06137626200b2158&bb=A1cEFvwNWx0yDwGK0v8yGB7qq1vzm_wfo91Fy0NmQIrcVIMs9xq8BGrffE4CdcNYRbnRH2Nk_zP2Lo9UdSqCKlr2xEviouMmDxHhy8755XsdTzeUTAeTdWdGgrOKe-sXLigkcOy5G9n9X5Mz8iY-Ag%3D%3D&xkcb=SoA267M3iLN2jfz43J0dbzkdCdPP&rjs=0&qd=Xd-cji1-rrfYy0m8LpokE8dF20pwsUrmctm8cTGFOXDOAPLLNYb6wmUg8gjYJafwpsXE23qShaYtGgdtUJu_X5BBGG-ayCiM-gQi8HpsYsLtZozk31ERKPJGlDLUboAG50chrnGX4B46HyqhlSj9xMohy02t3MX0n-6xoRHLk5Oh8V2c0duIS4mZo0TAq11Zl61No7XvcMPz961yBIpblougDO3NlIXerppYqweTrkxdIR2u4KVXi5XGrbZ08pfBgjrEyAE0GkSkYu3jG0wyzz3Y1gCYqZnOBVg83E4dTUMYhj3CoJQC3bpgf4LtXeKOWOxvghNOg8rM6Po_qXQU-g&atk=1jqb2uahc26pt003,Bachelor's degree in Civil or Structural Engineering or a related field is preferred for a foundational understanding of structural principles. Utilize 3D modeling software to visualize structural…,,,indeed_ae,2026-06-05 05:08:55.263456+00:00
"DPS Engineer - 8 Months project - Alkhobar, KSA",DeepSource Technologies,Dubai,https://ae.indeed.com/rc/clk?jk=d4189eeda4da3f50&bb=A1cEFvwNWx0yDwGK0v8yGB7qq1vzm_wfrD1LAEF7BBbALyOgHoviH7lmZ9oT51esC5DXFQP189i64bGeBzVqSbRqL7GdIjdxGSbj4689jrGsE_xfRtUnr2cX5kEW_TFZkSnCZ2RU8uII8P4rA_bkTw%3D%3D&xkcb=SoCr67M3iLN2jfz43J0ebzkdCdPP&rjs=0&qd=Xd-cji1-rrfYy0m8LpokE8dF20pwsUrmctm8cTGFOXDOAPLLNYb6wmUg8gjYJafwpsXE23qShaYtGgdtUJu_X5BBGG-ayCiM-gQi8HpsYsLtZozk31ERKPJGlDLUboAG50chrnGX4B46HyqhlSj9xMohy02t3MX0n-6xoRHLk5Oh8V2c0duIS4mZo0TAq11Zl61No7XvcMPz961yBIpblougDO3NlIXerppYqweTrkxdIR2u4KVXi5XGrbZ08pfBgjrEyAE0GkSkYu3jG0wyzz3Y1gCYqZnOBVg83E4dTUMYhj3CoJQC3bpgf4LtXeKOWOxvghNOg8rM6Po_qXQU-g&atk=1jqb2uahc26pt003,Proven exposure to large-scale banking environments or highly regulated industries. The ideal candidate will possess strong expertise in Dell data protection technologies and experience working within…,,,indeed_ae,2026-06-05 05:08:55.219646+00:00
Site Engineer,The Floorist,Dubai,https://ae.indeed.com/rc/clk?jk=49f801b59c26a361&bb=A1cEFvwNWx0yDwGK0v8yGH3JpXuovqEyfx8d2Ua_9YU-HLL_PSBRcH_CjVAD0n5yUpwIAyA3XL7sLmx-C4_9oxKDCUM0cdEyDo7K3T7QCGzEhUrGuufaPAkGy_nxOOox652Mgw-lsmnnvllkbS1SNA%3D%3D&xkcb=SoAf67M3iLN2jfz43J0fbzkdCdPP&rjs=0&qd=Xd-cji1-rrfYy0m8LpokE8dF20pwsUrmctm8cTGFOXDOAPLLNYb6wmUg8gjYJafwpsXE23qShaYtGgdtUJu_X5BBGG-ayCiM-gQi8HpsYsLtZozk31ERKPJGlDLUboAG50chrnGX4B46HyqhlSj9xMohy02t3MX0n-6xoRHLk5Oh8V2c0duIS4mZo0TAq11Zl61No7XvcMPz961yBIpblougDO3NlIXerppYqweTrkxdIR2u4KVXi5XGrbZ08pfBgjrEyAE0GkSkYu3jG0wyzz3Y1gCYqZnOBVg83E4dTUMYhj3CoJQC3bpgf4LtXeKOWOxvghNOg8rM6Po_qXQU-g&atk=1jqb2uahc26pt003,"Bachelor’s Degree or Diploma in Civil Engineering or Construction Management. Monitor project timelines and flag potential delays or issues early. Ability to handle multiple sites or teams, if needed.",,,indeed_ae,2026-06-05 05:08:55.172917+00:00
Postdoctoral Fellow,United Arab Emirates University,Al-Ayn,https://ae.indeed.com/rc/clk?jk=8e5c37201e49db1f&bb=A1cEFvwNWx0yDwGK0v8yGBh8oH7-KGH1DmaJOy98IkBwIB_vtfV00ThXsi6DLfUiqACBVmiGVlBpth-bv3rhkMG9AJpTL-kDm4WAcWW7SZ6DWECDAZEtXXd24G1rOJt5_OFeHRt0K_wPLJtlZ4fQ-g%3D%3D&xkcb=SoCR67M3iLN2jfz43J0YbzkdCdPP&rjs=0&qd=Xd-cji1-rrfYy0m8LpokE8dF20pwsUrmctm8cTGFOXDOAPLLNYb6wmUg8gjYJafwpsXE23qShaYtGgdtUJu_X5BBGG-ayCiM-gQi8HpsYsLtZozk31ERKPJGlDLUboAG50chrnGX4B46HyqhlSj9xMohy02t3MX0n-6xoRHLk5Oh8V2c0duIS4mZo0TAq11Zl61No7XvcMPz961yBIpblougDO3NlIXerppYqweTrkxdIR2u4KVXi5XGrbZ08pfBgjrEyAE0GkSkYu3jG0wyzz3Y1gCYqZnOBVg83E4dTUMYhj3CoJQC3bpgf4LtXeKOWOxvghNOg8rM6Po_qXQU-g&atk=1jqb2uahc26pt003,"Experience working in mangrove or coastal ecosystems, or similar environments. PhD (or nearing completion) in Soil Science, Biogeochemistry, Microbial Ecology, Environmental Science, or a related…",,,indeed_ae,2026-06-05 05:08:55.109036+00:00
Planning Engineer (Road & Infrasturcture),TFE,Dubai,https://ae.indeed.com/rc/clk?jk=36169a405b699306&bb=A1cEFvwNWx0yDwGK0v8yGFz6AA0slsbCqTtOCXLY1a036YUylrzTIb5RfWBQd_lR_E6oLh3U-a7vXIJDukx3oetfees34XVhMYf1gLJUeAR6t-aYwtsjeCMMFK5AY47GbS7wWEGy1tRJzVB131hfmw%3D%3D&xkcb=SoAl67M3iLN2jfz43J0ZbzkdCdPP&rjs=0&qd=Xd-cji1-rrfYy0m8LpokE8dF20pwsUrmctm8cTGFOXDOAPLLNYb6wmUg8gjYJafwpsXE23qShaYtGgdtUJu_X5BBGG-ayCiM-gQi8HpsYsLtZozk31ERKPJGlDLUboAG50chrnGX4B46HyqhlSj9xMohy02t3MX0n-6xoRHLk5Oh8V2c0duIS4mZo0TAq11Zl61No7XvcMPz961yBIpblougDO3NlIXerppYqweTrkxdIR2u4KVXi5XGrbZ08pfBgjrEyAE0GkSkYu3jG0wyzz3Y1gCYqZnOBVg83E4dTUMYhj3CoJQC3bpgf4LtXeKOWOxvghNOg8rM6Po_qXQU-g&atk=1jqb2uahc26pt003,Planning Engineer (Arabic Speaker) with minimum 5 years of experience in road & Infrastructure projects in UAE.,,,indeed_ae,2026-06-05 05:08:55.069800+00:00
Foreman- Electrical,DNB Construction LLC,Al Quoz,https://ae.indeed.com/rc/clk?jk=aaba8e9b169c3bcc&bb=A1cEFvwNWx0yDwGK0v8yGABYqz9DQuNbptRNeiSxc9G-U_UZjLT-Vqt5KwOP7h1X1M12SuiaCckG_RzVXF5AHculMelFA_DosUbR09r2stBHEHACgj1FbXgT8njsGsqi50Z29hJXd47Y5VtAQ8g0Lg%3D%3D&xkcb=SoC467M3iLN2jfz43J0abzkdCdPP&rjs=0&qd=Xd-cji1-rrfYy0m8LpokE8dF20pwsUrmctm8cTGFOXDOAPLLNYb6wmUg8gjYJafwpsXE23qShaYtGgdtUJu_X5BBGG-ayCiM-gQi8HpsYsLtZozk31ERKPJGlDLUboAG50chrnGX4B46HyqhlSj9xMohy02t3MX0n-6xoRHLk5Oh8V2c0duIS4mZo0TAq11Zl61No7XvcMPz961yBIpblougDO3NlIXerppYqweTrkxdIR2u4KVXi5XGrbZ08pfBgjrEyAE0GkSkYu3jG0wyzz3Y1gCYqZnOBVg83E4dTUMYhj3CoJQC3bpgf4LtXeKOWOxvghNOg8rM6Po_qXQU-g&atk=1jqb2uahc26pt003,Provide daily work progress reports to the site engineer or project manager. Diploma or Technical Certification in Electrical Engineering or relevant trade. Electrical foreman: 3 years (Required).,,,indeed_ae,2026-06-05 05:08:55.031335+00:00
Business Development Director - Job Description,Al Nayef Group,Abu Dhabi,https://ae.indeed.com/rc/clk?jk=8a551572aeb3ddf0&bb=A1cEFvwNWx0yDwGK0v8yGK6dG3_RfyQ7q69lhDyq-IjgHlPGDmEIFye8za-EfZyPo8c2AmiBYCZ60Xssgd-jlNeCbL8_mK3o_TkoqjeQTjS0xNA5I7JP8mdQd6u_xcJhRjUauta41PUdc_8GAPEZeagjQWU2V5Ip&xkcb=SoAM67M3iLN2jfz43J0bbzkdCdPP&rjs=0&qd=Xd-cji1-rrfYy0m8LpokE8dF20pwsUrmctm8cTGFOXDOAPLLNYb6wmUg8gjYJafwpsXE23qShaYtGgdtUJu_X5BBGG-ayCiM-gQi8HpsYsLtZozk31ERKPJGlDLUboAG50chrnGX4B46HyqhlSj9xMohy02t3MX0n-6xoRHLk5Oh8V2c0duIS4mZo0TAq11Zl61No7XvcMPz961yBIpblougDO3NlIXerppYqweTrkxdIR2u4KVXi5XGrbZ08pfBgjrEyAE0GkSkYu3jG0wyzz3Y1gCYqZnOBVg83E4dTUMYhj3CoJQC3bpgf4LtXeKOWOxvghNOg8rM6Po_qXQU-g&atk=1jqb2uahc26pt003,"Bachelor's Degree in Business, Marketing, Engineering, or related field. Experience in fit-out, construction, IT, ELV, marketing, or related industries. Reports To: CEO / Managing Director.",,,indeed_ae,2026-06-05 05:08:54.980074+00:00
Limousine Driver,Z plus limousine,Dubai,https://ae.indeed.com/rc/clk?jk=49ef5229083e712a&bb=A1cEFvwNWx0yDwGK0v8yGDyMjJSgH-1GJisStH_iM99y6xWnU1kZg6_xQdsKGfkv4uk2SA8cKTiGln7xeOhAVqLN0ol2r9kE9yCCnIhRMhjLrBQmunvwVrDXAUk77ocHqc26bl7CPdoSe33xR7KUFQ%3D%3D&xkcb=SoAr67M3iLN2jfz43J0EbzkdCdPP&rjs=0&qd=Xd-cji1-rrfYy0m8LpokE8dF20pwsUrmctm8cTGFOXDOAPLLNYb6wmUg8gjYJafwpsXE23qShaYtGgdtUJu_X5BBGG-ayCiM-gQi8HpsYsLtZozk31ERKPJGlDLUboAG50chrnGX4B46HyqhlSj9xMohy02t3MX0n-6xoRHLk5Oh8V2c0duIS4mZo0TAq11Zl61No7XvcMPz961yBIpblougDO3NlIXerppYqweTrkxdIR2u4KVXi5XGrbZ08pfBgjrEyAE0GkSkYu3jG0wyzz3Y1gCYqZnOBVg83E4dTUMYhj3CoJQC3bpgf4LtXeKOWOxvghNOg8rM6Po_qXQU-g&atk=1jqb2uahc26pt003,"Inform supervisor of any vehicle issues or damage. Previous experience driving professionally or as a limousine driver is a plus. Valid UAE driving license (at least 1 year, limousine or light vehicle…",,,indeed_ae,2026-06-05 05:08:54.940308+00:00
Scientist – Remote Sensing,ICBA,Dubai,https://ae.indeed.com/rc/clk?jk=e5bf844edda9e36f&bb=A1cEFvwNWx0yDwGK0v8yGGclaPRFVhT7uOTD4stGEkKn4IVn3bWuGP1Fen98frT7cvHpmhd01E2hlwOPFt0_ADHmJ2gICh8aEfhNaEiYA75EXcN8mBSzxbJXvlFfZ7ehykkxK53_hPZsbjWc3xyi8A%3D%3D&xkcb=SoCf67M3iLN2jfz43J0FbzkdCdPP&rjs=0&qd=Xd-cji1-rrfYy0m8LpokE8dF20pwsUrmctm8cTGFOXDOAPLLNYb6wmUg8gjYJafwpsXE23qShaYtGgdtUJu_X5BBGG-ayCiM-gQi8HpsYsLtZozk31ERKPJGlDLUboAG50chrnGX4B46HyqhlSj9xMohy02t3MX0n-6xoRHLk5Oh8V2c0duIS4mZo0TAq11Zl61No7XvcMPz961yBIpblougDO3NlIXerppYqweTrkxdIR2u4KVXi5XGrbZ08pfBgjrEyAE0GkSkYu3jG0wyzz3Y1gCYqZnOBVg83E4dTUMYhj3CoJQC3bpgf4LtXeKOWOxvghNOg8rM6Po_qXQU-g&atk=1jqb2uahc26pt003,"PhD in Remote Sensing, Geoinformatics, Hydrology, Water Resources, or related fields. Lead and support interdisciplinary research for development (R4D) projects focused on applying remote sensing, GIS…",,,indeed_ae,2026-06-05 05:08:54.892571+00:00
"Data Center Manager, Data Center Operations (DCO), AWS",Amazon Data Services Emirates LLC,Abu Dhabi,https://ae.indeed.com/rc/clk?jk=afa92a6f09368358&bb=A1cEFvwNWx0yDwGK0v8yGPvMrtMvhbEpEjkG2QVMRd5U0IFxGbkbo-cKSJyLybRgMuoJi0tRQOj6-nqwXfQZVivyiAP9yalxxBLSAOy0uR31rpnAIXpmlPRBJJSdOWjkKV8p8jqwLOokdo1VxA9mdw%3D%3D&xkcb=SoC267M3iLN2jfz43J0HbzkdCdPP&rjs=0&qd=Xd-cji1-rrfYy0m8LpokE8dF20pwsUrmctm8cTGFOXDOAPLLNYb6wmUg8gjYJafwpsXE23qShaYtGgdtUJu_X5BBGG-ayCiM-gQi8HpsYsLtZozk31ERKPJGlDLUboAG50chrnGX4B46HyqhlSj9xMohy02t3MX0n-6xoRHLk5Oh8V2c0duIS4mZo0TAq11Zl61No7XvcMPz961yBIpblougDO3NlIXerppYqweTrkxdIR2u4KVXi5XGrbZ08pfBgjrEyAE0GkSkYu3jG0wyzz3Y1gCYqZnOBVg83E4dTUMYhj3CoJQC3bpgf4LtXeKOWOxvghNOg8rM6Po_qXQU-g&atk=1jqb2uahc26pt003,"9+ years of Information Technology (IT) experience, or Bachelor's degree in computer science, engineering, mathematics or equivalent. Bachelor’s degree in IT related field, relevant certifications or…",,,indeed_ae,2026-06-05 05:08:54.836627+00:00
Senior Instrumentation Designer,Worley,Abu Dhabi,https://ae.indeed.com/rc/clk?jk=8c77020781e950c7&bb=A1cEFvwNWx0yDwGK0v8yGPzOyugmRPZvF6Jw0GSbTOoicHBGqWJUcUnkfnQY5jHp-AheZS8wSixlpRebr8cfmsVRORoMoVeO2yXsOnQkI1C0o0Cau_AOEaeXjXMmblqmqDmuLDROxPt8h0hb7h9k3A%3D%3D&xkcb=SoA467M3iLN2jfz43J0AbzkdCdPP&rjs=0&qd=Xd-cji1-rrfYy0m8LpokE8dF20pwsUrmctm8cTGFOXDOAPLLNYb6wmUg8gjYJafwpsXE23qShaYtGgdtUJu_X5BBGG-ayCiM-gQi8HpsYsLtZozk31ERKPJGlDLUboAG50chrnGX4B46HyqhlSj9xMohy02t3MX0n-6xoRHLk5Oh8V2c0duIS4mZo0TAq11Zl61No7XvcMPz961yBIpblougDO3NlIXerppYqweTrkxdIR2u4KVXi5XGrbZ08pfBgjrEyAE0GkSkYu3jG0wyzz3Y1gCYqZnOBVg83E4dTUMYhj3CoJQC3bpgf4LtXeKOWOxvghNOg8rM6Po_qXQU-g&atk=1jqb2uahc26pt003,Diploma or Advanced Diploma in Instrumentation & Control / Electrical / Applied Engineering or equivalent technical qualification. The Senior Instrumentation & Control Designer is responsible for…,,,indeed_ae,2026-06-05 05:08:54.793640+00:00
Museum Gallery Director,Mattar Concept Fabrication,Dubai,https://ae.indeed.com/rc/clk?jk=3d53a030ce1b3d59&bb=A1cEFvwNWx0yDwGK0v8yGNoCMcV94DZB1cBl_P2OAAF5vQmI2RTp2RziY5XnHEsGW25aDd9iLcdOABjJHhDaF298X7v4_93nmTCH7XhKsg6EvHcBk3b-gGi91B2jbf1LbxlJ6IJ5-kfzE2datC87Kg%3D%3D&xkcb=SoCM67M3iLN2jfz43J0BbzkdCdPP&rjs=0&qd=Xd-cji1-rrfYy0m8LpokE8dF20pwsUrmctm8cTGFOXDOAPLLNYb6wmUg8gjYJafwpsXE23qShaYtGgdtUJu_X5BBGG-ayCiM-gQi8HpsYsLtZozk31ERKPJGlDLUboAG50chrnGX4B46HyqhlSj9xMohy02t3MX0n-6xoRHLk5Oh8V2c0duIS4mZo0TAq11Zl61No7XvcMPz961yBIpblougDO3NlIXerppYqweTrkxdIR2u4KVXi5XGrbZ08pfBgjrEyAE0GkSkYu3jG0wyzz3Y1gCYqZnOBVg83E4dTUMYhj3CoJQC3bpgf4LtXeKOWOxvghNOg8rM6Po_qXQU-g&atk=1jqb2uahc26pt003,* Luxury hospitality and guest experience management. * Negotiating with hotels and hospitality groups. * Building partnerships with tour operators. * Creating VIP and private visitor experiences.,,,indeed_ae,2026-06-05 05:08:54.754052+00:00
Administrative Officer,CLICK GROUP,Dubai,https://ae.indeed.com/rc/clk?jk=7b0bc413b977f62c&bb=A1cEFvwNWx0yDwGK0v8yGJNcZN_TOYRpE17eqNmlGEHpvNb-ApqqVM7vC-3RBvrRrEiiU-AdgmFtLQXK7-NdCwN46q3FG5WA0EWdE4JbZmkZH_cJZaVpyqj0ohspILGPX3T2k4aDqe6yFtvhrhszEA%3D%3D&xkcb=SoAR67M3iLN2jfz43J0CbzkdCdPP&rjs=0&qd=Xd-cji1-rrfYy0m8LpokE8dF20pwsUrmctm8cTGFOXDOAPLLNYb6wmUg8gjYJafwpsXE23qShaYtGgdtUJu_X5BBGG-ayCiM-gQi8HpsYsLtZozk31ERKPJGlDLUboAG50chrnGX4B46HyqhlSj9xMohy02t3MX0n-6xoRHLk5Oh8V2c0duIS4mZo0TAq11Zl61No7XvcMPz961yBIpblougDO3NlIXerppYqweTrkxdIR2u4KVXi5XGrbZ08pfBgjrEyAE0GkSkYu3jG0wyzz3Y1gCYqZnOBVg83E4dTUMYhj3CoJQC3bpgf4LtXeKOWOxvghNOg8rM6Po_qXQU-g&atk=1jqb2uahc26pt003,"Proven experience as an Administration Officer, Administrative Assistant, or similar role. Manage daily administrative tasks and office operations. Maintain and organize company records, files, and…",,,indeed_ae,2026-06-05 05:08:54.710534+00:00
Welding Inspector - Welding Inspector Pipeline Offshore,"EPIC PIPING, LLC",Remote,https://ae.indeed.com/rc/clk?jk=2737632d4e481c04&bb=A1cEFvwNWx0yDwGK0v8yGFIhFrdDnMfH-l00eHR8LlAWqIbsIcot2ACNBC5QAO3HhshZR5tXJyRdMdZXVkgRUSbJqTNPpsCFnyIXOUDp_EV9LlsmiViVX1-N12jBZpG3qd6a5Okw_3m9irCDqicogQ%3D%3D&xkcb=SoCl67M3iLN2jfz43J0DbzkdCdPP&rjs=0&qd=Xd-cji1-rrfYy0m8LpokE8dF20pwsUrmctm8cTGFOXDOAPLLNYb6wmUg8gjYJafwpsXE23qShaYtGgdtUJu_X5BBGG-ayCiM-gQi8HpsYsLtZozk31ERKPJGlDLUboAG50chrnGX4B46HyqhlSj9xMohy02t3MX0n-6xoRHLk5Oh8V2c0duIS4mZo0TAq11Zl61No7XvcMPz961yBIpblougDO3NlIXerppYqweTrkxdIR2u4KVXi5XGrbZ08pfBgjrEyAE0GkSkYu3jG0wyzz3Y1gCYqZnOBVg83E4dTUMYhj3CoJQC3bpgf4LtXeKOWOxvghNOg8rM6Po_qXQU-g&atk=1jqb2uahc26pt003,CSWIP 3.1 or AWS-CWI; Min 2yrs after certification. Having a total experience of min. 5 years in the Oil & Gas industry (In Pipeline). Knowledge of API 1104 and CRA Welding is mandatory.,,,indeed_ae,2026-06-05 05:08:54.659559+00:00
Project Engineer,BLUE DIAMOND GENERAL L.L.C,Dubai,https://ae.indeed.com/rc/clk?jk=15ae0d3f8e1ab107&bb=A1cEFvwNWx0yDwGK0v8yGCFlCvj44UWDvMEXaYR7nuU6wk17C8czgW0_lvAbXkwSL_jWul6lxdJusorY-S9xpPHryGZ9-xmzaYz1IKTMglXPgH3EclLRMovxaFQF5T47rTzkPvwvOziXUP4cnLJ6qg%3D%3D&xkcb=SoBM67M3iLN2jfz43J0MbzkdCdPP&rjs=0&qd=Xd-cji1-rrfYy0m8LpokE8dF20pwsUrmctm8cTGFOXDOAPLLNYb6wmUg8gjYJafwpsXE23qShaYtGgdtUJu_X5BBGG-ayCiM-gQi8HpsYsLtZozk31ERKPJGlDLUboAG50chrnGX4B46HyqhlSj9xMohy02t3MX0n-6xoRHLk5Oh8V2c0duIS4mZo0TAq11Zl61No7XvcMPz961yBIpblougDO3NlIXerppYqweTrkxdIR2u4KVXi5XGrbZ08pfBgjrEyAE0GkSkYu3jG0wyzz3Y1gCYqZnOBVg83E4dTUMYhj3CoJQC3bpgf4LtXeKOWOxvghNOg8rM6Po_qXQU-g&atk=1jqb2uahc26pt003,"Proficiency in engineering, design and project management software : AutoCAD, Revit, ETABS, Primavera (or MS Project). Bachelor’s degree in civil engineering or Structural Engineering.",,,indeed_ae,2026-06-05 05:08:54.618233+00:00
CHARGEHAND E&I,NMDC Group,UAE,https://ae.indeed.com/rc/clk?jk=b64a39cc4fc8223c&bb=A1cEFvwNWx0yDwGK0v8yGB19vZ5oLC3i3Gwkger_R61bMHmP6Pib9O9fXZPh7s9BXezjGxSSk6jXdpHXJ4XrNxG-ccXtlqhfuRCfTpxYeiYNLbjbAiLKojEo_6f-1xICu8p8uDgRSH4nWttvOvKvhg%3D%3D&xkcb=SoD467M3iLN2jfz43J0NbzkdCdPP&rjs=0&qd=Xd-cji1-rrfYy0m8LpokE8dF20pwsUrmctm8cTGFOXDOAPLLNYb6wmUg8gjYJafwpsXE23qShaYtGgdtUJu_X5BBGG-ayCiM-gQi8HpsYsLtZozk31ERKPJGlDLUboAG50chrnGX4B46HyqhlSj9xMohy02t3MX0n-6xoRHLk5Oh8V2c0duIS4mZo0TAq11Zl61No7XvcMPz961yBIpblougDO3NlIXerppYqweTrkxdIR2u4KVXi5XGrbZ08pfBgjrEyAE0GkSkYu3jG0wyzz3Y1gCYqZnOBVg83E4dTUMYhj3CoJQC3bpgf4LtXeKOWOxvghNOg8rM6Po_qXQU-g&atk=1jqb2uahc26pt003,Diploma Certificate in Electrical or Instrumentation Engineering. 5 years of experience in a Supervisory role in Oil & Gas Industry in offshore or onshore locations. Good command of English language.,,,indeed_ae,2026-06-05 05:08:54.576817+00:00
Civil Engineer/Site Engineer,RUKN AL IMARAH BUILDING CONTRACTING,Dubai Silicon Oasis,https://ae.indeed.com/rc/clk?jk=637544d2c3ffecdb&bb=A1cEFvwNWx0yDwGK0v8yGCFlCvj44UWDvKrStMy0buHsDGm7mE80FLyXokGZy5hc30sT8NLINC_fGSzQ6oqRe7aObcvP_OKMc5WpynUaCqJNP60SM_ZaCxEstPSAkwgq9DLh0O05PIM6iqx0AxSVpw%3D%3D&xkcb=SoBl67M3iLN2jfz43J0ObzkdCdPP&rjs=0&qd=Xd-cji1-rrfYy0m8LpokE8dF20pwsUrmctm8cTGFOXDOAPLLNYb6wmUg8gjYJafwpsXE23qShaYtGgdtUJu_X5BBGG-ayCiM-gQi8HpsYsLtZozk31ERKPJGlDLUboAG50chrnGX4B46HyqhlSj9xMohy02t3MX0n-6xoRHLk5Oh8V2c0duIS4mZo0TAq11Zl61No7XvcMPz961yBIpblougDO3NlIXerppYqweTrkxdIR2u4KVXi5XGrbZ08pfBgjrEyAE0GkSkYu3jG0wyzz3Y1gCYqZnOBVg83E4dTUMYhj3CoJQC3bpgf4LtXeKOWOxvghNOg8rM6Po_qXQU-g&atk=1jqb2uahc26pt003,"Minimum 5 Years Work Experience in Villa Project, UAE Job Type: Full-time Pay: AED5,500.00 - AED6,000.00 per…",,,indeed_ae,2026-06-05 05:08:54.533809+00:00
Structural Engineer,TED JACOB ENGINEERING GROUP,Dubai,https://ae.indeed.com/rc/clk?jk=a81d63d8e2ed94d7&bb=A1cEFvwNWx0yDwGK0v8yGABeiE7QzNt30fcYkZVwJ-gfzj0gjzzeJTPfIEQEI-sQjJcb2EAXHOWz7M_wRlRFtn8krw3H0VhzsXmACtX28lIXNn8LwFHzhUDfDx4bQFf6a2Ei3buj5QzMtJTYqrIM_A%3D%3D&xkcb=SoDR67M3iLN2jfz43J0PbzkdCdPP&rjs=0&qd=Xd-cji1-rrfYy0m8LpokE8dF20pwsUrmctm8cTGFOXDOAPLLNYb6wmUg8gjYJafwpsXE23qShaYtGgdtUJu_X5BBGG-ayCiM-gQi8HpsYsLtZozk31ERKPJGlDLUboAG50chrnGX4B46HyqhlSj9xMohy02t3MX0n-6xoRHLk5Oh8V2c0duIS4mZo0TAq11Zl61No7XvcMPz961yBIpblougDO3NlIXerppYqweTrkxdIR2u4KVXi5XGrbZ08pfBgjrEyAE0GkSkYu3jG0wyzz3Y1gCYqZnOBVg83E4dTUMYhj3CoJQC3bpgf4LtXeKOWOxvghNOg8rM6Po_qXQU-g&atk=1jqb2uahc26pt003,"Knowledge of SAFE and ETABS software's. Collaborate with architects, contractors, and other engineers to develop structural designs. Investigate and diagnose structural issues and failures, providing…",,,indeed_ae,2026-06-05 05:08:54.465728+00:00
"Engineering Lead (Rust/C++), Trading Technologies",Binance,Remote,https://ae.indeed.com/rc/clk?jk=76b88ab82e4801d6&bb=XXC9IjRSnHz4hww0OX_abtHbEiRP9yyuqUY4RkoL_G2wBwra2clhNo5LRBJpumwspg32erPBitKdIJbh4AAKA81NTzxvqnh6lUJRWkm8hupbzSXCfOVM3un1-6iUubi0raUKZxkbwXDla_mso4SdCQ%3D%3D&xkcb=SoBs67M3iLN3HgzDah0TbzkdCdPP&rjs=0&qd=Xd-cji1-rrfYy0m8LpokE8dF20pwsUrmctm8cTGFOXDOAPLLNYb6wmUg8gjYJafwpsXE23qShaYtGgdtUJu_X5BBGG-ayCiM-gQi8HpsYsLtZozk31ERKPJGlDLUboAG50chrnGX4B46HyqhlSj9xMohy02t3MX0n-6xoRHLk5Oh8V2c0duIS4mZo0TAq11Zl61No7XvcMPz961yBIpblougDO3NlIXerppYqweTrkxdIR2u4KVXi5XGrbZ08pfBgjrEyAE0GkSkYu3jG0wyzz3Y1gCYqZnOBVg83E4dTUNONnBtxVWKWr2MpkVuk5BLWOxvghNOg8rM6Po_qXQU-g&atk=1jqb2u61ihmt5800,"Strong software engineering fundamentals with professional experience in Rust, C++, C, or other high-performance compiled languages. You should be comfortable guiding engineers , driving technical…",,,indeed_ae,2026-06-05 05:08:50.817136+00:00
Busbar trunking/ busway production Engineer,DELTA ELECTRIC FZE,Sharjah,https://ae.indeed.com/rc/clk?jk=f9b4f321ceb834ad&bb=XXC9IjRSnHz4hww0OX_abnmeDOWyJigH152I04gKP8TflgEXCp0b2ZE7PkHq81ExXCKds_i2G9fdhhlJbj9X4eDyCkyPKDik-BpxAy3-iMNLwrOmr5nl3CnW0d20-CWhymb3bP99mi_yg3fjVnou0w%3D%3D&xkcb=SoCF67M3iLN3HgzDah0cbzkdCdPP&rjs=0&qd=Xd-cji1-rrfYy0m8LpokE8dF20pwsUrmctm8cTGFOXDOAPLLNYb6wmUg8gjYJafwpsXE23qShaYtGgdtUJu_X5BBGG-ayCiM-gQi8HpsYsLtZozk31ERKPJGlDLUboAG50chrnGX4B46HyqhlSj9xMohy02t3MX0n-6xoRHLk5Oh8V2c0duIS4mZo0TAq11Zl61No7XvcMPz961yBIpblougDO3NlIXerppYqweTrkxdIR2u4KVXi5XGrbZ08pfBgjrEyAE0GkSkYu3jG0wyzz3Y1gCYqZnOBVg83E4dTUNONnBtxVWKWr2MpkVuk5BLWOxvghNOg8rM6Po_qXQU-g&atk=1jqb2u61ihmt5800,Proficiency in MS Office; knowledge of CRM software is an advantage. Minimum 3–4 years of proven sales experience in the electrical or engineering industry. Bachelor’s degree in a related field.,,,indeed_ae,2026-06-05 05:08:50.776762+00:00
Interior Designer,ERE Homes Real Estate,Dubai,https://ae.indeed.com/rc/clk?jk=ef411757e55144ee&bb=XXC9IjRSnHz4hww0OX_abi77ZhwBL6a3afctsae9wwALGE1vB2QyFnYOrDXUAs779Cz_oj3re7hyKwojiTkH4CvwKC4bcRoYm3adWiWxYHKnvQ2yLDcFcWIPjMc9cjmFtwLohJ4hHA9ezn4xd7rGTw%3D%3D&xkcb=SoAx67M3iLN3HgzDah0dbzkdCdPP&rjs=0&qd=Xd-cji1-rrfYy0m8LpokE8dF20pwsUrmctm8cTGFOXDOAPLLNYb6wmUg8gjYJafwpsXE23qShaYtGgdtUJu_X5BBGG-ayCiM-gQi8HpsYsLtZozk31ERKPJGlDLUboAG50chrnGX4B46HyqhlSj9xMohy02t3MX0n-6xoRHLk5Oh8V2c0duIS4mZo0TAq11Zl61No7XvcMPz961yBIpblougDO3NlIXerppYqweTrkxdIR2u4KVXi5XGrbZ08pfBgjrEyAE0GkSkYu3jG0wyzz3Y1gCYqZnOBVg83E4dTUNONnBtxVWKWr2MpkVuk5BLWOxvghNOg8rM6Po_qXQU-g&atk=1jqb2u61ihmt5800,"Strong portfolio showcasing luxury villa or premium residential projects. Proficiency in AutoCAD, SketchUp, Revit, 3ds Max, Lumion, Adobe Creative Suite, or similar design software .",,,indeed_ae,2026-06-05 05:08:50.732095+00:00
Quality Engineer,Emerson,Dubai,https://ae.indeed.com/rc/clk?jk=1249992797dab579&bb=XXC9IjRSnHz4hww0OX_abuCnHASG1dhj_sfq4LLaiSIqBCd1NvrRdhBdVD_-2OtHfEQobJGnrVZhhfm3T7yFFBDZubwHB2sdaImEnyn-z3i5KdkDhIBcdbI8putJJpQsGBp-KL35ZNcy_d07-ACLEw%3D%3D&xkcb=SoCs67M3iLN3HgzDah0ebzkdCdPP&rjs=0&qd=Xd-cji1-rrfYy0m8LpokE8dF20pwsUrmctm8cTGFOXDOAPLLNYb6wmUg8gjYJafwpsXE23qShaYtGgdtUJu_X5BBGG-ayCiM-gQi8HpsYsLtZozk31ERKPJGlDLUboAG50chrnGX4B46HyqhlSj9xMohy02t3MX0n-6xoRHLk5Oh8V2c0duIS4mZo0TAq11Zl61No7XvcMPz961yBIpblougDO3NlIXerppYqweTrkxdIR2u4KVXi5XGrbZ08pfBgjrEyAE0GkSkYu3jG0wyzz3Y1gCYqZnOBVg83E4dTUNONnBtxVWKWr2MpkVuk5BLWOxvghNOg8rM6Po_qXQU-g&atk=1jqb2u61ihmt5800,"Hands‑on experience or qualifications in NDE (MT/PT), PMI, or hardness testing. Certification or advanced hands‑on expertise in Fugitive Emissions, Cryogenic, Cv, or similar specialised testing.",,,indeed_ae,2026-06-05 05:08:50.693924+00:00
Civil Engineer,Preston Development,Dubai,https://ae.indeed.com/rc/clk?jk=35824c6178cfa0f8&bb=XXC9IjRSnHz4hww0OX_abmPvDflbfDL4xbMrwqJcWqYwhBvo6mTrwBMgjpf9L1QA4mDwvjo_xhmT72oeTGBzz2aF2ROaWzSb_a1OhFBYlHMXzM87IcItrMTIzLBXpMIgwEQDpSblDoDz5jC3mpyFHQ%3D%3D&xkcb=SoAY67M3iLN3HgzDah0fbzkdCdPP&rjs=0&qd=Xd-cji1-rrfYy0m8LpokE8dF20pwsUrmctm8cTGFOXDOAPLLNYb6wmUg8gjYJafwpsXE23qShaYtGgdtUJu_X5BBGG-ayCiM-gQi8HpsYsLtZozk31ERKPJGlDLUboAG50chrnGX4B46HyqhlSj9xMohy02t3MX0n-6xoRHLk5Oh8V2c0duIS4mZo0TAq11Zl61No7XvcMPz961yBIpblougDO3NlIXerppYqweTrkxdIR2u4KVXi5XGrbZ08pfBgjrEyAE0GkSkYu3jG0wyzz3Y1gCYqZnOBVg83E4dTUNONnBtxVWKWr2MpkVuk5BLWOxvghNOg8rM6Po_qXQU-g&atk=1jqb2u61ihmt5800,"Educational background in Civil Engineering or a related field; a Bachelor’s degree is preferred. This is a full-time on-site role for a Civil Engineer , located in Dubai, United Arab Emirates.",,,indeed_ae,2026-06-05 05:08:50.651446+00:00
Data Engineer Lead,Edenred,Dubai,https://ae.indeed.com/rc/clk?jk=53b4854d5e744c09&bb=XXC9IjRSnHz4hww0OX_abnwRW-cZAwM64bAc71IfoxtMq9gMBa04UcC5mF6jPuRf_tKZPjNPU1I4GKWpvG8hvZoNSIt9jh3np95PORs4EZYrdtVn-u7WJsoRIZ6Sy5lyrHdl-wbO450uU9Pa2sA2jQ%3D%3D&xkcb=SoCW67M3iLN3HgzDah0YbzkdCdPP&rjs=0&qd=Xd-cji1-rrfYy0m8LpokE8dF20pwsUrmctm8cTGFOXDOAPLLNYb6wmUg8gjYJafwpsXE23qShaYtGgdtUJu_X5BBGG-ayCiM-gQi8HpsYsLtZozk31ERKPJGlDLUboAG50chrnGX4B46HyqhlSj9xMohy02t3MX0n-6xoRHLk5Oh8V2c0duIS4mZo0TAq11Zl61No7XvcMPz961yBIpblougDO3NlIXerppYqweTrkxdIR2u4KVXi5XGrbZ08pfBgjrEyAE0GkSkYu3jG0wyzz3Y1gCYqZnOBVg83E4dTUNONnBtxVWKWr2MpkVuk5BLWOxvghNOg8rM6Po_qXQU-g&atk=1jqb2u61ihmt5800,"Bachelor’s or Master’s degree in Computer Science, Statistics,Mathematics, or a related field—or equivalent practical experience. 7+ years of experience in data engineering, including at least 3 years…",,,indeed_ae,2026-06-05 05:08:50.610391+00:00
Senior Planning Engineer,DEC DYNAMIC DESIGN STUDIO LLC,Dubai,https://ae.indeed.com/rc/clk?jk=b27c960556d33c35&bb=XXC9IjRSnHz4hww0OX_absZzij-Bi8uapeYAvfZTzBlo_FxBJhiaLtP40MkfxR2-qW37RBE1wo1VQrglvFbCTbrjz8oH3c7IJb3zLNeoggEAUsigpvRctkcdUcM8_8DGTt8FLuFLbhsE-6r2eoShsQ%3D%3D&xkcb=SoAi67M3iLN3HgzDah0ZbzkdCdPP&rjs=0&qd=Xd-cji1-rrfYy0m8LpokE8dF20pwsUrmctm8cTGFOXDOAPLLNYb6wmUg8gjYJafwpsXE23qShaYtGgdtUJu_X5BBGG-ayCiM-gQi8HpsYsLtZozk31ERKPJGlDLUboAG50chrnGX4B46HyqhlSj9xMohy02t3MX0n-6xoRHLk5Oh8V2c0duIS4mZo0TAq11Zl61No7XvcMPz961yBIpblougDO3NlIXerppYqweTrkxdIR2u4KVXi5XGrbZ08pfBgjrEyAE0GkSkYu3jG0wyzz3Y1gCYqZnOBVg83E4dTUNONnBtxVWKWr2MpkVuk5BLWOxvghNOg8rM6Po_qXQU-g&atk=1jqb2u61ihmt5800,"Proven experience in project planning and scheduling for construction or engineering projects. Excellent coordination and communication with contractors, engineers , and project teams.",,,indeed_ae,2026-06-05 05:08:50.564425+00:00
Construction Planner (Primavera P6 Experience Required),SARAH CONTRACTING LLC,Dubai,https://ae.indeed.com/pagead/clk?mo=r&ad=-6NYlbfkN0DfqDQpEyX6-iSibj0oDRpkTTyiRhMC9I9pUGq0LlC50P5eoOKrzNDA0Oj8ML1LCAvHh5M7wM1UZNTMqpm77a9heYhzEVm2McrVHnBC_ikxX-SE3ghDBKdgKgn-dWyd9ZNwnWWSBJ2C8bYccpxTkYJbRj4y8y9J-VwlTMkQvmNwTzXSNBRhEuQGr_qDfPwDh4ZGpYk_JzjMURkW5uibtGhFX-JsVsMCpwlTt5eV-riPuJo5lkSkuR_PcidCitR8CCM3uFwGd5wnwlVgWCgEZxKNMe2IXxnR6TMOZ5ygm6b1JZ8RW8bqx0TnLxxCC9mO0La8yv_EXK1lWI7hZs-k_AvRfFEwXZsnch6LNwihb0v9oVad3oDfYDhuA4W9XQSjKY2dZh-qkmmcyWAoRSRNEcOFzzY2Y7YvYQMvJwV46InTkdquy7sDyw5ldIYvJcnDU2yYSW1MLl2IPku7DfDNgSoWp2ON73tlnMxeNrnV43vZt1FNcfbUEbHYUPer_vmenpWseE-5cwFNqOLVu1V7_fLqRfM7pLe7BFr8SK02jiSFPit5rh7J8v1lIjwgn2RbhfhKKquoW26LKBnYxMTswnuZzAVCrYde51KeDWBi4G9cXD__NNyzONQFUGOF3VamCufl4qk3jYcKjeWqA4Co8v7-MaAboMJCCKXWi28a2TPrHGp8FNtPGqr5BeUIIapWhoJPGmrfQeniMu9mrd7IQmW8COi28m3xX8T8-odo28my35CfS-idvroecmROxgqYVvLVeyc16dw4ve-6DugVZPzfAQXgAKYVqbhy2JjVxlBO88xnUSnpD-3MEXxD3sJ31dyXtQ_K61qregLTSApr4OtVHdVe4kcJdm7ZJJ7-AVfdJbL-7jID3rFMp5RW7vDd8OninDMnQYEieOIMnho54l_qw1amf68XFxszdxhkxeWSXI3Geu0B8RIwKyg-sbXj2sksH7SM6xF2i6N-YX-ht1KYSMgQpOgu29G5E_KB4adgUCckXJraiKuX&xkcb=SoBL6_M3iLN3HgzDah0abzkdCdPP&camk=C3EPSzFlQw-EbO02P4Vy9g==&p=17&atk=1jqb2u61ihmt5800,Dubai: Reliably commute or planning to relocate before starting work (Required). Bachelor’s Degree in Civil Engineering or related discipline from a recognized university.,,,indeed_ae,2026-06-05 05:08:50.520164+00:00
Field Service Technician,"OSI Systems, Inc.",Abu Dhabi,https://ae.indeed.com/rc/clk?jk=533103390631b69e&bb=XXC9IjRSnHz4hww0OX_abhvWgtx-B9ayLcaP_XX4iKNodjjpF6YQYjFDb8bwluck4v1p7Zson3LgAmh3lCRzFNOXlcw0AE8hOWkoPHKhFyQDVgxukynJtv9JX9nVYHyYKpKNenD7J6p5dOhg0PWAPw%3D%3D&xkcb=SoAL67M3iLN3HgzDah0bbzkdCdPP&rjs=0&qd=Xd-cji1-rrfYy0m8LpokE8dF20pwsUrmctm8cTGFOXDOAPLLNYb6wmUg8gjYJafwpsXE23qShaYtGgdtUJu_X5BBGG-ayCiM-gQi8HpsYsLtZozk31ERKPJGlDLUboAG50chrnGX4B46HyqhlSj9xMohy02t3MX0n-6xoRHLk5Oh8V2c0duIS4mZo0TAq11Zl61No7XvcMPz961yBIpblougDO3NlIXerppYqweTrkxdIR2u4KVXi5XGrbZ08pfBgjrEyAE0GkSkYu3jG0wyzz3Y1gCYqZnOBVg83E4dTUNONnBtxVWKWr2MpkVuk5BLWOxvghNOg8rM6Po_qXQU-g&atk=1jqb2u61ihmt5800,Experience gained within an electrical or mechanical discipline. Provide clear and concise oral and written reports to escalate complex technical issues (Level 3) to engineering teams or site…,,,indeed_ae,2026-06-05 05:08:50.481874+00:00
Full Stack Web Developer (PHP Laravel & Bootstrap),RAH Group,Dubai,https://ae.indeed.com/rc/clk?jk=65e2f59013dc9a29&bb=XXC9IjRSnHz4hww0OX_abv_uEV5VHXn2VgJcVIzyZMzUVDt-26fMAhr0bK89yAOAplIaJpjEk0wTuKz2Z3nbSNoMU0npU3xxgx6rXDmRN017JWL_3V4LWrBsOIYMuozMXhUGAdiXuPVYZtA5H4wNFQ%3D%3D&xkcb=SoAs67M3iLN3HgzDah0EbzkdCdPP&rjs=0&qd=Xd-cji1-rrfYy0m8LpokE8dF20pwsUrmctm8cTGFOXDOAPLLNYb6wmUg8gjYJafwpsXE23qShaYtGgdtUJu_X5BBGG-ayCiM-gQi8HpsYsLtZozk31ERKPJGlDLUboAG50chrnGX4B46HyqhlSj9xMohy02t3MX0n-6xoRHLk5Oh8V2c0duIS4mZo0TAq11Zl61No7XvcMPz961yBIpblougDO3NlIXerppYqweTrkxdIR2u4KVXi5XGrbZ08pfBgjrEyAE0GkSkYu3jG0wyzz3Y1gCYqZnOBVg83E4dTUNONnBtxVWKWr2MpkVuk5BLWOxvghNOg8rM6Po_qXQU-g&atk=1jqb2u61ihmt5800,"Experience with front-end frameworks (e.g., Vue.js or React ). We are seeking an experienced and highly skilled Full Stack Web Developer with deep expertise in PHP (Laravel) and Bootstrap to join…",,,indeed_ae,2026-06-05 05:08:50.438265+00:00
Sales & Marketing Engineer (Inside),HSJB BUSINESS CONSULTING,Abu Dhabi,https://ae.indeed.com/rc/clk?jk=e7a2cfa046c29db9&bb=XXC9IjRSnHz4hww0OX_abmz4c7JUog6duVmpeQzv5oFTu5p0LjaFR6bHXZIP79T71eWrpxIJEor0YIL3GRzsbJ_F0kJLlE6uX_g0e3MI04Ovi38_rmdNniQvxDTK_JR9KyMNVxISsk-zpasYzeshZg%3D%3D&xkcb=SoCY67M3iLN3HgzDah0FbzkdCdPP&rjs=0&qd=Xd-cji1-rrfYy0m8LpokE8dF20pwsUrmctm8cTGFOXDOAPLLNYb6wmUg8gjYJafwpsXE23qShaYtGgdtUJu_X5BBGG-ayCiM-gQi8HpsYsLtZozk31ERKPJGlDLUboAG50chrnGX4B46HyqhlSj9xMohy02t3MX0n-6xoRHLk5Oh8V2c0duIS4mZo0TAq11Zl61No7XvcMPz961yBIpblougDO3NlIXerppYqweTrkxdIR2u4KVXi5XGrbZ08pfBgjrEyAE0GkSkYu3jG0wyzz3Y1gCYqZnOBVg83E4dTUNONnBtxVWKWr2MpkVuk5BLWOxvghNOg8rM6Po_qXQU-g&atk=1jqb2u61ihmt5800,Engineering degree in Instrumentation or relevant. Min. 2-3 years of experience as a Sales Engineer or similar role. To understand the technical aspects of the products and services offered by the…,,,indeed_ae,2026-06-05 05:08:50.399385+00:00
Project Engineer (MEP),PERFECT TECHNICAL WORKS & LANDSCAPING LLC,Dubai,https://ae.indeed.com/rc/clk?jk=11ae314fbde8f0d7&bb=XXC9IjRSnHz4hww0OX_abvODwEQyocrSP8X7vCTygYGJDV3tL6b58GaZotmDevJ9qHkpxN6Ri5xboSTMXwV4tM4lW4HgTe1n42GTN7Siu2H_tkzADSNwz826_cvGhW0Cc3MR16GesRwMk0NTISaurQ%3D%3D&xkcb=SoAF67M3iLN3HgzDah0GbzkdCdPP&rjs=0&qd=Xd-cji1-rrfYy0m8LpokE8dF20pwsUrmctm8cTGFOXDOAPLLNYb6wmUg8gjYJafwpsXE23qShaYtGgdtUJu_X5BBGG-ayCiM-gQi8HpsYsLtZozk31ERKPJGlDLUboAG50chrnGX4B46HyqhlSj9xMohy02t3MX0n-6xoRHLk5Oh8V2c0duIS4mZo0TAq11Zl61No7XvcMPz961yBIpblougDO3NlIXerppYqweTrkxdIR2u4KVXi5XGrbZ08pfBgjrEyAE0GkSkYu3jG0wyzz3Y1gCYqZnOBVg83E4dTUNONnBtxVWKWr2MpkVuk5BLWOxvghNOg8rM6Po_qXQU-g&atk=1jqb2u61ihmt5800,Bachelor’s Degree in Mechanical or Electrical Engineering. Resolve site-related technical issues in coordination with senior engineers and project managers. Technical Review & Engineering Support.,,,indeed_ae,2026-06-05 05:08:50.355433+00:00
Sales Engineer,Private Family,Remote in Dubai,https://ae.indeed.com/pagead/clk?mo=r&ad=-6NYlbfkN0A8xQ_ES6w3qZrKGcWJecD7tWKFTq-3PWmpdOnkloMevan0gap04A0GlGeQxWDdSfEPz361Z8-_nWveqafZQPBz-tC6HFTCH3_TXZvjGxGmagvo3PbRJCGhxCefFyaScl5Q_GsxayTnEk_kecMRUIHwABSFE8xBTdgHuVkaz95B3K9wRwe0JrktWvoHQhUgS6Ya73GkXZWlMriWCjgUOe0ExWcIU1F6VCi9s9tSFxMx1eSm0ZuSPZbkbK-ldWU4065Lyc-k9Vwl20anJFwE3cAId5roH66djOlFe3Mn5jKdFu6OCZ05epTF102kVhqh_M5q0IEbd7RxaFapfs3bZZuOqtt4uTsHe4_bVw8T4bQqxkKGSxzn_urw6F2hsqBqvPZxEYiXx-IOemtAg_PMTrpnfuXAMPqoxLBnlNk7U5P44bOEADlgFpN0f3P5_Avoad_-cmbNWieR6tSBnrPf4tl2gK5Q8AMkKM_q6aC83UYEHv428fU9hrv8zZSK7dTYqxqvnak4dqaRnO33Gkf2cR4BpiV1jIBDa_eu3h6p1e3hAGH142pC6MVqg4yc6_pxfvAjmgX3tO-ttjRqXJmoW2RuTcTZ7biwh-I8ke9FKqgOOEFIWhGzPOuTxn9St9QbA6fQYx9mh41qnm2wkUVQ_zTIwkJ728Vt-T1VIqo_NMYNpguGt53h45wffHOOJW7dFxx1IaGgy8S7mE_m-Bjzk3t1qkJ6SnUHLmqFfE9Tu46_1cP-IgXUyxp3lHPmp4kKH6wX_oqbXwRtdmxqemadMni4SXyAFn2kxlsxfLm4Rb74bvlJGQ4fvs8WNd477h7CRGR6Hm5vpGZX7ZLnd-37dqvf8wP32Sm7EndNuUqWrtNxUoZ4_RfUco4VHe-xn13cxo7mwTjep9S0GdZluczpUnzVQMKPkUns-y0Uk6hRr0U9_-zvE-BwfCmktc1xD1e_-7c=&xkcb=SoBF6_M3iLN3HgzDah0HbzkdCdPP&camk=C3EPSzFlQw9iDfYpVQTz3Q==&p=12&atk=1jqb2u61ihmt5800,"Business Administration, Marketing, or related qualifications may also be considered. Bachelor's Degree in Engineering (Electrical, Electronics, IT, or related field).",,,indeed_ae,2026-06-05 05:08:50.311312+00:00
Operations Manager,PERFECT TECHNICAL WORKS & LANDSCAPING LLC,Dubai,https://ae.indeed.com/rc/clk?jk=dc3ffdce0aae16bf&bb=XXC9IjRSnHz4hww0OX_absnLnpu6Qva66XoQ0gJaqtI-IzmilrWUjYB6Bll5WN4iAPrY7t0vTOY9v0cJImOXCuHsZbvnjRnjy6zQaQ_4nQxt00ui4vrhQM2owxNa2WF-At6Yye1mVdseL6PRewzWHw%3D%3D&xkcb=SoA_67M3iLN3HgzDah0AbzkdCdPP&rjs=0&qd=Xd-cji1-rrfYy0m8LpokE8dF20pwsUrmctm8cTGFOXDOAPLLNYb6wmUg8gjYJafwpsXE23qShaYtGgdtUJu_X5BBGG-ayCiM-gQi8HpsYsLtZozk31ERKPJGlDLUboAG50chrnGX4B46HyqhlSj9xMohy02t3MX0n-6xoRHLk5Oh8V2c0duIS4mZo0TAq11Zl61No7XvcMPz961yBIpblougDO3NlIXerppYqweTrkxdIR2u4KVXi5XGrbZ08pfBgjrEyAE0GkSkYu3jG0wyzz3Y1gCYqZnOBVg83E4dTUNONnBtxVWKWr2MpkVuk5BLWOxvghNOg8rM6Po_qXQU-g&atk=1jqb2u61ihmt5800,"Coordinate with project managers, engineers , clients, consultants, and internal departments. PTWL is seeking an experienced Operations Manager with a strong background in technical works, landscaping,…",,,indeed_ae,2026-06-05 05:08:50.270941+00:00
Senior Quantity Surveyor,Eiger Marvel Human Resources Consultancies LLC,Ras al-Khaimah,https://ae.indeed.com/rc/clk?jk=b60fe2ff0c050ce2&bb=XXC9IjRSnHz4hww0OX_abm9hZLmBOVPg6mTzgqJNvZM1jGECoZzT_2DrHEiMDUxVYzcPYbNDFxYlS1KQk6LO8KR4cwb500jErh6TY7LZqrh8c4NSTw67Vee-G0mpbkUdDdzY0qqSk7sQccayabrBEA%3D%3D&xkcb=SoCL67M3iLN3HgzDah0BbzkdCdPP&rjs=0&qd=Xd-cji1-rrfYy0m8LpokE8dF20pwsUrmctm8cTGFOXDOAPLLNYb6wmUg8gjYJafwpsXE23qShaYtGgdtUJu_X5BBGG-ayCiM-gQi8HpsYsLtZozk31ERKPJGlDLUboAG50chrnGX4B46HyqhlSj9xMohy02t3MX0n-6xoRHLk5Oh8V2c0duIS4mZo0TAq11Zl61No7XvcMPz961yBIpblougDO3NlIXerppYqweTrkxdIR2u4KVXi5XGrbZ08pfBgjrEyAE0GkSkYu3jG0wyzz3Y1gCYqZnOBVg83E4dTUNONnBtxVWKWr2MpkVuk5BLWOxvghNOg8rM6Po_qXQU-g&atk=1jqb2u61ihmt5800,"Proficiency in quantity surveying software , MS Excel, and project management tools. Bachelor's Degree in Quantity Surveying, Civil Engineering, or a related discipline.",,,indeed_ae,2026-06-05 05:08:50.210924+00:00
"Data Center Engineer/Technician, Data Center Operations (DCO), AWS",Amazon Data Services Emirates LLC,Abu Dhabi,https://ae.indeed.com/rc/clk?jk=a56c87729a6e4b45&bb=XXC9IjRSnHz4hww0OX_abuA_knsKYW7BP2bQcaO7t6KHPrNvgkWTXGNfPEaQYlkBsEuLX-EL1h4J8p1tj4MHj7L_ls2_QtvcarofAP_36JwyXEiIRmJl32M4URlxaHSpc1kxE8V_maI0L-yyTPpBsw%3D%3D&xkcb=SoAW67M3iLN3HgzDah0CbzkdCdPP&rjs=0&qd=Xd-cji1-rrfYy0m8LpokE8dF20pwsUrmctm8cTGFOXDOAPLLNYb6wmUg8gjYJafwpsXE23qShaYtGgdtUJu_X5BBGG-ayCiM-gQi8HpsYsLtZozk31ERKPJGlDLUboAG50chrnGX4B46HyqhlSj9xMohy02t3MX0n-6xoRHLk5Oh8V2c0duIS4mZo0TAq11Zl61No7XvcMPz961yBIpblougDO3NlIXerppYqweTrkxdIR2u4KVXi5XGrbZ08pfBgjrEyAE0GkSkYu3jG0wyzz3Y1gCYqZnOBVg83E4dTUNONnBtxVWKWr2MpkVuk5BLWOxvghNOg8rM6Po_qXQU-g&atk=1jqb2u61ihmt5800,"High school or equivalent diploma. Bachelor's degree in IT, computer science or equivalent. You will become the primary resolver for your support team, and gain troubleshooting skills on different…",,,indeed_ae,2026-06-05 05:08:50.172280+00:00
Admin & Computer Operator,ADAMZ IT SOLUTIONS,Remote in Abu Dhabi,https://ae.indeed.com/rc/clk?jk=70f7b9ace9725c35&bb=XXC9IjRSnHz4hww0OX_abrX2rypJj9K7QQa2HWQ-gGKWCPZg1f9VdsmZDjPyaXeKY6QrV6TyLw6AThwq4KeDnbUshpm0PdWcEqQ2ZlIYXEHJEtsNEhMSewQ8ZG9v4laWqx8Ym7zQKvmnQeByT4kQ4w%3D%3D&xkcb=SoCi67M3iLN3HgzDah0DbzkdCdPP&rjs=0&qd=Xd-cji1-rrfYy0m8LpokE8dF20pwsUrmctm8cTGFOXDOAPLLNYb6wmUg8gjYJafwpsXE23qShaYtGgdtUJu_X5BBGG-ayCiM-gQi8HpsYsLtZozk31ERKPJGlDLUboAG50chrnGX4B46HyqhlSj9xMohy02t3MX0n-6xoRHLk5Oh8V2c0duIS4mZo0TAq11Zl61No7XvcMPz961yBIpblougDO3NlIXerppYqweTrkxdIR2u4KVXi5XGrbZ08pfBgjrEyAE0GkSkYu3jG0wyzz3Y1gCYqZnOBVg83E4dTUNONnBtxVWKWr2MpkVuk5BLWOxvghNOg8rM6Po_qXQU-g&atk=1jqb2u61ihmt5800,"Expert in using AI tools and learning new software . Good basic computer skills and familiarity with the internet, Google Workspace, or MS Office. Basic writing and communication skills in English.",,,indeed_ae,2026-06-05 05:08:50.123245+00:00
Senior Network Security engineer,Ceenex Global LLC,Dubai,https://ae.indeed.com/rc/clk?jk=b1ea2c64dbf71b21&bb=XXC9IjRSnHz4hww0OX_abhFE8x68GFN16FWxxDK1d6mfUm-vdyw61oWNoquCvSmHxy7AfZXcBpSz8WOVpB0GSRT-e3XmwwxrweFttX91IW2xNfVEMy8ochos7ef59jsRgiSQE70PNZ2v4KCmtca2ag%3D%3D&xkcb=SoBL67M3iLN3HgzDah0MbzkdCdPP&rjs=0&qd=Xd-cji1-rrfYy0m8LpokE8dF20pwsUrmctm8cTGFOXDOAPLLNYb6wmUg8gjYJafwpsXE23qShaYtGgdtUJu_X5BBGG-ayCiM-gQi8HpsYsLtZozk31ERKPJGlDLUboAG50chrnGX4B46HyqhlSj9xMohy02t3MX0n-6xoRHLk5Oh8V2c0duIS4mZo0TAq11Zl61No7XvcMPz961yBIpblougDO3NlIXerppYqweTrkxdIR2u4KVXi5XGrbZ08pfBgjrEyAE0GkSkYu3jG0wyzz3Y1gCYqZnOBVg83E4dTUNONnBtxVWKWr2MpkVuk5BLWOxvghNOg8rM6Po_qXQU-g&atk=1jqb2u61ihmt5800,"Mentor junior security and network engineers . Bachelor's degree in Computer Science, Information Technology, Cybersecurity, or related field. We are seeking a highly skilled Senior Network Security…",,,indeed_ae,2026-06-05 05:08:50.081307+00:00
Laboratory Manager,FALCON LABORATORY LLC,Sharjah,https://ae.indeed.com/rc/clk?jk=8246f076756d8aa1&bb=XXC9IjRSnHz4hww0OX_abm9hZLmBOVPgDRUjjwDodnn-5W90Bf0LpENqGTHot1nYqe_z7jHet3HKWxNXjRMTe_cQZ6nN7nMLeqEzPr4aVshTpNZ9ZE_Gb8IsSNdIpGRW4IY9BLVmuHfkaneyPzmuDw%3D%3D&xkcb=SoD_67M3iLN3HgzDah0NbzkdCdPP&rjs=0&qd=Xd-cji1-rrfYy0m8LpokE8dF20pwsUrmctm8cTGFOXDOAPLLNYb6wmUg8gjYJafwpsXE23qShaYtGgdtUJu_X5BBGG-ayCiM-gQi8HpsYsLtZozk31ERKPJGlDLUboAG50chrnGX4B46HyqhlSj9xMohy02t3MX0n-6xoRHLk5Oh8V2c0duIS4mZo0TAq11Zl61No7XvcMPz961yBIpblougDO3NlIXerppYqweTrkxdIR2u4KVXi5XGrbZ08pfBgjrEyAE0GkSkYu3jG0wyzz3Y1gCYqZnOBVg83E4dTUNONnBtxVWKWr2MpkVuk5BLWOxvghNOg8rM6Po_qXQU-g&atk=1jqb2u61ihmt5800,"Supervise laboratory engineers , technicians, and lab staff. Bachelor’s Degree in Civil Engineering, Geotechnical Engineering, or related field. Falcon Group of Companies is hiring a *Laboratory…",,,indeed_ae,2026-06-05 05:08:50.040304+00:00
Project Engineer,Naissk Hospitality,Dubai,https://ae.indeed.com/rc/clk?jk=502979fc35bf8dbd&bb=XXC9IjRSnHz4hww0OX_aboWoS0SiWgruc7MRtgEComxOVUeNhRpSmVlXwO8JVSD4BNhgQSc4xPKufMZB5vKZ6ufL84gc8rD_xuuw9FXajo6tJ7pcVDMCjdiYr1BxTAk2FeWawyEJ6IW9t5Kqfu1YQg%3D%3D&xkcb=SoBi67M3iLN3HgzDah0ObzkdCdPP&rjs=0&qd=Xd-cji1-rrfYy0m8LpokE8dF20pwsUrmctm8cTGFOXDOAPLLNYb6wmUg8gjYJafwpsXE23qShaYtGgdtUJu_X5BBGG-ayCiM-gQi8HpsYsLtZozk31ERKPJGlDLUboAG50chrnGX4B46HyqhlSj9xMohy02t3MX0n-6xoRHLk5Oh8V2c0duIS4mZo0TAq11Zl61No7XvcMPz961yBIpblougDO3NlIXerppYqweTrkxdIR2u4KVXi5XGrbZ08pfBgjrEyAE0GkSkYu3jG0wyzz3Y1gCYqZnOBVg83E4dTUNONnBtxVWKWr2MpkVuk5BLWOxvghNOg8rM6Po_qXQU-g&atk=1jqb2u61ihmt5800,"Bachelor’s Degree in Civil Engineering or related field. Experience in commercial, residential, retail, or hospitality projects preferred. We are seeking an experienced Project Engineer with a strong…",,,indeed_ae,2026-06-05 05:08:49.997007+00:00
Project Manager,"Citic Construction Co, Ltd",Dubai,https://ae.indeed.com/rc/clk?jk=5c78eb445863381a&bb=XXC9IjRSnHz4hww0OX_ablNa6NZ2ofgmSQtKXB4vHnXUIFg9J-Vmm1uarkbkIRKFINOa3v1-oYqMvOhiZhFLycaLoJUaa4ophWaRc_n5bLbNgNJ5yfsfl99nWPLVEicCJGI1GMq7zK1EC96d_g6LbA%3D%3D&xkcb=SoDW67M3iLN3HgzDah0PbzkdCdPP&rjs=0&qd=Xd-cji1-rrfYy0m8LpokE8dF20pwsUrmctm8cTGFOXDOAPLLNYb6wmUg8gjYJafwpsXE23qShaYtGgdtUJu_X5BBGG-ayCiM-gQi8HpsYsLtZozk31ERKPJGlDLUboAG50chrnGX4B46HyqhlSj9xMohy02t3MX0n-6xoRHLk5Oh8V2c0duIS4mZo0TAq11Zl61No7XvcMPz961yBIpblougDO3NlIXerppYqweTrkxdIR2u4KVXi5XGrbZ08pfBgjrEyAE0GkSkYu3jG0wyzz3Y1gCYqZnOBVg83E4dTUNONnBtxVWKWr2MpkVuk5BLWOxvghNOg8rM6Po_qXQU-g&atk=1jqb2u61ihmt5800,"A master’s degree or PMP certification is preferred. Bachelor’s degree in Civil Engineering, Construction Management, or a related field. Proficiency in project management software (e.g., Primavera P6…",,,indeed_ae,2026-06-05 05:08:49.945267+00:00
Site Engineer Manager,Akaa Tent,Sharjah,https://ae.indeed.com/rc/clk?jk=f0da4d4762dc7cdd&bb=XXC9IjRSnHz4hww0OX_abthqVceW9LufAUc8nG7PcaMb3VOCvBivUrkMIPFCxsZAASVoVlUlXhVXPr96UFryAtrDy5vS1kC_OXvrLzVVc8ENOPmLKrUAps5ce6kdSjFQVQn3oWgT9bwrNTlXer5IUQ%3D%3D&xkcb=SoBY67M3iLN3HgzDah0IbzkdCdPP&rjs=0&qd=Xd-cji1-rrfYy0m8LpokE8dF20pwsUrmctm8cTGFOXDOAPLLNYb6wmUg8gjYJafwpsXE23qShaYtGgdtUJu_X5BBGG-ayCiM-gQi8HpsYsLtZozk31ERKPJGlDLUboAG50chrnGX4B46HyqhlSj9xMohy02t3MX0n-6xoRHLk5Oh8V2c0duIS4mZo0TAq11Zl61No7XvcMPz961yBIpblougDO3NlIXerppYqweTrkxdIR2u4KVXi5XGrbZ08pfBgjrEyAE0GkSkYu3jG0wyzz3Y1gCYqZnOBVg83E4dTUNONnBtxVWKWr2MpkVuk5BLWOxvghNOg8rM6Po_qXQU-g&atk=1jqb2u61ihmt5800,"Lead site engineers , supervisors, and installation teams. Background in tents, tensile structures, car parking shades, pergolas, or steel structures. Manage and supervise multiple project sites.",,,indeed_ae,2026-06-05 05:08:49.896511+00:00
Senior MEP Engineer,Sharafi Group Investments,Abu Hail,https://ae.indeed.com/rc/clk?jk=ef46ead39fd65112&bb=XXC9IjRSnHz4hww0OX_abnqvnVZjcTDQA9XXtRXuWO2wE5ZqELzc7CYSokCHJErlKpf7dWy5rI_PLt1mYjksyLTfbf0BhxrOpTFfwA3jQlDVnpRludsbtYMacNUkAPkHjIRchp8cgMYgVaiHJKyDcw%3D%3D&xkcb=SoDs67M3iLN3HgzDah0JbzkdCdPP&rjs=0&qd=Xd-cji1-rrfYy0m8LpokE8dF20pwsUrmctm8cTGFOXDOAPLLNYb6wmUg8gjYJafwpsXE23qShaYtGgdtUJu_X5BBGG-ayCiM-gQi8HpsYsLtZozk31ERKPJGlDLUboAG50chrnGX4B46HyqhlSj9xMohy02t3MX0n-6xoRHLk5Oh8V2c0duIS4mZo0TAq11Zl61No7XvcMPz961yBIpblougDO3NlIXerppYqweTrkxdIR2u4KVXi5XGrbZ08pfBgjrEyAE0GkSkYu3jG0wyzz3Y1gCYqZnOBVg83E4dTUNONnBtxVWKWr2MpkVuk5BLWOxvghNOg8rM6Po_qXQU-g&atk=1jqb2u61ihmt5800,"Collaborate with architects, structural engineers , electrical engineers , and other stakeholders to ensure all mechanical systems are efficiently integrated into the building.",,,indeed_ae,2026-06-05 05:08:49.857662+00:00
Specialist HSE Technical Engineer - Offshore,Worley,Abu Dhabi,https://ae.indeed.com/rc/clk?jk=30abe82e576f9a53&bb=XXC9IjRSnHz4hww0OX_abipkjSnWEuvPfaNRZ1hdm4N-F_P4HRgSa87Ic6wqP5kPDMXNEbG_l1eZG5ObhO-13u-jNy9oInXg4JXj_ZHBURVmBW6Vy3XiDK-tsy8IbY1ZUIJbF0M2ZhisN5rfxg6dkw%3D%3D&xkcb=SoBx67M3iLN3HgzDah0KbzkdCdPP&rjs=0&qd=Xd-cji1-rrfYy0m8LpokE8dF20pwsUrmctm8cTGFOXDOAPLLNYb6wmUg8gjYJafwpsXE23qShaYtGgdtUJu_X5BBGG-ayCiM-gQi8HpsYsLtZozk31ERKPJGlDLUboAG50chrnGX4B46HyqhlSj9xMohy02t3MX0n-6xoRHLk5Oh8V2c0duIS4mZo0TAq11Zl61No7XvcMPz961yBIpblougDO3NlIXerppYqweTrkxdIR2u4KVXi5XGrbZ08pfBgjrEyAE0GkSkYu3jG0wyzz3Y1gCYqZnOBVg83E4dTUNONnBtxVWKWr2MpkVuk5BLWOxvghNOg8rM6Po_qXQU-g&atk=1jqb2u61ihmt5800,"Provide technical assistance and coordination with other discipline engineers . Ensuring HSSEQ goals, objectives and targets are met through personal leadership and involvement.",,,indeed_ae,2026-06-05 05:08:49.812697+00:00
Lead Electrical Engineer – Power System Studies (ETAP) & 132kV GIS,rejlers,Abu Dhabi,https://ae.indeed.com/rc/clk?jk=80511dee2b4d6cd4&bb=XXC9IjRSnHz4hww0OX_absZzij-Bi8uacq4oyynhHkvAALB3-zt7TKla1b1dvpp1S8moFB49mM7sj5mNfVaoKleyFjo93ENeHZq_1mTkerUCnquf2BOGJyARHzJC3-XcIBf2wq2ir5C41kjtAwWnrg%3D%3D&xkcb=SoDF67M3iLN3HgzDah0LbzkdCdPP&rjs=0&qd=Xd-cji1-rrfYy0m8LpokE8dF20pwsUrmctm8cTGFOXDOAPLLNYb6wmUg8gjYJafwpsXE23qShaYtGgdtUJu_X5BBGG-ayCiM-gQi8HpsYsLtZozk31ERKPJGlDLUboAG50chrnGX4B46HyqhlSj9xMohy02t3MX0n-6xoRHLk5Oh8V2c0duIS4mZo0TAq11Zl61No7XvcMPz961yBIpblougDO3NlIXerppYqweTrkxdIR2u4KVXi5XGrbZ08pfBgjrEyAE0GkSkYu3jG0wyzz3Y1gCYqZnOBVg83E4dTUNONnBtxVWKWr2MpkVuk5BLWOxvghNOg8rM6Po_qXQU-g&atk=1jqb2u61ihmt5800,Electrical design and calculation software . Provide mentorship and technical guidance to junior engineers . Extensive hands-on experience with ETAP software and power system studies.,,,indeed_ae,2026-06-05 05:08:49.771408+00:00
Civil Engineer,Ultra Max General Contracting,Dubai,https://ae.indeed.com/rc/clk?jk=dd8d70fe450d83a6&bb=U_lRJU0jlLoDrOh_3pmOygsqYRqfT5o1ILYT138E2EdKH6dnexypDh6Vw-uzBx4QpcT0ZN2QW3eaU9O_GBiomdx1ZFb5_QrZP-BKn62ZMRep4Yfgwc7aWv5iMf6Tn1YxzhVPnVi2N0eZdTU5pRK0EQ%3D%3D&xkcb=SoB067M3iLN36bzDah0TbzkdCdPP&rjs=0&qd=Xd-cji1-rrfYy0m8LpokE8dF20pwsUrmctm8cTGFOXDOAPLLNYb6wmUg8gjYJafwpsXE23qShaYtGgdtUJu_X5BBGG-ayCiM-gQi8HpsYsLtZozk31ERKPJGlDLUboAG50chrnGX4B46HyqhlSj9xMohy02t3MX0n-6xoRHLk5Oh8V2c0duIS4mZo0TAq11Zl61No7XvcMPz961yBIpblougDO3NlIXerppYqweTrkxdIR2u4KVXi5XGrbZ08pfBgjrEyAE0GkSkYu3jG0wyz6GIieWwfPZAKqtdWM0F9pOB_A9S7mJzNXMW1CeAkin6WOxvghNOg8rM6Po_qXQU-g&atk=1jqb2u1f4hcd3800,"Looking for Civil Engineer for a Civil contracting company in Dubai for office coordination works. Experience: 03 - 05 years Location: Dubai Job Type: Full-time Pay: AED7,000.00 - AED8,000.00…",,,indeed_ae,2026-06-05 05:08:46.225663+00:00
Site Engineer- Freelancer,INFYA EXHIBITION STAND FITTING AND EXECUTION LLC,Dubai,https://ae.indeed.com/rc/clk?jk=67fdf7d1dd0769a5&bb=U_lRJU0jlLoDrOh_3pmOypbPYVvHx-bAb-132msvMBzC_JK-KwDlTA1t3fYD4cGpRVsy8nyXnnr9XTJCIoHuGsP8IOEDYqmCxw1gQra7UDSkFNSnLW_0xSIre_wSHEH-pcWm9rnBQ2qwnhaOv0YpMA%3D%3D&xkcb=SoCd67M3iLN36bzDah0cbzkdCdPP&rjs=0&qd=Xd-cji1-rrfYy0m8LpokE8dF20pwsUrmctm8cTGFOXDOAPLLNYb6wmUg8gjYJafwpsXE23qShaYtGgdtUJu_X5BBGG-ayCiM-gQi8HpsYsLtZozk31ERKPJGlDLUboAG50chrnGX4B46HyqhlSj9xMohy02t3MX0n-6xoRHLk5Oh8V2c0duIS4mZo0TAq11Zl61No7XvcMPz961yBIpblougDO3NlIXerppYqweTrkxdIR2u4KVXi5XGrbZ08pfBgjrEyAE0GkSkYu3jG0wyz6GIieWwfPZAKqtdWM0F9pOB_A9S7mJzNXMW1CeAkin6WOxvghNOg8rM6Po_qXQU-g&atk=1jqb2u1f4hcd3800,"Bachelor's Degree in Civil Engineering or a related field. Immediate joiners on visit visa or cancelled visa are preferred. Experience in commercial, residential, fit-out, or infrastructure projects.",,,indeed_ae,2026-06-05 05:08:46.179597+00:00
MEP Project Manager,AMREET TECH CONT LLC,Dubai,https://ae.indeed.com/rc/clk?jk=a9d524d5a24bfce9&bb=U_lRJU0jlLoDrOh_3pmOyjojCSQrCzunhfPv47yHUcuWWuxNSuRpaassU7fPvo_MEMcqs6TaGRG1faXRtw0sXQfUdQsqkvKWI9sPnKqHTGtrfX-LqS5mZskHZuFi0bH8_KKGb_eI_YEFrQGyoRaPUoF60_vagNgA&xkcb=SoAp67M3iLN36bzDah0dbzkdCdPP&rjs=0&qd=Xd-cji1-rrfYy0m8LpokE8dF20pwsUrmctm8cTGFOXDOAPLLNYb6wmUg8gjYJafwpsXE23qShaYtGgdtUJu_X5BBGG-ayCiM-gQi8HpsYsLtZozk31ERKPJGlDLUboAG50chrnGX4B46HyqhlSj9xMohy02t3MX0n-6xoRHLk5Oh8V2c0duIS4mZo0TAq11Zl61No7XvcMPz961yBIpblougDO3NlIXerppYqweTrkxdIR2u4KVXi5XGrbZ08pfBgjrEyAE0GkSkYu3jG0wyz6GIieWwfPZAKqtdWM0F9pOB_A9S7mJzNXMW1CeAkin6WOxvghNOg8rM6Po_qXQU-g&atk=1jqb2u1f4hcd3800,Bachelor's Degree in Mechanical Engineering or Electrical Engineering. Dubai: Reliably commute or planning to relocate before starting work (Preferred). Dubai Electricity and Water Authority.,,,indeed_ae,2026-06-05 05:08:46.131137+00:00
Site Fire Alarm & Fire Fighting Engineers,AL RAYAN SECURITY AND SAFETY TRADING,Dubai,https://ae.indeed.com/rc/clk?jk=98d1beadd501320d&bb=U_lRJU0jlLoDrOh_3pmOyuqDsFSM1A4ou6TfpZkJFeN9raace_PpKgEG0Bq1fdjx4NwJA6dqJkh6A3HArZx6vDsmutVRBkQaGuaFHXjiBXtUEOhuGHjb0wbSWmIx5G2VS5BNLOYtfOkEYLsopVGxTw%3D%3D&xkcb=SoC067M3iLN36bzDah0ebzkdCdPP&rjs=0&qd=Xd-cji1-rrfYy0m8LpokE8dF20pwsUrmctm8cTGFOXDOAPLLNYb6wmUg8gjYJafwpsXE23qShaYtGgdtUJu_X5BBGG-ayCiM-gQi8HpsYsLtZozk31ERKPJGlDLUboAG50chrnGX4B46HyqhlSj9xMohy02t3MX0n-6xoRHLk5Oh8V2c0duIS4mZo0TAq11Zl61No7XvcMPz961yBIpblougDO3NlIXerppYqweTrkxdIR2u4KVXi5XGrbZ08pfBgjrEyAE0GkSkYu3jG0wyz6GIieWwfPZAKqtdWM0F9pOB_A9S7mJzNXMW1CeAkin6WOxvghNOg8rM6Po_qXQU-g&atk=1jqb2u1f4hcd3800,Experience in Fire Alarm and Fire Fighting systems. Site execution and project experience preferred. Immediate joiners will be given preference.,,,indeed_ae,2026-06-05 05:08:46.090580+00:00
Civil Engineer,Samana Group of Companies,Dubai,https://ae.indeed.com/rc/clk?jk=1b0afe0304599aa2&bb=U_lRJU0jlLoDrOh_3pmOyhMmwv9edZrkz7nnQKeMVhLRDE2ltuMRELqc8lmxtUpfj0NsmJ4FeC8F9rb7MJMe-keGXOUPMAQ7YHlnL2Ilxwel1zS_l6hM0w3BhDQbnS0d0Yf5uMUQIcPLre4G26wDGg%3D%3D&xkcb=SoAA67M3iLN36bzDah0fbzkdCdPP&rjs=0&qd=Xd-cji1-rrfYy0m8LpokE8dF20pwsUrmctm8cTGFOXDOAPLLNYb6wmUg8gjYJafwpsXE23qShaYtGgdtUJu_X5BBGG-ayCiM-gQi8HpsYsLtZozk31ERKPJGlDLUboAG50chrnGX4B46HyqhlSj9xMohy02t3MX0n-6xoRHLk5Oh8V2c0duIS4mZo0TAq11Zl61No7XvcMPz961yBIpblougDO3NlIXerppYqweTrkxdIR2u4KVXi5XGrbZ08pfBgjrEyAE0GkSkYu3jG0wyz6GIieWwfPZAKqtdWM0F9pOB_A9S7mJzNXMW1CeAkin6WOxvghNOg8rM6Po_qXQU-g&atk=1jqb2u1f4hcd3800,"Proficiency in AutoCAD, MS Office, and related engineering software . Samara Construction is looking for an experienced and dedicated Civil Engineer with a minimum of 5 years of experience in the…",,,indeed_ae,2026-06-05 05:08:46.041494+00:00
Rigger - Telecom,BEEHIVE,Abu Dhabi,https://ae.indeed.com/rc/clk?jk=40d4afec10654d10&bb=U_lRJU0jlLoDrOh_3pmOyirrQNT3cd_tM_Is6I0esU34-_bid94FrAhqbeTV6v9lQMzb2Pah4QIIz-mugD3CJp4fvxWXKmsWGuUFRSglQXoCWUdgy4FOwxgSFM9WICkjn6SlB8ZFnX1F20za-HyZ_w%3D%3D&xkcb=SoCO67M3iLN36bzDah0YbzkdCdPP&rjs=0&qd=Xd-cji1-rrfYy0m8LpokE8dF20pwsUrmctm8cTGFOXDOAPLLNYb6wmUg8gjYJafwpsXE23qShaYtGgdtUJu_X5BBGG-ayCiM-gQi8HpsYsLtZozk31ERKPJGlDLUboAG50chrnGX4B46HyqhlSj9xMohy02t3MX0n-6xoRHLk5Oh8V2c0duIS4mZo0TAq11Zl61No7XvcMPz961yBIpblougDO3NlIXerppYqweTrkxdIR2u4KVXi5XGrbZ08pfBgjrEyAE0GkSkYu3jG0wyz6GIieWwfPZAKqtdWM0F9pOB_A9S7mJzNXMW1CeAkin6WOxvghNOg8rM6Po_qXQU-g&atk=1jqb2u1f4hcd3800,Valid rigging certification or training. Experience in UAE or GCC projects. Assist technicians and engineers in equipment installation and alignment. Experience: Minimum 2–3 years in telecom rigging…,,,indeed_ae,2026-06-05 05:08:45.975634+00:00
Electrical Design Engineer,greenclover,Dubai,https://ae.indeed.com/rc/clk?jk=58c99d50c6f811db&bb=U_lRJU0jlLoDrOh_3pmOypwYNsqE1id7LcpJmF6dSHk2ZXMkZwE8TWCH2LmN9EltTHdCaDbIPe0o-6xlldhlHPjE0wDiczQ2HGTnmFzML-SMBEmwfzbitdSGLeHD6oOrMkjS6QVhwMs5gHvGNDS1tQ%3D%3D&xkcb=SoA667M3iLN36bzDah0ZbzkdCdPP&rjs=0&qd=Xd-cji1-rrfYy0m8LpokE8dF20pwsUrmctm8cTGFOXDOAPLLNYb6wmUg8gjYJafwpsXE23qShaYtGgdtUJu_X5BBGG-ayCiM-gQi8HpsYsLtZozk31ERKPJGlDLUboAG50chrnGX4B46HyqhlSj9xMohy02t3MX0n-6xoRHLk5Oh8V2c0duIS4mZo0TAq11Zl61No7XvcMPz961yBIpblougDO3NlIXerppYqweTrkxdIR2u4KVXi5XGrbZ08pfBgjrEyAE0GkSkYu3jG0wyz6GIieWwfPZAKqtdWM0F9pOB_A9S7mJzNXMW1CeAkin6WOxvghNOg8rM6Po_qXQU-g&atk=1jqb2u1f4hcd3800,"* Strong command of ETAP or similar power system analysis software for load flow, short circuit, and protection coordination studies. * Project Management & Site Execution: * Oversee the full…",,,indeed_ae,2026-06-05 05:08:45.921393+00:00
Project Manager - Construction,Al Awael Building Contracting LLC,Ras al-Khaimah,https://ae.indeed.com/pagead/clk?mo=r&ad=-6NYlbfkN0B03GTH09IPcf2F64OUMqPjZ6QCo0xSyGEtcEGehgvCifoaZ31RS8S1texA1qv9lTkoxgR1uXvrNhzhtzLxDgkvpgS7rAxWJWW5m_0t8ee15qQJ0y_18YEGOEFDgr84PJyPfw4utKOCAtQjJZyFpeH_1uxOgoeiOELFcm0Zysj2pQ5Av1dzro5bTA7-b5BTbBbhiJEU8-c-tuhaAA2pw3OhR5Cgfo-qJg8dI49IxXoV7JU_c4q04KwJkxMSChZPqW3Ej5QWynGwk5rfeaGP3WiWEt89kFqg2fk8jdhugrA7f65_QV66fOpt8mHRqgtoMN0xriiDIcJImseaZ2kjQ4XkWfCJCvBAnwwOAHfRpJVi_NSH6q_IuGt31FdiKQNGIUEWjbWLTVnDYevfeANkHsGdIC2EdBQsBHM1Vvc65uaK106c2YHRiEy0OX-zxp5yjOzWEpKqGQoeDOEGl14BqZ_3l4s3o4kQH8yK9ayTk0kgJb9AeSm27tYAGHmW1um-xXO8lzKoRewiCRT31nzx6P1geeGsUSsIOXs5CkxLq7BBbKWrJ5q-_y_uwsHTyct5ZXYf-xRyxMGAJJqE5xwWlAugip1wv6bBWoVxJBgH8KBLNm_N02Zarfd-cnUJN9PH1lptgTE0TcDeurzKyH2ycNGYsxSAtycEx0HwOoe9Y_4YdXcS6N3Oyv6EK9oGUfZ4d2MR7QvdASNVRwdSnIsgD6ySIJN-O2kYXHD9irfLETXIwsLAwEcs1zebn9syixcym3sg5Rfv8QJcL85NRyHakRDKPjCUC2NFInlZfC07xvgEFbRTXr8iKvDSsmq2io-HJDd2AE1bhLK3URmNpoRSBpNEE9fjbB4-MS6BZzFTxtSH6MOY22ngFRj6CT8sQAiyKRNb7NtqWR5bjN0qgZuDMGuxBYjPhipYACAoLEa2ByKCcf75H2FEKeoZPe9Hl5yZK53wEjaz6-auJg==&xkcb=SoBT6_M3iLN36bzDah0abzkdCdPP&camk=C3EPSzFlQw_3ySholZmg3A==&p=17&atk=1jqb2u1f4hcd3800,"Proficiency in project management and construction software . Bachelor’s Degree in Civil Engineering, Construction Management, or related field. Lead and motivate site teams, engineers , supervisors,…",,,indeed_ae,2026-06-05 05:08:45.868825+00:00
Planning Engineer,Otis,Dubai,https://ae.indeed.com/rc/clk?jk=7f6ded40fcc1e169&bb=U_lRJU0jlLoDrOh_3pmOypbPYVvHx-bAaUQ8vcXTYZyFc4xOka3NHzJKlyAB-WRE52vzFEQWxsyq4rKXaSDB5FbFiCWMXmgge2_kycGF-Qbjol4i8KwcM5UpNEKGhWXPid1k6e3AjY6H9S0qXNCS7A%3D%3D&xkcb=SoAT67M3iLN36bzDah0bbzkdCdPP&rjs=0&qd=Xd-cji1-rrfYy0m8LpokE8dF20pwsUrmctm8cTGFOXDOAPLLNYb6wmUg8gjYJafwpsXE23qShaYtGgdtUJu_X5BBGG-ayCiM-gQi8HpsYsLtZozk31ERKPJGlDLUboAG50chrnGX4B46HyqhlSj9xMohy02t3MX0n-6xoRHLk5Oh8V2c0duIS4mZo0TAq11Zl61No7XvcMPz961yBIpblougDO3NlIXerppYqweTrkxdIR2u4KVXi5XGrbZ08pfBgjrEyAE0GkSkYu3jG0wyz6GIieWwfPZAKqtdWM0F9pOB_A9S7mJzNXMW1CeAkin6WOxvghNOg8rM6Po_qXQU-g&atk=1jqb2u1f4hcd3800,"Degree in Civil Engineering or related Engineering discipline. We provide opportunities, training, and resources, that build leadership and capabilities in Sales, Field, Engineering and Major Projects…",,,indeed_ae,2026-06-05 05:08:45.818660+00:00
Draftsman (Electrical),Infotech Electromechanical LLC,Abu Dhabi,https://ae.indeed.com/rc/clk?jk=d14ace2da8a4adc2&bb=U_lRJU0jlLoDrOh_3pmOykPHvA11rUmKM3KN6RRiMptB7mimXCNco7YXM2a1sweWuMz0v5snK4qZGmhjxe2-kHZgRDQPN8pRWZIATGrSPQWo9E9240-r7PEoqPwIWo4Uq1D4cYrDrHjRQ8j9TKJ8Cw%3D%3D&xkcb=SoA067M3iLN36bzDah0EbzkdCdPP&rjs=0&qd=Xd-cji1-rrfYy0m8LpokE8dF20pwsUrmctm8cTGFOXDOAPLLNYb6wmUg8gjYJafwpsXE23qShaYtGgdtUJu_X5BBGG-ayCiM-gQi8HpsYsLtZozk31ERKPJGlDLUboAG50chrnGX4B46HyqhlSj9xMohy02t3MX0n-6xoRHLk5Oh8V2c0duIS4mZo0TAq11Zl61No7XvcMPz961yBIpblougDO3NlIXerppYqweTrkxdIR2u4KVXi5XGrbZ08pfBgjrEyAE0GkSkYu3jG0wyz6GIieWwfPZAKqtdWM0F9pOB_A9S7mJzNXMW1CeAkin6WOxvghNOg8rM6Po_qXQU-g&atk=1jqb2u1f4hcd3800,"Diploma or equivalent qualification in Drafting, Electrical Engineering, or a related discipline. Coordinate with engineers and site teams to ensure accuracy and compliance of drawings.",,,indeed_ae,2026-06-05 05:08:45.778220+00:00
Specialist Process Engineer,Worley,Abu Dhabi,https://ae.indeed.com/rc/clk?jk=c5edfc0da4b63293&bb=U_lRJU0jlLoDrOh_3pmOyvZU-FjDm5nSARSM3xbVzrNLThKiRHebIciqobH3bS9pLNK7wxednuUvvcoJ6mONSHZi2T9II5E6myIE-yfnCWngPci7ixkO_BpxNeeHPh3690ZKHTWjpoo0sYzJu22Jgg%3D%3D&xkcb=SoCA67M3iLN36bzDah0FbzkdCdPP&rjs=0&qd=Xd-cji1-rrfYy0m8LpokE8dF20pwsUrmctm8cTGFOXDOAPLLNYb6wmUg8gjYJafwpsXE23qShaYtGgdtUJu_X5BBGG-ayCiM-gQi8HpsYsLtZozk31ERKPJGlDLUboAG50chrnGX4B46HyqhlSj9xMohy02t3MX0n-6xoRHLk5Oh8V2c0duIS4mZo0TAq11Zl61No7XvcMPz961yBIpblougDO3NlIXerppYqweTrkxdIR2u4KVXi5XGrbZ08pfBgjrEyAE0GkSkYu3jG0wyz6GIieWwfPZAKqtdWM0F9pOB_A9S7mJzNXMW1CeAkin6WOxvghNOg8rM6Po_qXQU-g&atk=1jqb2u1f4hcd3800,Technical Integrity: Verifying & achieving technical Integrity of respective project deliverable(s) in compliance with. Monitor and check the EPC Contractor’s technical deliverables in order to obtain…,,,indeed_ae,2026-06-05 05:08:45.736885+00:00
ELECTRICAL ENGINEER,Fusion Tech,Dubai,https://ae.indeed.com/rc/clk?jk=d979b0818b6fb702&bb=U_lRJU0jlLoDrOh_3pmOykle1AUNpGIT9sZkWcuvPcAeKzQHDmv_y9u0skyISK6fjs7T3DOm7SE-O7J1QpFOHf2PqrEamNqwNjZwdb1EC5oMEuRoVwINYU-X85o4C3NNwCLjjRFEGPF3B3jOw7heGA%3D%3D&xkcb=SoAd67M3iLN36bzDah0GbzkdCdPP&rjs=0&qd=Xd-cji1-rrfYy0m8LpokE8dF20pwsUrmctm8cTGFOXDOAPLLNYb6wmUg8gjYJafwpsXE23qShaYtGgdtUJu_X5BBGG-ayCiM-gQi8HpsYsLtZozk31ERKPJGlDLUboAG50chrnGX4B46HyqhlSj9xMohy02t3MX0n-6xoRHLk5Oh8V2c0duIS4mZo0TAq11Zl61No7XvcMPz961yBIpblougDO3NlIXerppYqweTrkxdIR2u4KVXi5XGrbZ08pfBgjrEyAE0GkSkYu3jG0wyz6GIieWwfPZAKqtdWM0F9pOB_A9S7mJzNXMW1CeAkin6WOxvghNOg8rM6Po_qXQU-g&atk=1jqb2u1f4hcd3800,"Qatar UPDA Grade B or C certified, or eligible for Qatar UPDA certification (mandatory). Bachelor's Degree in Electrical Engineering. Minimum 2 years of relevant experience.",,,indeed_ae,2026-06-05 05:08:45.693664+00:00
Specialist I&C Engineer,Worley,Abu Dhabi,https://ae.indeed.com/rc/clk?jk=dd40a8848542b860&bb=U_lRJU0jlLoDrOh_3pmOyjVghQE6fLiHgZSXV4c4ePw6le8Qsqxm_Q10Q7D8VB_kbGm31600aJzUKwAJVcX3cimDT9rROrx3XN6vdrKxdHeYLbnvkwZbDDtCQm4vj55QnVgm2gqXhDdIARV9YHeVuw%3D%3D&xkcb=SoCp67M3iLN36bzDah0HbzkdCdPP&rjs=0&qd=Xd-cji1-rrfYy0m8LpokE8dF20pwsUrmctm8cTGFOXDOAPLLNYb6wmUg8gjYJafwpsXE23qShaYtGgdtUJu_X5BBGG-ayCiM-gQi8HpsYsLtZozk31ERKPJGlDLUboAG50chrnGX4B46HyqhlSj9xMohy02t3MX0n-6xoRHLk5Oh8V2c0duIS4mZo0TAq11Zl61No7XvcMPz961yBIpblougDO3NlIXerppYqweTrkxdIR2u4KVXi5XGrbZ08pfBgjrEyAE0GkSkYu3jG0wyz6GIieWwfPZAKqtdWM0F9pOB_A9S7mJzNXMW1CeAkin6WOxvghNOg8rM6Po_qXQU-g&atk=1jqb2u1f4hcd3800,"Bachelor’s Degree in Instrumentation Engineering, Electronics Engineering, Electrical & Instrumentation Engineering, or related discipline. Experience with major international engineering consultants…",,,indeed_ae,2026-06-05 05:08:45.655114+00:00
Mechanical Engineer,Abcon Safety Consultancy LLC,Dubai,https://ae.indeed.com/rc/clk?jk=9f799f94810ad7e0&bb=U_lRJU0jlLoDrOh_3pmOyuClSgE_1tXrFK0X-kh29mWWxABsap87FkYoVOd0vATubMmAGmxhRfzZB5EeLnQGNxMNprjIZe66568eQCdcMb6g_JvNensajezGprd_woflYoHo_2XU4d8L1SZd-TeLxg%3D%3D&xkcb=SoAn67M3iLN36bzDah0AbzkdCdPP&rjs=0&qd=Xd-cji1-rrfYy0m8LpokE8dF20pwsUrmctm8cTGFOXDOAPLLNYb6wmUg8gjYJafwpsXE23qShaYtGgdtUJu_X5BBGG-ayCiM-gQi8HpsYsLtZozk31ERKPJGlDLUboAG50chrnGX4B46HyqhlSj9xMohy02t3MX0n-6xoRHLk5Oh8V2c0duIS4mZo0TAq11Zl61No7XvcMPz961yBIpblougDO3NlIXerppYqweTrkxdIR2u4KVXi5XGrbZ08pfBgjrEyAE0GkSkYu3jG0wyz6GIieWwfPZAKqtdWM0F9pOB_A9S7mJzNXMW1CeAkin6WOxvghNOg8rM6Po_qXQU-g&atk=1jqb2u1f4hcd3800,"Bachelor’s degree in Mechanical Engineering (or equivalent). Demonstrated safety knowledge—e.g. experience in risk assessment, method statements, or site safety coordination.",,,indeed_ae,2026-06-05 05:08:45.611409+00:00
MEP Engineer -FITOUT,K4 Technical Services,Dubai,https://ae.indeed.com/rc/clk?jk=7a90ba3a056d3840&bb=U_lRJU0jlLoDrOh_3pmOypf-zoYrKldaqEQy7e243A_1hALmSapaulwV168D3OMwEzcTuXZJgjyGeoNn8c9LsHxzjIzFsM0Ca1UDrh_BRZh2qtNPjqmUfL4I66chZzdq6NeN_rlm-gX2oUvpeOJYYw%3D%3D&xkcb=SoCT67M3iLN36bzDah0BbzkdCdPP&rjs=0&qd=Xd-cji1-rrfYy0m8LpokE8dF20pwsUrmctm8cTGFOXDOAPLLNYb6wmUg8gjYJafwpsXE23qShaYtGgdtUJu_X5BBGG-ayCiM-gQi8HpsYsLtZozk31ERKPJGlDLUboAG50chrnGX4B46HyqhlSj9xMohy02t3MX0n-6xoRHLk5Oh8V2c0duIS4mZo0TAq11Zl61No7XvcMPz961yBIpblougDO3NlIXerppYqweTrkxdIR2u4KVXi5XGrbZ08pfBgjrEyAE0GkSkYu3jG0wyz6GIieWwfPZAKqtdWM0F9pOB_A9S7mJzNXMW1CeAkin6WOxvghNOg8rM6Po_qXQU-g&atk=1jqb2u1f4hcd3800,Bachelor’s Degree in Mechanical or Electrical Engineering. 4–5 years of UAE experience in fit-out or construction. We are looking for a skilled MEP Engineer with 4–5 years of UAE experience in *…,,,indeed_ae,2026-06-05 05:08:45.565344+00:00
Lead MEP Engineer,Stantec,Abu Dhabi,https://ae.indeed.com/rc/clk?jk=284483f651ef6dcc&bb=U_lRJU0jlLoDrOh_3pmOys14sEneOEFq9BSVvILlhL_yFx2IwHdgYkug3T1QVGvEK10uAc890bAnTRrFuMtlBcE6RJ74jgIdh4LZqmSy09jjtfRiflLWZCqamarWDd2ry9o-I1uBoJZlKKT3jvdGBQ%3D%3D&xkcb=SoAO67M3iLN36bzDah0CbzkdCdPP&rjs=0&qd=Xd-cji1-rrfYy0m8LpokE8dF20pwsUrmctm8cTGFOXDOAPLLNYb6wmUg8gjYJafwpsXE23qShaYtGgdtUJu_X5BBGG-ayCiM-gQi8HpsYsLtZozk31ERKPJGlDLUboAG50chrnGX4B46HyqhlSj9xMohy02t3MX0n-6xoRHLk5Oh8V2c0duIS4mZo0TAq11Zl61No7XvcMPz961yBIpblougDO3NlIXerppYqweTrkxdIR2u4KVXi5XGrbZ08pfBgjrEyAE0GkSkYu3jG0wyz6GIieWwfPZAKqtdWM0F9pOB_A9S7mJzNXMW1CeAkin6WOxvghNOg8rM6Po_qXQU-g&atk=1jqb2u1f4hcd3800,"Bachelor's Degree in Mechanical, Electrical, or related Engineering discipline. Lead and manage all MEP engineering activities across the programme, providing technical leadership throughout design,…",,,indeed_ae,2026-06-05 05:08:45.520702+00:00
Aviation Recruiter – Pilot/Cabin Crew Hiring Experience Mandatory,3S group,Dubai,https://ae.indeed.com/rc/clk?jk=98a3a81a443c38cb&bb=U_lRJU0jlLoDrOh_3pmOyonTCmaWE9y9iU8auhLCRKRzsLgjI9VIdP1IGgpJtaJawbBBaKjQRAG0c2ooSJwgLZmm1a7eF_38xz6AT7C4LVWrK5Sk8WjW4ZWoyrRjZv9BnBuGWWHq4zGZoSVt-qz49Vg5KwLh96X9&xkcb=SoC667M3iLN36bzDah0DbzkdCdPP&rjs=0&qd=Xd-cji1-rrfYy0m8LpokE8dF20pwsUrmctm8cTGFOXDOAPLLNYb6wmUg8gjYJafwpsXE23qShaYtGgdtUJu_X5BBGG-ayCiM-gQi8HpsYsLtZozk31ERKPJGlDLUboAG50chrnGX4B46HyqhlSj9xMohy02t3MX0n-6xoRHLk5Oh8V2c0duIS4mZo0TAq11Zl61No7XvcMPz961yBIpblougDO3NlIXerppYqweTrkxdIR2u4KVXi5XGrbZ08pfBgjrEyAE0GkSkYu3jG0wyz6GIieWwfPZAKqtdWM0F9pOB_A9S7mJzNXMW1CeAkin6WOxvghNOg8rM6Po_qXQU-g&atk=1jqb2u1f4hcd3800,"Demonstrated experience recruiting Pilots and/or Cabin Crew. We are seeking an experienced Aviation Recruiter with a proven track record in recruiting Pilots, Cabin Crew, Aircraft Engineers , Ground…",,,indeed_ae,2026-06-05 05:08:45.476208+00:00
3D SCAN DATA PROCESSING ENGINEER,Eiwaa Oil and Gas Services LLC,Sharjah,https://ae.indeed.com/rc/clk?jk=0cb7a5da97cc133d&bb=U_lRJU0jlLoDrOh_3pmOyuTxrgL1RspwYAOE7h_nTTfyl1EHxx13unYXPYkh9xciDQzmouGq_Ub91Fy3P7qIByo-oL-HYSp1NgNWlZBWds_v44N_Zu9gIMxQ9QiFigDvUc48RtAULOTcg8oiNaPI4Q%3D%3D&xkcb=SoBT67M3iLN36bzDah0MbzkdCdPP&rjs=0&qd=Xd-cji1-rrfYy0m8LpokE8dF20pwsUrmctm8cTGFOXDOAPLLNYb6wmUg8gjYJafwpsXE23qShaYtGgdtUJu_X5BBGG-ayCiM-gQi8HpsYsLtZozk31ERKPJGlDLUboAG50chrnGX4B46HyqhlSj9xMohy02t3MX0n-6xoRHLk5Oh8V2c0duIS4mZo0TAq11Zl61No7XvcMPz961yBIpblougDO3NlIXerppYqweTrkxdIR2u4KVXi5XGrbZ08pfBgjrEyAE0GkSkYu3jG0wyz6GIieWwfPZAKqtdWM0F9pOB_A9S7mJzNXMW1CeAkin6WOxvghNOg8rM6Po_qXQU-g&atk=1jqb2u1f4hcd3800,"A 3D Scan Data Processing Engineer specializing in point cloud processing, scan registration, and geo‑referencing using survey coordinates to produce accurate as‑built models and digital twins.",,,indeed_ae,2026-06-05 05:08:45.430289+00:00
MEP Quantity Surveyor,Proshield Global LLC,Dubai,https://ae.indeed.com/rc/clk?jk=3b8bc83bebf9ae75&bb=U_lRJU0jlLoDrOh_3pmOyjpsIppKyzyCi_hYZrArq2Ww3ywgTRdFIdraQq6n9LgnN7P-0yn3XfpmcDbWg9m-D5IxxGMuABrt8qaoQMParpk_CxD_YKh8t2GWJAa8XYYlAa0VZJzprHIY1kGzfy_91A%3D%3D&xkcb=SoDn67M3iLN36bzDah0NbzkdCdPP&rjs=0&qd=Xd-cji1-rrfYy0m8LpokE8dF20pwsUrmctm8cTGFOXDOAPLLNYb6wmUg8gjYJafwpsXE23qShaYtGgdtUJu_X5BBGG-ayCiM-gQi8HpsYsLtZozk31ERKPJGlDLUboAG50chrnGX4B46HyqhlSj9xMohy02t3MX0n-6xoRHLk5Oh8V2c0duIS4mZo0TAq11Zl61No7XvcMPz961yBIpblougDO3NlIXerppYqweTrkxdIR2u4KVXi5XGrbZ08pfBgjrEyAE0GkSkYu3jG0wyz6GIieWwfPZAKqtdWM0F9pOB_A9S7mJzNXMW1CeAkin6WOxvghNOg8rM6Po_qXQU-g&atk=1jqb2u1f4hcd3800,"Proficiency in MS Excel, AutoCAD, CostX, or other QS software . Coordinate with project managers, engineers , consultants, and clients on commercial matters. Pay: Up to AED12,000.00 per month.",,,indeed_ae,2026-06-05 05:08:45.378046+00:00
Marketing Agency Operations Lead,Prodigi Connect,Dubai,https://ae.indeed.com/rc/clk?jk=cb160a31561a8303&bb=U_lRJU0jlLoDrOh_3pmOyn3mcuGmUDTZ76nNOlpat7LMOTtFWwKHh78EvixR3qyNOy9oSzYyjc8HdGLyNoZFp2kzWEppo2QpeGCs_y0jC2BRiBWOeDFk76F5Km6dYRh_iSVNVIQVtXh702haDzHkwNq0s0iNLk2vZH4ak-2EFIQ%3D&xkcb=SoB667M3iLN36bzDah0ObzkdCdPP&rjs=0&qd=Xd-cji1-rrfYy0m8LpokE8dF20pwsUrmctm8cTGFOXDOAPLLNYb6wmUg8gjYJafwpsXE23qShaYtGgdtUJu_X5BBGG-ayCiM-gQi8HpsYsLtZozk31ERKPJGlDLUboAG50chrnGX4B46HyqhlSj9xMohy02t3MX0n-6xoRHLk5Oh8V2c0duIS4mZo0TAq11Zl61No7XvcMPz961yBIpblougDO3NlIXerppYqweTrkxdIR2u4KVXi5XGrbZ08pfBgjrEyAE0GkSkYu3jG0wyz6GIieWwfPZAKqtdWM0F9pOB_A9S7mJzNXMW1CeAkin6WOxvghNOg8rM6Po_qXQU-g&atk=1jqb2u1f4hcd3800,"Experience working directly with founders or leadership teams. Anticipate problems early and resolve delivery or expectation issues proactively. Supervise and mentor the backend team (content, design,…",,,indeed_ae,2026-06-05 05:08:45.333850+00:00
Mechanical Draftsman,Middle East pioneer Engineering,Abu Dhabi,https://ae.indeed.com/rc/clk?jk=c1e580dd82b7a55b&bb=U_lRJU0jlLoDrOh_3pmOytKkzBtne7rzftFJ2mmfWmAYBiQJlRWeV9hn8VPfILGzMwT0AcxT0dWo7GuBcB-HiVTAVjPfL4kP7-GIXKIdumIhATaireymjP1ZKS7x52udyMvXejl5jeF_1YJUgT11ZQ%3D%3D&xkcb=SoDO67M3iLN36bzDah0PbzkdCdPP&rjs=0&qd=Xd-cji1-rrfYy0m8LpokE8dF20pwsUrmctm8cTGFOXDOAPLLNYb6wmUg8gjYJafwpsXE23qShaYtGgdtUJu_X5BBGG-ayCiM-gQi8HpsYsLtZozk31ERKPJGlDLUboAG50chrnGX4B46HyqhlSj9xMohy02t3MX0n-6xoRHLk5Oh8V2c0duIS4mZo0TAq11Zl61No7XvcMPz961yBIpblougDO3NlIXerppYqweTrkxdIR2u4KVXi5XGrbZ08pfBgjrEyAE0GkSkYu3jG0wyz6GIieWwfPZAKqtdWM0F9pOB_A9S7mJzNXMW1CeAkin6WOxvghNOg8rM6Po_qXQU-g&atk=1jqb2u1f4hcd3800,"Diploma or Certificate in Mechanical Engineering, Drafting, or a related field. Knowledge of 3D modeling software is an advantage. Coordinate with engineers , project managers, and site teams to ensure…",,,indeed_ae,2026-06-05 05:08:45.289779+00:00
Project Engineer/Site Engineer,Birds architecture,Sharjah,https://ae.indeed.com/rc/clk?jk=2e8a4b8cca39edf2&bb=U_lRJU0jlLoDrOh_3pmOyjVghQE6fLiHP53kgQXXFgcciAXw_Uajs5odXFQAnz3EsgFhj70aPTGYup1lqewvkGTRBqKoz6FYdma5am3mZSV3APRutSSKDcmO5sxSkZI0gSdXjpJDKpxhf5BvIhp_aw%3D%3D&xkcb=SoBA67M3iLN36bzDah0IbzkdCdPP&rjs=0&qd=Xd-cji1-rrfYy0m8LpokE8dF20pwsUrmctm8cTGFOXDOAPLLNYb6wmUg8gjYJafwpsXE23qShaYtGgdtUJu_X5BBGG-ayCiM-gQi8HpsYsLtZozk31ERKPJGlDLUboAG50chrnGX4B46HyqhlSj9xMohy02t3MX0n-6xoRHLk5Oh8V2c0duIS4mZo0TAq11Zl61No7XvcMPz961yBIpblougDO3NlIXerppYqweTrkxdIR2u4KVXi5XGrbZ08pfBgjrEyAE0GkSkYu3jG0wyz6GIieWwfPZAKqtdWM0F9pOB_A9S7mJzNXMW1CeAkin6WOxvghNOg8rM6Po_qXQU-g&atk=1jqb2u1f4hcd3800,"Degree or Diploma in Civil Engineering, Architecture, Interior Design, or related field. Daily supervision of site activities and contractors. Conduct inspections to ensure work complies with approved…",,,indeed_ae,2026-06-05 05:08:45.245487+00:00
Content Intern (Unpaid),ITP Media Group,Dubai,https://ae.indeed.com/rc/clk?jk=a87742981ef9e8fa&bb=U_lRJU0jlLoDrOh_3pmOyvI4Tests3a9LnEo0T9XfXIK-11XMspAtHZh3UefkaOdpF3ENMVUVjD1qe0gEoEqPx_sQMqvWNcDXX2eSidyM7diWig1zpCiv8j4SWLCnWxaWEggSStriTz6culS2JgPEA%3D%3D&xkcb=SoD067M3iLN36bzDah0JbzkdCdPP&rjs=0&qd=Xd-cji1-rrfYy0m8LpokE8dF20pwsUrmctm8cTGFOXDOAPLLNYb6wmUg8gjYJafwpsXE23qShaYtGgdtUJu_X5BBGG-ayCiM-gQi8HpsYsLtZozk31ERKPJGlDLUboAG50chrnGX4B46HyqhlSj9xMohy02t3MX0n-6xoRHLk5Oh8V2c0duIS4mZo0TAq11Zl61No7XvcMPz961yBIpblougDO3NlIXerppYqweTrkxdIR2u4KVXi5XGrbZ08pfBgjrEyAE0GkSkYu3jG0wyz6GIieWwfPZAKqtdWM0F9pOB_A9S7mJzNXMW1CeAkin6WOxvghNOg8rM6Po_qXQU-g&atk=1jqb2u1f4hcd3800,"Experience with Photoshop or other design tools is a plus. This role is ideal for someone passionate about gaming, eager to develop their writing and content creation skills, and gain hands-on…",,,indeed_ae,2026-06-05 05:08:45.198982+00:00
Specialist Project Control Engineer,Worley,Abu Dhabi,https://ae.indeed.com/rc/clk?jk=05eabdcf74637ab3&bb=U_lRJU0jlLoDrOh_3pmOygn4PsOqP4A6Z9wbHg758LEcwMkIIJFsd3070TWV-auLZuYguSEGdfgW5fyNmtlK4UzKA5v9ac6itxZ8Ifw5ohldqRsD0LJM5GpNRd_fyc4StzW3s2VdJYo0Dappem74QQ%3D%3D&xkcb=SoBp67M3iLN36bzDah0KbzkdCdPP&rjs=0&qd=Xd-cji1-rrfYy0m8LpokE8dF20pwsUrmctm8cTGFOXDOAPLLNYb6wmUg8gjYJafwpsXE23qShaYtGgdtUJu_X5BBGG-ayCiM-gQi8HpsYsLtZozk31ERKPJGlDLUboAG50chrnGX4B46HyqhlSj9xMohy02t3MX0n-6xoRHLk5Oh8V2c0duIS4mZo0TAq11Zl61No7XvcMPz961yBIpblougDO3NlIXerppYqweTrkxdIR2u4KVXi5XGrbZ08pfBgjrEyAE0GkSkYu3jG0wyz6GIieWwfPZAKqtdWM0F9pOB_A9S7mJzNXMW1CeAkin6WOxvghNOg8rM6Po_qXQU-g&atk=1jqb2u1f4hcd3800,"A Specialist Project control engineer Perform the project control function including project planning, cost control for the Project as per Project Execution Plan working closely with Project Control…",,,indeed_ae,2026-06-05 05:08:45.155022+00:00
Operations Director for Events Fabrication - Musaffah Location,React Publishing and Advertising MENA,Mussafah,https://ae.indeed.com/rc/clk?jk=c0ea59c0f58dc05b&bb=U_lRJU0jlLoDrOh_3pmOylt3HW7P15q-Qg5qu-BuLkQU2jn4PbL1f6S4grkC4VfG-iAunr_qSYDiS07lqmznxF0XXqHcw6EER8d1izYVpt6Az-zKoJSTdZXl-OTDpl45ScDHAqYMK6tc_cjHM6Arqw%3D%3D&xkcb=SoDd67M3iLN36bzDah0LbzkdCdPP&rjs=0&qd=Xd-cji1-rrfYy0m8LpokE8dF20pwsUrmctm8cTGFOXDOAPLLNYb6wmUg8gjYJafwpsXE23qShaYtGgdtUJu_X5BBGG-ayCiM-gQi8HpsYsLtZozk31ERKPJGlDLUboAG50chrnGX4B46HyqhlSj9xMohy02t3MX0n-6xoRHLk5Oh8V2c0duIS4mZo0TAq11Zl61No7XvcMPz961yBIpblougDO3NlIXerppYqweTrkxdIR2u4KVXi5XGrbZ08pfBgjrEyAE0GkSkYu3jG0wyz6GIieWwfPZAKqtdWM0F9pOB_A9S7mJzNXMW1CeAkin6WOxvghNOg8rM6Po_qXQU-g&atk=1jqb2u1f4hcd3800,UAE experience within an industrial or fabrication facility is highly preferred. Experience managing operations within a fabrication facility in Mussafah or similar industrial zones.,,,indeed_ae,2026-06-05 05:08:45.106373+00:00
Media Buyer – Aesthetics Exp. (Arab. required),ONEA Clinic LLC,Dubai,https://ae.indeed.com/rc/clk?jk=b5d12f8c5967b63f&bb=mnogZsvVFZCIuJ4-iRIz0aml0_RWfwbdEfbk7viuZrRkcFFSlxjcGV-3OcQSKlqYrTHo7_ok4a-AHJBOm9wFYNYA1r3TNMxhcqLbBJT_PtVlxx9cYJ8kEBVM-H5jUPOv4J1hc4E2aM8_aO1KuVjfRQ%3D%3D&xkcb=SoBE67M3iLN4RRz42B0TbzkdCdPP&rjs=0&qd=Xd-cji1-rrfYy0m8LpokE8dF20pwsUrmctm8cTGFOXDOAPLLNYb6wmUg8gjYJafwpsXE23qShaYtGgdtUJu_X5BBGG-ayCiM-gQi8HpsYsLtZozk31ERKPJGlDLUboAG50chrnGX4B46HyqhlSj9xMohy02t3MX0n-6xoRHLk5Oh8V2c0duIS4mZo0TAq11Zl61No7XvcMPz961yBIpblougDO3NlIXerppYqweTrkxdIR2u4KVXi5XGrbZ08pfBgjrEyAE0GkSkYu3jG0wyz6GIieWwfPZAKqtdWM0F9pPVsqFYOjAzWidBSEy6A0yhWOxvghNOg8rM6Po_qXQU-g&atk=1jqb2tsqphmvo800,"Aesthetics Experience: You must have proven media buying experience specifically within an Aesthetic Medical Centre, Cosmetic Clinic, or Dermatology center. Job Types: Full-time, Contract.",,,indeed_ae,2026-06-05 05:08:41.512539+00:00
Junior Acoustic Sales Engineer,KINETICS MIDDLE EAST LLC,Dubai,https://ae.indeed.com/rc/clk?jk=4f47ca411f0c77bc&bb=mnogZsvVFZCIuJ4-iRIz0d17EvbBoCjp22LTmA3Gn_k4wmPrD7M2-IjaucxEvy9aeGFhwf3dp0NVBHTcP_crX4IEZTJ_WoefUnr_uvfKnh1D-mm7Sq-wHxN4CrjoprlTYQajLTp5MJp_UT_vYmiD0A%3D%3D&xkcb=SoCt67M3iLN4RRz42B0cbzkdCdPP&rjs=0&qd=Xd-cji1-rrfYy0m8LpokE8dF20pwsUrmctm8cTGFOXDOAPLLNYb6wmUg8gjYJafwpsXE23qShaYtGgdtUJu_X5BBGG-ayCiM-gQi8HpsYsLtZozk31ERKPJGlDLUboAG50chrnGX4B46HyqhlSj9xMohy02t3MX0n-6xoRHLk5Oh8V2c0duIS4mZo0TAq11Zl61No7XvcMPz961yBIpblougDO3NlIXerppYqweTrkxdIR2u4KVXi5XGrbZ08pfBgjrEyAE0GkSkYu3jG0wyz6GIieWwfPZAKqtdWM0F9pPVsqFYOjAzWidBSEy6A0yhWOxvghNOg8rM6Po_qXQU-g&atk=1jqb2tsqphmvo800,"Graduates with relevant internships, academic projects, or industry exposure are encouraged to apply. Basic understanding of acoustics, HVAC systems, construction materials, or building services.",,,indeed_ae,2026-06-05 05:08:41.472096+00:00
Civil Technician,Greenscapes LLC,Dubai,https://ae.indeed.com/rc/clk?jk=3c2fc27072dd870e&bb=mnogZsvVFZCIuJ4-iRIz0UX3wKZ2GRDAo7oba1LiKhRZ252vkc9mUCPmiCpEuSE9qLVR1qVnNi-_9dDta34cnQfG4PGKX7AjvqpXNm6c9p0qNz_Hz14zcaK7SN16P-DozFNRz49wXLou21ZLqiYrfw%3D%3D&xkcb=SoAZ67M3iLN4RRz42B0dbzkdCdPP&rjs=0&qd=Xd-cji1-rrfYy0m8LpokE8dF20pwsUrmctm8cTGFOXDOAPLLNYb6wmUg8gjYJafwpsXE23qShaYtGgdtUJu_X5BBGG-ayCiM-gQi8HpsYsLtZozk31ERKPJGlDLUboAG50chrnGX4B46HyqhlSj9xMohy02t3MX0n-6xoRHLk5Oh8V2c0duIS4mZo0TAq11Zl61No7XvcMPz961yBIpblougDO3NlIXerppYqweTrkxdIR2u4KVXi5XGrbZ08pfBgjrEyAE0GkSkYu3jG0wyz6GIieWwfPZAKqtdWM0F9pPVsqFYOjAzWidBSEy6A0yhWOxvghNOg8rM6Po_qXQU-g&atk=1jqb2tsqphmvo800,"Diploma or Technical Qualification in Civil Engineering or a related field. Coordinate with engineers , contractors, and project stakeholders. Previous experience in civil construction, infrastructure,…",,,indeed_ae,2026-06-05 05:08:41.429397+00:00
Sales Engineer/Executive,Shams Malabar Steel Fabrication LLC,Sharjah,https://ae.indeed.com/rc/clk?jk=f78820d5e96318d7&bb=mnogZsvVFZCIuJ4-iRIz0ZkhbYVuvKDRXI1d5cxC4sCNOukjQjivGZSYDPF3bhw1et5JMJNTj-jdC33hpeJ38OqMW6etgiwr7F2S6rb-bVXj1YT85ywQvoFrnUNEveYptOqS7P5DWjVWONnlgvAPhQ%3D%3D&xkcb=SoCE67M3iLN4RRz42B0ebzkdCdPP&rjs=0&qd=Xd-cji1-rrfYy0m8LpokE8dF20pwsUrmctm8cTGFOXDOAPLLNYb6wmUg8gjYJafwpsXE23qShaYtGgdtUJu_X5BBGG-ayCiM-gQi8HpsYsLtZozk31ERKPJGlDLUboAG50chrnGX4B46HyqhlSj9xMohy02t3MX0n-6xoRHLk5Oh8V2c0duIS4mZo0TAq11Zl61No7XvcMPz961yBIpblougDO3NlIXerppYqweTrkxdIR2u4KVXi5XGrbZ08pfBgjrEyAE0GkSkYu3jG0wyz6GIieWwfPZAKqtdWM0F9pPVsqFYOjAzWidBSEy6A0yhWOxvghNOg8rM6Po_qXQU-g&atk=1jqb2tsqphmvo800,A reputed Steel Fabrication Company in Sharjah Requires a Sales Engineer . Must have Sales experience in the Steel Fabrication Field in UAE. Must Have UAE Driving License.,,,indeed_ae,2026-06-05 05:08:41.361302+00:00
DRAUGHTSMAN - PLUMBING,EMAC Electromechanical LLC.,Dubai,https://ae.indeed.com/rc/clk?jk=7c370c4181c4fad2&bb=mnogZsvVFZCIuJ4-iRIz0UX3wKZ2GRDAPJHkhNULfV9xl_C-NVmpCjCON3-K23v0ZzVZgC73Fr1IkTbDbrWAErutkHRADzyM6aR5MHe_J_0_yDFzScsaYFsZKD7awxlnkV92YtgBQQquNn15ITraVQ%3D%3D&xkcb=SoAw67M3iLN4RRz42B0fbzkdCdPP&rjs=0&qd=Xd-cji1-rrfYy0m8LpokE8dF20pwsUrmctm8cTGFOXDOAPLLNYb6wmUg8gjYJafwpsXE23qShaYtGgdtUJu_X5BBGG-ayCiM-gQi8HpsYsLtZozk31ERKPJGlDLUboAG50chrnGX4B46HyqhlSj9xMohy02t3MX0n-6xoRHLk5Oh8V2c0duIS4mZo0TAq11Zl61No7XvcMPz961yBIpblougDO3NlIXerppYqweTrkxdIR2u4KVXi5XGrbZ08pfBgjrEyAE0GkSkYu3jG0wyz6GIieWwfPZAKqtdWM0F9pPVsqFYOjAzWidBSEy6A0yhWOxvghNOg8rM6Po_qXQU-g&atk=1jqb2tsqphmvo800,"Coordinate with site engineers and project teams for drawing updates and revisions. The ideal candidate should have strong experience in preparing plumbing shop drawings, coordination drawings, and as…",,,indeed_ae,2026-06-05 05:08:41.300100+00:00
MEP Draftsman,CNS Network,Dubai,https://ae.indeed.com/rc/clk?jk=38ac9d24e0de86f0&bb=mnogZsvVFZCIuJ4-iRIz0Rr4EZFzFTaUGwan-IHvfLrOXuVQzwTu0LO8dG34NOwFfP7-1dL39SxXYbdfedh8fWxAohGqHV857OOZ62DsEj_BuzT-aoWcf-MfLih0XEdjR_24Qc-YqqB-v_PcGZKJMQ%3D%3D&xkcb=SoC-67M3iLN4RRz42B0YbzkdCdPP&rjs=0&qd=Xd-cji1-rrfYy0m8LpokE8dF20pwsUrmctm8cTGFOXDOAPLLNYb6wmUg8gjYJafwpsXE23qShaYtGgdtUJu_X5BBGG-ayCiM-gQi8HpsYsLtZozk31ERKPJGlDLUboAG50chrnGX4B46HyqhlSj9xMohy02t3MX0n-6xoRHLk5Oh8V2c0duIS4mZo0TAq11Zl61No7XvcMPz961yBIpblougDO3NlIXerppYqweTrkxdIR2u4KVXi5XGrbZ08pfBgjrEyAE0GkSkYu3jG0wyz6GIieWwfPZAKqtdWM0F9pPVsqFYOjAzWidBSEy6A0yhWOxvghNOg8rM6Po_qXQU-g&atk=1jqb2tsqphmvo800,"MEP Draftsman creates detailed technical drawings for Mechanical, Electrical, and Plumbing systems using CAD/BIM software , translating engineers ' designs into practical plans for construction,…",,,indeed_ae,2026-06-05 05:08:41.251229+00:00
"Executive Director - Commercial IT Business Partner, International",AstraZeneca,Dubai,https://ae.indeed.com/rc/clk?jk=1727420938191223&bb=mnogZsvVFZCIuJ4-iRIz0RuoEY2n4f9wNpBJjbEMT9KgF1H5O16khHhMm4aNR6BvKW4ff3V1AEnplR1W7QiO1Cl_DoA48ljounoXDF4oDtlW0h9EANxf4EGXJTj0PtYNltHeIui-Lm-yyO-C9XR14w%3D%3D&xkcb=SoAK67M3iLN4RRz42B0ZbzkdCdPP&rjs=0&qd=Xd-cji1-rrfYy0m8LpokE8dF20pwsUrmctm8cTGFOXDOAPLLNYb6wmUg8gjYJafwpsXE23qShaYtGgdtUJu_X5BBGG-ayCiM-gQi8HpsYsLtZozk31ERKPJGlDLUboAG50chrnGX4B46HyqhlSj9xMohy02t3MX0n-6xoRHLk5Oh8V2c0duIS4mZo0TAq11Zl61No7XvcMPz961yBIpblougDO3NlIXerppYqweTrkxdIR2u4KVXi5XGrbZ08pfBgjrEyAE0GkSkYu3jG0wyz6GIieWwfPZAKqtdWM0F9pPVsqFYOjAzWidBSEy6A0yhWOxvghNOg8rM6Po_qXQU-g&atk=1jqb2tsqphmvo800,"A Master’s degree, MBA, or certifications in Enterprise Architecture or Agile delivery methodologies are preferred. A degree in Computer Science, Information Technology, Business Administration, or a…",,,indeed_ae,2026-06-05 05:08:41.200796+00:00
Sr. Project Engineer,Worley,Abu Dhabi,https://ae.indeed.com/rc/clk?jk=9a6d91c1c85a0f7d&bb=mnogZsvVFZCIuJ4-iRIz0R783hRo6UhSYQxmx1gYTi74G54pBScF_-3iA5KRDniaHtMBexrleu9ODkhHz_yh_VeLgDYxq3rBfIjs8PhEPY_I8yq68OXqA-gtU53HlEnIvLams57_0dzjUMhRKxEnvA%3D%3D&xkcb=SoCX67M3iLN4RRz42B0abzkdCdPP&rjs=0&qd=Xd-cji1-rrfYy0m8LpokE8dF20pwsUrmctm8cTGFOXDOAPLLNYb6wmUg8gjYJafwpsXE23qShaYtGgdtUJu_X5BBGG-ayCiM-gQi8HpsYsLtZozk31ERKPJGlDLUboAG50chrnGX4B46HyqhlSj9xMohy02t3MX0n-6xoRHLk5Oh8V2c0duIS4mZo0TAq11Zl61No7XvcMPz961yBIpblougDO3NlIXerppYqweTrkxdIR2u4KVXi5XGrbZ08pfBgjrEyAE0GkSkYu3jG0wyz6GIieWwfPZAKqtdWM0F9pPVsqFYOjAzWidBSEy6A0yhWOxvghNOg8rM6Po_qXQU-g&atk=1jqb2tsqphmvo800,"Ensuring incorporating, where applicable, the field-requested and/or -initiated changes to Engineering deliverables. Provide, with full responsibility and accountability, leadership and excellence in…",,,indeed_ae,2026-06-05 05:08:41.142813+00:00
Mechanical Design Engineer,MIRA CONSTRUCTION L.L.C,Dubai,https://ae.indeed.com/rc/clk?jk=c2a1b7f30d735a7d&bb=mnogZsvVFZCIuJ4-iRIz0d17EvbBoCjpS1e9AjU5Nxq5RjZniBZPcsJ5rxnDOce1ijYlCNIZqDd4hZnKw_ay3yCIARM7JyvOL89JKaX5ViRSJNcfrF8LWd5xEA8sQHJaMl7fgqSVPFnSEcMzY1JZ4g%3D%3D&xkcb=SoAj67M3iLN4RRz42B0bbzkdCdPP&rjs=0&qd=Xd-cji1-rrfYy0m8LpokE8dF20pwsUrmctm8cTGFOXDOAPLLNYb6wmUg8gjYJafwpsXE23qShaYtGgdtUJu_X5BBGG-ayCiM-gQi8HpsYsLtZozk31ERKPJGlDLUboAG50chrnGX4B46HyqhlSj9xMohy02t3MX0n-6xoRHLk5Oh8V2c0duIS4mZo0TAq11Zl61No7XvcMPz961yBIpblougDO3NlIXerppYqweTrkxdIR2u4KVXi5XGrbZ08pfBgjrEyAE0GkSkYu3jG0wyz6GIieWwfPZAKqtdWM0F9pPVsqFYOjAzWidBSEy6A0yhWOxvghNOg8rM6Po_qXQU-g&atk=1jqb2tsqphmvo800,"Bachelor’s degree in Mechanical Engineering or related field. Proficiency in CAD and BIM software such as AutoCAD, Revit, and SolidWorks. Use CAD and BIM software (AutoCAD, Revit, SolidWorks) to…",,,indeed_ae,2026-06-05 05:08:41.092235+00:00
Software Test Engineer and Technical Support,TrySight Inc.,Sharjah Airport,https://ae.indeed.com/rc/clk?jk=b798af62ceb86bf4&bb=mnogZsvVFZCIuJ4-iRIz0UfHAKN1MdqUZiEhlIeZU1sDXiQBu_3wcZjDqHIzRgPLCDzvqKuMF4o41tXch8usksplPfdLiGSHE4dM5Vnhh3POGj2DQRei5S6g0UPAhCjvUFWXeI-bKdN5VOmN_w9pvw%3D%3D&xkcb=SoAE67M3iLN4RRz42B0EbzkdCdPP&rjs=0&qd=Xd-cji1-rrfYy0m8LpokE8dF20pwsUrmctm8cTGFOXDOAPLLNYb6wmUg8gjYJafwpsXE23qShaYtGgdtUJu_X5BBGG-ayCiM-gQi8HpsYsLtZozk31ERKPJGlDLUboAG50chrnGX4B46HyqhlSj9xMohy02t3MX0n-6xoRHLk5Oh8V2c0duIS4mZo0TAq11Zl61No7XvcMPz961yBIpblougDO3NlIXerppYqweTrkxdIR2u4KVXi5XGrbZ08pfBgjrEyAE0GkSkYu3jG0wyz6GIieWwfPZAKqtdWM0F9pPVsqFYOjAzWidBSEy6A0yhWOxvghNOg8rM6Po_qXQU-g&atk=1jqb2tsqphmvo800,4 years of professional software engineering experience. Experience managing or coordinating offshore development teams. Ensure software quality through unit testing and debugging.,,,indeed_ae,2026-06-05 05:08:41.041745+00:00
Specialist Lifting Operation Engineer - ( Offshore Topside Project),KBR,Abu Dhabi,https://ae.indeed.com/rc/clk?jk=c5cfb8a90962dae0&bb=mnogZsvVFZCIuJ4-iRIz0eMvCUtDZeRs-488fHVPv4ZMyGw1wXxIeuZgXWfOsWcVhW0aIEDjxt0qfJbgzWKXubD1jyqf-65Qc1h6h9xlSv5HyXw03tIGDNGM3ac7fJ67UH0WDw4n2ahLuAKlWqzZRg%3D%3D&xkcb=SoCw67M3iLN4RRz42B0FbzkdCdPP&rjs=0&qd=Xd-cji1-rrfYy0m8LpokE8dF20pwsUrmctm8cTGFOXDOAPLLNYb6wmUg8gjYJafwpsXE23qShaYtGgdtUJu_X5BBGG-ayCiM-gQi8HpsYsLtZozk31ERKPJGlDLUboAG50chrnGX4B46HyqhlSj9xMohy02t3MX0n-6xoRHLk5Oh8V2c0duIS4mZo0TAq11Zl61No7XvcMPz961yBIpblougDO3NlIXerppYqweTrkxdIR2u4KVXi5XGrbZ08pfBgjrEyAE0GkSkYu3jG0wyz6GIieWwfPZAKqtdWM0F9pPVsqFYOjAzWidBSEy6A0yhWOxvghNOg8rM6Po_qXQU-g&atk=1jqb2tsqphmvo800,KBR Abu Dhabi is currently looking to fill a position of Specialist Lifting Operation Engineer - ( Offshore Topside Project) for an Offshore Topside Project to be based initially for some time Abu…,,,indeed_ae,2026-06-05 05:08:41.000329+00:00
Subsea Engineer,McDermott,Dubai,https://ae.indeed.com/rc/clk?jk=58ad786fde864557&bb=mnogZsvVFZCIuJ4-iRIz0feUDTRmyu-rwND8cLeRo-q9IGIbZRT6zpDzcx9ymp2qz1zcnGt2hQsH2ieJu1Nt9dxvljWYmLdUlQNwI0eSk9IWQ5ASIc7gOhzdW7dHSBIyE1weTOt2m9iwU0pLsTptIA%3D%3D&xkcb=SoAt67M3iLN4RRz42B0GbzkdCdPP&rjs=0&qd=Xd-cji1-rrfYy0m8LpokE8dF20pwsUrmctm8cTGFOXDOAPLLNYb6wmUg8gjYJafwpsXE23qShaYtGgdtUJu_X5BBGG-ayCiM-gQi8HpsYsLtZozk31ERKPJGlDLUboAG50chrnGX4B46HyqhlSj9xMohy02t3MX0n-6xoRHLk5Oh8V2c0duIS4mZo0TAq11Zl61No7XvcMPz961yBIpblougDO3NlIXerppYqweTrkxdIR2u4KVXi5XGrbZ08pfBgjrEyAE0GkSkYu3jG0wyz6GIieWwfPZAKqtdWM0F9pPVsqFYOjAzWidBSEy6A0yhWOxvghNOg8rM6Po_qXQU-g&atk=1jqb2tsqphmvo800,Training and mentoring of graduates and junior engineers . Perform Installation Analysis for SURF projects using industry-standard software . Bachelor's Degree or Master's Degree in Engineering.,,,indeed_ae,2026-06-05 05:08:40.958164+00:00
ELV Technical Material Submittal Experience,Tornado Technology Services,Abu Dhabi,https://ae.indeed.com/rc/clk?jk=eb5da10697090f67&bb=mnogZsvVFZCIuJ4-iRIz0ejYDZKcQqFiQUl3LEoCLx1RSwWhOo28vc6KjMjvbw1eUT9OyNuHL4vO3nuLUAC3YAPCRl30OXP42_QZmN58vVOQA9aPtjIYtiEjJZ6kqJlji0RgDox9Q06UKS_OJ_SLdA%3D%3D&xkcb=SoCZ67M3iLN4RRz42B0HbzkdCdPP&rjs=0&qd=Xd-cji1-rrfYy0m8LpokE8dF20pwsUrmctm8cTGFOXDOAPLLNYb6wmUg8gjYJafwpsXE23qShaYtGgdtUJu_X5BBGG-ayCiM-gQi8HpsYsLtZozk31ERKPJGlDLUboAG50chrnGX4B46HyqhlSj9xMohy02t3MX0n-6xoRHLk5Oh8V2c0duIS4mZo0TAq11Zl61No7XvcMPz961yBIpblougDO3NlIXerppYqweTrkxdIR2u4KVXi5XGrbZ08pfBgjrEyAE0GkSkYu3jG0wyz6GIieWwfPZAKqtdWM0F9pPVsqFYOjAzWidBSEy6A0yhWOxvghNOg8rM6Po_qXQU-g&atk=1jqb2tsqphmvo800,Assist project engineers with technical documentation requirements. ELV Technical Material Submittal with Document Controller Experience *. Prepare and submit technical material submittals for ELV…,,,indeed_ae,2026-06-05 05:08:40.912314+00:00
Quality Advisor,Unique Group,Sharjah,https://ae.indeed.com/rc/clk?jk=0f137405435e5712&bb=mnogZsvVFZCIuJ4-iRIz0bkQWiwGu6p5JlyxdWk12MIDXYnhUJ0deBWKH7uhcw8MHwMIIIBzUvhli0od8Nl69WPyWg4qvOjBlyjVf9m4RWWgmA68KSfQntNcc6TS6CQ25-Lbn6tEtGm6-ezuSshiQQ%3D%3D&xkcb=SoAX67M3iLN4RRz42B0AbzkdCdPP&rjs=0&qd=Xd-cji1-rrfYy0m8LpokE8dF20pwsUrmctm8cTGFOXDOAPLLNYb6wmUg8gjYJafwpsXE23qShaYtGgdtUJu_X5BBGG-ayCiM-gQi8HpsYsLtZozk31ERKPJGlDLUboAG50chrnGX4B46HyqhlSj9xMohy02t3MX0n-6xoRHLk5Oh8V2c0duIS4mZo0TAq11Zl61No7XvcMPz961yBIpblougDO3NlIXerppYqweTrkxdIR2u4KVXi5XGrbZ08pfBgjrEyAE0GkSkYu3jG0wyz6GIieWwfPZAKqtdWM0F9pPVsqFYOjAzWidBSEy6A0yhWOxvghNOg8rM6Po_qXQU-g&atk=1jqb2tsqphmvo800,Advanced proficiency in full MS Office suit. There is an obligation on the employee to report such observations and interventions to the HSE Manager or Management. DIVING System IMCA Design auditor.,,,indeed_ae,2026-06-05 05:08:40.848547+00:00
Business Analyst with strong sales skills,Delupe Global Portal,Dubai,https://ae.indeed.com/pagead/clk?mo=r&ad=-6NYlbfkN0CMC1IG3-ywexhGR1jOY-hoEvcDlesQFuDOYoP0PFQHuCSpdwSX4Xb7LsL-BO-ArQ2G_W0CyAwi7nd8dJkCFleHrxU9K5KNhffjvM8qWHUddySz00oZdgmhv83hiGuT5vq7ICyP-QVeavgYCQfplB659iBakVq_4XJ1QxbRtf1wmaMtB6JTHHquArAJzJPpPc-Q2Vgi8d5YbqM7ME66ciJ60zj-cww67SNyJWB8zB1_wqU42TGCmDqDvnHXEa4SzQjEAMs1gKtTr4QwO0rYueM83dfMrPbU6UcXBxzu8wapHeBGWTWXaVUBUgXb-_eLQQMvm5Ye25GZR_X01iplTwGf_NWULFV4vQ1y15FcbHBU5yUcfue5gMVImmC-ahse60t37p02zqgcvsp3pwZkFggyYkGeE59bfkAeLPnCayWjZgL19Ob9w1giWNWXbnO631ckefw-qApmDdj8kjofEXG38ah1D739lMAmCmWZpSR_zQ2RAXLDgBtT8GvP9naxf7d0jvW-jWN9WH-5diLmNflTb9dzZ-vzGG48y4k_Nk7rNXxHL02NXBWDNo1-mrJhZybVnvoPzKFW7wa_a6_ERI5a4vcZvK7ATU1x1w0zwDhWtzNe_qrkEcQ4GSOwg3rKSMEGUsWZUfaGkb-_h_pE1S6eia4abum07TFwEc_JjPuhpsI9LlfFgcYtAWjx9KKgjGsXf-vQYQrHs48yo_4iVOg2_awKdOOV8hltMrFysPe76gnrDKWJRPeOyWdVLgi---rM4LwTCnALW8xT5OD4NEmdFGlzolP9CMZltnKwzpn0W_q7YRw0Vq-7yT7ByTIGgrGA2Q_sJcqkMM1L2ZI8F0254S6CcX7FvJ72eQco64xK5Hp4q5oAsqxD-PhOmAo4mH0etKY6myTsCKjyuAi6YfEqz_RU1n2qPzSKTD3pdAB5sJxcvvuD3t92lvyodrYAXdvPdDrma2Hw3DWIaMQtZGpP&xkcb=SoBX6_M3iLN4RRz42B0BbzkdCdPP&camk=C3EPSzFlQw8FUPxiphi0YQ==&p=10&atk=1jqb2tsqphmvo800,"Bachelor’s or Master’s degree in Economics, Data Science, Business Analytics, or a related field. You’ve worked in sales, e-commerce, digital advertising, or performance marketing for minimum 2–4…",,,indeed_ae,2026-06-05 05:08:40.810005+00:00
SAP Case Management Functional Consultant,Americana Computer Systems LLC,UAE,https://ae.indeed.com/rc/clk?jk=7c11ccfd545e8106&bb=mnogZsvVFZCIuJ4-iRIz0blbwDBEsinvDIOQpFUOpeDTua5g5j7RBjVDxQ_HY3-AlhDaBi0Sfzcz6wCBRCA326RYkgZpbnMJAUfmpBhfQi5x8BZg2o4B6SkN3yUNaULRO8M-6aW4i43k_iOnX0sDoQ%3D%3D&xkcb=SoA-67M3iLN4RRz42B0CbzkdCdPP&rjs=0&qd=Xd-cji1-rrfYy0m8LpokE8dF20pwsUrmctm8cTGFOXDOAPLLNYb6wmUg8gjYJafwpsXE23qShaYtGgdtUJu_X5BBGG-ayCiM-gQi8HpsYsLtZozk31ERKPJGlDLUboAG50chrnGX4B46HyqhlSj9xMohy02t3MX0n-6xoRHLk5Oh8V2c0duIS4mZo0TAq11Zl61No7XvcMPz961yBIpblougDO3NlIXerppYqweTrkxdIR2u4KVXi5XGrbZ08pfBgjrEyAE0GkSkYu3jG0wyz6GIieWwfPZAKqtdWM0F9pPVsqFYOjAzWidBSEy6A0yhWOxvghNOg8rM6Po_qXQU-g&atk=1jqb2tsqphmvo800,"Training or certification in information systems, business process management, or project delivery methodologies. SAP / ERP functional certification or relevant professional training.",,,indeed_ae,2026-06-05 05:08:40.770066+00:00
Project Manager,Solid Base,Abu Dhabi,https://ae.indeed.com/pagead/clk?mo=r&ad=-6NYlbfkN0CNDPKp58juGif8lJIMRZsf7kMIFT0XhsWI-vDAMArU8g8mrqreZ2FASRA-9aRz5XCiXvx-fBdNv2WTnrD4MpgT7zh824FHnBS-Od0aKhfvLNTX66hoKLW_6wuWVLTcgvj8NzCb_w6-gkaigdMpmgR39a7FNfJwXHeJXoEb_x45OaVbqeWqhoyI-XsV5ZyLYwIpQnjwgfGFQUodgq7cOpgmOflt0AwwwM7-0NAeEhwSq1EOV3rvD6BMEOH6ohDbjamTr344xC8LHZWfceb4VRBjMDeHKPNO8k_7-Bxj4Eg29BtRY-1Kxc63-wSRhTSqPImksV5A1_5BOWm7LkkC0eWNLP9vV3fuxOFBnFc85aUsqaVaBQRFQXA_MRoUOkL2Iz-9oxDn5I_bolM4gCtVNtEhJSVTiaPx0u-y9WaZtZggcvhYI-AMAA0D3iicXBGBjkiPifZmtLaJvoZLOMgiwIzBzRslh4c4YPg9nCQrw3OkIGjIWFVxK3OCqTslkCTgfbjkxdM1x6BdUF3Er09iefknp-NT8nuF9Xp0PgBtvm85bDmZjS8leYAyW5tQFXlADqmPp8G2BLufgZXv6vdytbZ35VgGGF3vNJ-g3ICvLB1YHXgcMUlt6zaHiNQEXSYtOEa_apo9POd72HeX-iRwwNWZZ1tRJkKPN3oWcnuZVVxaZtQoUCiI22HnYwYbCMjcD49bsAKeCqLTmhNt3ImV0_zVlFRasvbZ-VKndV5cKMIrrPeUGtF40gWQkzvVPeM-VMkBTnHrPdq3GPjNbzCOIL2cw66mY1Tc-TV9JowNhMeC3BgzAH_Xhq8SbOPHFB2YBmqYnkTusM1DqgcPXLoHtz3yTNiviOMXh9z8kRpwgRXKVqmGcUGrbs3MyNQAuuGLtcayLq15Isnhj5P_BlPsMO_h4BTjHIewHGhvZSQjQheQ7g66X3LzDqqE3vrSFQgim-Q=&xkcb=SoB-6_M3iLN4RRz42B0DbzkdCdPP&camk=C3EPSzFlQw_kupXVxlzW_w==&p=8&atk=1jqb2tsqphmvo800,Manage client expectations and address technical or commercial concerns. Bachelor's Degree in Civil Engineering or Construction Management. Coordinate with design engineers regarding technical issues…,,,indeed_ae,2026-06-05 05:08:40.728372+00:00
Senior HVAC Technician,Mattermind Decor & General Maintenance LLC,Mussafah,https://ae.indeed.com/pagead/clk?mo=r&ad=-6NYlbfkN0DAOffkHarTOrwV3dxvd0DyqM4Gvegp2vSMja0segC085SH-AGsQLnudVgPGIQzEywtEnIXrfMg6-Bf2TovAoP86B8TRq544RsJYojlcfKTAC_USlafOuBh_6y_et4gCOll4v8HNx9s8vumuwWaxXJ4swCNqQgco1xcGXMx1GnHnGcemlNP1oi8xTB2AnHJ4pq0526ckPc86LeCZpu3BHe1K05Ycjw7GrcLwzxcgzxM-CTLlBT0LOBEj2SRheGNmnZZwPkiVn-z4mInZEhSsnuXIuRj3z6Y3ziR5V5oy_e7kibb14aGZZXbkzwVW9Kz53T055BotPTf6of1tn80m41zJRLOjqIqSKuR8xSYQ6SlJBuTQ5TFTq-LVWIV8DDsild7sHY2kt-2L2B9v3kRcQiUHHNCfcL9hbhYR2UZz75AyOM2kxmO8SLb5K2iZzjqh1L0ON9MBFK21h_fw_NXtcoEmoiDujjQOsAbXxwLrT1HiCmUyqppUq-HG3qlFFF7X8WpqMN9KI4JS6WjOJvKzcJhUOjphv_bjULOXpEKeT2V9M5Am7c82WyTvxINmloAyvg3GRjQ1Qt7T8xFTMBgsMXFo8hqQIsDfmeurSi4LZzIOm7y39x1bR4oMAa8sOljAqkU3Yzr2fIkt6-yRkCkMZ2yRxJGi1DEhOLJKU9nWGqTKB3RW0t1rJCPr9-UVnpgS-FnxMOtzRnT-dU1Vo0VgzMsQX5lEiwUkhPrwDIcMDE4z_yB_TK7RGyO-ICxE66xc0aQ5Aq3sr4P8HJCzj26F3CYE6xB0YcEJY2eHXvMTrlGabkLTKaaZmPeiT0ZIe7j43hoJLZarWe5CuH0bHGl9FUwAKDTfJIllg_NiFokNQgVUZ3OeHN2_iMqEKELl_hlZqWLNJoW0cMYYY66Lbz4M9jOLxY1ZFm0ga4jC7cIIMz0ThVID6ueKiFLhm1cpb0xXYmqZfv-u_uBQY9q75w1QB0YfznyzG9UXek=&xkcb=SoCX6_M3iLN4RRz42B0MbzkdCdPP&camk=C3EPSzFlQw8gocL-KaRr7Q==&p=7&atk=1jqb2tsqphmvo800,"Coordinating with project engineers and site teams. We are seeking a hands-on professional with a strong background in HVAC installation, maintenance, troubleshooting, testing, and commissioning,…",,,indeed_ae,2026-06-05 05:08:40.687787+00:00
Mechanical Engineer (MEP),Mecon Star Electromechanical Works LLC,Dubai,https://ae.indeed.com/rc/clk?jk=e4455981bc00ee42&bb=mnogZsvVFZCIuJ4-iRIz0ZyYvFB6WL8qnpVDQlFUEt_nbYEn9e768FX0S7ST-uZaP34iKHsAesL9FaoAfqv8ZQlaRuCLsTRGZgTNeYt-Y7i5uDuMumvMZpoYyrH8mMZ_so_xAWngqD6e-VWCAJ3ddw%3D%3D&xkcb=SoDX67M3iLN4RRz42B0NbzkdCdPP&rjs=0&qd=Xd-cji1-rrfYy0m8LpokE8dF20pwsUrmctm8cTGFOXDOAPLLNYb6wmUg8gjYJafwpsXE23qShaYtGgdtUJu_X5BBGG-ayCiM-gQi8HpsYsLtZozk31ERKPJGlDLUboAG50chrnGX4B46HyqhlSj9xMohy02t3MX0n-6xoRHLk5Oh8V2c0duIS4mZo0TAq11Zl61No7XvcMPz961yBIpblougDO3NlIXerppYqweTrkxdIR2u4KVXi5XGrbZ08pfBgjrEyAE0GkSkYu3jG0wyz6GIieWwfPZAKqtdWM0F9pPVsqFYOjAzWidBSEy6A0yhWOxvghNOg8rM6Po_qXQU-g&atk=1jqb2tsqphmvo800,Looking for a mechanical engineer with MEP experience in residential and commercial projects. Adequate knowledge in all HVAC and plumbing systems mandatory. EMARAT/ENOC Projects: 2 years (Preferred).,,,indeed_ae,2026-06-05 05:08:40.616133+00:00
Catalogue Specialist – App Merchandising & Conversion Growth- E Commerce,Pinewoods Technology Services FZE,Dubai,https://ae.indeed.com/rc/clk?jk=f0708a0637a60e54&bb=mnogZsvVFZCIuJ4-iRIz0Wpk2vMTJ86E5FIAj5adYIOp_LCaBAlSMmqiU0HjlgVKt9gFC2GZ-2W6vd6pVNTsAlJDX4vKES4rX-_TigWazyfkVJxsP-Jweinfx4FF-AUAvUv1JBCehMCPchpXvnEYlQ%3D%3D&xkcb=SoBK67M3iLN4RRz42B0ObzkdCdPP&rjs=0&qd=Xd-cji1-rrfYy0m8LpokE8dF20pwsUrmctm8cTGFOXDOAPLLNYb6wmUg8gjYJafwpsXE23qShaYtGgdtUJu_X5BBGG-ayCiM-gQi8HpsYsLtZozk31ERKPJGlDLUboAG50chrnGX4B46HyqhlSj9xMohy02t3MX0n-6xoRHLk5Oh8V2c0duIS4mZo0TAq11Zl61No7XvcMPz961yBIpblougDO3NlIXerppYqweTrkxdIR2u4KVXi5XGrbZ08pfBgjrEyAE0GkSkYu3jG0wyz6GIieWwfPZAKqtdWM0F9pPVsqFYOjAzWidBSEy6A0yhWOxvghNOg8rM6Po_qXQU-g&atk=1jqb2tsqphmvo800,"Familiarity with CMS, app backends , or catalogue management tools. Experience working with marketplace or aggregator-driven supply models. Proactively identify supply mismatches that impact user…",,,indeed_ae,2026-06-05 05:08:40.574081+00:00
Technical Sales Engineer,STYRO Insulation Mat. Ind. LLC,Sharjah,https://ae.indeed.com/rc/clk?jk=db7df060f45517cd&bb=mnogZsvVFZCIuJ4-iRIz0dbCHHEIPDzVYxiR2fq-LVi7Z9m1oaz-aygAnX2XjVNUa1_i0T7dHJvYpghrqTo7_DAr74qTJ2m1TX03zNpqV28rlys0whUaIaTteMg2HCHpizB_Q7DxuZUnRWHFGwl-pw%3D%3D&xkcb=SoD-67M3iLN4RRz42B0PbzkdCdPP&rjs=0&qd=Xd-cji1-rrfYy0m8LpokE8dF20pwsUrmctm8cTGFOXDOAPLLNYb6wmUg8gjYJafwpsXE23qShaYtGgdtUJu_X5BBGG-ayCiM-gQi8HpsYsLtZozk31ERKPJGlDLUboAG50chrnGX4B46HyqhlSj9xMohy02t3MX0n-6xoRHLk5Oh8V2c0duIS4mZo0TAq11Zl61No7XvcMPz961yBIpblougDO3NlIXerppYqweTrkxdIR2u4KVXi5XGrbZ08pfBgjrEyAE0GkSkYu3jG0wyz6GIieWwfPZAKqtdWM0F9pPVsqFYOjAzWidBSEy6A0yhWOxvghNOg8rM6Po_qXQU-g&atk=1jqb2tsqphmvo800,"Bachelor's Degree in Civil Engineering, Mechanical Engineering, Architectural Engineering, or a related field. Minimum 2–5 years of technical sales experience in insulation products, building…",,,indeed_ae,2026-06-05 05:08:40.508645+00:00
Sales Executive,HIVE LIVING,Dubai,https://ae.indeed.com/rc/clk?jk=a892b1287c179e88&bb=mnogZsvVFZCIuJ4-iRIz0YKG8FbGhbxWWnh4eQJZ5OiYylI6TQg5zT9y3Ok9pCKB2OLvhYmsb4LDZZpzsP7qD-se4ikeuSSstOUGt0ddEmKWL1EYoSpy2kR-cDl7suJN_QgpcWjx7beFNnTNGRXjacMQsWsEs768&xkcb=SoBw67M3iLN4RRz42B0IbzkdCdPP&rjs=0&qd=Xd-cji1-rrfYy0m8LpokE8dF20pwsUrmctm8cTGFOXDOAPLLNYb6wmUg8gjYJafwpsXE23qShaYtGgdtUJu_X5BBGG-ayCiM-gQi8HpsYsLtZozk31ERKPJGlDLUboAG50chrnGX4B46HyqhlSj9xMohy02t3MX0n-6xoRHLk5Oh8V2c0duIS4mZo0TAq11Zl61No7XvcMPz961yBIpblougDO3NlIXerppYqweTrkxdIR2u4KVXi5XGrbZ08pfBgjrEyAE0GkSkYu3jG0wyz6GIieWwfPZAKqtdWM0F9pPVsqFYOjAzWidBSEy6A0yhWOxvghNOg8rM6Po_qXQU-g&atk=1jqb2tsqphmvo800,"Securing interior design projects, including full or partial furnishing of Residential and. The Employee is eligible to earn commission on net sales accumulated on their own behalf as.",,,indeed_ae,2026-06-05 05:08:40.467301+00:00
Junior Architect / Draftsman Engineer,AMC PROTECTION L.L.C,Dubai,https://ae.indeed.com/rc/clk?jk=24833a6976517c6e&bb=mnogZsvVFZCIuJ4-iRIz0blbwDBEsinvLcLE_eC1UvffZAlxED8SZmxl57LpkL6uP3smB6PjLaU5vbOZtoQenv9_flgHLqLeLozGH-wLhZXgiBqPiva5sTWwIQ8WVbduzUVIhnatbErobFuy6cI8Kg%3D%3D&xkcb=SoDE67M3iLN4RRz42B0JbzkdCdPP&rjs=0&qd=Xd-cji1-rrfYy0m8LpokE8dF20pwsUrmctm8cTGFOXDOAPLLNYb6wmUg8gjYJafwpsXE23qShaYtGgdtUJu_X5BBGG-ayCiM-gQi8HpsYsLtZozk31ERKPJGlDLUboAG50chrnGX4B46HyqhlSj9xMohy02t3MX0n-6xoRHLk5Oh8V2c0duIS4mZo0TAq11Zl61No7XvcMPz961yBIpblougDO3NlIXerppYqweTrkxdIR2u4KVXi5XGrbZ08pfBgjrEyAE0GkSkYu3jG0wyz6GIieWwfPZAKqtdWM0F9pPVsqFYOjAzWidBSEy6A0yhWOxvghNOg8rM6Po_qXQU-g&atk=1jqb2tsqphmvo800,"Bachelor's Degree or Diploma in Architecture, Civil Engineering, or a related field. 1–3 years of experience in architectural drafting and design. Proficiency in AutoCAD and MS Office.",,,indeed_ae,2026-06-05 05:08:40.424564+00:00
Fitout Civil Estimator,Team Fitout Design,Al Qusais,https://ae.indeed.com/rc/clk?jk=1d2642fab7bc9e38&bb=mnogZsvVFZCIuJ4-iRIz0VZKebonqWFcbR4mh_LUphJyyhZAb2An1wgs92dyaA1_4tEb2xzZXIZ_DOl7wajn_db6WDCYXimPRk0czPaUDZ3XGhbBsBNjv0QuTwdnx5VPOHcKc1bJ3DSNY9Y6xb980g%3D%3D&xkcb=SoBZ67M3iLN4RRz42B0KbzkdCdPP&rjs=0&qd=Xd-cji1-rrfYy0m8LpokE8dF20pwsUrmctm8cTGFOXDOAPLLNYb6wmUg8gjYJafwpsXE23qShaYtGgdtUJu_X5BBGG-ayCiM-gQi8HpsYsLtZozk31ERKPJGlDLUboAG50chrnGX4B46HyqhlSj9xMohy02t3MX0n-6xoRHLk5Oh8V2c0duIS4mZo0TAq11Zl61No7XvcMPz961yBIpblougDO3NlIXerppYqweTrkxdIR2u4KVXi5XGrbZ08pfBgjrEyAE0GkSkYu3jG0wyz6GIieWwfPZAKqtdWM0F9pPVsqFYOjAzWidBSEy6A0yhWOxvghNOg8rM6Po_qXQU-g&atk=1jqb2tsqphmvo800,* Collaborate with project managers and engineers for budget preparation. Experience:* 2+ Years UAE Experience. * Prepare accurate cost estimates for civil works in fitout projects.,,,indeed_ae,2026-06-05 05:08:40.383485+00:00
Business Development Intern,Loft Orbital Solutions,Abu Dhabi,https://ae.indeed.com/rc/clk?jk=8695123fa1441663&bb=mnogZsvVFZCIuJ4-iRIz0WkI7Q_f_l89EG260DSq-90DY80YgmZwNWN8Jb8AQw1-ONoCPolKTovwHlB2DGRlxL6ApiyCyBQRXaaQM4icmM6RXb7yuf64QeKNHH32nWV9C8gsRlDLkmm7qT1RGM49UA%3D%3D&xkcb=SoDt67M3iLN4RRz42B0LbzkdCdPP&rjs=0&qd=Xd-cji1-rrfYy0m8LpokE8dF20pwsUrmctm8cTGFOXDOAPLLNYb6wmUg8gjYJafwpsXE23qShaYtGgdtUJu_X5BBGG-ayCiM-gQi8HpsYsLtZozk31ERKPJGlDLUboAG50chrnGX4B46HyqhlSj9xMohy02t3MX0n-6xoRHLk5Oh8V2c0duIS4mZo0TAq11Zl61No7XvcMPz961yBIpblougDO3NlIXerppYqweTrkxdIR2u4KVXi5XGrbZ08pfBgjrEyAE0GkSkYu3jG0wyz6GIieWwfPZAKqtdWM0F9pPVsqFYOjAzWidBSEy6A0yhWOxvghNOg8rM6Po_qXQU-g&atk=1jqb2tsqphmvo800,"Students in their 3rd year or above pursuing Engineering degrees — preferably Aerospace, Electrical, or Computer Engineering. You will own a defined project, work alongside experienced engineers and…",,,indeed_ae,2026-06-05 05:08:40.334523+00:00
Fire Fighting & Fire Alarm Project Engineer,Zaya Integrated Solutions,Fujairah,https://ae.indeed.com/rc/clk?jk=d61142b5fed72f86&bb=yDmaFVgtqqJB_zX5VRsTO84YqzFD1B4DMiD8cwS7MwSPruOshzLo64xPlluqBaVtdUmhWQq62mXm_VSDatFBNnnK9STo3mjpV1ew7UoemyYeZCvGRwL9ebx5f88aRZxLScV7Soui122njABHlf9ohg%3D%3D&xkcb=SoBd67M3iLN41zzDa50TbzkdCdPP&rjs=0&qd=Xd-cji1-rrfYy0m8LpokE8dF20pwsUrmctm8cTGFOXDOAPLLNYb6wmUg8gjYJafwpsXE23qShaYtGgdtUJu_X5BBGG-ayCiM-gQi8HpsYsLtZozk31ERKPJGlDLUboAG50chrnGX4B46HyqhlSj9xMohy02t3MX0n-6xoRHLk5Oh8V2c0duIS4mZo0TAq11Zl61No7XvcMPz961yBIpblougDO3NlIXerppYqweTrkxdIR2u4KVXi5XGrbZ08pfBgjrEyAE0GkSkYu3jG0wyz6GIieWwfPZAKqtdWM0F9pNK9EixTiqmisUmYXnBCBsqWOxvghNOg8rM6Po_qXQU-g&atk=1jqb2to8phmt5800,"The design, execution of firefighting, fire alarm, Voice Evacuation and Emergency Light system. Preparation of bill of quantities and shop drawings in AUTOCAD. UAE driving license is Mandatory..",,,indeed_ae,2026-06-05 05:08:36.789573+00:00
QA/QC -Freelancer,INFYA EXHIBITION STAND FITTING AND EXECUTION LLC,Dubai,https://ae.indeed.com/rc/clk?jk=82de2385ccbd64d3&bb=yDmaFVgtqqJB_zX5VRsTO1AdTBOCViTvgLSTruTEOxbk1HWLsN-hRNYKq1LAqS9nxDypMxLM08qAO5zLWEbJYqOFdob_5yjWlOF6vVKWa0QtlS_14fyjVIGaPdvcfAAoMuV0o8oqs_yDHv-3aD-m7g%3D%3D&xkcb=SoC067M3iLN41zzDa50cbzkdCdPP&rjs=0&qd=Xd-cji1-rrfYy0m8LpokE8dF20pwsUrmctm8cTGFOXDOAPLLNYb6wmUg8gjYJafwpsXE23qShaYtGgdtUJu_X5BBGG-ayCiM-gQi8HpsYsLtZozk31ERKPJGlDLUboAG50chrnGX4B46HyqhlSj9xMohy02t3MX0n-6xoRHLk5Oh8V2c0duIS4mZo0TAq11Zl61No7XvcMPz961yBIpblougDO3NlIXerppYqweTrkxdIR2u4KVXi5XGrbZ08pfBgjrEyAE0GkSkYu3jG0wyz6GIieWwfPZAKqtdWM0F9pNK9EixTiqmisUmYXnBCBsqWOxvghNOg8rM6Po_qXQU-g&atk=1jqb2to8phmt5800,"Proficiency in Microsoft Office and construction documentation software . Bachelor's Degree in Civil Engineering or a related field. Coordinate with project managers, site engineers , consultants, and…",,,indeed_ae,2026-06-05 05:08:36.748525+00:00
Site Engineer,BEEHIVE,Dubai,https://ae.indeed.com/rc/clk?jk=aa39a6e357da84d0&bb=yDmaFVgtqqJB_zX5VRsTO8ea_u5EVECLf9yZURpTQNVby0Z_qKeUSvBgK8rzWHAnhs8F1c7EznMtPTiclzV4fNVcPWTgHcRIPnN57QMiY07Sp8jZzjfOBgV9bHulnCocNWXok42Ou95nkP7i6Dp_0w%3D%3D&xkcb=SoAA67M3iLN41zzDa50dbzkdCdPP&rjs=0&qd=Xd-cji1-rrfYy0m8LpokE8dF20pwsUrmctm8cTGFOXDOAPLLNYb6wmUg8gjYJafwpsXE23qShaYtGgdtUJu_X5BBGG-ayCiM-gQi8HpsYsLtZozk31ERKPJGlDLUboAG50chrnGX4B46HyqhlSj9xMohy02t3MX0n-6xoRHLk5Oh8V2c0duIS4mZo0TAq11Zl61No7XvcMPz961yBIpblougDO3NlIXerppYqweTrkxdIR2u4KVXi5XGrbZ08pfBgjrEyAE0GkSkYu3jG0wyz6GIieWwfPZAKqtdWM0F9pNK9EixTiqmisUmYXnBCBsqWOxvghNOg8rM6Po_qXQU-g&atk=1jqb2to8phmt5800,Bachelor's Degree in Civil Engineering or a related discipline. Experience working on infrastructure and utility projects within the UAE or GCC. Micro Tunnelling or Pipe Jacking projects as a Site…,,,indeed_ae,2026-06-05 05:08:36.707787+00:00
Site Engineer,Hardell metal industries LLC,Dubai,https://ae.indeed.com/rc/clk?jk=bc88518a5fc08fcc&bb=yDmaFVgtqqJB_zX5VRsTO2kO7hmmkY4ZN_JHQQbFPRia61xL4wD9TQuKW6QpV2vULZiQYpYytpQysVnHPJM1RM-QlJ0ZAthNIeFdiAP9sZu2eNqgyStO_5X_MP6uCvzi3RPCGC2X_z1dHvl8C4tJrA%3D%3D&xkcb=SoCd67M3iLN41zzDa50ebzkdCdPP&rjs=0&qd=Xd-cji1-rrfYy0m8LpokE8dF20pwsUrmctm8cTGFOXDOAPLLNYb6wmUg8gjYJafwpsXE23qShaYtGgdtUJu_X5BBGG-ayCiM-gQi8HpsYsLtZozk31ERKPJGlDLUboAG50chrnGX4B46HyqhlSj9xMohy02t3MX0n-6xoRHLk5Oh8V2c0duIS4mZo0TAq11Zl61No7XvcMPz961yBIpblougDO3NlIXerppYqweTrkxdIR2u4KVXi5XGrbZ08pfBgjrEyAE0GkSkYu3jG0wyz6GIieWwfPZAKqtdWM0F9pNK9EixTiqmisUmYXnBCBsqWOxvghNOg8rM6Po_qXQU-g&atk=1jqb2to8phmt5800,"We’re looking for Site Engineers - Mechanical & Electrical to join our growing team at Hardell Metal Industries. If you’re eager to learn, hands-on, and ready to build your career on live projects,…",,,indeed_ae,2026-06-05 05:08:36.660133+00:00
Approvals Engineer,Al Bahri Engineering Consultancy & Interior Design,Abu Dhabi,https://ae.indeed.com/rc/clk?jk=39196ba963dd4035&bb=yDmaFVgtqqJB_zX5VRsTO6M8I4sg3x087KvW3hArWzhsFkqEfKIQKB14tK022ATux8xV4LYm7oT2ZkyHGEkoVVJAdqQFhaNm85ggdUs3mh76CKqzS_S4_Hluj8EXVMmdEyDIbMaL0aXHf4BtGc-ZUA%3D%3D&xkcb=SoAp67M3iLN41zzDa50fbzkdCdPP&rjs=0&qd=Xd-cji1-rrfYy0m8LpokE8dF20pwsUrmctm8cTGFOXDOAPLLNYb6wmUg8gjYJafwpsXE23qShaYtGgdtUJu_X5BBGG-ayCiM-gQi8HpsYsLtZozk31ERKPJGlDLUboAG50chrnGX4B46HyqhlSj9xMohy02t3MX0n-6xoRHLk5Oh8V2c0duIS4mZo0TAq11Zl61No7XvcMPz961yBIpblougDO3NlIXerppYqweTrkxdIR2u4KVXi5XGrbZ08pfBgjrEyAE0GkSkYu3jG0wyz6GIieWwfPZAKqtdWM0F9pNK9EixTiqmisUmYXnBCBsqWOxvghNOg8rM6Po_qXQU-g&atk=1jqb2to8phmt5800,"Manage the full approval process with government authorities and stakeholders. Experience in residential, commercial, or infrastructure projects. Bachelor’s degree in Civil Engineering, Architecture,…",,,indeed_ae,2026-06-05 05:08:36.618561+00:00
Social Media Marketing,SEVENTY TWO Real Estate,Dubai,https://ae.indeed.com/rc/clk?jk=5b83cc4eb867e7b1&bb=yDmaFVgtqqJB_zX5VRsTO0FeIiqfFmptpQDOUMRHalYT24Qrxcn4BCuZ_LEpByACrec-M1hIoVjTkmkgBWKFdM4jwZPbIWVRP3Hy4JB16EDT81C48ziV9JxIbRKIjX_3bIJKP5ew4Fs3nxK1Il8W2A%3D%3D&xkcb=SoCn67M3iLN41zzDa50YbzkdCdPP&rjs=0&qd=Xd-cji1-rrfYy0m8LpokE8dF20pwsUrmctm8cTGFOXDOAPLLNYb6wmUg8gjYJafwpsXE23qShaYtGgdtUJu_X5BBGG-ayCiM-gQi8HpsYsLtZozk31ERKPJGlDLUboAG50chrnGX4B46HyqhlSj9xMohy02t3MX0n-6xoRHLk5Oh8V2c0duIS4mZo0TAq11Zl61No7XvcMPz961yBIpblougDO3NlIXerppYqweTrkxdIR2u4KVXi5XGrbZ08pfBgjrEyAE0GkSkYu3jG0wyz6GIieWwfPZAKqtdWM0F9pNK9EixTiqmisUmYXnBCBsqWOxvghNOg8rM6Po_qXQU-g&atk=1jqb2to8phmt5800,"Bachelor’s degree in Marketing, Communications, Business, or a related field, or equivalent practical experience. Solid foundation in Marketing principles, preferably with experience in real estate or…",,,indeed_ae,2026-06-05 05:08:36.576167+00:00
Sales Engineer,MTLL LLC,Dubai,https://ae.indeed.com/rc/clk?jk=7e4b09f1a7d93082&bb=yDmaFVgtqqJB_zX5VRsTO0AY4RW8XI5hkcL8BPqtR9Fym37WHYDTOV9sjIlbEqvV0Ucs2eePLPGfHmOgn3Tz1uteMG-mdep2zS8yqLGlfsuIc_r0K-F8ZK52ERhhuLk3tyr0YsQTfO05toxWqPszJQ%3D%3D&xkcb=SoAT67M3iLN41zzDa50ZbzkdCdPP&rjs=0&qd=Xd-cji1-rrfYy0m8LpokE8dF20pwsUrmctm8cTGFOXDOAPLLNYb6wmUg8gjYJafwpsXE23qShaYtGgdtUJu_X5BBGG-ayCiM-gQi8HpsYsLtZozk31ERKPJGlDLUboAG50chrnGX4B46HyqhlSj9xMohy02t3MX0n-6xoRHLk5Oh8V2c0duIS4mZo0TAq11Zl61No7XvcMPz961yBIpblougDO3NlIXerppYqweTrkxdIR2u4KVXi5XGrbZ08pfBgjrEyAE0GkSkYu3jG0wyz6GIieWwfPZAKqtdWM0F9pNK9EixTiqmisUmYXnBCBsqWOxvghNOg8rM6Po_qXQU-g&atk=1jqb2to8phmt5800,"# Mechanical or metallurgical engineering degree. # Identify and develop new business opportunities for monorail systems in industrial, material-handling, Abseiling System, Cradles, Davit system and…",,,indeed_ae,2026-06-05 05:08:36.530651+00:00
Videographer / Video Editor,TLB Business Advisory Services,Dubai,https://ae.indeed.com/rc/clk?jk=fc40d2bedc63963d&bb=yDmaFVgtqqJB_zX5VRsTOyBPbRDnVfQSlMElayV2FP7LF6o7r6AqXUZS6VsVD12NH9UY5pIwBJQ7epuGgXEyKHsQFTEkUIiWT43OrdspsabdGH-xfOOiIDYpvzrAwb89yqFxtbNTvmG5heaKwwHsYw%3D%3D&xkcb=SoCO67M3iLN41zzDa50abzkdCdPP&rjs=0&qd=Xd-cji1-rrfYy0m8LpokE8dF20pwsUrmctm8cTGFOXDOAPLLNYb6wmUg8gjYJafwpsXE23qShaYtGgdtUJu_X5BBGG-ayCiM-gQi8HpsYsLtZozk31ERKPJGlDLUboAG50chrnGX4B46HyqhlSj9xMohy02t3MX0n-6xoRHLk5Oh8V2c0duIS4mZo0TAq11Zl61No7XvcMPz961yBIpblougDO3NlIXerppYqweTrkxdIR2u4KVXi5XGrbZ08pfBgjrEyAE0GkSkYu3jG0wyz6GIieWwfPZAKqtdWM0F9pNK9EixTiqmisUmYXnBCBsqWOxvghNOg8rM6Po_qXQU-g&atk=1jqb2to8phmt5800,"Videographer, ideally in an agency or production house. Our client, a dynamic advertising agency, is on the lookout for a creative Videographer/Photographer & Editor to bring stories to life…",,,indeed_ae,2026-06-05 05:08:36.481509+00:00
Site Supervisor,AL OMER TENTS,Umm al-Quwain City,https://ae.indeed.com/rc/clk?jk=55aa03d6c7a48b27&bb=yDmaFVgtqqJB_zX5VRsTO86LJfX23OZ6biAGptZkFuQUTVNdjdNxCVqZwMBKiekMnGWWHqvQ5I6fslM9qmoFTgbl0wYLI-P5Al3NakPzDT0MzSMQdDRsaTleMIkPNZzkjnv9GeX7cDzeOb843jbv_w%3D%3D&xkcb=SoA667M3iLN41zzDa50bbzkdCdPP&rjs=0&qd=Xd-cji1-rrfYy0m8LpokE8dF20pwsUrmctm8cTGFOXDOAPLLNYb6wmUg8gjYJafwpsXE23qShaYtGgdtUJu_X5BBGG-ayCiM-gQi8HpsYsLtZozk31ERKPJGlDLUboAG50chrnGX4B46HyqhlSj9xMohy02t3MX0n-6xoRHLk5Oh8V2c0duIS4mZo0TAq11Zl61No7XvcMPz961yBIpblougDO3NlIXerppYqweTrkxdIR2u4KVXi5XGrbZ08pfBgjrEyAE0GkSkYu3jG0wyz6GIieWwfPZAKqtdWM0F9pNK9EixTiqmisUmYXnBCBsqWOxvghNOg8rM6Po_qXQU-g&atk=1jqb2to8phmt5800,"Umm al-Quwain City: Reliably commute or planning to relocate before starting work (Preferred). Coordinate with project managers, engineers , and site personnel to meet project deadlines.",,,indeed_ae,2026-06-05 05:08:36.424778+00:00
Senior Engineer,Petrofac,Abu Dhabi,https://ae.indeed.com/rc/clk?jk=82e6b50d2147245c&bb=yDmaFVgtqqJB_zX5VRsTO-rFW8WozRVb_Nf-zR4iNKwztTxgqyHwvRr1rPO0NA8ckeUPaAIZslz9bVp5CQhoMoJLz_JnFMBqkO0I0U04uR4OXzjHdaLYUzCRATs_kUI-tWtzu19Ggse7_77X9MBBEQ%3D%3D&xkcb=SoAd67M3iLN41zzDa50EbzkdCdPP&rjs=0&qd=Xd-cji1-rrfYy0m8LpokE8dF20pwsUrmctm8cTGFOXDOAPLLNYb6wmUg8gjYJafwpsXE23qShaYtGgdtUJu_X5BBGG-ayCiM-gQi8HpsYsLtZozk31ERKPJGlDLUboAG50chrnGX4B46HyqhlSj9xMohy02t3MX0n-6xoRHLk5Oh8V2c0duIS4mZo0TAq11Zl61No7XvcMPz961yBIpblougDO3NlIXerppYqweTrkxdIR2u4KVXi5XGrbZ08pfBgjrEyAE0GkSkYu3jG0wyz6GIieWwfPZAKqtdWM0F9pNK9EixTiqmisUmYXnBCBsqWOxvghNOg8rM6Po_qXQU-g&atk=1jqb2to8phmt5800,Regularly contact discipline engineers and supervisors for solving problems related to project execution work safely. Able to guide technical issue to several electrical engineers & supervisors under…,,,indeed_ae,2026-06-05 05:08:36.382106+00:00
Industrial Operations Intern - AIT,Loft Orbital Solutions,Abu Dhabi,https://ae.indeed.com/rc/clk?jk=43bca0b280e0d539&bb=yDmaFVgtqqJB_zX5VRsTO74DWlXVQ46Ouign0aVq_ekJWo1ddgqSfWla9EMtsYvbbP8v57h0z-XBY0F7CsX8c-N1VwiLBXv7nsiE_J5igxIARBjuEqDPG393MBTqIipuLr0m2G-LtsWWZIYEqPYdwg%3D%3D&xkcb=SoCp67M3iLN41zzDa50FbzkdCdPP&rjs=0&qd=Xd-cji1-rrfYy0m8LpokE8dF20pwsUrmctm8cTGFOXDOAPLLNYb6wmUg8gjYJafwpsXE23qShaYtGgdtUJu_X5BBGG-ayCiM-gQi8HpsYsLtZozk31ERKPJGlDLUboAG50chrnGX4B46HyqhlSj9xMohy02t3MX0n-6xoRHLk5Oh8V2c0duIS4mZo0TAq11Zl61No7XvcMPz961yBIpblougDO3NlIXerppYqweTrkxdIR2u4KVXi5XGrbZ08pfBgjrEyAE0GkSkYu3jG0wyz6GIieWwfPZAKqtdWM0F9pNK9EixTiqmisUmYXnBCBsqWOxvghNOg8rM6Po_qXQU-g&atk=1jqb2to8phmt5800,"Detailed Value Stream Map of the full production floor. Students pursuing Industrial Engineering, Mechanical Engineering, or Lean Manufacturing disciplines.",,,indeed_ae,2026-06-05 05:08:36.341530+00:00
Bloomberg Intelligence Credit Strategy Associate,Bloomberg,Dubai,https://ae.indeed.com/rc/clk?jk=075db0dcdefbf29c&bb=yDmaFVgtqqJB_zX5VRsTO0xOUOFEGXIxj9QRs65YBEUuqwrQSLb0F3IB8c-TYwQdZaEf6Yu_kvZcVhE1KPEPxONF2bkFR5AKk1CYBEu3rjY2UTdI08MaU_f9lWVWDntnoeQF0ljkPfV8Pp63xcSK6Q%3D%3D&xkcb=SoA067M3iLN41zzDa50GbzkdCdPP&rjs=0&qd=Xd-cji1-rrfYy0m8LpokE8dF20pwsUrmctm8cTGFOXDOAPLLNYb6wmUg8gjYJafwpsXE23qShaYtGgdtUJu_X5BBGG-ayCiM-gQi8HpsYsLtZozk31ERKPJGlDLUboAG50chrnGX4B46HyqhlSj9xMohy02t3MX0n-6xoRHLk5Oh8V2c0duIS4mZo0TAq11Zl61No7XvcMPz961yBIpblougDO3NlIXerppYqweTrkxdIR2u4KVXi5XGrbZ08pfBgjrEyAE0GkSkYu3jG0wyz6GIieWwfPZAKqtdWM0F9pNK9EixTiqmisUmYXnBCBsqWOxvghNOg8rM6Po_qXQU-g&atk=1jqb2to8phmt5800,"With 500+ research professionals, BI provides company, credit, industry and strategy research across major global markets, covering 135+ industries and 2,000+ companies, including perspectives on…",,,indeed_ae,2026-06-05 05:08:36.295238+00:00
Public Relations Officer,STARCO FIRE PROTECTION ENGINEERS,Abu Dhabi,https://ae.indeed.com/rc/clk?jk=f34a490604c96462&bb=yDmaFVgtqqJB_zX5VRsTO9zhLiXMuSpl34k10-LOP18LxYziBsZhBst1U7sRrRaVOuBz102jpjQ7zlbaNC9kiCjYn9cTkXApUzbb8V9fJRuYrnw0ifVRzbYLxKTUc57HV0Qk1j7EQjvOiXdJHzOLPw%3D%3D&xkcb=SoCA67M3iLN41zzDa50HbzkdCdPP&rjs=0&qd=Xd-cji1-rrfYy0m8LpokE8dF20pwsUrmctm8cTGFOXDOAPLLNYb6wmUg8gjYJafwpsXE23qShaYtGgdtUJu_X5BBGG-ayCiM-gQi8HpsYsLtZozk31ERKPJGlDLUboAG50chrnGX4B46HyqhlSj9xMohy02t3MX0n-6xoRHLk5Oh8V2c0duIS4mZo0TAq11Zl61No7XvcMPz961yBIpblougDO3NlIXerppYqweTrkxdIR2u4KVXi5XGrbZ08pfBgjrEyAE0GkSkYu3jG0wyz6GIieWwfPZAKqtdWM0F9pNK9EixTiqmisUmYXnBCBsqWOxvghNOg8rM6Po_qXQU-g&atk=1jqb2to8phmt5800,"Bachelor’s degree in human resources, Business Administration, or a related field. Act as the company's liaison with government authorities and regulatory bodies. Proficient in MS Office applications.",,,indeed_ae,2026-06-05 05:08:36.242443+00:00
Landscape Engineer,The Tower Plaza Hotel Dubai,Dubai,https://ae.indeed.com/rc/clk?jk=355d12172a5a6886&bb=yDmaFVgtqqJB_zX5VRsTO_O9Dls8Cx4P4ABlBDN2b9rAQbiWFz2OV3q20jEXK3znIkc-ITa4N0CIzDO6Vt033ee_o-yHVEhb6nb9RPCvnv_x2yRW_ZEzSwg3Ae67t5fSSEDcWk9lR1eonQHmhHtgGA%3D%3D&xkcb=SoAO67M3iLN41zzDa50AbzkdCdPP&rjs=0&qd=Xd-cji1-rrfYy0m8LpokE8dF20pwsUrmctm8cTGFOXDOAPLLNYb6wmUg8gjYJafwpsXE23qShaYtGgdtUJu_X5BBGG-ayCiM-gQi8HpsYsLtZozk31ERKPJGlDLUboAG50chrnGX4B46HyqhlSj9xMohy02t3MX0n-6xoRHLk5Oh8V2c0duIS4mZo0TAq11Zl61No7XvcMPz961yBIpblougDO3NlIXerppYqweTrkxdIR2u4KVXi5XGrbZ08pfBgjrEyAE0GkSkYu3jG0wyz6GIieWwfPZAKqtdWM0F9pNK9EixTiqmisUmYXnBCBsqWOxvghNOg8rM6Po_qXQU-g&atk=1jqb2to8phmt5800,"Bachelor's Degree in Landscape Engineering, Agriculture, Horticulture, or related field. Supervise landscape construction and maintenance activities. Good communication and coordination skills.",,,indeed_ae,2026-06-05 05:08:36.196790+00:00
EPLAN Design/Automation Engineer,Eaton,Dubai,https://ae.indeed.com/rc/clk?jk=1be94722ebe574d0&bb=yDmaFVgtqqJB_zX5VRsTO7hIolKEW2COEDxZrDPvDEbl1dXpNVLeA_E_IkMxQjvmcq2-uFTMtpgoejzox-ob33kdDEO90skyde8PDpmaJXLwLnyULbZl7sA9cS710d96CUg9_joWE1r4bBfraoE7dQ%3D%3D&xkcb=SoC667M3iLN41zzDa50BbzkdCdPP&rjs=0&qd=Xd-cji1-rrfYy0m8LpokE8dF20pwsUrmctm8cTGFOXDOAPLLNYb6wmUg8gjYJafwpsXE23qShaYtGgdtUJu_X5BBGG-ayCiM-gQi8HpsYsLtZozk31ERKPJGlDLUboAG50chrnGX4B46HyqhlSj9xMohy02t3MX0n-6xoRHLk5Oh8V2c0duIS4mZo0TAq11Zl61No7XvcMPz961yBIpblougDO3NlIXerppYqweTrkxdIR2u4KVXi5XGrbZ08pfBgjrEyAE0GkSkYu3jG0wyz6GIieWwfPZAKqtdWM0F9pNK9EixTiqmisUmYXnBCBsqWOxvghNOg8rM6Po_qXQU-g&atk=1jqb2to8phmt5800,"Ability to collaborate effectively with engineers , developers, and cross functional teams. Bachelor's degree in Electrical Engineering, Electrotechnics, or equivalent technical education.",,,indeed_ae,2026-06-05 05:08:36.142765+00:00
3D Designer for Event Industry with UAE Experience,Topaz Event Organizers,Sharjah,https://ae.indeed.com/rc/clk?jk=f508531c55d07b70&bb=yDmaFVgtqqJB_zX5VRsTOwJr45qMHnCpXNAYPSSzzJJic88RQrh9NtSj6fYSzGVjcRiRcYI3lOune48GWw1XLxl6FyFWndlV54deBueL2ZLImQdxfpLhpe5AA8NaG42MUDu4rMX8LfEj20NmrxrvVg%3D%3D&xkcb=SoAn67M3iLN41zzDa50CbzkdCdPP&rjs=0&qd=Xd-cji1-rrfYy0m8LpokE8dF20pwsUrmctm8cTGFOXDOAPLLNYb6wmUg8gjYJafwpsXE23qShaYtGgdtUJu_X5BBGG-ayCiM-gQi8HpsYsLtZozk31ERKPJGlDLUboAG50chrnGX4B46HyqhlSj9xMohy02t3MX0n-6xoRHLk5Oh8V2c0duIS4mZo0TAq11Zl61No7XvcMPz961yBIpblougDO3NlIXerppYqweTrkxdIR2u4KVXi5XGrbZ08pfBgjrEyAE0GkSkYu3jG0wyz6GIieWwfPZAKqtdWM0F9pNK9EixTiqmisUmYXnBCBsqWOxvghNOg8rM6Po_qXQU-g&atk=1jqb2to8phmt5800,"Bachelor's Degree or Diploma in Interior Design, Architecture, Graphic Design, or a related field. Knowledge of AI-assisted design tools and rendering software .",,,indeed_ae,2026-06-05 05:08:36.062432+00:00
Technical &Coordination Engineer (Civil),Al Awael Building Contracting LLC,Ras al-Khaimah,https://ae.indeed.com/pagead/clk?mo=r&ad=-6NYlbfkN0B03GTH09IPcf2F64OUMqPjZ6QCo0xSyGEtcEGehgvCifoaZ31RS8S155cFlE24ta_SiLQubsvyzZ317XRVqUhna2IY8C_zuQ7olRqPgYbXsIoyW9zSWGkj0VSNSG7Q8MoVepusntQwtnvcERhzlKsdSlKcGpV-XRmma1eBYXaO38_C9Bkjkpk4x9KLcRsmrQtW1xS0KR9HJJcZdFhaqU9AEO8EIBQujavmYFIXqDlsAVneFJg29TmfLk-VpRtbFxkGPFcN0bQAzghX0RbiwtNw6E3bppwUM5vKmqsbgsRneiMuMoNsAmwVTgG8eQ9D20-1RdyjKy7TkYQmEhilsMp_MQQ7TqfCjSAKgpJHaTDgS9AQaxyZrt-943qjoB7yMORyNdmF5iJgr1AT3XCo5Ok0AC9AmChLbjfYsKfvhXqF85MDDqHaEV0utzggoE1Ee_lyBrj0iNxqqXCCtWtr80ah2ldJYAWAwKSz2iFlptAvku03I1RqQzqqHNLN2ptt5VJKR4Pp7QEaR-ImR1vTOBwhFgEPY1ceQk2ZftrL3Y3Jqk0J2H4RQBOsFBR6A6zqhvcQwRa9RGOcanRNsvX-JuwOIjGElFl-B0HG5gzEEMrztoadplSDXD9O8FDCt-2oiH3gO7Le_B9X0uUePvDJ_dC20aLMefx7HVkGlHpVCzlaSP1eM2itN2ctICG4nvmlo92B0cq4s1HQGS-Dl_jT2SSYPRblEh4gHsuK_NxZQpS9hz-Gll-bxTqZINmF9IxvKpHtIwPaSdPL7OvByBr9aoYx0w743Fot8n-ekAHHcJoQk6hcBY96xAX4ApmdbtxF5a8vFbAmokAu8A8N0ET7Dr40Ku_zgVzuV60lRar0eiDU1tx4GnOwj0W6dT3ANH2-gW9V-9sogfnhAMmCEZvltG5ZstNUvDPqpmXBqrzxSgvtr8XKqG1liQSs5caNay_9c84rn2NhIuaFtqpZWPT37Qay&xkcb=SoBn6_M3iLN41zzDa50DbzkdCdPP&camk=C3EPSzFlQw-6Mr1CvahYVg==&p=8&atk=1jqb2to8phmt5800,We are hiring Technical Engineer with Master's Degree in Construction Management. Candidate must have strong experience in subcontract management and a key focus on procurement activities for…,,,indeed_ae,2026-06-05 05:08:36.006564+00:00
Civil Engineer,Greenscapes LLC,Dubai,https://ae.indeed.com/rc/clk?jk=385506dd9c1b7eef&bb=yDmaFVgtqqJB_zX5VRsTO5yzNH1xw-7LioWcSQjRD_slo-V46VqFPu0K8cGtwtTHFiHE6xDrzcan1WTgl_cqukPsH-zqt9Oerhd37g5opoV134KoC2V77ZpQ-GKuDIi5VjbtE-oDpLRvjBdCEAQRBQ%3D%3D&xkcb=SoB667M3iLN41zzDa50MbzkdCdPP&rjs=0&qd=Xd-cji1-rrfYy0m8LpokE8dF20pwsUrmctm8cTGFOXDOAPLLNYb6wmUg8gjYJafwpsXE23qShaYtGgdtUJu_X5BBGG-ayCiM-gQi8HpsYsLtZozk31ERKPJGlDLUboAG50chrnGX4B46HyqhlSj9xMohy02t3MX0n-6xoRHLk5Oh8V2c0duIS4mZo0TAq11Zl61No7XvcMPz961yBIpblougDO3NlIXerppYqweTrkxdIR2u4KVXi5XGrbZ08pfBgjrEyAE0GkSkYu3jG0wyz6GIieWwfPZAKqtdWM0F9pNK9EixTiqmisUmYXnBCBsqWOxvghNOg8rM6Po_qXQU-g&atk=1jqb2to8phmt5800,"Experience with high-rise buildings, commercial developments, or large-scale infrastructure projects. Proven experience in façade systems, including curtain walls, cladding, glazing systems,…",,,indeed_ae,2026-06-05 05:08:35.967433+00:00
Performance & Growth Manager,metabolic,Dubai,https://ae.indeed.com/rc/clk?jk=b30d6223d073fc58&bb=yDmaFVgtqqJB_zX5VRsTO_ZGKTEbZwbfUZ4LkT_MFYrrMkJZnrrDQ7zRXiziSCKs7STUzOkEz2d-jhUOIwrVlR8u3x4jjGrikr1oBaXs8YH5zb1ZBo8JFzYzz7MNpxPWMXPSQux45Qu3QZiLRC2ZUA%3D%3D&xkcb=SoDO67M3iLN41zzDa50NbzkdCdPP&rjs=0&qd=Xd-cji1-rrfYy0m8LpokE8dF20pwsUrmctm8cTGFOXDOAPLLNYb6wmUg8gjYJafwpsXE23qShaYtGgdtUJu_X5BBGG-ayCiM-gQi8HpsYsLtZozk31ERKPJGlDLUboAG50chrnGX4B46HyqhlSj9xMohy02t3MX0n-6xoRHLk5Oh8V2c0duIS4mZo0TAq11Zl61No7XvcMPz961yBIpblougDO3NlIXerppYqweTrkxdIR2u4KVXi5XGrbZ08pfBgjrEyAE0GkSkYu3jG0wyz6GIieWwfPZAKqtdWM0F9pNK9EixTiqmisUmYXnBCBsqWOxvghNOg8rM6Po_qXQU-g&atk=1jqb2to8phmt5800,"Demonstrated track record driving patient or consumer acquisition in Healthcare, Clinics, or HealthTech ideally within the UAE/GCC. The candidate must be a proficient architect or power user of:",,,indeed_ae,2026-06-05 05:08:35.924221+00:00
Electrical Engineer,My Chocolate LLC,Ajman,https://ae.indeed.com/rc/clk?jk=e0a2fbb2ac7f8d28&bb=yDmaFVgtqqJB_zX5VRsTO8NV1zl3h2bftMPi6jGEQse0aizOWsMhOLGRwu_CVOc9_0UCC4b7QFu9yw5XS-FEl7VezgjD6IMibVFFYjcdJH1_TQ4zC3hH0hu3teM7kSlH_DRb-B0jQiqv8ClBflTVsw%3D%3D&xkcb=SoBT67M3iLN41zzDa50ObzkdCdPP&rjs=0&qd=Xd-cji1-rrfYy0m8LpokE8dF20pwsUrmctm8cTGFOXDOAPLLNYb6wmUg8gjYJafwpsXE23qShaYtGgdtUJu_X5BBGG-ayCiM-gQi8HpsYsLtZozk31ERKPJGlDLUboAG50chrnGX4B46HyqhlSj9xMohy02t3MX0n-6xoRHLk5Oh8V2c0duIS4mZo0TAq11Zl61No7XvcMPz961yBIpblougDO3NlIXerppYqweTrkxdIR2u4KVXi5XGrbZ08pfBgjrEyAE0GkSkYu3jG0wyz6GIieWwfPZAKqtdWM0F9pNK9EixTiqmisUmYXnBCBsqWOxvghNOg8rM6Po_qXQU-g&atk=1jqb2to8phmt5800,"Bachelor's Degree in Electrical Engineering or a related discipline. Experience in chocolate, confectionery, food, beverage, or dairy manufacturing. Support the operation of chocolate processing and…",,,indeed_ae,2026-06-05 05:08:35.876327+00:00
Customer Solution Engineer - Projects,Kone,Sharjah,https://ae.indeed.com/rc/clk?jk=dadf4c7039cbb5e5&bb=yDmaFVgtqqJB_zX5VRsTO0FeIiqfFmpthoR7v8utGlhqh8mxXCVCBADsds7KqtOZz5IpmGb3itNSNZ0jeB73nDSMYdud_LltlGUARBspivzbJpGy1P7hl5NaKy7HhIbGQvQTroqj8hbNaSqA3ADwjw%3D%3D&xkcb=SoDn67M3iLN41zzDa50PbzkdCdPP&rjs=0&qd=Xd-cji1-rrfYy0m8LpokE8dF20pwsUrmctm8cTGFOXDOAPLLNYb6wmUg8gjYJafwpsXE23qShaYtGgdtUJu_X5BBGG-ayCiM-gQi8HpsYsLtZozk31ERKPJGlDLUboAG50chrnGX4B46HyqhlSj9xMohy02t3MX0n-6xoRHLk5Oh8V2c0duIS4mZo0TAq11Zl61No7XvcMPz961yBIpblougDO3NlIXerppYqweTrkxdIR2u4KVXi5XGrbZ08pfBgjrEyAE0GkSkYu3jG0wyz6GIieWwfPZAKqtdWM0F9pNK9EixTiqmisUmYXnBCBsqWOxvghNOg8rM6Po_qXQU-g&atk=1jqb2to8phmt5800,"Capability for analytical thinking and focus on details - distinguishes between important information and irrelevant or minor details. A CSE Engineer , Project provides technical expertise on the…",,,indeed_ae,2026-06-05 05:08:35.835958+00:00
Foreman,IIQAF,Abu Dhabi,https://ae.indeed.com/rc/clk?jk=1d5a389dba7e0dd5&bb=yDmaFVgtqqJB_zX5VRsTO6kBMoA2fHUmZe3plolNsf5SnZUJ0vCgg7jJWHecOzAhLu1xARxD1qZ7gKS2CGlMUHmQ7f_RItJJKsSQMv2QoUcsljZUfBzkODxIGG_VHipkGVXnY_mIe1BBsDlbfNtbkg%3D%3D&xkcb=SoBp67M3iLN41zzDa50IbzkdCdPP&rjs=0&qd=Xd-cji1-rrfYy0m8LpokE8dF20pwsUrmctm8cTGFOXDOAPLLNYb6wmUg8gjYJafwpsXE23qShaYtGgdtUJu_X5BBGG-ayCiM-gQi8HpsYsLtZozk31ERKPJGlDLUboAG50chrnGX4B46HyqhlSj9xMohy02t3MX0n-6xoRHLk5Oh8V2c0duIS4mZo0TAq11Zl61No7XvcMPz961yBIpblougDO3NlIXerppYqweTrkxdIR2u4KVXi5XGrbZ08pfBgjrEyAE0GkSkYu3jG0wyz6GIieWwfPZAKqtdWM0F9pNK9EixTiqmisUmYXnBCBsqWOxvghNOg8rM6Po_qXQU-g&atk=1jqb2to8phmt5800,"Diploma or certification in Construction, Civil Engineering, or related field preferred. Coordinate with engineers , contractors, and project managers. Strong communication and problem-solving skills.",,,indeed_ae,2026-06-05 05:08:35.795229+00:00
Planner - Civil,STG Contracting and Building Works,Ras al-Khaimah,https://ae.indeed.com/rc/clk?jk=541f06d81a788aa5&bb=yDmaFVgtqqJB_zX5VRsTO7uJGIE1kboeIimfxLQtT1j0UDMlQTThvRpporwy1BgxRSigUVQq78jJlu2b1aildbdhxhPX-ntVR7EqTDXu9LyLdU_UfhqK8lvbA2lqJbQKu40CHni-vGGmpXLHTfPKdA%3D%3D&xkcb=SoDd67M3iLN41zzDa50JbzkdCdPP&rjs=0&qd=Xd-cji1-rrfYy0m8LpokE8dF20pwsUrmctm8cTGFOXDOAPLLNYb6wmUg8gjYJafwpsXE23qShaYtGgdtUJu_X5BBGG-ayCiM-gQi8HpsYsLtZozk31ERKPJGlDLUboAG50chrnGX4B46HyqhlSj9xMohy02t3MX0n-6xoRHLk5Oh8V2c0duIS4mZo0TAq11Zl61No7XvcMPz961yBIpblougDO3NlIXerppYqweTrkxdIR2u4KVXi5XGrbZ08pfBgjrEyAE0GkSkYu3jG0wyz6GIieWwfPZAKqtdWM0F9pNK9EixTiqmisUmYXnBCBsqWOxvghNOg8rM6Po_qXQU-g&atk=1jqb2to8phmt5800,Develop detailed project schedules using planning software such as Primavera P6 or Microsoft Project. Bachelor's Degree in Civil Engineering or related field.,,,indeed_ae,2026-06-05 05:08:35.757096+00:00
Principal Instrumentation Designer,Worley,Abu Dhabi,https://ae.indeed.com/rc/clk?jk=570640f7a249061e&bb=yDmaFVgtqqJB_zX5VRsTO05UzIPa3ISGRncHle9d_iSi6n3I9MYtIhj8e9PyNW1LsFJNdTZxFVN9qBx0Ax0frHdjwtQDIgkD8uTjiMezdiT_rnW0Wg364U3EpprS6u46eIisBSuHh8lq5YN8CLGa8Q%3D%3D&xkcb=SoBA67M3iLN41zzDa50KbzkdCdPP&rjs=0&qd=Xd-cji1-rrfYy0m8LpokE8dF20pwsUrmctm8cTGFOXDOAPLLNYb6wmUg8gjYJafwpsXE23qShaYtGgdtUJu_X5BBGG-ayCiM-gQi8HpsYsLtZozk31ERKPJGlDLUboAG50chrnGX4B46HyqhlSj9xMohy02t3MX0n-6xoRHLk5Oh8V2c0duIS4mZo0TAq11Zl61No7XvcMPz961yBIpblougDO3NlIXerppYqweTrkxdIR2u4KVXi5XGrbZ08pfBgjrEyAE0GkSkYu3jG0wyz6GIieWwfPZAKqtdWM0F9pNK9EixTiqmisUmYXnBCBsqWOxvghNOg8rM6Po_qXQU-g&atk=1jqb2to8phmt5800,Diploma or Advanced Diploma in Instrumentation & Control / Electrical / Applied Engineering or equivalent technical qualification. The Principal Instrumentation & Control Designer is responsible for…,,,indeed_ae,2026-06-05 05:08:35.715756+00:00
Electrical Draftsman,Pasyon,Dubai,https://ae.indeed.com/rc/clk?jk=4c05bffa462bd059&bb=yDmaFVgtqqJB_zX5VRsTO_O9Dls8Cx4Pk6mB5qdgtEMsBoZyLb1k7W1qAC7XuUBT6nU_jMkOIeHxWr4XQJxkX4ahPcGP-gd5YfOxFOa8OxbEi4ZBNxJm_itXZAD_85c-4qzRZ25QSVJcrFQH6wvPDA%3D%3D&xkcb=SoD067M3iLN41zzDa50LbzkdCdPP&rjs=0&qd=Xd-cji1-rrfYy0m8LpokE8dF20pwsUrmctm8cTGFOXDOAPLLNYb6wmUg8gjYJafwpsXE23qShaYtGgdtUJu_X5BBGG-ayCiM-gQi8HpsYsLtZozk31ERKPJGlDLUboAG50chrnGX4B46HyqhlSj9xMohy02t3MX0n-6xoRHLk5Oh8V2c0duIS4mZo0TAq11Zl61No7XvcMPz961yBIpblougDO3NlIXerppYqweTrkxdIR2u4KVXi5XGrbZ08pfBgjrEyAE0GkSkYu3jG0wyz6GIieWwfPZAKqtdWM0F9pNK9EixTiqmisUmYXnBCBsqWOxvghNOg8rM6Po_qXQU-g&atk=1jqb2to8phmt5800,Diploma or Degree in Electrical Engineering. Coordinate with electrical engineers and project managers. The ideal candidate will be responsible for preparing accurate electrical drawings and…,,,indeed_ae,2026-06-05 05:08:35.675131+00:00
PROCUREMENT ENGINEER CUM PURCHASER,"TECHNO FIRE & SAFETY Co, LLC",Dubai,https://ae.indeed.com/rc/clk?jk=87eb43b302ce4fdd&bb=tqPYlXTPTxGaMFX9BRogMCYo5YflkrO99eMPcrwQ2tT2nwMNbpXG1eeVzs0wsIfv3J1orAbiRNsggmfgOdxKTjbwj4ee5X1HWKEN-I-mCVBYTM6qBICDRDUDqvdMw0Duaq-o9SllONensEKFXUxteQ%3D%3D&xkcb=SoAp67M3iLN5rIz42x0TbzkdCdPP&rjs=0&qd=Xd-cji1-rrfYy0m8LpokE8dF20pwsUrmctm8cTGFOXDOAPLLNYb6wmUg8gjYJafwpsXE23qShaYtGgdtUJu_X5BBGG-ayCiM-gQi8HpsYsLtZozk31ERKPJGlDLUboAG50chrnGX4B46HyqhlSj9xMohy02t3MX0n-6xoRHLk5Oh8V2c0duIS4mZo0TAq11Zl61No7XvcMPz961yBIpblougDO3NlIXerppYqweTrkxdIR2u4KVXi5XGrbZ08pfBgjrEyAE0GkSkYu3jG0wyz6GIieWwfPZAKqtdWM0F9pNQhG_K6o6UHK6LpgZELUcQWOxvghNOg8rM6Po_qXQU-g&atk=1jqb2tjjghmt5800,"Education: Bachelor’s Degree in Mechanical, Electrical, or a related Engineering discipline. Experience: Minimum 2–4 years of experience in procurement/purchasing, specifically within the *Fire…",,,indeed_ae,2026-06-05 05:08:32.131572+00:00
Site Engineer,Denplex for Building & Contracting,Dubai,https://ae.indeed.com/rc/clk?jk=f0b2755ad046ae71&bb=tqPYlXTPTxGaMFX9BRogMA0ylokFrweueZdIAey3yjYnc0NXqEM9kyoCnbq6JgalHdt7s9Bf45WetX7-1-lDNMyS7Nu_P7skLIe0T8yPz-Dwp0Z8ENX-98TTTdH900odCoagalvMRlNKojjQz2AIrg%3D%3D&xkcb=SoDA67M3iLN5rIz42x0cbzkdCdPP&rjs=0&qd=Xd-cji1-rrfYy0m8LpokE8dF20pwsUrmctm8cTGFOXDOAPLLNYb6wmUg8gjYJafwpsXE23qShaYtGgdtUJu_X5BBGG-ayCiM-gQi8HpsYsLtZozk31ERKPJGlDLUboAG50chrnGX4B46HyqhlSj9xMohy02t3MX0n-6xoRHLk5Oh8V2c0duIS4mZo0TAq11Zl61No7XvcMPz961yBIpblougDO3NlIXerppYqweTrkxdIR2u4KVXi5XGrbZ08pfBgjrEyAE0GkSkYu3jG0wyz6GIieWwfPZAKqtdWM0F9pNQhG_K6o6UHK6LpgZELUcQWOxvghNOg8rM6Po_qXQU-g&atk=1jqb2tjjghmt5800,"Bachelor's Degree or Diploma in Civil Engineering, Mechanical Engineering, or a related field. Minimum 2–5 years of experience in aluminum, glass, façade, or construction projects.",,,indeed_ae,2026-06-05 05:08:32.092089+00:00
Lighting Technical Electrical Engineer,The Switch Company,Dubai,https://ae.indeed.com/rc/clk?jk=4cfab8b964f37ef2&bb=tqPYlXTPTxGaMFX9BRogMCYo5YflkrO9uw-IjF6PFcuH9P5RgK54jz8tPnMnaGH4AyOzqcjMfV08fJAlDviS3sBRVqD7rTrml8iCurutvwvf7gnJelkhMx_vSnqIiGxUcA-byj1mFOTWmMYsSAjGcA%3D%3D&xkcb=SoB067M3iLN5rIz42x0dbzkdCdPP&rjs=0&qd=Xd-cji1-rrfYy0m8LpokE8dF20pwsUrmctm8cTGFOXDOAPLLNYb6wmUg8gjYJafwpsXE23qShaYtGgdtUJu_X5BBGG-ayCiM-gQi8HpsYsLtZozk31ERKPJGlDLUboAG50chrnGX4B46HyqhlSj9xMohy02t3MX0n-6xoRHLk5Oh8V2c0duIS4mZo0TAq11Zl61No7XvcMPz961yBIpblougDO3NlIXerppYqweTrkxdIR2u4KVXi5XGrbZ08pfBgjrEyAE0GkSkYu3jG0wyz6GIieWwfPZAKqtdWM0F9pNQhG_K6o6UHK6LpgZELUcQWOxvghNOg8rM6Po_qXQU-g&atk=1jqb2tjjghmt5800,"Bachelor’s Degree in Electrical Engineering or related field. Conduct regular site visits to supervise lighting installation works. Review lighting layouts, shop drawings, and technical submittals.",,,indeed_ae,2026-06-05 05:08:32.048376+00:00
Forward Deployed Engineer,Neural Ledger LLC-FZ,Remote in Dubai,https://ae.indeed.com/pagead/clk?mo=r&ad=-6NYlbfkN0CsIGFMwWRNjv5XzhMCGlkKo-k_ZS1zpYtVLFHEJphn7IW8MAnmIq46tshutSkoneY14E4zDziWyVK3kO9xxJfsb-Oqr32oI_WDGwSCzHZf8BzGptV76oibEUUuWUWmedK9ak3GoBOGQAKLubt5OF1fpgNFIBtq2AYm2XFW18jNq7mHLSV46t6g4iLu671_llaeDLP4guPK22tgm0eRihr1wAAlR_delLXGNS5zRiKyMTrpIzKJXEvJzVfC7aJPEqYQ20NUVZlLzb0u4ji_A_qTjDvMWoSG3mRhQCTBkkY7hFwRJwBvUiLwE7Dhblb90zHsCH0nnSPBt741EUG8vcutps7dwksU7YDy5sjEA_i8Y6HssPN-3MsTOtr5G4Y5lPaG8YFCAUk3swM4G3vCWvnRJZHGGlQuFmypvKWQR-mq1wburrfxh8sbLDRqLO4goAFsliI4e4-LHZoGzlatGpvWV8hiI_AaXF6VGiRx-BZ4msBOwD5y3gMrk868HWWOwIeMnKN5poKz9IS1AdSW_edxgkcpDqNHBoQOYKPRo0HcxzpjPBZc4Sj_9CmIf344J6R5lLZLCSYYNXiS78lescdnDpZji-_P9N5gbWOTNnoyp0coLZruL6vhmLr-4GjceAwUApIgJG5HUEuVsWj8JZKUMhOR2t7b_UUY7Z9G5n9keOUmg79k834XtVjabSEogMkCMpBUTTkYzw3Bc4W1XtGt0Co5kVft54pcPh3FxOdmavYSbOXis_3_w2Y5-uk0-5zj4dgQtHsg8LNdolqGFj_HPiQP17nbM0iuNuwgcin7YyD4Rm2Po44hVMkF9fSvqnnEvCm7LvKgAsKLvdC72Isb48HwfXX7SaZjaCuJIsEQ3GXc2fyR52ZYSfLSlF8MC95u-b38DCUZtK-W_Xk5yB_NneVjOwDzToqBdGRLKFrWjPNO1gXeDZx1&xkcb=SoAd6_M3iLN5rIz42x0ebzkdCdPP&camk=C3EPSzFlQw8Zv-Kp7VrXDQ==&p=21&atk=1jqb2tjjghmt5800,"Deploy a local stack independently and shadow customer onboarding or discovery calls with the domain expert. Full-stack ability is preferred, because the role may require backend debugging, frontend…",,,indeed_ae,2026-06-05 05:08:32.006815+00:00
Material Engineer – Dubai (RTA Projects),Links Consultants,Dubai,https://ae.indeed.com/rc/clk?jk=9f1d5ee23ee8a53a&bb=tqPYlXTPTxGaMFX9BRogMOCjeho8lQwq4ECFYfdhvZONUI64XQcihyknUaZFV0O79HgdFgzAg4jrjkaJUegaBiGL34s-LtAvQSi3xNWUoRXEqwsqNjyNveQRFUg1qxhXtgErWHDpRydTUr-5ltWlww%3D%3D&xkcb=SoBd67M3iLN5rIz42x0fbzkdCdPP&rjs=0&qd=Xd-cji1-rrfYy0m8LpokE8dF20pwsUrmctm8cTGFOXDOAPLLNYb6wmUg8gjYJafwpsXE23qShaYtGgdtUJu_X5BBGG-ayCiM-gQi8HpsYsLtZozk31ERKPJGlDLUboAG50chrnGX4B46HyqhlSj9xMohy02t3MX0n-6xoRHLk5Oh8V2c0duIS4mZo0TAq11Zl61No7XvcMPz961yBIpblougDO3NlIXerppYqweTrkxdIR2u4KVXi5XGrbZ08pfBgjrEyAE0GkSkYu3jG0wyz6GIieWwfPZAKqtdWM0F9pNQhG_K6o6UHK6LpgZELUcQWOxvghNOg8rM6Po_qXQU-g&atk=1jqb2tjjghmt5800,Proficiency in Microsoft Office and engineering documentation software . Experience working with engineering consultants or major infrastructure contractors. UAE driving license is an advantage.,,,indeed_ae,2026-06-05 05:08:31.952795+00:00
Project Engineer,EMIRATES SANDS CONTRACTING LLC,Al Quoz,https://ae.indeed.com/rc/clk?jk=f2b96436e25451fd&bb=tqPYlXTPTxGaMFX9BRogMI5rVHbthar7O9ePTz7k3N0oGmROtHppXJ_ff3HNApMGdzZsS4GYvumv2DnnI7jb5F3YJNmuUG58uogsXV0rwe6zh0HNDsauQBl3WX9N7mhP_himc9PmyDOstmCog9Hhcw%3D%3D&xkcb=SoDT67M3iLN5rIz42x0YbzkdCdPP&rjs=0&qd=Xd-cji1-rrfYy0m8LpokE8dF20pwsUrmctm8cTGFOXDOAPLLNYb6wmUg8gjYJafwpsXE23qShaYtGgdtUJu_X5BBGG-ayCiM-gQi8HpsYsLtZozk31ERKPJGlDLUboAG50chrnGX4B46HyqhlSj9xMohy02t3MX0n-6xoRHLk5Oh8V2c0duIS4mZo0TAq11Zl61No7XvcMPz961yBIpblougDO3NlIXerppYqweTrkxdIR2u4KVXi5XGrbZ08pfBgjrEyAE0GkSkYu3jG0wyz6GIieWwfPZAKqtdWM0F9pNQhG_K6o6UHK6LpgZELUcQWOxvghNOg8rM6Po_qXQU-g&atk=1jqb2tjjghmt5800,Candidates with exclusively consultant or client-side experience will not be considered. Familiarity with project management software (Primavera P6/MS Project) and AutoCAD.,,,indeed_ae,2026-06-05 05:08:31.907790+00:00
Electrical Engineer Level II - Offshore,Worley,Abu Dhabi,https://ae.indeed.com/rc/clk?jk=5c3d7b71b3d4a678&bb=tqPYlXTPTxGaMFX9BRogMB4aeWBIeDWPNtEhBQGtlUsA4Kq3xKbSF6LYhrw3v2Gij77vCJgQyeF8PSX2aMGYix09L4SmbZWgaBSm1GfTscpJcH-H8gu8cXJnWIMtZRzA1rQ1hcng-BFqHaag9dIteA%3D%3D&xkcb=SoBn67M3iLN5rIz42x0ZbzkdCdPP&rjs=0&qd=Xd-cji1-rrfYy0m8LpokE8dF20pwsUrmctm8cTGFOXDOAPLLNYb6wmUg8gjYJafwpsXE23qShaYtGgdtUJu_X5BBGG-ayCiM-gQi8HpsYsLtZozk31ERKPJGlDLUboAG50chrnGX4B46HyqhlSj9xMohy02t3MX0n-6xoRHLk5Oh8V2c0duIS4mZo0TAq11Zl61No7XvcMPz961yBIpblougDO3NlIXerppYqweTrkxdIR2u4KVXi5XGrbZ08pfBgjrEyAE0GkSkYu3jG0wyz6GIieWwfPZAKqtdWM0F9pNQhG_K6o6UHK6LpgZELUcQWOxvghNOg8rM6Po_qXQU-g&atk=1jqb2tjjghmt5800,"Computer skills with MS Office and Electrical engineering / sizing software such as SPEL, ETAP, EDSA, SKM, CYME, EMTP, Battery sizing, Lighting calculation software , etc.",,,indeed_ae,2026-06-05 05:08:31.854425+00:00
Jr. Sales Engineer,KINETICS MIDDLE EAST LLC,Dubai,https://ae.indeed.com/rc/clk?jk=64034a04c3a3040a&bb=tqPYlXTPTxGaMFX9BRogMFC2iiGreLsxscCEavRvMXQ4OLbImnef7k7qf9KCM5d9rG4d6CUYi2QnNCOcYsF2xn3a1rvsAB8Hyerv9GjH4GIJztYowXCLN6Kl0mnZztg52-go7FZuKPWJnFnFwKyD3w%3D%3D&xkcb=SoD667M3iLN5rIz42x0abzkdCdPP&rjs=0&qd=Xd-cji1-rrfYy0m8LpokE8dF20pwsUrmctm8cTGFOXDOAPLLNYb6wmUg8gjYJafwpsXE23qShaYtGgdtUJu_X5BBGG-ayCiM-gQi8HpsYsLtZozk31ERKPJGlDLUboAG50chrnGX4B46HyqhlSj9xMohy02t3MX0n-6xoRHLk5Oh8V2c0duIS4mZo0TAq11Zl61No7XvcMPz961yBIpblougDO3NlIXerppYqweTrkxdIR2u4KVXi5XGrbZ08pfBgjrEyAE0GkSkYu3jG0wyz6GIieWwfPZAKqtdWM0F9pNQhG_K6o6UHK6LpgZELUcQWOxvghNOg8rM6Po_qXQU-g&atk=1jqb2tjjghmt5800,The ideal candidate will have a Mechanical Engineering background with 0-1 years of UAE experience in sales or a similar technical role. Sales Engineer * to join our Dubai team.,,,indeed_ae,2026-06-05 05:08:31.810201+00:00
Mechanical Draftsman,Manly-Tech Engineering L.L.C,Dubai,https://ae.indeed.com/rc/clk?jk=f1127fa0596c7156&bb=tqPYlXTPTxGaMFX9BRogMJkWmvaFl-mhlc248M6qx9xSJaMxWyjCZumr0l7TS3D82hfgikXdavpnQe8pTqQqVtBhtulSxGsjA_q0r_bVoN1q_MzUchbc16lqA47aCMNE4XXyl22EgqEQhn_g5nXjDA%3D%3D&xkcb=SoBO67M3iLN5rIz42x0bbzkdCdPP&rjs=0&qd=Xd-cji1-rrfYy0m8LpokE8dF20pwsUrmctm8cTGFOXDOAPLLNYb6wmUg8gjYJafwpsXE23qShaYtGgdtUJu_X5BBGG-ayCiM-gQi8HpsYsLtZozk31ERKPJGlDLUboAG50chrnGX4B46HyqhlSj9xMohy02t3MX0n-6xoRHLk5Oh8V2c0duIS4mZo0TAq11Zl61No7XvcMPz961yBIpblougDO3NlIXerppYqweTrkxdIR2u4KVXi5XGrbZ08pfBgjrEyAE0GkSkYu3jG0wyz6GIieWwfPZAKqtdWM0F9pNQhG_K6o6UHK6LpgZELUcQWOxvghNOg8rM6Po_qXQU-g&atk=1jqb2tjjghmt5800,"Coordinate with project engineers , site teams, and other departments to ensure smooth workflow. The candidate must be available to work on-site and should be capable of preparing mechanical drawings,…",,,indeed_ae,2026-06-05 05:08:31.742372+00:00
Safety Engineer,venusgroupuae,Abu Dhabi,https://ae.indeed.com/rc/clk?jk=f216677148413dbe&bb=tqPYlXTPTxGaMFX9BRogMBtnzKyLht--flhkw19hDo8Xgvq0AIj3CXSf-VQwjNZIuVRuBzvdE4sJLgNgC__6Mwl2XWyOagwmmYr-qiVt0YjCJQtK-4O76OLAbYy8-XiPfZXcFIwu1LqfD1xL2Yk7Hw%3D%3D&xkcb=SoBp67M3iLN5rIz42x0EbzkdCdPP&rjs=0&qd=Xd-cji1-rrfYy0m8LpokE8dF20pwsUrmctm8cTGFOXDOAPLLNYb6wmUg8gjYJafwpsXE23qShaYtGgdtUJu_X5BBGG-ayCiM-gQi8HpsYsLtZozk31ERKPJGlDLUboAG50chrnGX4B46HyqhlSj9xMohy02t3MX0n-6xoRHLk5Oh8V2c0duIS4mZo0TAq11Zl61No7XvcMPz961yBIpblougDO3NlIXerppYqweTrkxdIR2u4KVXi5XGrbZ08pfBgjrEyAE0GkSkYu3jG0wyz6GIieWwfPZAKqtdWM0F9pNQhG_K6o6UHK6LpgZELUcQWOxvghNOg8rM6Po_qXQU-g&atk=1jqb2tjjghmt5800,"* Bachelor’s Degree or Diploma in Engineering, Safety, or any relevant discipline. *Minimum 3–5 years of UAE experience in the construction or infrastructure projects.",,,indeed_ae,2026-06-05 05:08:31.693960+00:00
Technical Support Engineer,Quanika,Dubai,https://ae.indeed.com/rc/clk?jk=68a4ec605b012143&bb=tqPYlXTPTxGaMFX9BRogMK4jdl7AyDbyICSQJ5o-f9zf0Nw5LfaoQi5NFhFUZ58kPqDF5s2RJe9PRBRRA3OVS8Lw6vicWZHxWrutuTljd7HEUxEh5its1WEvRuzUJd_y8vOLW7q6JvpZCpLdQ_Ka_g%3D%3D&xkcb=SoDd67M3iLN5rIz42x0FbzkdCdPP&rjs=0&qd=Xd-cji1-rrfYy0m8LpokE8dF20pwsUrmctm8cTGFOXDOAPLLNYb6wmUg8gjYJafwpsXE23qShaYtGgdtUJu_X5BBGG-ayCiM-gQi8HpsYsLtZozk31ERKPJGlDLUboAG50chrnGX4B46HyqhlSj9xMohy02t3MX0n-6xoRHLk5Oh8V2c0duIS4mZo0TAq11Zl61No7XvcMPz961yBIpblougDO3NlIXerppYqweTrkxdIR2u4KVXi5XGrbZ08pfBgjrEyAE0GkSkYu3jG0wyz6GIieWwfPZAKqtdWM0F9pNQhG_K6o6UHK6LpgZELUcQWOxvghNOg8rM6Po_qXQU-g&atk=1jqb2tjjghmt5800,"Minimum 3 years' experience in a technical support, systems engineering, commissioning, or field engineering role within the security, ELV, or enterprise software industry. Dubai, UAE | Full-Time.",,,indeed_ae,2026-06-05 05:08:31.649114+00:00
Technical Engineer,DSCA Building Contracting L.L.C,Dubai,https://ae.indeed.com/rc/clk?jk=b52567d73a7df59a&bb=tqPYlXTPTxGaMFX9BRogMJv6mJPrD4aPAFOGlR_LOFoJkHiNWB5ALqiBksFUjaKzYadAfUuAVPqnR_h2ZUglzVosZq_KFwv0dHS28JVh766qCY_87dZkp8KKfNS74vQfq-1S1BHjW7xkgSASFHfYQg%3D%3D&xkcb=SoBA67M3iLN5rIz42x0GbzkdCdPP&rjs=0&qd=Xd-cji1-rrfYy0m8LpokE8dF20pwsUrmctm8cTGFOXDOAPLLNYb6wmUg8gjYJafwpsXE23qShaYtGgdtUJu_X5BBGG-ayCiM-gQi8HpsYsLtZozk31ERKPJGlDLUboAG50chrnGX4B46HyqhlSj9xMohy02t3MX0n-6xoRHLk5Oh8V2c0duIS4mZo0TAq11Zl61No7XvcMPz961yBIpblougDO3NlIXerppYqweTrkxdIR2u4KVXi5XGrbZ08pfBgjrEyAE0GkSkYu3jG0wyz6GIieWwfPZAKqtdWM0F9pNQhG_K6o6UHK6LpgZELUcQWOxvghNOg8rM6Po_qXQU-g&atk=1jqb2tjjghmt5800,Bachelor's Degree in Civil or Architectural Engineering. Provide technical support to site engineers and supervisors during construction activities. Review and interpret architectural and structural…,,,indeed_ae,2026-06-05 05:08:31.597866+00:00
Mechanical Engineer,Trans Emirates Electrical & Mechanical Works LLC,Abu Dhabi,https://ae.indeed.com/rc/clk?jk=88427cfe098d57cb&bb=tqPYlXTPTxGaMFX9BRogMMd08pUp3lI_mUsohs1NUoDSqk9QzS9NJP9aZ4S_2HCwFC8QlTJKUECSOkTAs_vNGgGJ6dfaqgNG2qxpNwJRZfvbsH3g5NQiUPeAoU9RSln-d3iApcJCnhCnls__n1hShw%3D%3D&xkcb=SoD067M3iLN5rIz42x0HbzkdCdPP&rjs=0&qd=Xd-cji1-rrfYy0m8LpokE8dF20pwsUrmctm8cTGFOXDOAPLLNYb6wmUg8gjYJafwpsXE23qShaYtGgdtUJu_X5BBGG-ayCiM-gQi8HpsYsLtZozk31ERKPJGlDLUboAG50chrnGX4B46HyqhlSj9xMohy02t3MX0n-6xoRHLk5Oh8V2c0duIS4mZo0TAq11Zl61No7XvcMPz961yBIpblougDO3NlIXerppYqweTrkxdIR2u4KVXi5XGrbZ08pfBgjrEyAE0GkSkYu3jG0wyz6GIieWwfPZAKqtdWM0F9pNQhG_K6o6UHK6LpgZELUcQWOxvghNOg8rM6Po_qXQU-g&atk=1jqb2tjjghmt5800,A Reputed Electro Mechanical Company in Abu Dhabi requires Mechanical Engineer ( ARAB nationality only )with 8 to 10 Years of UAE experience in an MEP contracting company.,,,indeed_ae,2026-06-05 05:08:31.535660+00:00
Required Document Controller,PERFECT TECHNICAL WORKS & LANDSCAPING LLC,Dubai,https://ae.indeed.com/rc/clk?jk=06856e16698ee5f6&bb=tqPYlXTPTxGaMFX9BRogMJba2nhObuZ59s2kcWkO73yHrOnqB8Vf8oC0ntKwdscb_RbdKarBvdovZuQt6mlJYdeVCO_1Dqmi_1L5_1lz519JaQdxF83QcohZ-yRmaBU8kykLsLjZjVxcTX0tUJerXw%3D%3D&xkcb=SoB667M3iLN5rIz42x0AbzkdCdPP&rjs=0&qd=Xd-cji1-rrfYy0m8LpokE8dF20pwsUrmctm8cTGFOXDOAPLLNYb6wmUg8gjYJafwpsXE23qShaYtGgdtUJu_X5BBGG-ayCiM-gQi8HpsYsLtZozk31ERKPJGlDLUboAG50chrnGX4B46HyqhlSj9xMohy02t3MX0n-6xoRHLk5Oh8V2c0duIS4mZo0TAq11Zl61No7XvcMPz961yBIpblougDO3NlIXerppYqweTrkxdIR2u4KVXi5XGrbZ08pfBgjrEyAE0GkSkYu3jG0wyz6GIieWwfPZAKqtdWM0F9pNQhG_K6o6UHK6LpgZELUcQWOxvghNOg8rM6Po_qXQU-g&atk=1jqb2tjjghmt5800,"Proven experience as a Document Controller or in an administrative role within construction or landscaping projects. Coordinate with project managers, engineers , procurement teams, and site staff for…",,,indeed_ae,2026-06-05 05:08:31.442953+00:00
Chemical Engineer,PRIME MIDDL EAST FZE,Dubai,https://ae.indeed.com/rc/clk?jk=40adde67fe92ea48&bb=tqPYlXTPTxGaMFX9BRogMJu1j-0Fbs7o8cRBEa_MH6Dy3VI5X4c6IPAamlG2YaSpLsiCrI6nqsH07qpXmx1orLpn5J_zhcJZ-ijv1dEKlADYufho98xxczxrjDyg00uQlJcd1RTYGwxHYnIQAHuYTg%3D%3D&xkcb=SoDO67M3iLN5rIz42x0BbzkdCdPP&rjs=0&qd=Xd-cji1-rrfYy0m8LpokE8dF20pwsUrmctm8cTGFOXDOAPLLNYb6wmUg8gjYJafwpsXE23qShaYtGgdtUJu_X5BBGG-ayCiM-gQi8HpsYsLtZozk31ERKPJGlDLUboAG50chrnGX4B46HyqhlSj9xMohy02t3MX0n-6xoRHLk5Oh8V2c0duIS4mZo0TAq11Zl61No7XvcMPz961yBIpblougDO3NlIXerppYqweTrkxdIR2u4KVXi5XGrbZ08pfBgjrEyAE0GkSkYu3jG0wyz6GIieWwfPZAKqtdWM0F9pNQhG_K6o6UHK6LpgZELUcQWOxvghNOg8rM6Po_qXQU-g&atk=1jqb2tjjghmt5800,Proficiency in process simulation software . Dubai: Reliably commute or planning to relocate before starting work (Preferred). Minimum of 2 years of experience in a chemical manufacturing or related…,,,indeed_ae,2026-06-05 05:08:31.396355+00:00
MEP Project Engineer,REAL TIME ELECTROMECHANICAL CONTRACTING LLC,Dubai,https://ae.indeed.com/rc/clk?jk=84a14803c10bb39f&bb=tqPYlXTPTxGaMFX9BRogMBRMoFO5RXqhPrC3ZW5KPCUCKjuCN-_oh2d-765gx3yVL3B5Xx0vcgh3GogffJvFV5gQwsuUkRTfoiBa7RzWQhNHxJSaT4UZ6RaTanzB6mhQJtyVacBCoijReTeJUoKNiw%3D%3D&xkcb=SoBT67M3iLN5rIz42x0CbzkdCdPP&rjs=0&qd=Xd-cji1-rrfYy0m8LpokE8dF20pwsUrmctm8cTGFOXDOAPLLNYb6wmUg8gjYJafwpsXE23qShaYtGgdtUJu_X5BBGG-ayCiM-gQi8HpsYsLtZozk31ERKPJGlDLUboAG50chrnGX4B46HyqhlSj9xMohy02t3MX0n-6xoRHLk5Oh8V2c0duIS4mZo0TAq11Zl61No7XvcMPz961yBIpblougDO3NlIXerppYqweTrkxdIR2u4KVXi5XGrbZ08pfBgjrEyAE0GkSkYu3jG0wyz6GIieWwfPZAKqtdWM0F9pNQhG_K6o6UHK6LpgZELUcQWOxvghNOg8rM6Po_qXQU-g&atk=1jqb2tjjghmt5800,"Experience in commercial, residential, or industrial fit-out projects. Bachelor’s Degree in Mechanical Engineering, Electrical Engineering, or related field.",,,indeed_ae,2026-06-05 05:08:31.343495+00:00
"Technical Engineer – PQ, TDS & MSRA Documentation (Manufacturing)",Image Fibreglass Industries LLC,Umm al-Quwain City,https://ae.indeed.com/rc/clk?jk=19eae65732a91d2c&bb=tqPYlXTPTxGaMFX9BRogMJv6mJPrD4aPY1fa-3sjPyOETil0XT1aQ-lrItMqsu4dYIyAu-Q7hb81W42XeWxE5KDmfahm4bR9qcgRKKtqjDY8NBiRVRvif2EXbIFwT-asC5OoOe37nZWjUaL4-8r7wA%3D%3D&xkcb=SoDn67M3iLN5rIz42x0DbzkdCdPP&rjs=0&qd=Xd-cji1-rrfYy0m8LpokE8dF20pwsUrmctm8cTGFOXDOAPLLNYb6wmUg8gjYJafwpsXE23qShaYtGgdtUJu_X5BBGG-ayCiM-gQi8HpsYsLtZozk31ERKPJGlDLUboAG50chrnGX4B46HyqhlSj9xMohy02t3MX0n-6xoRHLk5Oh8V2c0duIS4mZo0TAq11Zl61No7XvcMPz961yBIpblougDO3NlIXerppYqweTrkxdIR2u4KVXi5XGrbZ08pfBgjrEyAE0GkSkYu3jG0wyz6GIieWwfPZAKqtdWM0F9pNQhG_K6o6UHK6LpgZELUcQWOxvghNOg8rM6Po_qXQU-g&atk=1jqb2tjjghmt5800,"Minimum experience preparing TDS, PQ, MSRA, SOPs, or other technical documentation. Bachelor’s degree in Mechanical Engineering, Chemical Engineering, Industrial Engineering, or Civil Engineering.",,,indeed_ae,2026-06-05 05:08:31.297927+00:00
Technical Project Manager – Odoo ERP & AI Automation,GW Design & Distribution INC,Remote,https://ae.indeed.com/rc/clk?jk=c54a509ba5f00670&bb=tqPYlXTPTxGaMFX9BRogMF-8TJgaQ9xyYiT-9kkKEEXypqnBd84qa_bmkwx8Alhlz5rvgQBY_hdmOEiZE62x8VSF12aY5BYz1DIT7c5yMteBmSfKCWxERyfVwNsgaqx9nqawHSa9hFBvwjlpUtvtwg%3D%3D&xkcb=SoAO67M3iLN5rIz42x0MbzkdCdPP&rjs=0&qd=Xd-cji1-rrfYy0m8LpokE8dF20pwsUrmctm8cTGFOXDOAPLLNYb6wmUg8gjYJafwpsXE23qShaYtGgdtUJu_X5BBGG-ayCiM-gQi8HpsYsLtZozk31ERKPJGlDLUboAG50chrnGX4B46HyqhlSj9xMohy02t3MX0n-6xoRHLk5Oh8V2c0duIS4mZo0TAq11Zl61No7XvcMPz961yBIpblougDO3NlIXerppYqweTrkxdIR2u4KVXi5XGrbZ08pfBgjrEyAE0GkSkYu3jG0wyz6GIieWwfPZAKqtdWM0F9pNQhG_K6o6UHK6LpgZELUcQWOxvghNOg8rM6Po_qXQU-g&atk=1jqb2tjjghmt5800,"Experience leading or participating in AI , automation, LLM , or digital transformation initiatives. Product Owner or Business Systems leadership experience. Hands-on Odoo configuration experience.",,,indeed_ae,2026-06-05 05:08:31.256823+00:00
Quality Control Tech,Tube Supply,Dubai,https://ae.indeed.com/rc/clk?jk=bce5b61aef42d9c5&bb=tqPYlXTPTxGaMFX9BRogMJNxuqxhozXOit2qWnj8gPuoAYPeTA4ybcrDRHVQj4-htd7RhgQld8pDBohRi9gudOAqXYTmmt9IusvrTFhLt8kF_eOlTcj_V_1c5i-wVU8lPp75gV7tzn4gKNh8wYjh6g%3D%3D&xkcb=SoC667M3iLN5rIz42x0NbzkdCdPP&rjs=0&qd=Xd-cji1-rrfYy0m8LpokE8dF20pwsUrmctm8cTGFOXDOAPLLNYb6wmUg8gjYJafwpsXE23qShaYtGgdtUJu_X5BBGG-ayCiM-gQi8HpsYsLtZozk31ERKPJGlDLUboAG50chrnGX4B46HyqhlSj9xMohy02t3MX0n-6xoRHLk5Oh8V2c0duIS4mZo0TAq11Zl61No7XvcMPz961yBIpblougDO3NlIXerppYqweTrkxdIR2u4KVXi5XGrbZ08pfBgjrEyAE0GkSkYu3jG0wyz6GIieWwfPZAKqtdWM0F9pNQhG_K6o6UHK6LpgZELUcQWOxvghNOg8rM6Po_qXQU-g&atk=1jqb2tjjghmt5800,"Identify and report defects or non-conformities. Associates/Technical degree or experience in the industry. Report any deficiencies to Supervisor, Management, and/or Quality.",,,indeed_ae,2026-06-05 05:08:31.216838+00:00
Palantir Foundry Engineer,Luxoft,Abu Dhabi,https://ae.indeed.com/rc/clk?jk=b5ee5199645921ac&bb=tqPYlXTPTxGaMFX9BRogMAZMPir6bFgaFX-yteKpsFQXWxYScWjUqO0M3h8hvz_iqogmSDOWiM_GH_2KRbxUt820ve69h22HMFe2TYW6WDEzpmNNPSa3HsrShyui5zp8xDCEI3FKePrqkyjivPGPCA%3D%3D&xkcb=SoAn67M3iLN5rIz42x0ObzkdCdPP&rjs=0&qd=Xd-cji1-rrfYy0m8LpokE8dF20pwsUrmctm8cTGFOXDOAPLLNYb6wmUg8gjYJafwpsXE23qShaYtGgdtUJu_X5BBGG-ayCiM-gQi8HpsYsLtZozk31ERKPJGlDLUboAG50chrnGX4B46HyqhlSj9xMohy02t3MX0n-6xoRHLk5Oh8V2c0duIS4mZo0TAq11Zl61No7XvcMPz961yBIpblougDO3NlIXerppYqweTrkxdIR2u4KVXi5XGrbZ08pfBgjrEyAE0GkSkYu3jG0wyz6GIieWwfPZAKqtdWM0F9pNQhG_K6o6UHK6LpgZELUcQWOxvghNOg8rM6Po_qXQU-g&atk=1jqb2tjjghmt5800,"Practical experience using or supporting AIP features such as RAG workflows, copilots, or agent-based applications. Consulting or applied AI/ML background. Minimum 10 Years of experience in IT/Data.",,,indeed_ae,2026-06-05 05:08:31.159870+00:00
Senior Data Scientist,Tamara,Dubai,https://ae.indeed.com/rc/clk?jk=c5169f25a19b8b3a&bb=tqPYlXTPTxGaMFX9BRogMAbAeuX8ls-abGx3_9OXIGHKTGII-0fMg47UCmJNkiRvMup2MZjLHEOiYxzeoGvwa9WccweyQDnB3Uy6TNDsx6CyPZ7y9W8qwXPf4fUYKNsBSwMWSZKq9KZ9SzjkMmfcOg%3D%3D&xkcb=SoCT67M3iLN5rIz42x0PbzkdCdPP&rjs=0&qd=Xd-cji1-rrfYy0m8LpokE8dF20pwsUrmctm8cTGFOXDOAPLLNYb6wmUg8gjYJafwpsXE23qShaYtGgdtUJu_X5BBGG-ayCiM-gQi8HpsYsLtZozk31ERKPJGlDLUboAG50chrnGX4B46HyqhlSj9xMohy02t3MX0n-6xoRHLk5Oh8V2c0duIS4mZo0TAq11Zl61No7XvcMPz961yBIpblougDO3NlIXerppYqweTrkxdIR2u4KVXi5XGrbZ08pfBgjrEyAE0GkSkYu3jG0wyz6GIieWwfPZAKqtdWM0F9pNQhG_K6o6UHK6LpgZELUcQWOxvghNOg8rM6Po_qXQU-g&atk=1jqb2tjjghmt5800,"Bachelor’s or Master’s degree in a quantitative field (Statistics, Data Science, Math, Quantitative Finance, or Related fields). 3+ years of post qualification experience handling analytics and/or…",,,indeed_ae,2026-06-05 05:08:31.117024+00:00
Estimation Engineer,Island Tower Electromechanical Works LLC,Dubai,https://ae.indeed.com/rc/clk?jk=20d714847ddba3cd&bb=tqPYlXTPTxGaMFX9BRogMLcb9l6qTY5z9VS0vWrzV8PlZ2nHrbnQuuU5y96i1AlIFx4QUg6TgAZ6lzpzRy4zBFi7q9Q2lQGd40V19OSisaaoK5byBwiwsLKI31NvPikyBDo9m7KcIqQWDPUbEey98g%3D%3D&xkcb=SoAd67M3iLN5rIz42x0IbzkdCdPP&rjs=0&qd=Xd-cji1-rrfYy0m8LpokE8dF20pwsUrmctm8cTGFOXDOAPLLNYb6wmUg8gjYJafwpsXE23qShaYtGgdtUJu_X5BBGG-ayCiM-gQi8HpsYsLtZozk31ERKPJGlDLUboAG50chrnGX4B46HyqhlSj9xMohy02t3MX0n-6xoRHLk5Oh8V2c0duIS4mZo0TAq11Zl61No7XvcMPz961yBIpblougDO3NlIXerppYqweTrkxdIR2u4KVXi5XGrbZ08pfBgjrEyAE0GkSkYu3jG0wyz6GIieWwfPZAKqtdWM0F9pNQhG_K6o6UHK6LpgZELUcQWOxvghNOg8rM6Po_qXQU-g&atk=1jqb2tjjghmt5800,"Experience with AutoCAD, Microsoft Excel, and estimation software . Bachelor's Degree in Civil Engineering, Mechanical Engineering, or related discipline. Dynamic and professional working environment.",,,indeed_ae,2026-06-05 05:08:31.077549+00:00
Structural Engineer,Xantory Tech Reseller General Trading LLC SOC,Dubai,https://ae.indeed.com/rc/clk?jk=f3ab507f0968fb20&bb=tqPYlXTPTxGaMFX9BRogMINuzwQg4svotML-xLNzLdpsCUEHT1DVRau9pkWCpWFpbALvU8uWCvAwld3zpgTZEcfLBfFqc0GtGD30CJgRJquXePvNMQsxMSf_QSDcJtMlUKbkAHuFveR2iESiiJfBJcukmgB8DYDJKQgif60KMbg%3D&xkcb=SoCp67M3iLN5rIz42x0JbzkdCdPP&rjs=0&qd=Xd-cji1-rrfYy0m8LpokE8dF20pwsUrmctm8cTGFOXDOAPLLNYb6wmUg8gjYJafwpsXE23qShaYtGgdtUJu_X5BBGG-ayCiM-gQi8HpsYsLtZozk31ERKPJGlDLUboAG50chrnGX4B46HyqhlSj9xMohy02t3MX0n-6xoRHLk5Oh8V2c0duIS4mZo0TAq11Zl61No7XvcMPz961yBIpblougDO3NlIXerppYqweTrkxdIR2u4KVXi5XGrbZ08pfBgjrEyAE0GkSkYu3jG0wyz6GIieWwfPZAKqtdWM0F9pNQhG_K6o6UHK6LpgZELUcQWOxvghNOg8rM6Po_qXQU-g&atk=1jqb2tjjghmt5800,"Bachelor's or Master's degree in Structural or Civil Engineering. Use industry-standard analysis software (STAAD.Pro, ETABS, SAP2000, or Tekla Structural Designer) to size and verify all steel and…",,,indeed_ae,2026-06-05 05:08:31.035059+00:00
Digital marketing coordinator,Elite International training,Dubai,https://ae.indeed.com/pagead/clk?mo=r&ad=-6NYlbfkN0BHWCOc0e5Xr-3KnNVD5_ZnPZ2BMlXWi0Q02HkR6S_BHnoK-cqlkghF51mUfYIVW7LP093a2FB0-hZOlBASvfek5EMk0dhL9_yItnwDy0-Y550MDCeHwlf6AyZ_ac9uBnCHc58g035G1xjEmCUvwI5cNdPHy9vaZAvNFqZCG9e6d56VG1gk6G6g0rF3NqyG-5p8wZkYZukdOFB9CPEelhE23Kr4eIKynCmwRXcU0SViV6PqQJnLyYWSCiEsSKfO6XyAFNWhJg1AhbA9uQJUKkpEC_fxnI14EfRqmtBV-J_Bxifng4lEJFhlTW_whUTMsO_PXVtXrM4gQnLLEu7RT0uDJdGol88INI28Mp--v54v7XxPFCu59dv7MgiDxWZTkdaTv8fLUYfvEVwFaCvuQ8_W-aAcpaw3BQLnveHgvfyW18vvuDmt0PFliN0YXwE5xDmrq4EzQVXAn0Zm95XDjVsJFYeKa5KZUj_KfQjlT6oKHZ4iviWXZhKaJjE7NViA12N4dLn8pDAE6gApmGOJfGgFIZiR4ueRJJvxNwtRSqid0srto9_usqunR0grspMwtZ5IXacsrY3PUoHYXNxIOhntF7xh19MmwG-GjxuNRJWIVTM7pNgJZAEJMLDkTkkn65iFtT69l5xQHj01e4K0pazfOanuhbygkaBpVmyAbu18l6jYh98-9uOfQmB6Bql05Y9izgFuCrVFWcp1YBnmColiuHKLDMUtVlIHBYUTas1Uni-iER2OB6ujavwYN0B3dEzTsHR1niRWXOMO52imiHixm_-z-jhaAleUZtJnUqSy1G3ECYjSosyPGsYHLybhElUE-63GIWfK9TkMKlenlRiUFkXEOyzeg4SjjPwdweEBNASIoXBR6tACOlegWKtrjzDCkfyFUBawdu8xrPGQyrhVm2QKB6v4rCMU5UNW4z06gyx3qO1sFn19iA5XkjRETIoSXIQuD7E49w==&xkcb=SoDA6_M3iLN5rIz42x0KbzkdCdPP&camk=C3EPSzFlQw_XEZJ0U0QV6g==&p=1&atk=1jqb2tjjghmt5800,"Assist in planning, launching, and optimizing digital advertising campaigns across Meta platforms (Face book and Instagram) and Google Ads. Create, manage, and monitor paid advertising campaigns to…",,,indeed_ae,2026-06-05 05:08:30.990454+00:00
Industrial Operations/Management Intern,Loft Orbital Solutions,Abu Dhabi,https://ae.indeed.com/rc/clk?jk=2fd4e2c7e26ccab5&bb=tqPYlXTPTxGaMFX9BRogMK-WzM1y-3CLXlgCrwkHrUWyVRjsWE7FoCW78IdXQ_8CaPnLVV3-0XDp9ztYeaEGXewNslU8pkc-F_EokLeEOjyzCrFhqOdM5uBuMu5Za5yxtgQIRVxzfjrdmHSWOZTGng%3D%3D&xkcb=SoCA67M3iLN5rIz42x0LbzkdCdPP&rjs=0&qd=Xd-cji1-rrfYy0m8LpokE8dF20pwsUrmctm8cTGFOXDOAPLLNYb6wmUg8gjYJafwpsXE23qShaYtGgdtUJu_X5BBGG-ayCiM-gQi8HpsYsLtZozk31ERKPJGlDLUboAG50chrnGX4B46HyqhlSj9xMohy02t3MX0n-6xoRHLk5Oh8V2c0duIS4mZo0TAq11Zl61No7XvcMPz961yBIpblougDO3NlIXerppYqweTrkxdIR2u4KVXi5XGrbZ08pfBgjrEyAE0GkSkYu3jG0wyz6GIieWwfPZAKqtdWM0F9pNQhG_K6o6UHK6LpgZELUcQWOxvghNOg8rM6Po_qXQU-g&atk=1jqb2tjjghmt5800,"Detailed Value Stream Map of the full production floor. Students pursuing Industrial Engineering, Mechanical Engineering, or Lean Manufacturing disciplines.",,,indeed_ae,2026-06-05 05:08:30.941381+00:00
HSE Engineer,Consulting Engineering Group - COENGR,Abu Dhabi,https://ae.indeed.com/rc/clk?jk=20c7c11fc290497e&bb=2njKU1RxViXb1-2rJ0x_VKf63npkq32Et7fAKCgATAvdrBYMgWDfxPgdA-Y9hTx2phevWxZ6x3yOa_NpqaiypDI3WeuHCV4pfr8nfR-UVbX6OawHCd_XLszDtqcub2CHdkn7GtfIFzwmjgs7D99k-A%3D%3D&xkcb=SoAW67M3iLN6ODzDah0TbzkdCdPP&rjs=0&qd=Xd-cji1-rrfYy0m8LpokE8dF20pwsUrmctm8cTGFOXDOAPLLNYb6wmUg8gjYJafwpsXE23qShaYtGgdtUJu_X5BBGG-ayCiM-gQi8HpsYsLtZozk31ERKPJGlDLUboAG50chrnGX4B46HyqhlSj9xMohy02t3MX0n-6xoRHLk5Oh8V2c0duIS4mZo0TAq11Zl61No7XvcMPz961yBIpblougDO3NlIXerppYqweTrkxdIR2u4KVXi5XGrbZ08pfBgjrEyAE0GkSkYu3jG0wyz6GIieWwfPZAKqtdWM0F9pNVAxIS8wrvDDwH8xXrt2TGWOxvghNOg8rM6Po_qXQU-g&atk=1jqb2tevt26s7000,"Bachelor’s Degree in Engineering (preferably Civil, Mechanical, Environmental, or a related discipline). We are looking for a qualified and experienced Health & Safety Engineer with *4–5 years of…",,,indeed_ae,2026-06-05 05:08:27.347834+00:00
Quantity Surveyor,FALCON LABORATORY LLC,Dubai,https://ae.indeed.com/rc/clk?jk=46009edce0d11ee9&bb=2njKU1RxViXb1-2rJ0x_VEMivfJfYaVbnnp0UDeG9UuPwX4cMQNmf1eSQwwG72Sz7FA9deXfiJWsswGmzhDiEo2napp2BknqnMZ4FhDmB02TgA0QgozrnttnV5rBNLSVTvCS2wQ1j63iKRxZmyFNsQ%3D%3D&xkcb=SoD_67M3iLN6ODzDah0cbzkdCdPP&rjs=0&qd=Xd-cji1-rrfYy0m8LpokE8dF20pwsUrmctm8cTGFOXDOAPLLNYb6wmUg8gjYJafwpsXE23qShaYtGgdtUJu_X5BBGG-ayCiM-gQi8HpsYsLtZozk31ERKPJGlDLUboAG50chrnGX4B46HyqhlSj9xMohy02t3MX0n-6xoRHLk5Oh8V2c0duIS4mZo0TAq11Zl61No7XvcMPz961yBIpblougDO3NlIXerppYqweTrkxdIR2u4KVXi5XGrbZ08pfBgjrEyAE0GkSkYu3jG0wyz6GIieWwfPZAKqtdWM0F9pNVAxIS8wrvDDwH8xXrt2TGWOxvghNOg8rM6Po_qXQU-g&atk=1jqb2tevt26s7000,"Bachelor’s Degree in Civil Engineering or Quantity Surveying. Experience in residential, commercial, or infrastructure projects. Coordinate with site engineers , procurement, and project teams.",,,indeed_ae,2026-06-05 05:08:27.306423+00:00
MECHANICAL ESTIMATION ENGINEER,PLUTO ELECTRO-MECHANICAL CONT. COMPANY,Dubai,https://ae.indeed.com/rc/clk?jk=ba3b953addf85716&bb=2njKU1RxViXb1-2rJ0x_VGXjGEwxaG4LNpWUetk1NWq8hE8aYh6lSXHXdbUy4-how9EdwKbwfdRqq3FQ6uNDQL6NUtmXOeLPk5_O7UyQL84znCfvEg7cQrAEX2ziSAIYiu03rl5ZTqOsvbcA3YqBmw%3D%3D&xkcb=SoBL67M3iLN6ODzDah0dbzkdCdPP&rjs=0&qd=Xd-cji1-rrfYy0m8LpokE8dF20pwsUrmctm8cTGFOXDOAPLLNYb6wmUg8gjYJafwpsXE23qShaYtGgdtUJu_X5BBGG-ayCiM-gQi8HpsYsLtZozk31ERKPJGlDLUboAG50chrnGX4B46HyqhlSj9xMohy02t3MX0n-6xoRHLk5Oh8V2c0duIS4mZo0TAq11Zl61No7XvcMPz961yBIpblougDO3NlIXerppYqweTrkxdIR2u4KVXi5XGrbZ08pfBgjrEyAE0GkSkYu3jG0wyz6GIieWwfPZAKqtdWM0F9pNVAxIS8wrvDDwH8xXrt2TGWOxvghNOg8rM6Po_qXQU-g&atk=1jqb2tevt26s7000,Utilize estimating software to prepare accurate cost estimates. Collaborate with engineers and project managers to determine the scope of work. A mechanical estimator evaluates the total cost of a…,,,indeed_ae,2026-06-05 05:08:27.258818+00:00
Maintenance & Operations Manager,CAF Emiratos Arabes Unidos,Abu Dhabi,https://ae.indeed.com/rc/clk?jk=13016602ab8aaba4&bb=2njKU1RxViXb1-2rJ0x_VGrKBfjEqg_sQQ-zJknm-D7uq94_uf012N1P6JyyUSfZS68PtmPyUVoVKUE_XDb_IzWOOm8Ft3pyFAP3jqQL5K00YqeSnlP8-booTzdXgPOnuz5NZlfwPO1xOyVXmZ6K3w%3D%3D&xkcb=SoDW67M3iLN6ODzDah0ebzkdCdPP&rjs=0&qd=Xd-cji1-rrfYy0m8LpokE8dF20pwsUrmctm8cTGFOXDOAPLLNYb6wmUg8gjYJafwpsXE23qShaYtGgdtUJu_X5BBGG-ayCiM-gQi8HpsYsLtZozk31ERKPJGlDLUboAG50chrnGX4B46HyqhlSj9xMohy02t3MX0n-6xoRHLk5Oh8V2c0duIS4mZo0TAq11Zl61No7XvcMPz961yBIpblougDO3NlIXerppYqweTrkxdIR2u4KVXi5XGrbZ08pfBgjrEyAE0GkSkYu3jG0wyz6GIieWwfPZAKqtdWM0F9pNVAxIS8wrvDDwH8xXrt2TGWOxvghNOg8rM6Po_qXQU-g&atk=1jqb2tevt26s7000,Professional Experience: Preferable experience in maintenance or technical assistance in the rolling stock and depot equipment knowledge. The Maintenance & Operations Manager has to drive and…,,,indeed_ae,2026-06-05 05:08:27.215105+00:00
Civil Engineer,C and B Consultants,Ras al-Khaimah,https://ae.indeed.com/rc/clk?jk=1ccb9dd517a19837&bb=2njKU1RxViXb1-2rJ0x_VJlQ1zrmY3W48FyJHsrjrcA4G661lzMy5VfaMSuoLSi3rzQL3mN2dRLwHoHWSJ5e9otEghnwd9niQyF2l0zpD2Q-RkKhAns_OoLElfro4n5eEmd2seBIqmZriwA_TSXowQ%3D%3D&xkcb=SoBi67M3iLN6ODzDah0fbzkdCdPP&rjs=0&qd=Xd-cji1-rrfYy0m8LpokE8dF20pwsUrmctm8cTGFOXDOAPLLNYb6wmUg8gjYJafwpsXE23qShaYtGgdtUJu_X5BBGG-ayCiM-gQi8HpsYsLtZozk31ERKPJGlDLUboAG50chrnGX4B46HyqhlSj9xMohy02t3MX0n-6xoRHLk5Oh8V2c0duIS4mZo0TAq11Zl61No7XvcMPz961yBIpblougDO3NlIXerppYqweTrkxdIR2u4KVXi5XGrbZ08pfBgjrEyAE0GkSkYu3jG0wyz6GIieWwfPZAKqtdWM0F9pNVAxIS8wrvDDwH8xXrt2TGWOxvghNOg8rM6Po_qXQU-g&atk=1jqb2tevt26s7000,For details please refer to https://career.specitas.com/. Work Location: In…,,,indeed_ae,2026-06-05 05:08:27.148464+00:00
Mechanical Engineer,Prime Star Electrical and Mechanical Works,Dubai,https://ae.indeed.com/rc/clk?jk=2ce58f0da1041c40&bb=2njKU1RxViXb1-2rJ0x_VGP3yniuLQ-0E0znR7Px6pmBotdbm6x3OHYL_Tn-2D8JtLyJru65fL5chnry6i6Qt423MQifmV09efpYeJ3i5tNeHlGRThY46UlBFVrPGIActJL_0HFw123ZvfbkaS1dpQ%3D%3D&xkcb=SoDs67M3iLN6ODzDah0YbzkdCdPP&rjs=0&qd=Xd-cji1-rrfYy0m8LpokE8dF20pwsUrmctm8cTGFOXDOAPLLNYb6wmUg8gjYJafwpsXE23qShaYtGgdtUJu_X5BBGG-ayCiM-gQi8HpsYsLtZozk31ERKPJGlDLUboAG50chrnGX4B46HyqhlSj9xMohy02t3MX0n-6xoRHLk5Oh8V2c0duIS4mZo0TAq11Zl61No7XvcMPz961yBIpblougDO3NlIXerppYqweTrkxdIR2u4KVXi5XGrbZ08pfBgjrEyAE0GkSkYu3jG0wyz6GIieWwfPZAKqtdWM0F9pNVAxIS8wrvDDwH8xXrt2TGWOxvghNOg8rM6Po_qXQU-g&atk=1jqb2tevt26s7000,Mechanical Engineer required with UAE experience Work Location: In…,,,indeed_ae,2026-06-05 05:08:27.072684+00:00
Electrical Engineer,Pearl Industries LLC,Sharjah,https://ae.indeed.com/rc/clk?jk=9ffc9d09bb05d65f&bb=2njKU1RxViXb1-2rJ0x_VAaOH9ZlA5GwfObt7jWAGRPC1vMVvK0hpnoyXPFsQbO_QFeugEpr2TWS7WTpDGtoDFAt43pvbT_1OPwF4t25JbKFUwZ8FF8Mx6zdNMN1cp9t2MAybDt1mj-95Kxo9J8zaw%3D%3D&xkcb=SoBY67M3iLN6ODzDah0ZbzkdCdPP&rjs=0&qd=Xd-cji1-rrfYy0m8LpokE8dF20pwsUrmctm8cTGFOXDOAPLLNYb6wmUg8gjYJafwpsXE23qShaYtGgdtUJu_X5BBGG-ayCiM-gQi8HpsYsLtZozk31ERKPJGlDLUboAG50chrnGX4B46HyqhlSj9xMohy02t3MX0n-6xoRHLk5Oh8V2c0duIS4mZo0TAq11Zl61No7XvcMPz961yBIpblougDO3NlIXerppYqweTrkxdIR2u4KVXi5XGrbZ08pfBgjrEyAE0GkSkYu3jG0wyz6GIieWwfPZAKqtdWM0F9pNVAxIS8wrvDDwH8xXrt2TGWOxvghNOg8rM6Po_qXQU-g&atk=1jqb2tevt26s7000,"Minimum 3 years of experience in troubleshooting and maintenance of CNC machines. Strong knowledge of electrical systems, control panels, and machine fault diagnosis. UAE Driving License is mandatory.",,,indeed_ae,2026-06-05 05:08:27.032486+00:00
Project Engineer,Ctiy tower decorLLC,Dubai,https://ae.indeed.com/rc/clk?jk=dbc2963f3248fee1&bb=2njKU1RxViXb1-2rJ0x_VLG9au1WWliR4xK4nSP8IkYOtsK6Ddvjrz7nYzD-FZqu-3fjSS0KpdR1NZfMxCguMSCMErhVyOjHBwMKgLrIO93ELR9cbmY0HySAKbKXGVcR-WKz-fetJiP4VSAKT9IEtA%3D%3D&xkcb=SoDF67M3iLN6ODzDah0abzkdCdPP&rjs=0&qd=Xd-cji1-rrfYy0m8LpokE8dF20pwsUrmctm8cTGFOXDOAPLLNYb6wmUg8gjYJafwpsXE23qShaYtGgdtUJu_X5BBGG-ayCiM-gQi8HpsYsLtZozk31ERKPJGlDLUboAG50chrnGX4B46HyqhlSj9xMohy02t3MX0n-6xoRHLk5Oh8V2c0duIS4mZo0TAq11Zl61No7XvcMPz961yBIpblougDO3NlIXerppYqweTrkxdIR2u4KVXi5XGrbZ08pfBgjrEyAE0GkSkYu3jG0wyz6GIieWwfPZAKqtdWM0F9pNVAxIS8wrvDDwH8xXrt2TGWOxvghNOg8rM6Po_qXQU-g&atk=1jqb2tevt26s7000,"Diploma or Degree qualification in Civil, Mechanical or a related field. Coordinate inspections and approvals with consultants, clients or municipal authorities. Reporting the progress of work.",,,indeed_ae,2026-06-05 05:08:26.989901+00:00
Planning Engineer -Civil,greenclover,Abu Dhabi,https://ae.indeed.com/rc/clk?jk=9d33afb04488c371&bb=2njKU1RxViXb1-2rJ0x_VAIt-bI0JZGF3qaT4Y_TsP-KDTi8dOff0fRS3uFTGEwgvJdAaJSWoVJ01DsItOUyN7Ha7GRJOEOavq3d9tl2LryLXMcm3aW5FCphdX6uYR4ERiygl9Y8MX7OUKULcXCJsA%3D%3D&xkcb=SoBx67M3iLN6ODzDah0bbzkdCdPP&rjs=0&qd=Xd-cji1-rrfYy0m8LpokE8dF20pwsUrmctm8cTGFOXDOAPLLNYb6wmUg8gjYJafwpsXE23qShaYtGgdtUJu_X5BBGG-ayCiM-gQi8HpsYsLtZozk31ERKPJGlDLUboAG50chrnGX4B46HyqhlSj9xMohy02t3MX0n-6xoRHLk5Oh8V2c0duIS4mZo0TAq11Zl61No7XvcMPz961yBIpblougDO3NlIXerppYqweTrkxdIR2u4KVXi5XGrbZ08pfBgjrEyAE0GkSkYu3jG0wyz6GIieWwfPZAKqtdWM0F9pNVAxIS8wrvDDwH8xXrt2TGWOxvghNOg8rM6Po_qXQU-g&atk=1jqb2tevt26s7000,"Key Responsibilities: * Project Scheduling & Planning: * Develop, update, and maintain comprehensive project schedules (Level 3-5) using Primavera P6 and MS Project, encompassing all project phases…",,,indeed_ae,2026-06-05 05:08:26.945965+00:00
Project Coordinator,Green & More Landscape Gardening LLC,Dubai,https://ae.indeed.com/rc/clk?jk=94f51d0d371fba20&bb=2njKU1RxViXb1-2rJ0x_VDoETX8k6_YZS9StYk-Mm1e6KxyfAhuUa5pgyPJD_wG2kzxZSF-4kobV1xoSGKflfU78YrrCxMJEtkLS3QFRFWJ2uC161OJ_P8W28hgW-HibLwZdcUO-sX1j877GCYB6mg%3D%3D&xkcb=SoBW67M3iLN6ODzDah0EbzkdCdPP&rjs=0&qd=Xd-cji1-rrfYy0m8LpokE8dF20pwsUrmctm8cTGFOXDOAPLLNYb6wmUg8gjYJafwpsXE23qShaYtGgdtUJu_X5BBGG-ayCiM-gQi8HpsYsLtZozk31ERKPJGlDLUboAG50chrnGX4B46HyqhlSj9xMohy02t3MX0n-6xoRHLk5Oh8V2c0duIS4mZo0TAq11Zl61No7XvcMPz961yBIpblougDO3NlIXerppYqweTrkxdIR2u4KVXi5XGrbZ08pfBgjrEyAE0GkSkYu3jG0wyz6GIieWwfPZAKqtdWM0F9pNVAxIS8wrvDDwH8xXrt2TGWOxvghNOg8rM6Po_qXQU-g&atk=1jqb2tevt26s7000,Bachelor’s degree in Civil Engineering or related field. Support site engineers and project managers in daily activities. We are seeking a detail-oriented and experienced Project Coordinator with a…,,,indeed_ae,2026-06-05 05:08:26.904399+00:00
Digital Marketing Specialist – Lead Generation & Performance Marketing,Skillzone Institute LLC,Dubai,https://ae.indeed.com/rc/clk?jk=2ea69b5194cae0c5&bb=2njKU1RxViXb1-2rJ0x_VJVi1jEyhPJFZNeuTCkpAR14s6s1Qc-rO_Xm0TXUPAlZGNSLwID8Bua0mfVsLMI5aGbC4DoG32SgBjlq6dsnfA9-d4gAKyH10nYeKF8vlEohsBeNPCyABzLzGUQGx1fYAg%3D%3D&xkcb=SoDi67M3iLN6ODzDah0FbzkdCdPP&rjs=0&qd=Xd-cji1-rrfYy0m8LpokE8dF20pwsUrmctm8cTGFOXDOAPLLNYb6wmUg8gjYJafwpsXE23qShaYtGgdtUJu_X5BBGG-ayCiM-gQi8HpsYsLtZozk31ERKPJGlDLUboAG50chrnGX4B46HyqhlSj9xMohy02t3MX0n-6xoRHLk5Oh8V2c0duIS4mZo0TAq11Zl61No7XvcMPz961yBIpblougDO3NlIXerppYqweTrkxdIR2u4KVXi5XGrbZ08pfBgjrEyAE0GkSkYu3jG0wyz6GIieWwfPZAKqtdWM0F9pNVAxIS8wrvDDwH8xXrt2TGWOxvghNOg8rM6Po_qXQU-g&atk=1jqb2tevt26s7000,"Produce marketing videos and promotional content using AI-powered tools and video editing software . The ideal candidate will have strong expertise in paid advertising, lead generation, website…",,,indeed_ae,2026-06-05 05:08:26.864826+00:00
IT Technical Support Engineer,Technia Construction And Services LLC,Dubai,https://ae.indeed.com/rc/clk?jk=ef90797134e90088&bb=2njKU1RxViXb1-2rJ0x_VMovYGiK88dlzelgZ5ZeWdQErFxIohgQ7kBmcG5f7XqJXbfaM03zgSFQASHWnt1-nZ1CxeUN57dLk2P9aRWut4s9YcTUtAjw5sOT1gg49UjJkUktmaabIwYzUAQQQ1UgOA%3D%3D&xkcb=SoB_67M3iLN6ODzDah0GbzkdCdPP&rjs=0&qd=Xd-cji1-rrfYy0m8LpokE8dF20pwsUrmctm8cTGFOXDOAPLLNYb6wmUg8gjYJafwpsXE23qShaYtGgdtUJu_X5BBGG-ayCiM-gQi8HpsYsLtZozk31ERKPJGlDLUboAG50chrnGX4B46HyqhlSj9xMohy02t3MX0n-6xoRHLk5Oh8V2c0duIS4mZo0TAq11Zl61No7XvcMPz961yBIpblougDO3NlIXerppYqweTrkxdIR2u4KVXi5XGrbZ08pfBgjrEyAE0GkSkYu3jG0wyz6GIieWwfPZAKqtdWM0F9pNVAxIS8wrvDDwH8xXrt2TGWOxvghNOg8rM6Po_qXQU-g&atk=1jqb2tevt26s7000,"Diploma or Bachelor's Degree in Information Technology, Computer Science, or a related field. Minimum 2–3 years of experience in IT Technical Support, Help Desk, or System Administration roles.",,,indeed_ae,2026-06-05 05:08:26.822788+00:00
Quantity Surveyor,IIQAF,Abu Dhabi,https://ae.indeed.com/rc/clk?jk=76be35545ee20785&bb=2njKU1RxViXb1-2rJ0x_VHB6Gx5Ld5X1pH3BhfrLDbgiYPS2vazN4p14CbhLrlrY-sgURTAL8Dw0wEWXiEe0vP48j9gFukdCod4TwHKKhZxoITyfvFvAgLzSJfuudXwOiCKtbUUs2bIadUlJL_tlBA%3D%3D&xkcb=SoDL67M3iLN6ODzDah0HbzkdCdPP&rjs=0&qd=Xd-cji1-rrfYy0m8LpokE8dF20pwsUrmctm8cTGFOXDOAPLLNYb6wmUg8gjYJafwpsXE23qShaYtGgdtUJu_X5BBGG-ayCiM-gQi8HpsYsLtZozk31ERKPJGlDLUboAG50chrnGX4B46HyqhlSj9xMohy02t3MX0n-6xoRHLk5Oh8V2c0duIS4mZo0TAq11Zl61No7XvcMPz961yBIpblougDO3NlIXerppYqweTrkxdIR2u4KVXi5XGrbZ08pfBgjrEyAE0GkSkYu3jG0wyz6GIieWwfPZAKqtdWM0F9pNVAxIS8wrvDDwH8xXrt2TGWOxvghNOg8rM6Po_qXQU-g&atk=1jqb2tevt26s7000,"Coordinate with engineers , project managers, and site teams. Proficiency in AutoCAD, MS Excel, and QS software tools. Bachelor’s degree in Quantity Surveying, Civil Engineering, Construction…",,,indeed_ae,2026-06-05 05:08:26.784722+00:00
Mechanical Engineer,MIRA CONSTRUCTION L.L.C,Dubai,https://ae.indeed.com/rc/clk?jk=44d746a2fc7b3f19&bb=2njKU1RxViXb1-2rJ0x_VIpA1CwlaXrR_VCb1oC0IkyXZSbOr_RYpGivJutK7smluL6LgAczq5nhbPnMTawecuAWccUwB6qlHjcNOqtd0QyaRz12IPMg59KJnEoJAHY6KKCHTiXqUd1hZA7Mv433Qw%3D%3D&xkcb=SoBF67M3iLN6ODzDah0AbzkdCdPP&rjs=0&qd=Xd-cji1-rrfYy0m8LpokE8dF20pwsUrmctm8cTGFOXDOAPLLNYb6wmUg8gjYJafwpsXE23qShaYtGgdtUJu_X5BBGG-ayCiM-gQi8HpsYsLtZozk31ERKPJGlDLUboAG50chrnGX4B46HyqhlSj9xMohy02t3MX0n-6xoRHLk5Oh8V2c0duIS4mZo0TAq11Zl61No7XvcMPz961yBIpblougDO3NlIXerppYqweTrkxdIR2u4KVXi5XGrbZ08pfBgjrEyAE0GkSkYu3jG0wyz6GIieWwfPZAKqtdWM0F9pNVAxIS8wrvDDwH8xXrt2TGWOxvghNOg8rM6Po_qXQU-g&atk=1jqb2tevt26s7000,"Familiarity with mechanical design software such as AutoCAD, Revit, or similar tools. Bachelor’s degree in Mechanical Engineering or related field. The successful candidate will be responsible for the…",,,indeed_ae,2026-06-05 05:08:26.739585+00:00
Senior Digital Marketing,Go Pro Technology FZE,Sharjah,https://ae.indeed.com/rc/clk?jk=559323b94b8232ef&bb=2njKU1RxViXb1-2rJ0x_VICcfFkykISGtmJOmb55KkO9AnogEaqTLR-dXTFDG3Ygppqi_2iab5V37VaAMwhosbjUpd06yQiMOTyJacv6q_hADRvtOsW5viwK1VHtG_X-ES2B10IQvWGz3IBk_LJo_g%3D%3D&xkcb=SoDx67M3iLN6ODzDah0BbzkdCdPP&rjs=0&qd=Xd-cji1-rrfYy0m8LpokE8dF20pwsUrmctm8cTGFOXDOAPLLNYb6wmUg8gjYJafwpsXE23qShaYtGgdtUJu_X5BBGG-ayCiM-gQi8HpsYsLtZozk31ERKPJGlDLUboAG50chrnGX4B46HyqhlSj9xMohy02t3MX0n-6xoRHLk5Oh8V2c0duIS4mZo0TAq11Zl61No7XvcMPz961yBIpblougDO3NlIXerppYqweTrkxdIR2u4KVXi5XGrbZ08pfBgjrEyAE0GkSkYu3jG0wyz6GIieWwfPZAKqtdWM0F9pNVAxIS8wrvDDwH8xXrt2TGWOxvghNOg8rM6Po_qXQU-g&atk=1jqb2tevt26s7000,"Sharjah: Reliably commute or planning to relocate before starting work (Preferred). Plan, execute, and optimize paid campaigns on Facebook, Instagram, and Google Ads.",,,indeed_ae,2026-06-05 05:08:26.700449+00:00
Draftsman,Saudi Modern Co,Abu Dhabi,https://ae.indeed.com/rc/clk?jk=657ab34b453d37ad&bb=2njKU1RxViXb1-2rJ0x_VHDYu_mozt0XHTYncOIFPioz1acpsiL2WLRcK69LxE75wgvLRPOMMyueNoSY4a1VwDhshU6JTFg9nXKItm0T_3-36817fCFYKxnbK5pcSR8LqrMAiFhndvuNdZzFGwal3w%3D%3D&xkcb=SoBs67M3iLN6ODzDah0CbzkdCdPP&rjs=0&qd=Xd-cji1-rrfYy0m8LpokE8dF20pwsUrmctm8cTGFOXDOAPLLNYb6wmUg8gjYJafwpsXE23qShaYtGgdtUJu_X5BBGG-ayCiM-gQi8HpsYsLtZozk31ERKPJGlDLUboAG50chrnGX4B46HyqhlSj9xMohy02t3MX0n-6xoRHLk5Oh8V2c0duIS4mZo0TAq11Zl61No7XvcMPz961yBIpblougDO3NlIXerppYqweTrkxdIR2u4KVXi5XGrbZ08pfBgjrEyAE0GkSkYu3jG0wyz6GIieWwfPZAKqtdWM0F9pNVAxIS8wrvDDwH8xXrt2TGWOxvghNOg8rM6Po_qXQU-g&atk=1jqb2tevt26s7000,"Diploma or Degree in Civil Engineering or related field. Prepare detailed civil and infrastructure drawings using AutoCAD, Civil 3D, or similar software . Excellent attention to detail and accuracy.",,,indeed_ae,2026-06-05 05:08:26.649346+00:00
Mechanical Project Engineer,Green Line Electromechanical LLC,Abu Dhabi,https://ae.indeed.com/rc/clk?jk=0298d8634f2d353e&bb=2njKU1RxViXb1-2rJ0x_VAaOH9ZlA5GwloV4V4L5sIhcBbsxM-LR51SfM7U6VGHvCt32DvHN4cUXNJkG8EaILjQHodHg6w1XxrcZ8OfO-QcdPjeoCxHKg6gX-zm0S1YgSNWWD60RfZSKIpwaNGNk-A%3D%3D&xkcb=SoDY67M3iLN6ODzDah0DbzkdCdPP&rjs=0&qd=Xd-cji1-rrfYy0m8LpokE8dF20pwsUrmctm8cTGFOXDOAPLLNYb6wmUg8gjYJafwpsXE23qShaYtGgdtUJu_X5BBGG-ayCiM-gQi8HpsYsLtZozk31ERKPJGlDLUboAG50chrnGX4B46HyqhlSj9xMohy02t3MX0n-6xoRHLk5Oh8V2c0duIS4mZo0TAq11Zl61No7XvcMPz961yBIpblougDO3NlIXerppYqweTrkxdIR2u4KVXi5XGrbZ08pfBgjrEyAE0GkSkYu3jG0wyz6GIieWwfPZAKqtdWM0F9pNVAxIS8wrvDDwH8xXrt2TGWOxvghNOg8rM6Po_qXQU-g&atk=1jqb2tevt26s7000,Looking for a Mechanical Project Engineer . Bachelor's Degree in Mechanical Engineering is a must. With Equivalency Certificate but not mandatory. At least 5-6 years experience in Electromechanical…,,,indeed_ae,2026-06-05 05:08:26.608465+00:00
Finance Intern,Loft Orbital Solutions,Abu Dhabi,https://ae.indeed.com/rc/clk?jk=96c4a6fc7215df75&bb=2njKU1RxViXb1-2rJ0x_VHDaX6f30vL2PhHSFn6uLowZSTPORcFDMKwVywidi4SS_YlIaMZTneI-YmMFAJPqdQZo64IgVaE7bxQzdVUa8F2bTEAG0uFYrhjUwplz8BECMfBvb2uIA1QY7aS2Ny_ywg%3D%3D&xkcb=SoAx67M3iLN6ODzDah0MbzkdCdPP&rjs=0&qd=Xd-cji1-rrfYy0m8LpokE8dF20pwsUrmctm8cTGFOXDOAPLLNYb6wmUg8gjYJafwpsXE23qShaYtGgdtUJu_X5BBGG-ayCiM-gQi8HpsYsLtZozk31ERKPJGlDLUboAG50chrnGX4B46HyqhlSj9xMohy02t3MX0n-6xoRHLk5Oh8V2c0duIS4mZo0TAq11Zl61No7XvcMPz961yBIpblougDO3NlIXerppYqweTrkxdIR2u4KVXi5XGrbZ08pfBgjrEyAE0GkSkYu3jG0wyz6GIieWwfPZAKqtdWM0F9pNVAxIS8wrvDDwH8xXrt2TGWOxvghNOg8rM6Po_qXQU-g&atk=1jqb2tevt26s7000,"Dynamic working capital optimization model in Excel or Power BI. Students pursuing Accounting, Economics, Information Systems, or Mathematics with strong quantitative and analytical abilities.",,,indeed_ae,2026-06-05 05:08:26.568800+00:00
Project Engineer,Joseph Digital solutions,Dubai,https://ae.indeed.com/rc/clk?jk=5f4a0b4eadf4691a&bb=2njKU1RxViXb1-2rJ0x_VP8Y6VtIOzZW1-uGCB5m07qz7vdV1-8JXIB4K_2qmYvKEojOj1bTtPEl64DRUqQLuHOqHZ3TxwiJGdo0PE20-ir_d8TXQNCNKKT4E2VCCFO-LFQJON9s7ESFniNwSQjT1A%3D%3D&xkcb=SoCF67M3iLN6ODzDah0NbzkdCdPP&rjs=0&qd=Xd-cji1-rrfYy0m8LpokE8dF20pwsUrmctm8cTGFOXDOAPLLNYb6wmUg8gjYJafwpsXE23qShaYtGgdtUJu_X5BBGG-ayCiM-gQi8HpsYsLtZozk31ERKPJGlDLUboAG50chrnGX4B46HyqhlSj9xMohy02t3MX0n-6xoRHLk5Oh8V2c0duIS4mZo0TAq11Zl61No7XvcMPz961yBIpblougDO3NlIXerppYqweTrkxdIR2u4KVXi5XGrbZ08pfBgjrEyAE0GkSkYu3jG0wyz6GIieWwfPZAKqtdWM0F9pNVAxIS8wrvDDwH8xXrt2TGWOxvghNOg8rM6Po_qXQU-g&atk=1jqb2tevt26s7000,"Bachelor's Degree in Electrical Engineering, Electronics Engineering, Telecommunications Engineering, or a related field. Joseph Digital Solutions is seeking a proactive and detail-oriented Project…",,,indeed_ae,2026-06-05 05:08:26.527076+00:00
Quality Inspector,Unique Group,Sharjah,https://ae.indeed.com/rc/clk?jk=be9d41dee1ef57ff&bb=2njKU1RxViXb1-2rJ0x_VIH2NfifR5nv21OPJqp4l9jrl65Q3DWfEhwXAMVcMuX7sV5rTJF0qlJuoMr6WNzeyA7-UZZaZ-wj64tdVMyxax2yBDnva6iCqdzAMILl3zBxiJnB0GOiD5yaI_q8VVoNSA%3D%3D&xkcb=SoAY67M3iLN6ODzDah0ObzkdCdPP&rjs=0&qd=Xd-cji1-rrfYy0m8LpokE8dF20pwsUrmctm8cTGFOXDOAPLLNYb6wmUg8gjYJafwpsXE23qShaYtGgdtUJu_X5BBGG-ayCiM-gQi8HpsYsLtZozk31ERKPJGlDLUboAG50chrnGX4B46HyqhlSj9xMohy02t3MX0n-6xoRHLk5Oh8V2c0duIS4mZo0TAq11Zl61No7XvcMPz961yBIpblougDO3NlIXerppYqweTrkxdIR2u4KVXi5XGrbZ08pfBgjrEyAE0GkSkYu3jG0wyz6GIieWwfPZAKqtdWM0F9pNVAxIS8wrvDDwH8xXrt2TGWOxvghNOg8rM6Po_qXQU-g&atk=1jqb2tevt26s7000,Support groups of technicians and engineers . Advanced proficiency in full MS Office suit. There is an obligation on the employee to report such observations and interventions to the HSE Manager or…,,,indeed_ae,2026-06-05 05:08:26.484527+00:00
BIM Modeler,Green & More Landscape Gardening LLC,Dubai,https://ae.indeed.com/rc/clk?jk=1025f68545f25d56&bb=2njKU1RxViXb1-2rJ0x_VIXfp9VFjIpuGPGVUB5PUguO-L2SlnxZOx5UcEFBLNE-Nn54hi2wtd2iyuNo2xxKEqiC4Ee39iS4lS_5GbNICvdG01Ynb9lVPNaGRZdlpdjecHfJ1BOrOzeL7DqC5Flrzg%3D%3D&xkcb=SoCs67M3iLN6ODzDah0PbzkdCdPP&rjs=0&qd=Xd-cji1-rrfYy0m8LpokE8dF20pwsUrmctm8cTGFOXDOAPLLNYb6wmUg8gjYJafwpsXE23qShaYtGgdtUJu_X5BBGG-ayCiM-gQi8HpsYsLtZozk31ERKPJGlDLUboAG50chrnGX4B46HyqhlSj9xMohy02t3MX0n-6xoRHLk5Oh8V2c0duIS4mZo0TAq11Zl61No7XvcMPz961yBIpblougDO3NlIXerppYqweTrkxdIR2u4KVXi5XGrbZ08pfBgjrEyAE0GkSkYu3jG0wyz6GIieWwfPZAKqtdWM0F9pNVAxIS8wrvDDwH8xXrt2TGWOxvghNOg8rM6Po_qXQU-g&atk=1jqb2tevt26s7000,"Coordinate with architects, engineers , and project teams. Proficiency in Autodesk Revit, AutoCAD, and other relevant BIM software . The ideal candidate should have experience in landscape projects and…",,,indeed_ae,2026-06-05 05:08:26.440843+00:00
Aluminum Project Engineer,Fast Manufactures,Ajman,https://ae.indeed.com/rc/clk?jk=de86343cd9aa6be2&bb=2njKU1RxViXb1-2rJ0x_VGL5MFpJd5_GTxCcFPt0KDBSybj_eoYBWE-14qK-JguwjagP0_jgpLdiBgUWXqGTn5VA3d_7v-S25guYT6xWKqxn4WqPmXX7sRAorWzAq2-tD7_uKBouoGxv9pNSVAJKug%3D%3D&xkcb=SoAi67M3iLN6ODzDah0IbzkdCdPP&rjs=0&qd=Xd-cji1-rrfYy0m8LpokE8dF20pwsUrmctm8cTGFOXDOAPLLNYb6wmUg8gjYJafwpsXE23qShaYtGgdtUJu_X5BBGG-ayCiM-gQi8HpsYsLtZozk31ERKPJGlDLUboAG50chrnGX4B46HyqhlSj9xMohy02t3MX0n-6xoRHLk5Oh8V2c0duIS4mZo0TAq11Zl61No7XvcMPz961yBIpblougDO3NlIXerppYqweTrkxdIR2u4KVXi5XGrbZ08pfBgjrEyAE0GkSkYu3jG0wyz6GIieWwfPZAKqtdWM0F9pNVAxIS8wrvDDwH8xXrt2TGWOxvghNOg8rM6Po_qXQU-g&atk=1jqb2tevt26s7000,"Bachelor’s degree in Civil or Architectural Engineering. Minimum 3–5 years of experience in aluminum/facade or metal works projects. Plan, coordinate, and execute aluminum and façade projects within…",,,indeed_ae,2026-06-05 05:08:26.396855+00:00
Electrician,ACCOR,Dubai,https://ae.indeed.com/rc/clk?jk=34ce30a5f614a8a1&bb=2njKU1RxViXb1-2rJ0x_VPy8E79YGJ36sUYUQZz51ruKvVhc2_F0S9hYBTZc8nKRxBtsPqWReReDr1cJgS4r5SGTfLxDdk39tp0qJOsgHCHp3CAaIvhHRozIwF8q3QcchKnDTESPNCkN9kj6BYLjDg%3D%3D&xkcb=SoCW67M3iLN6ODzDah0JbzkdCdPP&rjs=0&qd=Xd-cji1-rrfYy0m8LpokE8dF20pwsUrmctm8cTGFOXDOAPLLNYb6wmUg8gjYJafwpsXE23qShaYtGgdtUJu_X5BBGG-ayCiM-gQi8HpsYsLtZozk31ERKPJGlDLUboAG50chrnGX4B46HyqhlSj9xMohy02t3MX0n-6xoRHLk5Oh8V2c0duIS4mZo0TAq11Zl61No7XvcMPz961yBIpblougDO3NlIXerppYqweTrkxdIR2u4KVXi5XGrbZ08pfBgjrEyAE0GkSkYu3jG0wyz6GIieWwfPZAKqtdWM0F9pNVAxIS8wrvDDwH8xXrt2TGWOxvghNOg8rM6Po_qXQU-g&atk=1jqb2tevt26s7000,"Report any safety hazards or risks immediately. Coordinate with Engineering team for major repairs or projects. Repair or replace faulty switches, sockets, breakers, and lighting fixtures.",,,indeed_ae,2026-06-05 05:08:26.337470+00:00
Agriculture Engineer,Consulting architects & engineers,Abu Dhabi,https://ae.indeed.com/rc/clk?jk=33f75908603b10a8&bb=2njKU1RxViXb1-2rJ0x_VP8Y6VtIOzZW0UF0YfF_fRmzekiDSvRflP7I9N-RdOfB5mDkjGImIJIPsKe_6IQbhep2CfdcuCy8Eh8Lh7iH1fxwVkC3jUK61uog2j8eobJb1r3GBcPIApHvTVT9xIXVNg%3D%3D&xkcb=SoAL67M3iLN6ODzDah0KbzkdCdPP&rjs=0&qd=Xd-cji1-rrfYy0m8LpokE8dF20pwsUrmctm8cTGFOXDOAPLLNYb6wmUg8gjYJafwpsXE23qShaYtGgdtUJu_X5BBGG-ayCiM-gQi8HpsYsLtZozk31ERKPJGlDLUboAG50chrnGX4B46HyqhlSj9xMohy02t3MX0n-6xoRHLk5Oh8V2c0duIS4mZo0TAq11Zl61No7XvcMPz961yBIpblougDO3NlIXerppYqweTrkxdIR2u4KVXi5XGrbZ08pfBgjrEyAE0GkSkYu3jG0wyz6GIieWwfPZAKqtdWM0F9pNVAxIS8wrvDDwH8xXrt2TGWOxvghNOg8rM6Po_qXQU-g&atk=1jqb2tevt26s7000,"Bachelor’s Degree in Agricultural Engineering or a related field. Experience in agricultural projects, irrigation systems, and landscape maintenance. Previous work experience in Sudan.",,,indeed_ae,2026-06-05 05:08:26.284246+00:00
Senior Data Engineer,GSSTech Group,Dubai,https://ae.indeed.com/rc/clk?jk=18f5f19288245f16&bb=2njKU1RxViXb1-2rJ0x_VPijWSYpnz6V1R8OoCF4H3jO3_geBXt_WKzZ-M7YApoTp3Kl-RowQ3cjb37WWdLk1v6vkvWoXSYpxpODRrpRkO-eIHbkG_VATmtkCIob0SJ05B3mCe7b64XgZ2PEsY4M-g%3D%3D&xkcb=SoC_67M3iLN6ODzDah0LbzkdCdPP&rjs=0&qd=Xd-cji1-rrfYy0m8LpokE8dF20pwsUrmctm8cTGFOXDOAPLLNYb6wmUg8gjYJafwpsXE23qShaYtGgdtUJu_X5BBGG-ayCiM-gQi8HpsYsLtZozk31ERKPJGlDLUboAG50chrnGX4B46HyqhlSj9xMohy02t3MX0n-6xoRHLk5Oh8V2c0duIS4mZo0TAq11Zl61No7XvcMPz961yBIpblougDO3NlIXerppYqweTrkxdIR2u4KVXi5XGrbZ08pfBgjrEyAE0GkSkYu3jG0wyz6GIieWwfPZAKqtdWM0F9pNVAxIS8wrvDDwH8xXrt2TGWOxvghNOg8rM6Po_qXQU-g&atk=1jqb2tevt26s7000,"We are looking for a highly skilled Senior Data Engineer with strong expertise in PySpark, Python , and Big Data technologies to design, build, and optimize scalable data platforms and pipelines.",,,indeed_ae,2026-06-05 05:08:26.221454+00:00
Design & Estimation Engineer,NAFFCO,Dubai,https://ae.indeed.com/rc/clk?jk=1d42a40651686d7f&bb=VpocWisaw9LXSzKMChSmU4b9JvH0znz6HuoHdzZmEGf0iUAax5tSnRuA2zjHDpHrCF5j3DQgbd0lkP9QiLgoNK7Xl2yb6a1kxQ0v_bmcXxick5ft79J_L4750fLo33pVpbXJUCdY4jYcSgzF2Ytf3g%3D%3D&xkcb=SoCv67M3iLN67rzDDZ0QbzkdCdPP&rjs=0&qd=Xd-cji1-rrfYy0m8LpokE8dF20pwsUrmctm8cTGFOXDOAPLLNYb6wmUg8gjYJafwpsXE23qShaYtGgdtUJu_X5BBGG-ayCiM-gQi8HpsYsLtZozk31ERKPJGlDLUboAG50chrnGX4B46HyqhlSj9xMohy02t3MX0n-6xoRHLk5Oh8V2c0duIS4mZo0TAq11Zl61No7XvcMPz961yBIpblougDO3NlIXerppYqweTrkxdIR2u4KVXi5XGrbZ08pfBgjrEyAE0GkSkYu3jG0wyzz3Y1gCYqZnOBVg83E4dTUP-aBZdwhnEQBq_-HYvYUlUWOxvghNOg8rM6Po_qXQU-g&atk=1jqb2t9ia26pt003,"Bachelor's Degree or Diploma in Mechanical Engineering, Fire Protection Engineering, or a related field. 2–4 years of experience in fire protection estimation or a related field.",,,indeed_ae,2026-06-05 05:08:22.603229+00:00
Electrical Technician (Maintenance Assistant),E7 Group,Abu Dhabi,https://ae.indeed.com/rc/clk?jk=03e05b5c29bf1bde&bb=VpocWisaw9LXSzKMChSmU5vE3MKH9VjMr4NZ-SEtUJsHItV96JYHAn3KTbvlRLXVLpqoaQ1uEby4nqFAaHe8c-u0b9qjsGHDtc-SpTCR_rFg591M9rLi3swSoqPCUqhlVYEdeM5_O26ZXPAPmQSZ2Q%3D%3D&xkcb=SoAb67M3iLN67rzDDZ0RbzkdCdPP&rjs=0&qd=Xd-cji1-rrfYy0m8LpokE8dF20pwsUrmctm8cTGFOXDOAPLLNYb6wmUg8gjYJafwpsXE23qShaYtGgdtUJu_X5BBGG-ayCiM-gQi8HpsYsLtZozk31ERKPJGlDLUboAG50chrnGX4B46HyqhlSj9xMohy02t3MX0n-6xoRHLk5Oh8V2c0duIS4mZo0TAq11Zl61No7XvcMPz961yBIpblougDO3NlIXerppYqweTrkxdIR2u4KVXi5XGrbZ08pfBgjrEyAE0GkSkYu3jG0wyzz3Y1gCYqZnOBVg83E4dTUP-aBZdwhnEQBq_-HYvYUlUWOxvghNOg8rM6Po_qXQU-g&atk=1jqb2t9ia26pt003,Ability to understand and follow technical instructions from engineers . Support engineers in carrying out planned preventive maintenance (PPM) activities. Good teamwork and communication skills.,,,indeed_ae,2026-06-05 05:08:22.529470+00:00
Electrical Engineer,CITY NIGHTS CONTRACTING,Dubai,https://ae.indeed.com/rc/clk?jk=d798e9b51998c4da&bb=VpocWisaw9LXSzKMChSmUwWBBwBxxn-KZMLEpliusQmHVNyblDC36Isa1xeNEB9T18u6ZJRHkkgKJplJCDz41c_-RhJkrCb-_UBJFdrgLOo-s6LcWHOpD-V8Hmyz0i1NYO0WNyKvyqIts3V3qYld3A%3D%3D&xkcb=SoCG67M3iLN67rzDDZ0SbzkdCdPP&rjs=0&qd=Xd-cji1-rrfYy0m8LpokE8dF20pwsUrmctm8cTGFOXDOAPLLNYb6wmUg8gjYJafwpsXE23qShaYtGgdtUJu_X5BBGG-ayCiM-gQi8HpsYsLtZozk31ERKPJGlDLUboAG50chrnGX4B46HyqhlSj9xMohy02t3MX0n-6xoRHLk5Oh8V2c0duIS4mZo0TAq11Zl61No7XvcMPz961yBIpblougDO3NlIXerppYqweTrkxdIR2u4KVXi5XGrbZ08pfBgjrEyAE0GkSkYu3jG0wyzz3Y1gCYqZnOBVg83E4dTUP-aBZdwhnEQBq_-HYvYUlUWOxvghNOg8rM6Po_qXQU-g&atk=1jqb2t9ia26pt003,"Bachelor's Degree in Electrical Engineering. Minimum 5 years of UAE experience in construction/MEP projects. Strong knowledge of electrical systems, installations, testing, and commissioning.",,,indeed_ae,2026-06-05 05:08:22.450747+00:00
AV Engineer,MYB Advanced Technology Systems,Abu Dhabi,https://ae.indeed.com/rc/clk?jk=a20fc38a4dfea59f&bb=VpocWisaw9LXSzKMChSmU5b0-9f-fL7g_RN4tGX5JBpaf79qbXwwVJ89i1B0PMJEtFDH1lc4hEugnz21gZ0SO3hNTrXDz_Rp_YOkBLn5ALDOAd0fs64-JOzEmyR8fwuzdS27rm7Nac_yJC0nl5CAqw%3D%3D&xkcb=SoAy67M3iLN67rzDDZ0TbzkdCdPP&rjs=0&qd=Xd-cji1-rrfYy0m8LpokE8dF20pwsUrmctm8cTGFOXDOAPLLNYb6wmUg8gjYJafwpsXE23qShaYtGgdtUJu_X5BBGG-ayCiM-gQi8HpsYsLtZozk31ERKPJGlDLUboAG50chrnGX4B46HyqhlSj9xMohy02t3MX0n-6xoRHLk5Oh8V2c0duIS4mZo0TAq11Zl61No7XvcMPz961yBIpblougDO3NlIXerppYqweTrkxdIR2u4KVXi5XGrbZ08pfBgjrEyAE0GkSkYu3jG0wyzz3Y1gCYqZnOBVg83E4dTUP-aBZdwhnEQBq_-HYvYUlUWOxvghNOg8rM6Po_qXQU-g&atk=1jqb2t9ia26pt003,"Bachelor's Degree or Diploma in Electronics Engineering, Electrical Engineering, Telecommunications, Audio Engineering, or a related field. Maintain system backups, software licenses, network…",,,indeed_ae,2026-06-05 05:08:22.374705+00:00
Investment Coordinator / Appointment Setter,Baron & Cabot DMCC,Jumeirah,https://ae.indeed.com/rc/clk?jk=f0781f091d5c3389&bb=VpocWisaw9LXSzKMChSmU1mYh_ty70sa9E3CH2OT6H_A7cHFFyFuGDOqHUOppjbv5H7Wv1YkTvgpapdAYlpMJA4W7e09QTgfLdOGK6-cN0DLbx1I0MU17kG_JrKJn6ioMBrFpg48rGuD8BXa3OO16JpmDeo6scRyYdfdF_VryPk%3D&xkcb=SoDb67M3iLN67rzDDZ0cbzkdCdPP&rjs=0&qd=Xd-cji1-rrfYy0m8LpokE8dF20pwsUrmctm8cTGFOXDOAPLLNYb6wmUg8gjYJafwpsXE23qShaYtGgdtUJu_X5BBGG-ayCiM-gQi8HpsYsLtZozk31ERKPJGlDLUboAG50chrnGX4B46HyqhlSj9xMohy02t3MX0n-6xoRHLk5Oh8V2c0duIS4mZo0TAq11Zl61No7XvcMPz961yBIpblougDO3NlIXerppYqweTrkxdIR2u4KVXi5XGrbZ08pfBgjrEyAE0GkSkYu3jG0wyzz3Y1gCYqZnOBVg83E4dTUP-aBZdwhnEQBq_-HYvYUlUWOxvghNOg8rM6Po_qXQU-g&atk=1jqb2t9ia26pt003,"Comfortable speaking with high-net-worth and professional clients. Previous experience in appointment setting, telesales, sales support, customer service, business development, or a similar client-…",,,indeed_ae,2026-06-05 05:08:22.294833+00:00
Electrical Engineer,Creative Contemporary Architectural Design...,Dubai,https://ae.indeed.com/rc/clk?jk=cdff5e0727a40927&bb=VpocWisaw9LXSzKMChSmUyvYbmjjPui8c3DDY0gPgJLNGkgOXmGbQBtFi6BhrJ_uIes_ZRifwpqPpicxNSXwt4Z-t1xRPO2PEZucHpkyJMSnXWofj6xDCsXHSU_6DFD_csfILr7TyWZflDY0QQdcmg%3D%3D&xkcb=SoBv67M3iLN67rzDDZ0dbzkdCdPP&rjs=0&qd=Xd-cji1-rrfYy0m8LpokE8dF20pwsUrmctm8cTGFOXDOAPLLNYb6wmUg8gjYJafwpsXE23qShaYtGgdtUJu_X5BBGG-ayCiM-gQi8HpsYsLtZozk31ERKPJGlDLUboAG50chrnGX4B46HyqhlSj9xMohy02t3MX0n-6xoRHLk5Oh8V2c0duIS4mZo0TAq11Zl61No7XvcMPz961yBIpblougDO3NlIXerppYqweTrkxdIR2u4KVXi5XGrbZ08pfBgjrEyAE0GkSkYu3jG0wyzz3Y1gCYqZnOBVg83E4dTUP-aBZdwhnEQBq_-HYvYUlUWOxvghNOg8rM6Po_qXQU-g&atk=1jqb2t9ia26pt003,"Employment Type:* Full-Time (Monday-Friday). The successful candidate will be involved in the design, coordination, authority submissions, and supervision of electrical systems for residential,…",,,indeed_ae,2026-06-05 05:08:22.220767+00:00
Estimation Engineer,Armoref general contracting LLC,Abu Dhabi,https://ae.indeed.com/rc/clk?jk=37b02754b1ee9b69&bb=VpocWisaw9LXSzKMChSmU656wtZdfxv_P7jDkuov_GZ7oWcnnLvdBGOGgDQxnTTteL7IzCU_uQaqshHMSvBkhaRAw8eAHdCNWvdsdtBxLfQ1zdcRrCi-YaXlGYIyQgmUE1M2J0-UjxAtxhGiQl6wVA%3D%3D&xkcb=SoDy67M3iLN67rzDDZ0ebzkdCdPP&rjs=0&qd=Xd-cji1-rrfYy0m8LpokE8dF20pwsUrmctm8cTGFOXDOAPLLNYb6wmUg8gjYJafwpsXE23qShaYtGgdtUJu_X5BBGG-ayCiM-gQi8HpsYsLtZozk31ERKPJGlDLUboAG50chrnGX4B46HyqhlSj9xMohy02t3MX0n-6xoRHLk5Oh8V2c0duIS4mZo0TAq11Zl61No7XvcMPz961yBIpblougDO3NlIXerppYqweTrkxdIR2u4KVXi5XGrbZ08pfBgjrEyAE0GkSkYu3jG0wyzz3Y1gCYqZnOBVg83E4dTUP-aBZdwhnEQBq_-HYvYUlUWOxvghNOg8rM6Po_qXQU-g&atk=1jqb2t9ia26pt003,"Estimation software (Candy, CostX, PlanSwift, or similar). We are looking for an experienced Estimation Engineer – Civil specializing in general civil and infrastructure projects (non high-rise).",,,indeed_ae,2026-06-05 05:08:22.138344+00:00
General Manager,Southend Prefab and Steel Fab,Sharjah,https://ae.indeed.com/rc/clk?jk=f6a7df258dbdc42f&bb=VpocWisaw9LXSzKMChSmU0cSyb-CWsv-LdmOlcmLKfjNbZC4scnl82R0KBiSiOWhZTe3TtIn5uv2ttYD0mDNbAfZvBWe8OqeGR5yxvLkB1SRcpWtyoupyLXpLFexePa2cxYsOoVeNwuExoAnjHDzEQ%3D%3D&xkcb=SoBG67M3iLN67rzDDZ0fbzkdCdPP&rjs=0&qd=Xd-cji1-rrfYy0m8LpokE8dF20pwsUrmctm8cTGFOXDOAPLLNYb6wmUg8gjYJafwpsXE23qShaYtGgdtUJu_X5BBGG-ayCiM-gQi8HpsYsLtZozk31ERKPJGlDLUboAG50chrnGX4B46HyqhlSj9xMohy02t3MX0n-6xoRHLk5Oh8V2c0duIS4mZo0TAq11Zl61No7XvcMPz961yBIpblougDO3NlIXerppYqweTrkxdIR2u4KVXi5XGrbZ08pfBgjrEyAE0GkSkYu3jG0wyzz3Y1gCYqZnOBVg83E4dTUP-aBZdwhnEQBq_-HYvYUlUWOxvghNOg8rM6Po_qXQU-g&atk=1jqb2t9ia26pt003,"Looking for somebody who can join immediately and have ability to generate business. Overseeing the evaluation of high-value tenders, commercial risk analysis, variation orders, and claims mitigation.",,,indeed_ae,2026-06-05 05:08:22.040469+00:00
Marketing Executive,atlas vision real estate llc,Dubai,https://ae.indeed.com/rc/clk?jk=8b9212487553cd00&bb=VpocWisaw9LXSzKMChSmUwKOOop1kdlgrGFr06XnR_u18P6FogZq5NP2mgIoV0AX9mkPiogmlfrESbSZ1H04k9iVXL5nzPcdCyvlcHR3sVB9pNEecifjYEQ0gCPojbIZ7RupuXSuN4_PT8X8bo8Wzw%3D%3D&xkcb=SoDI67M3iLN67rzDDZ0YbzkdCdPP&rjs=0&qd=Xd-cji1-rrfYy0m8LpokE8dF20pwsUrmctm8cTGFOXDOAPLLNYb6wmUg8gjYJafwpsXE23qShaYtGgdtUJu_X5BBGG-ayCiM-gQi8HpsYsLtZozk31ERKPJGlDLUboAG50chrnGX4B46HyqhlSj9xMohy02t3MX0n-6xoRHLk5Oh8V2c0duIS4mZo0TAq11Zl61No7XvcMPz961yBIpblougDO3NlIXerppYqweTrkxdIR2u4KVXi5XGrbZ08pfBgjrEyAE0GkSkYu3jG0wyzz3Y1gCYqZnOBVg83E4dTUP-aBZdwhnEQBq_-HYvYUlUWOxvghNOg8rM6Po_qXQU-g&atk=1jqb2t9ia26pt003,We are a real estate agency in Dubai looking for a hands-on Marketing & Content Creator who can manage end-to-end content production and social media marketing. Plan and execute content calendars.,,,indeed_ae,2026-06-05 05:08:21.905868+00:00
Architect,Naissk Hospitality,Dubai,https://ae.indeed.com/rc/clk?jk=78d987e984d8fb39&bb=VpocWisaw9LXSzKMChSmU4b9JvH0znz6_Q6WxNr2Fxy6Z-U563n0i-A7cu8BmEZQcAVsdIKB5GRYRaMrHxbGoQquP_iFjued3veF3Pgrk4V_YV8o7uggVVVI_ncSheOTIGHFgvp-_Bd8nf_z4PoYGQ%3D%3D&xkcb=SoB867M3iLN67rzDDZ0ZbzkdCdPP&rjs=0&qd=Xd-cji1-rrfYy0m8LpokE8dF20pwsUrmctm8cTGFOXDOAPLLNYb6wmUg8gjYJafwpsXE23qShaYtGgdtUJu_X5BBGG-ayCiM-gQi8HpsYsLtZozk31ERKPJGlDLUboAG50chrnGX4B46HyqhlSj9xMohy02t3MX0n-6xoRHLk5Oh8V2c0duIS4mZo0TAq11Zl61No7XvcMPz961yBIpblougDO3NlIXerppYqweTrkxdIR2u4KVXi5XGrbZ08pfBgjrEyAE0GkSkYu3jG0wyzz3Y1gCYqZnOBVg83E4dTUP-aBZdwhnEQBq_-HYvYUlUWOxvghNOg8rM6Po_qXQU-g&atk=1jqb2t9ia26pt003,"Create drawings and models using software like AutoCAD, Revit, or SketchUp. Proficiency in architectural design software . Coordinate with engineers , contractors, and other professionals.",,,indeed_ae,2026-06-05 05:08:21.827383+00:00
MEP Engineer,ALL DIRECTIONS HUMAN RESORCES CONSULTANSIES L.L.C,Abu Dhabi,https://ae.indeed.com/rc/clk?jk=eb9c60d14ef51e94&bb=VpocWisaw9LXSzKMChSmU0mK_92xCW2HaoSzsbwday9u0ZK-_xhlcE03TW82_BHFrlRnmuIrHomONdEBuR5PW1VoQX7c0iSOsof_TiiLt-TsCXgHZwZ0o1paDJb1fyJm-xCDP1BiNKt9H-YeUqjR6A%3D%3D&xkcb=SoDh67M3iLN67rzDDZ0abzkdCdPP&rjs=0&qd=Xd-cji1-rrfYy0m8LpokE8dF20pwsUrmctm8cTGFOXDOAPLLNYb6wmUg8gjYJafwpsXE23qShaYtGgdtUJu_X5BBGG-ayCiM-gQi8HpsYsLtZozk31ERKPJGlDLUboAG50chrnGX4B46HyqhlSj9xMohy02t3MX0n-6xoRHLk5Oh8V2c0duIS4mZo0TAq11Zl61No7XvcMPz961yBIpblougDO3NlIXerppYqweTrkxdIR2u4KVXi5XGrbZ08pfBgjrEyAE0GkSkYu3jG0wyzz3Y1gCYqZnOBVg83E4dTUP-aBZdwhnEQBq_-HYvYUlUWOxvghNOg8rM6Po_qXQU-g&atk=1jqb2t9ia26pt003,"FM Engineer (Mechanical /Electrical), -3 nos minimum 8 years experience in FM of high rise buildings. Supervisor / team Leader (Mechanical /Electrical) - 5 nos. minimum 6 years experience in FM of…",,,indeed_ae,2026-06-05 05:08:21.716652+00:00
Draftsman AutoCAD - Infrastructure projects,HSJB BUSINESS CONSULTING,Dubai,https://ae.indeed.com/rc/clk?jk=f0b658ae7f5ac3fb&bb=VpocWisaw9LXSzKMChSmUwvaFNQPaEIoqtR76vohnUSL35Jz0kVXuB_z69qyXOtnlIgPS1MiAxcK8_uWKJ_JYswfsTaavZGjPK4ziJ8gLy0bG8GdrINNQjBBHvEEMsVZbtNPscBCtbSxiGjLR93Kvg%3D%3D&xkcb=SoBV67M3iLN67rzDDZ0bbzkdCdPP&rjs=0&qd=Xd-cji1-rrfYy0m8LpokE8dF20pwsUrmctm8cTGFOXDOAPLLNYb6wmUg8gjYJafwpsXE23qShaYtGgdtUJu_X5BBGG-ayCiM-gQi8HpsYsLtZozk31ERKPJGlDLUboAG50chrnGX4B46HyqhlSj9xMohy02t3MX0n-6xoRHLk5Oh8V2c0duIS4mZo0TAq11Zl61No7XvcMPz961yBIpblougDO3NlIXerppYqweTrkxdIR2u4KVXi5XGrbZ08pfBgjrEyAE0GkSkYu3jG0wyzz3Y1gCYqZnOBVg83E4dTUP-aBZdwhnEQBq_-HYvYUlUWOxvghNOg8rM6Po_qXQU-g&atk=1jqb2t9ia26pt003,Study CAR with ring diagrams and understand NOC drawings. Update drawings based on site modifications and project requirements. Prepare drawings related to traffic diversion and paid parking…,,,indeed_ae,2026-06-05 05:08:21.624748+00:00
PL/SQL Developer (Loyalty & Cards),D4 Insight,Abu Dhabi,https://ae.indeed.com/rc/clk?jk=f8af01f3c833b427&bb=VpocWisaw9LXSzKMChSmU9j5q6EDKGpy_d2VK4QnmNX4z7NqO4Y3hekkNL55GVGkAVweONgdIAqXMC1O_72H-2PgjG2MrLrjTPNKMCO5Dp6gC260xcCz2gZaCRg44BvGF3wRKEMrcylAi3MAuwMYMA%3D%3D&xkcb=SoBy67M3iLN67rzDDZ0EbzkdCdPP&rjs=0&qd=Xd-cji1-rrfYy0m8LpokE8dF20pwsUrmctm8cTGFOXDOAPLLNYb6wmUg8gjYJafwpsXE23qShaYtGgdtUJu_X5BBGG-ayCiM-gQi8HpsYsLtZozk31ERKPJGlDLUboAG50chrnGX4B46HyqhlSj9xMohy02t3MX0n-6xoRHLk5Oh8V2c0duIS4mZo0TAq11Zl61No7XvcMPz961yBIpblougDO3NlIXerppYqweTrkxdIR2u4KVXi5XGrbZ08pfBgjrEyAE0GkSkYu3jG0wyzz3Y1gCYqZnOBVg83E4dTUP-aBZdwhnEQBq_-HYvYUlUWOxvghNOg8rM6Po_qXQU-g&atk=1jqb2t9ia26pt003,"We are looking for experienced PL/SQL Developer to support the development and enhancement of enterprise loyalty platforms, with a focus on virtual cards, rewards management, and partner integrations.",,,indeed_ae,2026-06-05 05:08:21.528460+00:00
Site Mechanical Engineer,T3 Group,Abu Dhabi,https://ae.indeed.com/rc/clk?jk=40d1740d261203a9&bb=VpocWisaw9LXSzKMChSmU656wtZdfxv_F9SZovTL0dzP-4aqRa19WlkJswQRYEQKOB2IY3yn-LtyqxpDS-qq51RokdojpC6D4KLfrRVbvob0MuW4QvgzF-s0F07Vnj-K80alUad7o-puyF1Xi_GlkQ%3D%3D&xkcb=SoDG67M3iLN67rzDDZ0FbzkdCdPP&rjs=0&qd=Xd-cji1-rrfYy0m8LpokE8dF20pwsUrmctm8cTGFOXDOAPLLNYb6wmUg8gjYJafwpsXE23qShaYtGgdtUJu_X5BBGG-ayCiM-gQi8HpsYsLtZozk31ERKPJGlDLUboAG50chrnGX4B46HyqhlSj9xMohy02t3MX0n-6xoRHLk5Oh8V2c0duIS4mZo0TAq11Zl61No7XvcMPz961yBIpblougDO3NlIXerppYqweTrkxdIR2u4KVXi5XGrbZ08pfBgjrEyAE0GkSkYu3jG0wyzz3Y1gCYqZnOBVg83E4dTUP-aBZdwhnEQBq_-HYvYUlUWOxvghNOg8rM6Po_qXQU-g&atk=1jqb2t9ia26pt003,"Utilize design software (e.g., AutoCAD, Revit, Revizto, or BIM tools) to produce detailed layouts and schematics. Address challenges in integrating new systems into existing buildings or structures.",,,indeed_ae,2026-06-05 05:08:21.383114+00:00
System Analyst (Cards & Payments),Dicetek LLC,Abu Dhabi,https://ae.indeed.com/rc/clk?jk=a006c9318ae5530c&bb=VpocWisaw9LXSzKMChSmU7M1mQHwGfymaKSQUGbFPevYRZLp8og7XRiqfjb7FdknB5hMMWIcQxfsGdD8LuiBGOj4bWmGHRa515dx0ppIlaxUuh1c7LvLytx3Ke6VYobZEVSwuSJ1mrTD2evlMEKXyQ%3D%3D&xkcb=SoBb67M3iLN67rzDDZ0GbzkdCdPP&rjs=0&qd=Xd-cji1-rrfYy0m8LpokE8dF20pwsUrmctm8cTGFOXDOAPLLNYb6wmUg8gjYJafwpsXE23qShaYtGgdtUJu_X5BBGG-ayCiM-gQi8HpsYsLtZozk31ERKPJGlDLUboAG50chrnGX4B46HyqhlSj9xMohy02t3MX0n-6xoRHLk5Oh8V2c0duIS4mZo0TAq11Zl61No7XvcMPz961yBIpblougDO3NlIXerppYqweTrkxdIR2u4KVXi5XGrbZ08pfBgjrEyAE0GkSkYu3jG0wyzz3Y1gCYqZnOBVg83E4dTUP-aBZdwhnEQBq_-HYvYUlUWOxvghNOg8rM6Po_qXQU-g&atk=1jqb2t9ia26pt003,"Hands‑on experience with Agile project methodologies and associated tools such as Jira, Confluence, or similar platforms. Serve as a System Analyst for Credit Card or Debit Card systems, acting as a…",,,indeed_ae,2026-06-05 05:08:21.322806+00:00
Draftsman - Landscape,Al Bahri Engineering Consultancy & Interior Design,Abu Dhabi,https://ae.indeed.com/rc/clk?jk=ea45c2e2db55aafd&bb=VpocWisaw9LXSzKMChSmU_d3Rsf1_3-zoXsuQEbNzkmKuvwUjHPALEME_lQDTHewJEb7GL5VvkEyl9TvuxcaAqM1hOBtic75RNxQ0zOrkCAoun9zjMotOlFRaFLYb9z1jm0SZLp5bd0vWpDyphonnQ%3D%3D&xkcb=SoDv67M3iLN67rzDDZ0HbzkdCdPP&rjs=0&qd=Xd-cji1-rrfYy0m8LpokE8dF20pwsUrmctm8cTGFOXDOAPLLNYb6wmUg8gjYJafwpsXE23qShaYtGgdtUJu_X5BBGG-ayCiM-gQi8HpsYsLtZozk31ERKPJGlDLUboAG50chrnGX4B46HyqhlSj9xMohy02t3MX0n-6xoRHLk5Oh8V2c0duIS4mZo0TAq11Zl61No7XvcMPz961yBIpblougDO3NlIXerppYqweTrkxdIR2u4KVXi5XGrbZ08pfBgjrEyAE0GkSkYu3jG0wyzz3Y1gCYqZnOBVg83E4dTUP-aBZdwhnEQBq_-HYvYUlUWOxvghNOg8rM6Po_qXQU-g&atk=1jqb2t9ia26pt003,"Diploma or Bachelor's Degree in Architecture, Drafting, Civil Engineering, Landscape Architecture, or a related field. Coordinate with landscape architects, engineers , and project teams to ensure…",,,indeed_ae,2026-06-05 05:08:21.278713+00:00
Engineering Supervisor,Naissk Hospitality,Dubai,https://ae.indeed.com/rc/clk?jk=1bc8fc88f52002ac&bb=VpocWisaw9LXSzKMChSmU33OQPWVxa-1OSzM1m3aORzoSfBq_ouRGBTzmiA7jZHVq2oBCAgZXAso9KPR8brWIeRrU4nzA4TCLmxTVU7fPKXHH4c6gg2Vj_y4M8ohd2BezsC8jdoYNB0geNMi41oIcQ%3D%3D&xkcb=SoBI67M3iLN67rzDDZ0CbzkdCdPP&rjs=0&qd=Xd-cji1-rrfYy0m8LpokE8dF20pwsUrmctm8cTGFOXDOAPLLNYb6wmUg8gjYJafwpsXE23qShaYtGgdtUJu_X5BBGG-ayCiM-gQi8HpsYsLtZozk31ERKPJGlDLUboAG50chrnGX4B46HyqhlSj9xMohy02t3MX0n-6xoRHLk5Oh8V2c0duIS4mZo0TAq11Zl61No7XvcMPz961yBIpblougDO3NlIXerppYqweTrkxdIR2u4KVXi5XGrbZ08pfBgjrEyAE0GkSkYu3jG0wyzz3Y1gCYqZnOBVg83E4dTUP-aBZdwhnEQBq_-HYvYUlUWOxvghNOg8rM6Po_qXQU-g&atk=1jqb2t9ia26pt003,"Proven experience in engineering supervision or maintenance management. Monitor inventory and order engineering materials or spare parts. Troubleshoot mechanical, electrical, or operational problems.",,,indeed_ae,2026-06-05 05:08:21.235246+00:00
Clerk,Archirodon Group N.V,Abu Dhabi,https://ae.indeed.com/rc/clk?jk=9e42ff7271df7e02&bb=VpocWisaw9LXSzKMChSmU9j5q6EDKGpyecIkOEabd21ukrwajoCIU_046g_aLzJgawVSebagkuRA7x_zvdTXI6TuYYhC72jY8TdMyivxbYr_GTjz2AJsOeCCBjb6iUOblrSRxCJxLBv7B2ohmMZ6nA%3D%3D&xkcb=SoD867M3iLN67rzDDZ0DbzkdCdPP&rjs=0&qd=Xd-cji1-rrfYy0m8LpokE8dF20pwsUrmctm8cTGFOXDOAPLLNYb6wmUg8gjYJafwpsXE23qShaYtGgdtUJu_X5BBGG-ayCiM-gQi8HpsYsLtZozk31ERKPJGlDLUboAG50chrnGX4B46HyqhlSj9xMohy02t3MX0n-6xoRHLk5Oh8V2c0duIS4mZo0TAq11Zl61No7XvcMPz961yBIpblougDO3NlIXerppYqweTrkxdIR2u4KVXi5XGrbZ08pfBgjrEyAE0GkSkYu3jG0wyzz3Y1gCYqZnOBVg83E4dTUP-aBZdwhnEQBq_-HYvYUlUWOxvghNOg8rM6Po_qXQU-g&atk=1jqb2t9ia26pt003,"Diploma or Bachelor’s Degree in any discipline. 2–5 years of experience in administrative or clerical roles. Project includes the detailed engineering and design, quality assurance and control,…",,,indeed_ae,2026-06-05 05:08:21.189199+00:00
Electrical Engineer,Prime Star Electrical and Mechanical Works,Dubai,https://ae.indeed.com/rc/clk?jk=bc96f371cffcec41&bb=VpocWisaw9LXSzKMChSmU1uZHRMZ6vz5etK-Rf31ZHmp0_CZ54GvFXOuhDCosWl2fAPm4xHIPPrPI0KUhNVqZXCDpp7cSlsY3Fki7DI5VBN1-2GbmauFiEPQOJHrqbdbj7-wveawEW03VEqjqul70w%3D%3D&xkcb=SoAV67M3iLN67rzDDZ0MbzkdCdPP&rjs=0&qd=Xd-cji1-rrfYy0m8LpokE8dF20pwsUrmctm8cTGFOXDOAPLLNYb6wmUg8gjYJafwpsXE23qShaYtGgdtUJu_X5BBGG-ayCiM-gQi8HpsYsLtZozk31ERKPJGlDLUboAG50chrnGX4B46HyqhlSj9xMohy02t3MX0n-6xoRHLk5Oh8V2c0duIS4mZo0TAq11Zl61No7XvcMPz961yBIpblougDO3NlIXerppYqweTrkxdIR2u4KVXi5XGrbZ08pfBgjrEyAE0GkSkYu3jG0wyzz3Y1gCYqZnOBVg83E4dTUP-aBZdwhnEQBq_-HYvYUlUWOxvghNOg8rM6Po_qXQU-g&atk=1jqb2t9ia26pt003,Electrical Engineer required with UAE experience Work Location: In…,,,indeed_ae,2026-06-05 05:08:21.147670+00:00
Electrical Engineer,Al Amal Electromechanical LLC,Remote in Dubai,https://ae.indeed.com/rc/clk?jk=d37ebe9f16ddeed4&bb=VpocWisaw9LXSzKMChSmU7Zfc0q0GoWN9TjgXloyU__WDV0GcfoYoruoN_bVZjS6Dupm0OjCZtNvUXlFd0J71KeCz7_fMzVGqiNE784M1Y0Stg6xVpZ8iSPo8IqlSSU2OUMP_e0DOL68uedtYrpelw%3D%3D&xkcb=SoA867M3iLN67rzDDZ0ObzkdCdPP&rjs=0&qd=Xd-cji1-rrfYy0m8LpokE8dF20pwsUrmctm8cTGFOXDOAPLLNYb6wmUg8gjYJafwpsXE23qShaYtGgdtUJu_X5BBGG-ayCiM-gQi8HpsYsLtZozk31ERKPJGlDLUboAG50chrnGX4B46HyqhlSj9xMohy02t3MX0n-6xoRHLk5Oh8V2c0duIS4mZo0TAq11Zl61No7XvcMPz961yBIpblougDO3NlIXerppYqweTrkxdIR2u4KVXi5XGrbZ08pfBgjrEyAE0GkSkYu3jG0wyzz3Y1gCYqZnOBVg83E4dTUP-aBZdwhnEQBq_-HYvYUlUWOxvghNOg8rM6Po_qXQU-g&atk=1jqb2t9ia26pt003,Professional Engineer (PE) license or equivalent certification preferred. Strong knowledge of electrical design and engineering software/tools. Provide technical guidance and mentoring to junior…,,,indeed_ae,2026-06-05 05:08:21.105653+00:00
WordPress Developer & Designer (UI/UX + Figma),Aivora Digital,Dubai,https://ae.indeed.com/rc/clk?jk=0364a8bdd8f875d1&bb=VpocWisaw9LXSzKMChSmU1mYh_ty70sa_RRIngG63NerIGxuBjA6TszgXX1kVQjPUrtSVEZcZriARtj8h7yM3ndxEeHF9Kdo3MTFXBvm9sz1rrkSSxS6BGD6fh4KaWo0c9492QBIlhz0v4MELPfYzA%3D%3D&xkcb=SoCI67M3iLN67rzDDZ0PbzkdCdPP&rjs=0&qd=Xd-cji1-rrfYy0m8LpokE8dF20pwsUrmctm8cTGFOXDOAPLLNYb6wmUg8gjYJafwpsXE23qShaYtGgdtUJu_X5BBGG-ayCiM-gQi8HpsYsLtZozk31ERKPJGlDLUboAG50chrnGX4B46HyqhlSj9xMohy02t3MX0n-6xoRHLk5Oh8V2c0duIS4mZo0TAq11Zl61No7XvcMPz961yBIpblougDO3NlIXerppYqweTrkxdIR2u4KVXi5XGrbZ08pfBgjrEyAE0GkSkYu3jG0wyzz3Y1gCYqZnOBVg83E4dTUP-aBZdwhnEQBq_-HYvYUlUWOxvghNOg8rM6Po_qXQU-g&atk=1jqb2t9ia26pt003,"WordPress Designer & Developer (UI/UX + Figma) – Full Time. Visa:* Candidate must have their own valid UAE visa (Visit Visa, Freelance Visa, Family Visa, Golden Visa, etc.).",,,indeed_ae,2026-06-05 05:08:21.060787+00:00
Business Associate,Emtech Computer Co. LLC,Dubai,https://ae.indeed.com/rc/clk?jk=46c19224a7e827d5&bb=VpocWisaw9LXSzKMChSmU4d6LWjL6hFm8W2Pjrg1u_8S9EZxLkDRNgWecJntLyHgNlMScRsP7Xc-NeVzXv4ki7cJktbsSVGvf6RHw75PWZBySrU85Dtgf2dh6gTzVQbhCG35BuECP5x_2DTTAh-sYw%3D%3D&xkcb=SoAG67M3iLN67rzDDZ0IbzkdCdPP&rjs=0&qd=Xd-cji1-rrfYy0m8LpokE8dF20pwsUrmctm8cTGFOXDOAPLLNYb6wmUg8gjYJafwpsXE23qShaYtGgdtUJu_X5BBGG-ayCiM-gQi8HpsYsLtZozk31ERKPJGlDLUboAG50chrnGX4B46HyqhlSj9xMohy02t3MX0n-6xoRHLk5Oh8V2c0duIS4mZo0TAq11Zl61No7XvcMPz961yBIpblougDO3NlIXerppYqweTrkxdIR2u4KVXi5XGrbZ08pfBgjrEyAE0GkSkYu3jG0wyzz3Y1gCYqZnOBVg83E4dTUP-aBZdwhnEQBq_-HYvYUlUWOxvghNOg8rM6Po_qXQU-g&atk=1jqb2t9ia26pt003,"Experience or familiarity with solutions such as: Business Associate will be responsible for coordinating, preparing, and submitting high-quality technical and commercial proposals for IT…",,,indeed_ae,2026-06-05 05:08:21.022289+00:00
Mechanical/Electrical Engineers,Creators Electro Mechanical MEP,Abu Dhabi,https://ae.indeed.com/rc/clk?jk=547af2357bd0c3b5&bb=10fexBritJ44UosecuIB0UZ2iYzNFLsOY4HNW36u37WB2PikKPWvcIyXw5ZkbdOXi3TnOeJXC3KLtSvNAynJA0ZswUkWqNTvEvvHZTfgEhwu268_NDSLKtt3XIVGfrixGuMIaVQOtJAWJXrYCUpxjA%3D%3D&xkcb=SoBE67M3iLN7ebTF1J0TbzkdCdPP&rjs=0&qd=Xd-cji1-rrfYy0m8LpokE8dF20pwsUrmctm8cTGFOXDOAPLLNYb6wmUg8gjYJafwpsXE23qShaYtGgdtUJu_X5BBGG-ayCiM-gQi8HpsYsLtZozk31ERKPJGlDLUboAG50chrnGX4B46HyqhlSj9xMohy02t3MX0n-6xoRHLk5Oh8V2c0duIS4mZo0TAq11Zl61No7XvcMPz961yBIpblougDO3NlIXerppYqweTrkxdIR2u4KVXi5XGrbZ08pfBgjrEyAE0GkSkYu3jG0wyz6GIieWwfPZAKqtdWM0F9pMWFXbhkSc_JmIBFYip5p4ZWOxvghNOg8rM6Po_qXQU-g&atk=1jqb2t4vr26s7004,"Relevant professional experience in construction, MEP, infrastructure, or related engineering fields. Strong technical knowledge and problem-solving skills.",,,indeed_ae,2026-06-05 05:08:17.007501+00:00
Procurement Officer,Mechden Steel Fabrication L.L.C,Sharjah,https://ae.indeed.com/rc/clk?jk=9da9326ab8ab26cb&bb=10fexBritJ44UosecuIB0Sps3UGkPuajrnfoYoOsu9dA2nkyY1sN59A7QWPfyN8z9ptcIlf78SKVPVJqYm6hDwAL89kwfunw0sBj-mrLKV9vdzMyiIWt1IfQDyccq7CuLyQVyUK2jcltAnZVBABVoQ%3D%3D&xkcb=SoCt67M3iLN7ebTF1J0cbzkdCdPP&rjs=0&qd=Xd-cji1-rrfYy0m8LpokE8dF20pwsUrmctm8cTGFOXDOAPLLNYb6wmUg8gjYJafwpsXE23qShaYtGgdtUJu_X5BBGG-ayCiM-gQi8HpsYsLtZozk31ERKPJGlDLUboAG50chrnGX4B46HyqhlSj9xMohy02t3MX0n-6xoRHLk5Oh8V2c0duIS4mZo0TAq11Zl61No7XvcMPz961yBIpblougDO3NlIXerppYqweTrkxdIR2u4KVXi5XGrbZ08pfBgjrEyAE0GkSkYu3jG0wyz6GIieWwfPZAKqtdWM0F9pMWFXbhkSc_JmIBFYip5p4ZWOxvghNOg8rM6Po_qXQU-g&atk=1jqb2t4vr26s7004,"Bachelor's Degree or Diploma in Business Administration, Supply Chain Management, Engineering, or a related field. Familiarity with ERP systems and procurement software is an advantage.",,,indeed_ae,2026-06-05 05:08:16.968123+00:00
Videographer / Photographer / Editor / AI Content Creator,Pythonbull,Dubai,https://ae.indeed.com/rc/clk?jk=d35c8321eeb66d71&bb=10fexBritJ44UosecuIB0ZmWi1KvRSVARA5-Qv7PgywhbYXhYY4tQsghiuLUeSkbE0LirHtCzBZbb7_lSJKnNOETFRpA0wBil9wFLf_-I5Fb0I3e-XF11Vmt-F_lQIkixYBXvSE5DBf1pQ6OJqwG9g%3D%3D&xkcb=SoAZ67M3iLN7ebTF1J0dbzkdCdPP&rjs=0&qd=Xd-cji1-rrfYy0m8LpokE8dF20pwsUrmctm8cTGFOXDOAPLLNYb6wmUg8gjYJafwpsXE23qShaYtGgdtUJu_X5BBGG-ayCiM-gQi8HpsYsLtZozk31ERKPJGlDLUboAG50chrnGX4B46HyqhlSj9xMohy02t3MX0n-6xoRHLk5Oh8V2c0duIS4mZo0TAq11Zl61No7XvcMPz961yBIpblougDO3NlIXerppYqweTrkxdIR2u4KVXi5XGrbZ08pfBgjrEyAE0GkSkYu3jG0wyz6GIieWwfPZAKqtdWM0F9pMWFXbhkSc_JmIBFYip5p4ZWOxvghNOg8rM6Po_qXQU-g&atk=1jqb2t4vr26s7004,"Strong proficiency in Adobe Premiere Pro, After Effects, or equivalent editing software . Basic motion graphics, animation, or visual effects skills. Experience creating content for brands, agencies,…",,,indeed_ae,2026-06-05 05:08:16.928635+00:00
Instrumentation Engineer Level II,Worley,Abu Dhabi,https://ae.indeed.com/rc/clk?jk=95c468a144acfae6&bb=10fexBritJ44UosecuIB0UpFxPcKKZGzt_CmntfhliZqKJbC1d4WAH2PUxyJTuEKOcZ9tYPHtoglFU3Q-BzAqKMIxxc2H5msdE5-HaJx3eOcGGqRb0HgFnaqBkvJ2Ha-SCZg4rOJjl9Ziu5zyVEa3A%3D%3D&xkcb=SoCE67M3iLN7ebTF1J0ebzkdCdPP&rjs=0&qd=Xd-cji1-rrfYy0m8LpokE8dF20pwsUrmctm8cTGFOXDOAPLLNYb6wmUg8gjYJafwpsXE23qShaYtGgdtUJu_X5BBGG-ayCiM-gQi8HpsYsLtZozk31ERKPJGlDLUboAG50chrnGX4B46HyqhlSj9xMohy02t3MX0n-6xoRHLk5Oh8V2c0duIS4mZo0TAq11Zl61No7XvcMPz961yBIpblougDO3NlIXerppYqweTrkxdIR2u4KVXi5XGrbZ08pfBgjrEyAE0GkSkYu3jG0wyz6GIieWwfPZAKqtdWM0F9pMWFXbhkSc_JmIBFYip5p4ZWOxvghNOg8rM6Po_qXQU-g&atk=1jqb2t4vr26s7004,"Computer skills with MS office and Instrumentation engineering / sizing software such as SPI, AVEVA, Instrucalc software , etc. A skilled Instrumentation and Control Engineer with around 10 years of…",,,indeed_ae,2026-06-05 05:08:16.887755+00:00
AI-Enhanced Growth & Performance Marketer,SB,Dubai,https://ae.indeed.com/rc/clk?jk=cdd3627548e836ad&bb=10fexBritJ44UosecuIB0bSdkxbz9C3eubwTfcRQr1gTH-hJ3XrMlhXYA0rLPxGyJNul8x4SyCdcesXYL33jCmSrBkfOLpaaEehFIH8AbYY0Oi5fJVs7SXd5RrkVWq9Ee8kKkWYmhLN2js5zkBZQrg%3D%3D&xkcb=SoAw67M3iLN7ebTF1J0fbzkdCdPP&rjs=0&qd=Xd-cji1-rrfYy0m8LpokE8dF20pwsUrmctm8cTGFOXDOAPLLNYb6wmUg8gjYJafwpsXE23qShaYtGgdtUJu_X5BBGG-ayCiM-gQi8HpsYsLtZozk31ERKPJGlDLUboAG50chrnGX4B46HyqhlSj9xMohy02t3MX0n-6xoRHLk5Oh8V2c0duIS4mZo0TAq11Zl61No7XvcMPz961yBIpblougDO3NlIXerppYqweTrkxdIR2u4KVXi5XGrbZ08pfBgjrEyAE0GkSkYu3jG0wyz6GIieWwfPZAKqtdWM0F9pMWFXbhkSc_JmIBFYip5p4ZWOxvghNOg8rM6Po_qXQU-g&atk=1jqb2t4vr26s7004,"The candidate must demonstrate active proficiency or high agility in combining traditional platforms with AI systems: Graphics/Layouts: Canva AI , Midjourney, Adobe Firefly, or equivalent platforms…",,,indeed_ae,2026-06-05 05:08:16.846491+00:00
Urgently Hiring: Mechanical Engineer (UAE Experience Required & with own Car & Valid UAE License),Nisreen Kayyali Consulting Engineers,Al Barsha,https://ae.indeed.com/pagead/clk?mo=r&ad=-6NYlbfkN0BGoJDr6gLz90viMfDKxkIdkEZUp9YTq8B5TyxYSxRh_ymJQCF8F9IqdHQnBPLfogdNQXB3ZwD2loGbKS-9EMqsocKduZkljbP6RcpzIoAcourFCVjPtiDigx7kX_5sVKoXfYQyS6E2E_DY16wQay7klWqRPK8QBZyk9XNlLBOl2lu0TbsJl9J04BdobdlLm6ob_KL1Gd40QOGGtZgMW-xeIgOATF7cRC52t2Jb5JajspRapbmaXLL_TxnRIVOJ2dilVt17KfdLemHiSJ-fWoGefIPUyDvCLKL8ctlLfTcGtUgqO4ogtejEFBUDlShEZK5Y-SC7XRhnGIqI3Dv3Z7DWtqqdfQBlVXDwXF5XdRsKA3IKjOeHainAlACGwvdbYdLqGPxdl8n0YlMMTunNo1Vj6D34j6oS6u5jXKVDyOZio2an9HzzeWWH2YA6JXve_uVcPLxvZgSqB4BwlQJfGV3s2sIF_yVULw2dVVb83jX5GNFfvyCoPwqfpnxMo56oyBZCt04r3ySkOuXQFeO-0zJ8vrEHbIMpfW5MnFwAPnKGjMQux7hWUwQCZVCBzbkAe7bNLVQHCp5RbInnomK880UZibusjdGvDrpqDv-6Evt6CVQ9kacO7gaBdKDfa6a6DPfFjasnuSod446woRXCi6Lal2WShm6hWD8G9lak1gXUTGMogcEYrATCfY020_eiAxXKVZEw55usUYVoCap_TjIZSKDvFnU0sZHipbIRlBsmAI6UR_XbXBAB3lNPXE19iHb1_5DFaOe3iPDBmqQikq8Am5v5MNQbWn6Nk0pV7B-Zo6KN3W-iGUA5mTxTh7yczi33XmyDEl_tPbtneRk_X6Fn1QzZW83BfjEag1dinpkq3hR-naruGhbwUGEAcZ9gRmnDroZxSeAUhYGunl3FE8layfDHOeqv4bAuGCjTNGlz1wKaxJH2LZpF1gF62PorWhPvwFGfs0QDLNi4gOt2Z-uKp1PeJxMENEpTVZgIrs6jq5WkIa-cZ6KqeoHHbVudUsuWjMvb2YkJd0Y97HpUMb2zjLolc983qhOhf6WccoG38A==&xkcb=SoBK6_M3iLN7ebTF1J0YbzkdCdPP&camk=C3EPSzFlQw81WthCBWNTrA==&p=19&atk=1jqb2t4vr26s7004,"Proficiency in relevant design software such as AutoCAD, Revit, and HVAC load calculation software . We are looking for a Mechanical Design Engineer with a minimum of 3 years UAE Experience.",,,indeed_ae,2026-06-05 05:08:16.801652+00:00
Data Entry Operator,Nosrati MM LLC Dubai,Dubai,https://ae.indeed.com/rc/clk?jk=6d7c04437326f9e1&bb=10fexBritJ44UosecuIB0RY9rQ9vjsVMVzPMmqgI49N1v9IWx-1wEJYxEkLn7J6TYIjTalQzXEshYz7f2XRARbX4Qx8BpwG7sudop7VQAOd1IhJ5BgTcYzJFFbU2JEj0ShX9te8vUE-wB0tpWJzFNg%3D%3D&xkcb=SoAK67M3iLN7ebTF1J0ZbzkdCdPP&rjs=0&qd=Xd-cji1-rrfYy0m8LpokE8dF20pwsUrmctm8cTGFOXDOAPLLNYb6wmUg8gjYJafwpsXE23qShaYtGgdtUJu_X5BBGG-ayCiM-gQi8HpsYsLtZozk31ERKPJGlDLUboAG50chrnGX4B46HyqhlSj9xMohy02t3MX0n-6xoRHLk5Oh8V2c0duIS4mZo0TAq11Zl61No7XvcMPz961yBIpblougDO3NlIXerppYqweTrkxdIR2u4KVXi5XGrbZ08pfBgjrEyAE0GkSkYu3jG0wyz6GIieWwfPZAKqtdWM0F9pMWFXbhkSc_JmIBFYip5p4ZWOxvghNOg8rM6Po_qXQU-g&atk=1jqb2t4vr26s7004,"High school diploma; additional computer training or certification will be an asset. Reviewing data for deficiencies or errors, correcting any incompatibilities and checking output.",,,indeed_ae,2026-06-05 05:08:16.758289+00:00
Principal Engineer,Petrofac,Abu Dhabi,https://ae.indeed.com/rc/clk?jk=e8bbec847af6c0a3&bb=10fexBritJ44UosecuIB0cnWFDztUQUaw_fdDIYZ40JVBU8nHTWsEcmQHcJZhIfCDQm84DbHG0rNYXFD1dgye8wQ74JcPi42wgtQqM9Ex9CDAFv1pebMQVZ-0c1tYPU8YkMXx4ucPjCyxccajyOXnA%3D%3D&xkcb=SoCX67M3iLN7ebTF1J0abzkdCdPP&rjs=0&qd=Xd-cji1-rrfYy0m8LpokE8dF20pwsUrmctm8cTGFOXDOAPLLNYb6wmUg8gjYJafwpsXE23qShaYtGgdtUJu_X5BBGG-ayCiM-gQi8HpsYsLtZozk31ERKPJGlDLUboAG50chrnGX4B46HyqhlSj9xMohy02t3MX0n-6xoRHLk5Oh8V2c0duIS4mZo0TAq11Zl61No7XvcMPz961yBIpblougDO3NlIXerppYqweTrkxdIR2u4KVXi5XGrbZ08pfBgjrEyAE0GkSkYu3jG0wyz6GIieWwfPZAKqtdWM0F9pMWFXbhkSc_JmIBFYip5p4ZWOxvghNOg8rM6Po_qXQU-g&atk=1jqb2t4vr26s7004,Regularly contact discipline engineers and supervisors for solving problems related to project execution work safely. Liaise & Coordinate with commissioning engineers and provide them support and…,,,indeed_ae,2026-06-05 05:08:16.717558+00:00
Architectural Engineer,Al Rehab Alarabi Build. Co. LLC. SP,Sharjah,https://ae.indeed.com/rc/clk?jk=1dfde22c1d5f95df&bb=10fexBritJ44UosecuIB0a2jlZTOy1kkWYn31wo2of9O0DuOy4U4DwfIY5EOnlgUau6h1ZqSzWhnEMRMmJiLsxxOutdtVY1l0p1jfDyTXnQnBSlO1v9Kb3a98CND4xNedLrrKfgO9cGi91GPAkhxaA%3D%3D&xkcb=SoAj67M3iLN7ebTF1J0bbzkdCdPP&rjs=0&qd=Xd-cji1-rrfYy0m8LpokE8dF20pwsUrmctm8cTGFOXDOAPLLNYb6wmUg8gjYJafwpsXE23qShaYtGgdtUJu_X5BBGG-ayCiM-gQi8HpsYsLtZozk31ERKPJGlDLUboAG50chrnGX4B46HyqhlSj9xMohy02t3MX0n-6xoRHLk5Oh8V2c0duIS4mZo0TAq11Zl61No7XvcMPz961yBIpblougDO3NlIXerppYqweTrkxdIR2u4KVXi5XGrbZ08pfBgjrEyAE0GkSkYu3jG0wyz6GIieWwfPZAKqtdWM0F9pMWFXbhkSc_JmIBFYip5p4ZWOxvghNOg8rM6Po_qXQU-g&atk=1jqb2t4vr26s7004,Bachelor's Degree in Architecture or Architectural Engineering. We are seeking a qualified and experienced Architectural Engineer to join our construction team.,,,indeed_ae,2026-06-05 05:08:16.678003+00:00
Agile Delivery Lead,The Emirates Group,Dubai,https://ae.indeed.com/rc/clk?jk=ded9dde24bfea737&bb=10fexBritJ44UosecuIB0SqnWjqk-aDzNWIOVAVdHmoJr2YEBTnO5U7ts-G-jYo8HseXDa3CQPvtXeJhcbF_iSHJ3xukgzym-E9suOXynd8viH39L4S39OunfQE2GjES2_zLMnqWrJOiFwlb4Zye5w%3D%3D&xkcb=SoAE67M3iLN7ebTF1J0EbzkdCdPP&rjs=0&qd=Xd-cji1-rrfYy0m8LpokE8dF20pwsUrmctm8cTGFOXDOAPLLNYb6wmUg8gjYJafwpsXE23qShaYtGgdtUJu_X5BBGG-ayCiM-gQi8HpsYsLtZozk31ERKPJGlDLUboAG50chrnGX4B46HyqhlSj9xMohy02t3MX0n-6xoRHLk5Oh8V2c0duIS4mZo0TAq11Zl61No7XvcMPz961yBIpblougDO3NlIXerppYqweTrkxdIR2u4KVXi5XGrbZ08pfBgjrEyAE0GkSkYu3jG0wyz6GIieWwfPZAKqtdWM0F9pMWFXbhkSc_JmIBFYip5p4ZWOxvghNOg8rM6Po_qXQU-g&atk=1jqb2t4vr26s7004,Degree or Honours or equivalent in a subject related to Computer Science or similar. Aviation Cargo or Logistics domain experience is preferred. Well versed in the use of tools of software delivery eg…,,,indeed_ae,2026-06-05 05:08:16.635527+00:00
Safety Engineer/Officer,"Kyong-Ho Engineering & Architects Co., Ltd.",Dubai,https://ae.indeed.com/rc/clk?jk=7f69f7ae67c98db4&bb=10fexBritJ44UosecuIB0fZh9GzX1acBb2WKiQKIvijSglOockqCvvx5CHePsbNOHjGBPIVy8-pgcfS5XI6TGKzxRLlfy9w_b-RS7jV2N2t2O8Vvj419FgmY1_NckjI59po9hsK82hX3GlVaFFu8Zw%3D%3D&xkcb=SoCw67M3iLN7ebTF1J0FbzkdCdPP&rjs=0&qd=Xd-cji1-rrfYy0m8LpokE8dF20pwsUrmctm8cTGFOXDOAPLLNYb6wmUg8gjYJafwpsXE23qShaYtGgdtUJu_X5BBGG-ayCiM-gQi8HpsYsLtZozk31ERKPJGlDLUboAG50chrnGX4B46HyqhlSj9xMohy02t3MX0n-6xoRHLk5Oh8V2c0duIS4mZo0TAq11Zl61No7XvcMPz961yBIpblougDO3NlIXerppYqweTrkxdIR2u4KVXi5XGrbZ08pfBgjrEyAE0GkSkYu3jG0wyz6GIieWwfPZAKqtdWM0F9pMWFXbhkSc_JmIBFYip5p4ZWOxvghNOg8rM6Po_qXQU-g&atk=1jqb2t4vr26s7004,Must be a licensed/registered civil/bridge engineer or equivalent. Bachelor's degree in civil engineering or HSE related field. Candidate must have at least fifteen (15) years of total professional…,,,indeed_ae,2026-06-05 05:08:16.593154+00:00
Mechanical Engineer,Al Maidana General Contracting & Maintenance,Abu Dhabi,https://ae.indeed.com/rc/clk?jk=7ef13529837b62dc&bb=10fexBritJ44UosecuIB0Sr73P6_XdxIzmLGEcZl5BjRc5ZRWPvsKObyUnJMi3x46FKXJmcEGIiHJi9puoV9M_yHmEseI9IhoEzNjUhNou9WJN9qY-s8yggLY1ulISft2lTVFqEDyex6m_fmsFWyBg%3D%3D&xkcb=SoAt67M3iLN7ebTF1J0GbzkdCdPP&rjs=0&qd=Xd-cji1-rrfYy0m8LpokE8dF20pwsUrmctm8cTGFOXDOAPLLNYb6wmUg8gjYJafwpsXE23qShaYtGgdtUJu_X5BBGG-ayCiM-gQi8HpsYsLtZozk31ERKPJGlDLUboAG50chrnGX4B46HyqhlSj9xMohy02t3MX0n-6xoRHLk5Oh8V2c0duIS4mZo0TAq11Zl61No7XvcMPz961yBIpblougDO3NlIXerppYqweTrkxdIR2u4KVXi5XGrbZ08pfBgjrEyAE0GkSkYu3jG0wyz6GIieWwfPZAKqtdWM0F9pMWFXbhkSc_JmIBFYip5p4ZWOxvghNOg8rM6Po_qXQU-g&atk=1jqb2t4vr26s7004,"Share CVS to info@almaidanagcm.ae or 0545728824. Bachelor's Degree in Mechanical Engineering (mandatory). Mandatory experience in water infrastructure projects (pipelines, pumping stations,…",,,indeed_ae,2026-06-05 05:08:16.552041+00:00
Inspection Engineer,TryIN Solution,Abu Dhabi,https://ae.indeed.com/rc/clk?jk=cd77ebcaae729f1e&bb=10fexBritJ44UosecuIB0R0vqJPRbcPUo91abwdPaCx_rkEYIPpwqL-1Q-eCgO-43ndk9FqGcJKrSOueEKah2I-K6Iggioxe083_l9etrWtfEZMD_Vruu8iusRVSP7svIV3CaPTwqC3SqPZFWM9ukQ%3D%3D&xkcb=SoCZ67M3iLN7ebTF1J0HbzkdCdPP&rjs=0&qd=Xd-cji1-rrfYy0m8LpokE8dF20pwsUrmctm8cTGFOXDOAPLLNYb6wmUg8gjYJafwpsXE23qShaYtGgdtUJu_X5BBGG-ayCiM-gQi8HpsYsLtZozk31ERKPJGlDLUboAG50chrnGX4B46HyqhlSj9xMohy02t3MX0n-6xoRHLk5Oh8V2c0duIS4mZo0TAq11Zl61No7XvcMPz961yBIpblougDO3NlIXerppYqweTrkxdIR2u4KVXi5XGrbZ08pfBgjrEyAE0GkSkYu3jG0wyz6GIieWwfPZAKqtdWM0F9pMWFXbhkSc_JmIBFYip5p4ZWOxvghNOg8rM6Po_qXQU-g&atk=1jqb2t4vr26s7004,"Certified CSWIP 3.1 / 3.2, AWS CWI, or equivalent. Bachelor's Degree or Diploma in Mechanical / Metallurgical / Production Engineering. Ensure proper documentation and traceability for final data…",,,indeed_ae,2026-06-05 05:08:16.504390+00:00
Digital & AI Manager,ENGIE,Dubai,https://ae.indeed.com/rc/clk?jk=0006b95cec91e22f&bb=10fexBritJ44UosecuIB0b_SM4Jz5dEXe5QznFx2Gmzq70bms_2JqR3RmBIkXJlnjil-i0Bf5aIyhJd0GjdPepBK545JWBfrK9tVNiuPWIexi5mNw2-VE4_2KMtyRwixo33YUzB5YBGTOhoh5th27g%3D%3D&xkcb=SoAX67M3iLN7ebTF1J0AbzkdCdPP&rjs=0&qd=Xd-cji1-rrfYy0m8LpokE8dF20pwsUrmctm8cTGFOXDOAPLLNYb6wmUg8gjYJafwpsXE23qShaYtGgdtUJu_X5BBGG-ayCiM-gQi8HpsYsLtZozk31ERKPJGlDLUboAG50chrnGX4B46HyqhlSj9xMohy02t3MX0n-6xoRHLk5Oh8V2c0duIS4mZo0TAq11Zl61No7XvcMPz961yBIpblougDO3NlIXerppYqweTrkxdIR2u4KVXi5XGrbZ08pfBgjrEyAE0GkSkYu3jG0wyz6GIieWwfPZAKqtdWM0F9pMWFXbhkSc_JmIBFYip5p4ZWOxvghNOg8rM6Po_qXQU-g&atk=1jqb2t4vr26s7004,"Minimum 7 years in digital transformation, AI , analytics, or technology leadership. Bachelor’s degree in engineering, Computer Science, Information Systems, or related fields.",,,indeed_ae,2026-06-05 05:08:16.460221+00:00
Head of Sales (Automotive Services),Deiz Auto general Repairing,Dubai,https://ae.indeed.com/rc/clk?jk=7f445ee144bd3314&bb=10fexBritJ44UosecuIB0YOX3JszIth_Rc5m8sRsIjWRE-GWHAwVqLATs2yXDh8N1ooWtcLnBfZsvAkgurJ8e8mr0Z39yqhoVMMZrRuVFR4opMrhe9GGc7t_7lAgMx7fojpvG86iIZ0WZJUldBGCD-ybc9g3TwD0&xkcb=SoCj67M3iLN7ebTF1J0BbzkdCdPP&rjs=0&qd=Xd-cji1-rrfYy0m8LpokE8dF20pwsUrmctm8cTGFOXDOAPLLNYb6wmUg8gjYJafwpsXE23qShaYtGgdtUJu_X5BBGG-ayCiM-gQi8HpsYsLtZozk31ERKPJGlDLUboAG50chrnGX4B46HyqhlSj9xMohy02t3MX0n-6xoRHLk5Oh8V2c0duIS4mZo0TAq11Zl61No7XvcMPz961yBIpblougDO3NlIXerppYqweTrkxdIR2u4KVXi5XGrbZ08pfBgjrEyAE0GkSkYu3jG0wyz6GIieWwfPZAKqtdWM0F9pMWFXbhkSc_JmIBFYip5p4ZWOxvghNOg8rM6Po_qXQU-g&atk=1jqb2t4vr26s7004,"* Experience with premium, luxury, or high-net-worth clients is a strong advantage. * Experience in managing, training, and improving a sales or Service Advisors team.",,,indeed_ae,2026-06-05 05:08:16.401466+00:00
Senior Software Engineer,Microsoft,Abu Dhabi,https://ae.indeed.com/rc/clk?jk=81390974c7eb40dd&bb=10fexBritJ44UosecuIB0QGU5VDLS4ooo7DDIOPVy5nGCvfEtGqXG0p1J8UiuOMG1x6VwM51h2Qa0H6tLPJRAP3ZIv9vObTfic7P4tI4aGOzsATgtv79rLGVlbJgvCWj69g8rFPBFLK_j9bXEOO3rw%3D%3D&xkcb=SoA-67M3iLN7ebTF1J0CbzkdCdPP&rjs=0&qd=Xd-cji1-rrfYy0m8LpokE8dF20pwsUrmctm8cTGFOXDOAPLLNYb6wmUg8gjYJafwpsXE23qShaYtGgdtUJu_X5BBGG-ayCiM-gQi8HpsYsLtZozk31ERKPJGlDLUboAG50chrnGX4B46HyqhlSj9xMohy02t3MX0n-6xoRHLk5Oh8V2c0duIS4mZo0TAq11Zl61No7XvcMPz961yBIpblougDO3NlIXerppYqweTrkxdIR2u4KVXi5XGrbZ08pfBgjrEyAE0GkSkYu3jG0wyz6GIieWwfPZAKqtdWM0F9pMWFXbhkSc_JmIBFYip5p4ZWOxvghNOg8rM6Po_qXQU-g&atk=1jqb2t4vr26s7004,"Experience building or integrating AI/ML or LLM-based solutions, prompt engineering, RAG. You will be part of a cross-functional team of software engineers , data scientists, technical program managers…",,,indeed_ae,2026-06-05 05:08:16.355583+00:00
Estimator/Admin,Q-Serv LLC,Muhaisnah Dubai,https://ae.indeed.com/rc/clk?jk=e39ddd54a277d952&bb=10fexBritJ44UosecuIB0Sr73P6_XdxIlMIvr5_vFNCpSmKWrV6vK_j3qLZRXBrai1kALUkXpxnRWsLzCilEXqlerpUfNLkRRg_CGqurzxM_n7DsjQjlkmbh-klsltIq7L0_mlUGXLwlB856GoIMGA%3D%3D&xkcb=SoCK67M3iLN7ebTF1J0DbzkdCdPP&rjs=0&qd=Xd-cji1-rrfYy0m8LpokE8dF20pwsUrmctm8cTGFOXDOAPLLNYb6wmUg8gjYJafwpsXE23qShaYtGgdtUJu_X5BBGG-ayCiM-gQi8HpsYsLtZozk31ERKPJGlDLUboAG50chrnGX4B46HyqhlSj9xMohy02t3MX0n-6xoRHLk5Oh8V2c0duIS4mZo0TAq11Zl61No7XvcMPz961yBIpblougDO3NlIXerppYqweTrkxdIR2u4KVXi5XGrbZ08pfBgjrEyAE0GkSkYu3jG0wyz6GIieWwfPZAKqtdWM0F9pMWFXbhkSc_JmIBFYip5p4ZWOxvghNOg8rM6Po_qXQU-g&atk=1jqb2t4vr26s7004,"A Maintenance service provider in Dubai requires an Electrical Engineer for Estimation and Maintenance Coordination, * Fluency in written and spoken English * Bachelor’s in Electrical Engineering…",,,indeed_ae,2026-06-05 05:08:16.316113+00:00
QS Engineer,"South Westman General Contracting, LLC",Abu Dhabi,https://ae.indeed.com/rc/clk?jk=2899faa644a92e72&bb=10fexBritJ44UosecuIB0ZUOBG0oZDiPwO942iozLfkRzeKd8KV74nrSdnVA93W1JJnHfxleqma17peW48DF4oOpqGyOfX3Vs7_Np5PN8hFOUvxWpBtGkTwtgVZ0977FBw5OpAWU_jg0FdKEodka_A%3D%3D&xkcb=SoBj67M3iLN7ebTF1J0MbzkdCdPP&rjs=0&qd=Xd-cji1-rrfYy0m8LpokE8dF20pwsUrmctm8cTGFOXDOAPLLNYb6wmUg8gjYJafwpsXE23qShaYtGgdtUJu_X5BBGG-ayCiM-gQi8HpsYsLtZozk31ERKPJGlDLUboAG50chrnGX4B46HyqhlSj9xMohy02t3MX0n-6xoRHLk5Oh8V2c0duIS4mZo0TAq11Zl61No7XvcMPz961yBIpblougDO3NlIXerppYqweTrkxdIR2u4KVXi5XGrbZ08pfBgjrEyAE0GkSkYu3jG0wyz6GIieWwfPZAKqtdWM0F9pMWFXbhkSc_JmIBFYip5p4ZWOxvghNOg8rM6Po_qXQU-g&atk=1jqb2t4vr26s7004,"Bachelor's degree in Quantity Surveying or related field. We are looking for a qualified QS Engineer with experience in infrastructure projects. The role involves cost estimation, budgeting, and…",,,indeed_ae,2026-06-05 05:08:16.272894+00:00
AI-Enhanced Growth & Performance Marketer,Spec Brite Group,Dubai,https://ae.indeed.com/rc/clk?jk=3378e9d26a78f46a&bb=10fexBritJ44UosecuIB0UpFxPcKKZGz6z4SsbC9Foloht3XpkEkP54yLpttqnqHQw6qCnusNNBQT325NuOsg0y63uh1bR-8J1LjFnh64a3zObqGtLKlfO_Dx-4GLamokJortzF55w4Xiq8MTnqZ9w%3D%3D&xkcb=SoDX67M3iLN7ebTF1J0NbzkdCdPP&rjs=0&qd=Xd-cji1-rrfYy0m8LpokE8dF20pwsUrmctm8cTGFOXDOAPLLNYb6wmUg8gjYJafwpsXE23qShaYtGgdtUJu_X5BBGG-ayCiM-gQi8HpsYsLtZozk31ERKPJGlDLUboAG50chrnGX4B46HyqhlSj9xMohy02t3MX0n-6xoRHLk5Oh8V2c0duIS4mZo0TAq11Zl61No7XvcMPz961yBIpblougDO3NlIXerppYqweTrkxdIR2u4KVXi5XGrbZ08pfBgjrEyAE0GkSkYu3jG0wyz6GIieWwfPZAKqtdWM0F9pMWFXbhkSc_JmIBFYip5p4ZWOxvghNOg8rM6Po_qXQU-g&atk=1jqb2t4vr26s7004,"The candidate must demonstrate active proficiency or high agility in combining traditional platforms with AI systems: Graphics/Layouts: Canva AI , Midjourney, Adobe Firefly, or equivalent platforms…",,,indeed_ae,2026-06-05 05:08:16.233988+00:00
FRESH GRADUATE - COASTAL ENGINEER,NMDC Group,Abu Dhabi,https://ae.indeed.com/rc/clk?jk=b8c5b97d5142ba43&bb=10fexBritJ44UosecuIB0dmP2USsp4swhq-q-GM0kjWDSar5U4HxJh39TX88rjZUF_rH6_Pd4vbPzsketF-Nvnbz7wwzzpSsgOAvi8YWoljsvBdZn9KMFJZQg2GU0bbx6rROsxLyL-6EEASwLikXHg%3D%3D&xkcb=SoBK67M3iLN7ebTF1J0ObzkdCdPP&rjs=0&qd=Xd-cji1-rrfYy0m8LpokE8dF20pwsUrmctm8cTGFOXDOAPLLNYb6wmUg8gjYJafwpsXE23qShaYtGgdtUJu_X5BBGG-ayCiM-gQi8HpsYsLtZozk31ERKPJGlDLUboAG50chrnGX4B46HyqhlSj9xMohy02t3MX0n-6xoRHLk5Oh8V2c0duIS4mZo0TAq11Zl61No7XvcMPz961yBIpblougDO3NlIXerppYqweTrkxdIR2u4KVXi5XGrbZ08pfBgjrEyAE0GkSkYu3jG0wyz6GIieWwfPZAKqtdWM0F9pMWFXbhkSc_JmIBFYip5p4ZWOxvghNOg8rM6Po_qXQU-g&atk=1jqb2t4vr26s7004,"Effectively communicates thoughts, ideas information, and message in writing or verbally. Develop familiar and understanding of systems, activities and procedures in the department and provide…",,,indeed_ae,2026-06-05 05:08:16.185412+00:00
Project Engineer,Exeed National General Contracting LLC,Abu Dhabi,https://ae.indeed.com/rc/clk?jk=520ced3f37f62cbb&bb=10fexBritJ44UosecuIB0drayoadVMEJ0vKdBEONrK04upREQlLfyUjbMLMh_DuA2rpldLA1Vh2vVzKPcWNhzEeqxMHv5JXYMMc-irJHOOIzXwEIAZFw2qc6-NFL8t26Dc9yRurYztZM4N8x0F3kKA%3D%3D&xkcb=SoD-67M3iLN7ebTF1J0PbzkdCdPP&rjs=0&qd=Xd-cji1-rrfYy0m8LpokE8dF20pwsUrmctm8cTGFOXDOAPLLNYb6wmUg8gjYJafwpsXE23qShaYtGgdtUJu_X5BBGG-ayCiM-gQi8HpsYsLtZozk31ERKPJGlDLUboAG50chrnGX4B46HyqhlSj9xMohy02t3MX0n-6xoRHLk5Oh8V2c0duIS4mZo0TAq11Zl61No7XvcMPz961yBIpblougDO3NlIXerppYqweTrkxdIR2u4KVXi5XGrbZ08pfBgjrEyAE0GkSkYu3jG0wyz6GIieWwfPZAKqtdWM0F9pMWFXbhkSc_JmIBFYip5p4ZWOxvghNOg8rM6Po_qXQU-g&atk=1jqb2t4vr26s7004,"PMP certification or equivalent is an advantage. Bachelor’s degree in Civil Engineering or related field. Proficiency in project management tools and software (e.g., AutoCAD, Primavera, MS Project).",,,indeed_ae,2026-06-05 05:08:16.134435+00:00
"AI SYSTEMS, PRODUCT & SEARCH VISIBILITY ENGINEER",Belvedere Marketing,Remote,https://ae.indeed.com/rc/clk?jk=ecc297ee122b7313&bb=10fexBritJ44UosecuIB0U83CTcQwGDRhoJU0stpdh8pxr1xERjPoti8I_nshFvOsU0HS8zaFv4xDKkV6xqzG2rQEp-t5QnDI92nDCiOZzlAcz7ShWziwgQv3a_8KB0oJ-Jy8jzJ-BLsLTGBq4iwdw%3D%3D&xkcb=SoBw67M3iLN7ebTF1J0IbzkdCdPP&rjs=0&qd=Xd-cji1-rrfYy0m8LpokE8dF20pwsUrmctm8cTGFOXDOAPLLNYb6wmUg8gjYJafwpsXE23qShaYtGgdtUJu_X5BBGG-ayCiM-gQi8HpsYsLtZozk31ERKPJGlDLUboAG50chrnGX4B46HyqhlSj9xMohy02t3MX0n-6xoRHLk5Oh8V2c0duIS4mZo0TAq11Zl61No7XvcMPz961yBIpblougDO3NlIXerppYqweTrkxdIR2u4KVXi5XGrbZ08pfBgjrEyAE0GkSkYu3jG0wyz6GIieWwfPZAKqtdWM0F9pMWFXbhkSc_JmIBFYip5p4ZWOxvghNOg8rM6Po_qXQU-g&atk=1jqb2t4vr26s7004,"Examples of AI systems, software products, automations, or platforms previously built. FULL-TIME AI SYSTEMS, PRODUCT & SEARCH VISIBILITY ENGINEER . Build AI-powered business solutions.",,,indeed_ae,2026-06-05 05:08:16.076900+00:00
salesforce Developer,Swedish technology,Sharjah,https://ae.indeed.com/rc/clk?jk=abce7e4b18889add&bb=10fexBritJ44UosecuIB0c_UnxQkNm0sgZ_aJqZqyz6DcfK7sq2UWZYl06GXItcWS3aLNcnActw6OYMQsqJ_T3zXP9ANjU8htwpeQ0tzoJpZeI1VZCdrwKJTw_VaqrCxl9ACyUucDLcXzLCcZpXMhA%3D%3D&xkcb=SoDE67M3iLN7ebTF1J0JbzkdCdPP&rjs=0&qd=Xd-cji1-rrfYy0m8LpokE8dF20pwsUrmctm8cTGFOXDOAPLLNYb6wmUg8gjYJafwpsXE23qShaYtGgdtUJu_X5BBGG-ayCiM-gQi8HpsYsLtZozk31ERKPJGlDLUboAG50chrnGX4B46HyqhlSj9xMohy02t3MX0n-6xoRHLk5Oh8V2c0duIS4mZo0TAq11Zl61No7XvcMPz961yBIpblougDO3NlIXerppYqweTrkxdIR2u4KVXi5XGrbZ08pfBgjrEyAE0GkSkYu3jG0wyz6GIieWwfPZAKqtdWM0F9pMWFXbhkSc_JmIBFYip5p4ZWOxvghNOg8rM6Po_qXQU-g&atk=1jqb2t4vr26s7004,"Experience in Government, Healthcare, Telecom, or Enterprise Digital Transformation projects. Bachelor's Degree in Computer Science, Information Technology, Software Engineering, or related field.",,,indeed_ae,2026-06-05 05:08:16.024351+00:00
Industrial Engineer,Atraco Industries,Dubai,https://ae.indeed.com/rc/clk?jk=b55562b35547e693&bb=10fexBritJ44UosecuIB0ci4I-f81dMKLkpiJwnLAPNeauKt6MK5oWIpiuvrrN1F5NyaUBmYzUOv7uxYa5Ej2OTIynM96wAcTpMx1AB82ZB0GGs1yjCG3vha5glSlVTSzJEQo15c5Tu0grj8WSSSvg%3D%3D&xkcb=SoBZ67M3iLN7ebTF1J0KbzkdCdPP&rjs=0&qd=Xd-cji1-rrfYy0m8LpokE8dF20pwsUrmctm8cTGFOXDOAPLLNYb6wmUg8gjYJafwpsXE23qShaYtGgdtUJu_X5BBGG-ayCiM-gQi8HpsYsLtZozk31ERKPJGlDLUboAG50chrnGX4B46HyqhlSj9xMohy02t3MX0n-6xoRHLk5Oh8V2c0duIS4mZo0TAq11Zl61No7XvcMPz961yBIpblougDO3NlIXerppYqweTrkxdIR2u4KVXi5XGrbZ08pfBgjrEyAE0GkSkYu3jG0wyz6GIieWwfPZAKqtdWM0F9pMWFXbhkSc_JmIBFYip5p4ZWOxvghNOg8rM6Po_qXQU-g&atk=1jqb2t4vr26s7004,"Dubai: Reliably commute or planning to relocate before starting work (Required). Education: Bachelor’s degree in Industrial Engineering. As an Industrial Engineer , you will play a pivotal role in…",,,indeed_ae,2026-06-05 05:08:15.970543+00:00
Video Editor (Long From ) \u007C Crypto,Crypto Banter,Remote,https://ae.indeed.com/rc/clk?jk=44a98b80899b23e1&bb=6JuPBt_DXhvsqlKA4J2lhgWC0WYY-ibdnIuc7qXl0Lf9jp13bnS9dA5ZQFWLsOy4VZHMKBeqULATTpBdFOQp-Mjigh5-f9-zJf2nhXVshcwgRyi6OlXWl9pUMzJNNJ9ENlMSzDC91glEpukz_kf8VQ%3D%3D&xkcb=SoDD67M3iLN709z42x0TbzkdCdPP&rjs=0&qd=Xd-cji1-rrfYy0m8LpokE8dF20pwsUrmctm8cTGFOXDOAPLLNYb6wmUg8gjYJafwpsXE23qShaYtGgdtUJu_X5BBGG-ayCiM-gQi8HpsYsLtZozk31ERKPJGlDLUboAG50chrnGX4B46HyqhlSj9xMohy02t3MX0n-6xoRHLk5Oh8V2c0duIS4mZo0TAq11Zl61No7XvcMPz961yBIpblougDO3NlIXerppYqweTrkxdIR2u4KVXi5XGrbZ08pfBgjrEyAE0GkSkYu3jG0wyz6GIieWwfPZAKqtdWM0F9pMrqJTH85rAR8GQ4xQ-Wp8gWOxvghNOg8rM6Po_qXQU-g&atk=1jqb2t056hmt5800,"Repurpose long-form shows or interviews into short-form, viral-ready clips. We may use artificial intelligence (AI) tools to support parts of the hiring process, such as reviewing applications,…",,,indeed_ae,2026-06-05 05:08:12.288354+00:00
Impact Strategy & Operations,ElevenLabs,Remote in Dubai,https://ae.indeed.com/rc/clk?jk=a76c6ce01cdc9c3a&bb=6JuPBt_DXhvsqlKA4J2lhkBPFG5d8TqGrfg1MEv-JNfOdG7_tV1zAFKdLFIzDLs_f2vRb-jdqto95kehtXVwKmo26dvjsg4uXUUqRwqLBWU7W5J8TgdW8wnMgv_MYwykNJ-ProdwDTXUOXyVh9R5Iw%3D%3D&xkcb=SoAq67M3iLN709z42x0cbzkdCdPP&rjs=0&qd=Xd-cji1-rrfYy0m8LpokE8dF20pwsUrmctm8cTGFOXDOAPLLNYb6wmUg8gjYJafwpsXE23qShaYtGgdtUJu_X5BBGG-ayCiM-gQi8HpsYsLtZozk31ERKPJGlDLUboAG50chrnGX4B46HyqhlSj9xMohy02t3MX0n-6xoRHLk5Oh8V2c0duIS4mZo0TAq11Zl61No7XvcMPz961yBIpblougDO3NlIXerppYqweTrkxdIR2u4KVXi5XGrbZ08pfBgjrEyAE0GkSkYu3jG0wyz6GIieWwfPZAKqtdWM0F9pMrqJTH85rAR8GQ4xQ-Wp8gWOxvghNOg8rM6Po_qXQU-g&atk=1jqb2t056hmt5800,"Experience working with nonprofits, educational institutions, or healthcare systems. Experience scaling partnerships, deployments, or strategic programs within a technology company.",,,indeed_ae,2026-06-05 05:08:12.235377+00:00
PL/SQL Developer,Dicetek LLC,Abu Dhabi,https://ae.indeed.com/rc/clk?jk=6b91171a6bb471ed&bb=6JuPBt_DXhvsqlKA4J2lhlECS0PYUZpIb7zXDqsq1qpXGyA83xRh-NwGNxBMymhE9NIYYPBw904-n6lqLj9-9WFq3kH8A3OP2xsf9fdWOrg8LiN4UAq818FmPf5k4bkP5d8FnGeuzZobgNpm80izxA%3D%3D&xkcb=SoCe67M3iLN709z42x0dbzkdCdPP&rjs=0&qd=Xd-cji1-rrfYy0m8LpokE8dF20pwsUrmctm8cTGFOXDOAPLLNYb6wmUg8gjYJafwpsXE23qShaYtGgdtUJu_X5BBGG-ayCiM-gQi8HpsYsLtZozk31ERKPJGlDLUboAG50chrnGX4B46HyqhlSj9xMohy02t3MX0n-6xoRHLk5Oh8V2c0duIS4mZo0TAq11Zl61No7XvcMPz961yBIpblougDO3NlIXerppYqweTrkxdIR2u4KVXi5XGrbZ08pfBgjrEyAE0GkSkYu3jG0wyz6GIieWwfPZAKqtdWM0F9pMrqJTH85rAR8GQ4xQ-Wp8gWOxvghNOg8rM6Po_qXQU-g&atk=1jqb2t056hmt5800,"We are looking for an experienced PL/SQL Developer to support the development and enhancement of a loyalty platform, specifically focused on virtual card solutions, rewards, and partner integrations.",,,indeed_ae,2026-06-05 05:08:12.193071+00:00
AI & E-Commerce Content Creator,BLUE OCEAN CORPORATION,Dubai,https://ae.indeed.com/rc/clk?jk=f5063573c2eabfe7&bb=6JuPBt_DXhvsqlKA4J2lhqgL3BEJHcd_fUU05pP8qhQbnyf-QdGaK01kW_EpCLl5vZGP3KvZz9Etj3tK1fy04on4EWH5puah56tVRatFid-weyonNEQ_PkrXY3r_GkfN4b2BEJVGxELDvhb9mRkcVg%3D%3D&xkcb=SoAD67M3iLN709z42x0ebzkdCdPP&rjs=0&qd=Xd-cji1-rrfYy0m8LpokE8dF20pwsUrmctm8cTGFOXDOAPLLNYb6wmUg8gjYJafwpsXE23qShaYtGgdtUJu_X5BBGG-ayCiM-gQi8HpsYsLtZozk31ERKPJGlDLUboAG50chrnGX4B46HyqhlSj9xMohy02t3MX0n-6xoRHLk5Oh8V2c0duIS4mZo0TAq11Zl61No7XvcMPz961yBIpblougDO3NlIXerppYqweTrkxdIR2u4KVXi5XGrbZ08pfBgjrEyAE0GkSkYu3jG0wyz6GIieWwfPZAKqtdWM0F9pMrqJTH85rAR8GQ4xQ-Wp8gWOxvghNOg8rM6Po_qXQU-g&atk=1jqb2t056hmt5800,"Script and produce interactive e-commerce content, AI-generated tutorials, and short-form videos explaining tech/software or showcasing products. Write basic Python scripts or API integrations (e.g.,…",,,indeed_ae,2026-06-05 05:08:12.149725+00:00
Cybersecurity Network Engineer,Yokogawa,Abu Dhabi,https://ae.indeed.com/rc/clk?jk=545cf7e4fb3c1984&bb=6JuPBt_DXhvsqlKA4J2lhn3Gty1h5Er9iZ3yJ6JYvE91VmbLC1Sl6zWswlD2dgJ_XzuE1snNwit9402o3fgkM4xj8IfNwjDc1QgTleisP5zUj42Je4ch7skF0acIUDhXbyCpCo4mPyh9CR3QCCJFsQ%3D%3D&xkcb=SoC367M3iLN709z42x0fbzkdCdPP&rjs=0&qd=Xd-cji1-rrfYy0m8LpokE8dF20pwsUrmctm8cTGFOXDOAPLLNYb6wmUg8gjYJafwpsXE23qShaYtGgdtUJu_X5BBGG-ayCiM-gQi8HpsYsLtZozk31ERKPJGlDLUboAG50chrnGX4B46HyqhlSj9xMohy02t3MX0n-6xoRHLk5Oh8V2c0duIS4mZo0TAq11Zl61No7XvcMPz961yBIpblougDO3NlIXerppYqweTrkxdIR2u4KVXi5XGrbZ08pfBgjrEyAE0GkSkYu3jG0wyz6GIieWwfPZAKqtdWM0F9pMrqJTH85rAR8GQ4xQ-Wp8gWOxvghNOg8rM6Po_qXQU-g&atk=1jqb2t056hmt5800,"Bachelor's degree in computer science, cybersecurity, or IT. Design, configure, implement, and troubleshoot network infrastructure, including firewalls, switches, and monitoring systems.",,,indeed_ae,2026-06-05 05:08:12.107109+00:00
System Architect,ORO24 DEVELOPMENTS LLC,Dubai,https://ae.indeed.com/rc/clk?jk=d6b4c1cd5991ff5a&bb=6JuPBt_DXhvsqlKA4J2lhp6nA2kNq0VOoCSsS-ACpcBbBPdeiO_bg0GYP-A_LNzFxwPDQCTnB0PmsVLp4TnAFEJ7JXUBkrY4K6jSEq8cFKkkR78L6OvzZJRZ8rg4p3wjV9JCp5CVBibwz42U2Xxx7w%3D%3D&xkcb=SoA567M3iLN709z42x0YbzkdCdPP&rjs=0&qd=Xd-cji1-rrfYy0m8LpokE8dF20pwsUrmctm8cTGFOXDOAPLLNYb6wmUg8gjYJafwpsXE23qShaYtGgdtUJu_X5BBGG-ayCiM-gQi8HpsYsLtZozk31ERKPJGlDLUboAG50chrnGX4B46HyqhlSj9xMohy02t3MX0n-6xoRHLk5Oh8V2c0duIS4mZo0TAq11Zl61No7XvcMPz961yBIpblougDO3NlIXerppYqweTrkxdIR2u4KVXi5XGrbZ08pfBgjrEyAE0GkSkYu3jG0wyz6GIieWwfPZAKqtdWM0F9pMrqJTH85rAR8GQ4xQ-Wp8gWOxvghNOg8rM6Po_qXQU-g&atk=1jqb2t056hmt5800,"Bachelor's or Master's degree in Computer Science, Information Systems, or a related field. Experience with Oracle, SAP, or other ERP platforms. Proficiency in architecture modeling tools such as…",,,indeed_ae,2026-06-05 05:08:12.063173+00:00
Cost Eng 1041,Altea Energy,UAE,https://ae.indeed.com/rc/clk?jk=bd84db6a8955717b&bb=6JuPBt_DXhvsqlKA4J2lhqgL3BEJHcd_0YaUEUXrDWYq5ijy1WiMrXNU-6LAFae7GXaU5v1AvJECDsu1Alo2Sw8zpv0j3sSVfW2RUVnnAJM41P87gq-QgJBCXxRAzl8_fJxIRoiW_TUgVLB3l5Edag%3D%3D&xkcb=SoCN67M3iLN709z42x0ZbzkdCdPP&rjs=0&qd=Xd-cji1-rrfYy0m8LpokE8dF20pwsUrmctm8cTGFOXDOAPLLNYb6wmUg8gjYJafwpsXE23qShaYtGgdtUJu_X5BBGG-ayCiM-gQi8HpsYsLtZozk31ERKPJGlDLUboAG50chrnGX4B46HyqhlSj9xMohy02t3MX0n-6xoRHLk5Oh8V2c0duIS4mZo0TAq11Zl61No7XvcMPz961yBIpblougDO3NlIXerppYqweTrkxdIR2u4KVXi5XGrbZ08pfBgjrEyAE0GkSkYu3jG0wyz6GIieWwfPZAKqtdWM0F9pMrqJTH85rAR8GQ4xQ-Wp8gWOxvghNOg8rM6Po_qXQU-g&atk=1jqb2t056hmt5800,"Communicate assigned project issues/concerns directly to Project Manager, (Sr. Cost Engineer ) and Business Administrator. Develop and maintain cost reports, cash flow and contingency analyses for the…",,,indeed_ae,2026-06-05 05:08:12.021491+00:00
Architectural Draughtsman,ELROI QHSE CONSULTANCY,Abu Dhabi,https://ae.indeed.com/rc/clk?jk=80333ef69cbf77ec&bb=6JuPBt_DXhvsqlKA4J2lhoMh0gQk4nb17EKRBwTcJzeEwMvPDOKdT87fvoc_LusxEn7iEdOqLRCDOe0V5FFpgjV8_oumU7eXQp_tAHRpxlj_Yv6T1LbaKmIUXGV56BKeZk4EX8pFIZ2x-neUTXT0Mg%3D%3D&xkcb=SoAQ67M3iLN709z42x0abzkdCdPP&rjs=0&qd=Xd-cji1-rrfYy0m8LpokE8dF20pwsUrmctm8cTGFOXDOAPLLNYb6wmUg8gjYJafwpsXE23qShaYtGgdtUJu_X5BBGG-ayCiM-gQi8HpsYsLtZozk31ERKPJGlDLUboAG50chrnGX4B46HyqhlSj9xMohy02t3MX0n-6xoRHLk5Oh8V2c0duIS4mZo0TAq11Zl61No7XvcMPz961yBIpblougDO3NlIXerppYqweTrkxdIR2u4KVXi5XGrbZ08pfBgjrEyAE0GkSkYu3jG0wyz6GIieWwfPZAKqtdWM0F9pMrqJTH85rAR8GQ4xQ-Wp8gWOxvghNOg8rM6Po_qXQU-g&atk=1jqb2t056hmt5800,"Degree or Diploma in Architecture, Engineering, AutoCAD Drafting, or a related field. Knowledge of Revit, SketchUp, or other architectural software will be an added advantage.",,,indeed_ae,2026-06-05 05:08:11.979646+00:00
Quantity Surveyor (QS) Engineer,TAK Group of Companies,Dubai,https://ae.indeed.com/rc/clk?jk=7f30eb7673c28f50&bb=6JuPBt_DXhvsqlKA4J2lhsP58Ho-mAf1cR6qkdmLmP9M-Y-M72XyfELMQYfxuSqvti3lHWLNC1SerKtZBEOSLSKJucg5nDlouepoN0G3XJHAGo0CRxvffA2HsOokey-BjskiRVGrFBs0vojnIhKJGg%3D%3D&xkcb=SoCk67M3iLN709z42x0bbzkdCdPP&rjs=0&qd=Xd-cji1-rrfYy0m8LpokE8dF20pwsUrmctm8cTGFOXDOAPLLNYb6wmUg8gjYJafwpsXE23qShaYtGgdtUJu_X5BBGG-ayCiM-gQi8HpsYsLtZozk31ERKPJGlDLUboAG50chrnGX4B46HyqhlSj9xMohy02t3MX0n-6xoRHLk5Oh8V2c0duIS4mZo0TAq11Zl61No7XvcMPz961yBIpblougDO3NlIXerppYqweTrkxdIR2u4KVXi5XGrbZ08pfBgjrEyAE0GkSkYu3jG0wyz6GIieWwfPZAKqtdWM0F9pMrqJTH85rAR8GQ4xQ-Wp8gWOxvghNOg8rM6Po_qXQU-g&atk=1jqb2t056hmt5800,"Hands-on experience in cost estimation, measurement, and quantity surveying software (AutoCAD, MS Office, plan swift or similar). Qualification:* Degree in Civil Engineering or Quantity Surveying.",,,indeed_ae,2026-06-05 05:08:11.935570+00:00
Facilities Engineer,Duserve,Dubai,https://ae.indeed.com/rc/clk?jk=370fb33f6c9c152c&bb=6JuPBt_DXhvsqlKA4J2lhj1Xdl5rn7Ai4WNqgnjctbCi1eMs_y5nv_O32z8ib_gK_GJYxW7S_Sjj9D8RK_Ckj7KQSjjv3EHeX8tAo9PX_XiELMvOztbqOqJxq627LqoTAPY5y3QllRL-uVpUXKt2Kw%3D%3D&xkcb=SoCD67M3iLN709z42x0EbzkdCdPP&rjs=0&qd=Xd-cji1-rrfYy0m8LpokE8dF20pwsUrmctm8cTGFOXDOAPLLNYb6wmUg8gjYJafwpsXE23qShaYtGgdtUJu_X5BBGG-ayCiM-gQi8HpsYsLtZozk31ERKPJGlDLUboAG50chrnGX4B46HyqhlSj9xMohy02t3MX0n-6xoRHLk5Oh8V2c0duIS4mZo0TAq11Zl61No7XvcMPz961yBIpblougDO3NlIXerppYqweTrkxdIR2u4KVXi5XGrbZ08pfBgjrEyAE0GkSkYu3jG0wyz6GIieWwfPZAKqtdWM0F9pMrqJTH85rAR8GQ4xQ-Wp8gWOxvghNOg8rM6Po_qXQU-g&atk=1jqb2t056hmt5800,"Registered Mechanical or Electrical Engineer . Bachelor’s Degree or equivalent in Mechanical, Electrical Engineering. Prepare a full maintenance schedules for all assets, equipment, and areas under…",,,indeed_ae,2026-06-05 05:08:11.892664+00:00
Projects Manager,Yasco Contracting L.L.C.,Dubai,https://ae.indeed.com/rc/clk?jk=0a5ea7ec3f381cd7&bb=6JuPBt_DXhvsqlKA4J2lhhSuQ05gqaNBmFI2-Mc4GYEE1IrqnMZHwWt0EN08Q6tuV1a0NGZ6WvR9K_eBrSwikZ7WEfd6ZYXlXWBN9_do5jG6oA0C2D0jqsyMYYOIZ3Fj4kaYzgUTSzV0wMjeu5r3_g%3D%3D&xkcb=SoA367M3iLN709z42x0FbzkdCdPP&rjs=0&qd=Xd-cji1-rrfYy0m8LpokE8dF20pwsUrmctm8cTGFOXDOAPLLNYb6wmUg8gjYJafwpsXE23qShaYtGgdtUJu_X5BBGG-ayCiM-gQi8HpsYsLtZozk31ERKPJGlDLUboAG50chrnGX4B46HyqhlSj9xMohy02t3MX0n-6xoRHLk5Oh8V2c0duIS4mZo0TAq11Zl61No7XvcMPz961yBIpblougDO3NlIXerppYqweTrkxdIR2u4KVXi5XGrbZ08pfBgjrEyAE0GkSkYu3jG0wyz6GIieWwfPZAKqtdWM0F9pMrqJTH85rAR8GQ4xQ-Wp8gWOxvghNOg8rM6Po_qXQU-g&atk=1jqb2t056hmt5800,"Manage and oversee multiple construction projects from commencement to completion. Lead and supervise the entire site team, including: Site Engineers , Supervisors, Labor workforce, Subcontractors,.",,,indeed_ae,2026-06-05 05:08:11.851329+00:00
HVAC Sales Engineer,Geo Group Companies,Sharjah,https://ae.indeed.com/rc/clk?jk=fde55a7891d5ee27&bb=6JuPBt_DXhvsqlKA4J2lhvVhwZauhTNnEYp0DmgAdtPpwdYKpTFS0rH1_xgfmdNxJ7nlZuaq93QZhZcv2p0_eLHLWxL3dF9rWaVsscxYXXI7nWZqJSFLZf0Si4GZ-e6pLzeU7vM5AAF4wN3cMp2s3A%3D%3D&xkcb=SoCq67M3iLN709z42x0GbzkdCdPP&rjs=0&qd=Xd-cji1-rrfYy0m8LpokE8dF20pwsUrmctm8cTGFOXDOAPLLNYb6wmUg8gjYJafwpsXE23qShaYtGgdtUJu_X5BBGG-ayCiM-gQi8HpsYsLtZozk31ERKPJGlDLUboAG50chrnGX4B46HyqhlSj9xMohy02t3MX0n-6xoRHLk5Oh8V2c0duIS4mZo0TAq11Zl61No7XvcMPz961yBIpblougDO3NlIXerppYqweTrkxdIR2u4KVXi5XGrbZ08pfBgjrEyAE0GkSkYu3jG0wyz6GIieWwfPZAKqtdWM0F9pMrqJTH85rAR8GQ4xQ-Wp8gWOxvghNOg8rM6Po_qXQU-g&atk=1jqb2t056hmt5800,"Bachelor's Degree or Diploma in Mechanical Engineering or a related discipline. The successful candidate will be responsible for generating new business opportunities, managing client relationships,…",,,indeed_ae,2026-06-05 05:08:11.789974+00:00
Manager Inland Procurement,Hapag-Lloyd AG,UAE,https://ae.indeed.com/rc/clk?jk=588758843b4b6bc3&bb=6JuPBt_DXhvsqlKA4J2lhpJanySzUYePYFtbzsj4i8sP3DC0sFaFFUBiPOBhTvS0UpjfqSJHm0mRALa73rY3SrbdEKGo-bmH-g5IaGL6jBqvFkxPt_o-1N3S8lYAeU9XtyUlI2abaHAyl67VJ4LUcA%3D%3D&xkcb=SoAe67M3iLN709z42x0HbzkdCdPP&rjs=0&qd=Xd-cji1-rrfYy0m8LpokE8dF20pwsUrmctm8cTGFOXDOAPLLNYb6wmUg8gjYJafwpsXE23qShaYtGgdtUJu_X5BBGG-ayCiM-gQi8HpsYsLtZozk31ERKPJGlDLUboAG50chrnGX4B46HyqhlSj9xMohy02t3MX0n-6xoRHLk5Oh8V2c0duIS4mZo0TAq11Zl61No7XvcMPz961yBIpblougDO3NlIXerppYqweTrkxdIR2u4KVXi5XGrbZ08pfBgjrEyAE0GkSkYu3jG0wyz6GIieWwfPZAKqtdWM0F9pMrqJTH85rAR8GQ4xQ-Wp8gWOxvghNOg8rM6Po_qXQU-g&atk=1jqb2t056hmt5800,"Preparation, negotiation and conclusion of rate agreements and frame contracts based on cross-functional input and in alignment with the Area, Region and/or HQ-functions (if applicable) prior to…",,,indeed_ae,2026-06-05 05:08:11.732274+00:00
Forward Deployed Engineer (FDE) - AI Project Delivery,Anson Construction LLC,Dubai,https://ae.indeed.com/rc/clk?jk=29213b255a3ab7ad&bb=6JuPBt_DXhvsqlKA4J2lhjikJ0-nnr2sex94ve3eCNymWTZj6iCVva7GmwRLQ68PV4Jp1UlN1Vhdk1cSQAgXsnvWnxGyw4Qt1S1zDj1bMjYmiATkyvgWrCFC6TyZSUDhy-xKOXUX_jjzTSMVGUZulg%3D%3D&xkcb=SoCQ67M3iLN709z42x0AbzkdCdPP&rjs=0&qd=Xd-cji1-rrfYy0m8LpokE8dF20pwsUrmctm8cTGFOXDOAPLLNYb6wmUg8gjYJafwpsXE23qShaYtGgdtUJu_X5BBGG-ayCiM-gQi8HpsYsLtZozk31ERKPJGlDLUboAG50chrnGX4B46HyqhlSj9xMohy02t3MX0n-6xoRHLk5Oh8V2c0duIS4mZo0TAq11Zl61No7XvcMPz961yBIpblougDO3NlIXerppYqweTrkxdIR2u4KVXi5XGrbZ08pfBgjrEyAE0GkSkYu3jG0wyz6GIieWwfPZAKqtdWM0F9pMrqJTH85rAR8GQ4xQ-Wp8gWOxvghNOg8rM6Po_qXQU-g&atk=1jqb2t056hmt5800,"Education：Bachelor’s degree or above, major in Computer Science, Artificial Intelligence, Software Engineering, Automation, Big Data or related fields.",,,indeed_ae,2026-06-05 05:08:11.683891+00:00
Project Manager,CoolIT Systems IT Services Ltd.,Remote in Abu Dhabi,https://ae.indeed.com/rc/clk?jk=464e8139e530524e&bb=6JuPBt_DXhvsqlKA4J2lhvi9vagjNY3ZL4hId2z1fag_WpHB83gt8i51dhBB4ecAxttRt1aNJsHffHmBDx1FD4iOP6wO2sqid5JeQLaLV7UEi1RwQ9CPyiBc4p1lEV8I1iaq-GPVUpXOvFLM3Y8Thw%3D%3D&xkcb=SoAk67M3iLN709z42x0BbzkdCdPP&rjs=0&qd=Xd-cji1-rrfYy0m8LpokE8dF20pwsUrmctm8cTGFOXDOAPLLNYb6wmUg8gjYJafwpsXE23qShaYtGgdtUJu_X5BBGG-ayCiM-gQi8HpsYsLtZozk31ERKPJGlDLUboAG50chrnGX4B46HyqhlSj9xMohy02t3MX0n-6xoRHLk5Oh8V2c0duIS4mZo0TAq11Zl61No7XvcMPz961yBIpblougDO3NlIXerppYqweTrkxdIR2u4KVXi5XGrbZ08pfBgjrEyAE0GkSkYu3jG0wyz6GIieWwfPZAKqtdWM0F9pMrqJTH85rAR8GQ4xQ-Wp8gWOxvghNOg8rM6Po_qXQU-g&atk=1jqb2t056hmt5800,"Bachelor’s degree in engineering (or equivalent experience) with 5 years of relevant project or program management in data center, cooling, or complex technical deployments.",,,indeed_ae,2026-06-05 05:08:11.626736+00:00
Service Now Developer,United Arab Emirates University,Al-Ayn,https://ae.indeed.com/rc/clk?jk=a52cc87fa150cd62&bb=6JuPBt_DXhvsqlKA4J2lhvBXtu8eWvIM2zH8AvJwRD7A3AxLK3BaQDtb4dmQqk9vwcsUaOzGdkQDQ2FZyIUKP7L2R34E0DGhWEifKRamgO8ZlBjTmn1D-DhCxPOLUxEEyb1ptLFKrOeylmT0xH_BlA%3D%3D&xkcb=SoC567M3iLN709z42x0CbzkdCdPP&rjs=0&qd=Xd-cji1-rrfYy0m8LpokE8dF20pwsUrmctm8cTGFOXDOAPLLNYb6wmUg8gjYJafwpsXE23qShaYtGgdtUJu_X5BBGG-ayCiM-gQi8HpsYsLtZozk31ERKPJGlDLUboAG50chrnGX4B46HyqhlSj9xMohy02t3MX0n-6xoRHLk5Oh8V2c0duIS4mZo0TAq11Zl61No7XvcMPz961yBIpblougDO3NlIXerppYqweTrkxdIR2u4KVXi5XGrbZ08pfBgjrEyAE0GkSkYu3jG0wyz6GIieWwfPZAKqtdWM0F9pMrqJTH85rAR8GQ4xQ-Wp8gWOxvghNOg8rM6Po_qXQU-g&atk=1jqb2t056hmt5800,"Bachelor's degree in Computer Science, Information Technology, or related field (or equivalent work experience). Participate in the full software development lifecycle including requirements gathering…",,,indeed_ae,2026-06-05 05:08:11.577120+00:00
Odoo Project Manager,GW Design & Distribution INC,Dubai,https://ae.indeed.com/rc/clk?jk=f860b179f626e8ec&bb=6JuPBt_DXhvsqlKA4J2lhpP3rzJEQEhIyXstswc1c0mnL8XGDv0iKwFcD2k1y4YeQFwrE-JjvkWY2QVyCxViE65e73aRqcbaWxmep2Op1oMd0sMivuU6yOAqUutrAEhRCzghn_B9fLCLnZQcxTTKjw%3D%3D&xkcb=SoAN67M3iLN709z42x0DbzkdCdPP&rjs=0&qd=Xd-cji1-rrfYy0m8LpokE8dF20pwsUrmctm8cTGFOXDOAPLLNYb6wmUg8gjYJafwpsXE23qShaYtGgdtUJu_X5BBGG-ayCiM-gQi8HpsYsLtZozk31ERKPJGlDLUboAG50chrnGX4B46HyqhlSj9xMohy02t3MX0n-6xoRHLk5Oh8V2c0duIS4mZo0TAq11Zl61No7XvcMPz961yBIpblougDO3NlIXerppYqweTrkxdIR2u4KVXi5XGrbZ08pfBgjrEyAE0GkSkYu3jG0wyz6GIieWwfPZAKqtdWM0F9pMrqJTH85rAR8GQ4xQ-Wp8gWOxvghNOg8rM6Po_qXQU-g&atk=1jqb2t056hmt5800,"PMP, Prince2, or Scrum Master certification. Familiarity with LLM APIs (OpenAI, Anthropic) or no-code AI platforms. At least 3 full-cycle Odoo implementations delivered (requirements → go-live).",,,indeed_ae,2026-06-05 05:08:11.523573+00:00
JR CONTRACTS ENGINEER,NMDC Group,Abu Dhabi,https://ae.indeed.com/rc/clk?jk=dc7e799b537c7233&bb=6JuPBt_DXhvsqlKA4J2lhtQHpVXAf7N9sVCe0-XJeFA1SWlKu9AxqTcjUudLd4Lt-JZ15vwjgZTcUZkmOVEMhxOK9kHi5GWEKxAvAVQLpEJSuL9aHmpzBUFQObl8e0clvPTQIutB_tKPaqc3iCOpqw%3D%3D&xkcb=SoDk67M3iLN709z42x0MbzkdCdPP&rjs=0&qd=Xd-cji1-rrfYy0m8LpokE8dF20pwsUrmctm8cTGFOXDOAPLLNYb6wmUg8gjYJafwpsXE23qShaYtGgdtUJu_X5BBGG-ayCiM-gQi8HpsYsLtZozk31ERKPJGlDLUboAG50chrnGX4B46HyqhlSj9xMohy02t3MX0n-6xoRHLk5Oh8V2c0duIS4mZo0TAq11Zl61No7XvcMPz961yBIpblougDO3NlIXerppYqweTrkxdIR2u4KVXi5XGrbZ08pfBgjrEyAE0GkSkYu3jG0wyz6GIieWwfPZAKqtdWM0F9pMrqJTH85rAR8GQ4xQ-Wp8gWOxvghNOg8rM6Po_qXQU-g&atk=1jqb2t056hmt5800,"Support senior engineers in executing complex assignments in order to understand construction methodologies and operational practices. Ensure understanding of departmental systems, procedures, and…",,,indeed_ae,2026-06-05 05:08:11.480878+00:00
Electrical Engineer,City Target Electromechanical Works LLC,Dubai,https://ae.indeed.com/rc/clk?jk=80e5a23facba4f5a&bb=6JuPBt_DXhvsqlKA4J2lhvom77_HcVJpnDLW9K1bwXm20UYhIZeB219F-ai0ThgNkPTgcHxFw3BuC9EDns6QTw5jVMLrs1KI6_1CdA7nkl9ginggnAOkghFqOo-EpaVGaHSpe_oIVzeJJ7gPySxu7A%3D%3D&xkcb=SoBQ67M3iLN709z42x0NbzkdCdPP&rjs=0&qd=Xd-cji1-rrfYy0m8LpokE8dF20pwsUrmctm8cTGFOXDOAPLLNYb6wmUg8gjYJafwpsXE23qShaYtGgdtUJu_X5BBGG-ayCiM-gQi8HpsYsLtZozk31ERKPJGlDLUboAG50chrnGX4B46HyqhlSj9xMohy02t3MX0n-6xoRHLk5Oh8V2c0duIS4mZo0TAq11Zl61No7XvcMPz961yBIpblougDO3NlIXerppYqweTrkxdIR2u4KVXi5XGrbZ08pfBgjrEyAE0GkSkYu3jG0wyz6GIieWwfPZAKqtdWM0F9pMrqJTH85rAR8GQ4xQ-Wp8gWOxvghNOg8rM6Po_qXQU-g&atk=1jqb2t056hmt5800,"Experience in electromechanical contracting, construction, or maintenance projects. Relevant qualification in Engineering, MEP, or a related field. Execute and supervise electromechanical works as per…",,,indeed_ae,2026-06-05 05:08:11.425341+00:00
IT Test Engineer – ATM & Cards,D4 Insight,Dubai,https://ae.indeed.com/rc/clk?jk=cca94990007fd8b3&bb=6JuPBt_DXhvsqlKA4J2lhgPxVbvgJokCVAml8lwVuUL9S3ea47Q24gBkSVLZsLhX3lnSKLJ3UzLsU0WjNH2r-VXnYqfoUgl3x6dHpFBB30BNAc8DTQRwVkh6aIru50FnHMM5-vVLUpAzhxnNt4ZegQ%3D%3D&xkcb=SoDN67M3iLN709z42x0ObzkdCdPP&rjs=0&qd=Xd-cji1-rrfYy0m8LpokE8dF20pwsUrmctm8cTGFOXDOAPLLNYb6wmUg8gjYJafwpsXE23qShaYtGgdtUJu_X5BBGG-ayCiM-gQi8HpsYsLtZozk31ERKPJGlDLUboAG50chrnGX4B46HyqhlSj9xMohy02t3MX0n-6xoRHLk5Oh8V2c0duIS4mZo0TAq11Zl61No7XvcMPz961yBIpblougDO3NlIXerppYqweTrkxdIR2u4KVXi5XGrbZ08pfBgjrEyAE0GkSkYu3jG0wyz6GIieWwfPZAKqtdWM0F9pMrqJTH85rAR8GQ4xQ-Wp8gWOxvghNOg8rM6Po_qXQU-g&atk=1jqb2t056hmt5800,"We are looking for highly experienced IT Test Engineer – ATM & Cards with deep expertise in ATM switching, card payment systems, transaction routing, and payment testing.",,,indeed_ae,2026-06-05 05:08:11.379485+00:00
FM Engineer,Maqar Al Aman for real estate general Maintenance,Abu Dhabi,https://ae.indeed.com/rc/clk?jk=4827384e571d31c6&bb=6JuPBt_DXhvsqlKA4J2lhvIVBR8vljB6qlYhW3O2LD8coOkHA6-X1BPe_YcT2cU0wFavF_D_vGIyE3CHz42otPykUpK6OcQ-TvRGN6kOj1w9AWGEbowPE1MXgAIHK_SnVV-H4iJnHoYdwmIXKVtzvQ%3D%3D&xkcb=SoB567M3iLN709z42x0PbzkdCdPP&rjs=0&qd=Xd-cji1-rrfYy0m8LpokE8dF20pwsUrmctm8cTGFOXDOAPLLNYb6wmUg8gjYJafwpsXE23qShaYtGgdtUJu_X5BBGG-ayCiM-gQi8HpsYsLtZozk31ERKPJGlDLUboAG50chrnGX4B46HyqhlSj9xMohy02t3MX0n-6xoRHLk5Oh8V2c0duIS4mZo0TAq11Zl61No7XvcMPz961yBIpblougDO3NlIXerppYqweTrkxdIR2u4KVXi5XGrbZ08pfBgjrEyAE0GkSkYu3jG0wyz6GIieWwfPZAKqtdWM0F9pMrqJTH85rAR8GQ4xQ-Wp8gWOxvghNOg8rM6Po_qXQU-g&atk=1jqb2t056hmt5800,"The FM Engineer is responsible for overseeing the operation, maintenance, and performance of all building systems and facilities to ensure safe, efficient, and uninterrupted operations.",,,indeed_ae,2026-06-05 05:08:11.322116+00:00
Office Engineer - Technical (Male),STYRO Insulation Mat. Ind. LLC,Sharjah,https://ae.indeed.com/rc/clk?jk=f0d677f15cb6a1a4&bb=6JuPBt_DXhvsqlKA4J2lhmmiJpKgWYWsBN0qg_FTZGYh8lUMFqrmDGUH8k8dovrKpVfU8rUoenS_4iDcdL9B7RRCaVJuRcF0GaTS4mAQ7f4uqB3-bUc5D4-5_QuIo9IZnT64fhlIjD14VpQrw2m9KA%3D%3D&xkcb=SoD367M3iLN709z42x0IbzkdCdPP&rjs=0&qd=Xd-cji1-rrfYy0m8LpokE8dF20pwsUrmctm8cTGFOXDOAPLLNYb6wmUg8gjYJafwpsXE23qShaYtGgdtUJu_X5BBGG-ayCiM-gQi8HpsYsLtZozk31ERKPJGlDLUboAG50chrnGX4B46HyqhlSj9xMohy02t3MX0n-6xoRHLk5Oh8V2c0duIS4mZo0TAq11Zl61No7XvcMPz961yBIpblougDO3NlIXerppYqweTrkxdIR2u4KVXi5XGrbZ08pfBgjrEyAE0GkSkYu3jG0wyz6GIieWwfPZAKqtdWM0F9pMrqJTH85rAR8GQ4xQ-Wp8gWOxvghNOg8rM6Po_qXQU-g&atk=1jqb2t056hmt5800,"Bachelor's Degree in Civil Engineering, Mechanical Engineering, Architectural Engineering, or a related field. Prepare technical submittals, material submissions, and project documentation.",,,indeed_ae,2026-06-05 05:08:11.218230+00:00
Senior .NET Developer (ASP.NET MVC),Techwaresoft LLC,Ras al-Khaimah,https://ae.indeed.com/rc/clk?jk=17e7fc0a568ce559&bb=6JuPBt_DXhvsqlKA4J2lhj78aqc5XVqjDxFZIxdTJG3il23bB4xqvOw8HN66bU9Voq1ScG3fPv-gIdxS6gwq3yYV9QAgtkrQbCQ56DfZbFSJTC1omJrgNM9j0MFHZxCDBsekXcJKUct78anASVan_Q%3D%3D&xkcb=SoBD67M3iLN709z42x0JbzkdCdPP&rjs=0&qd=Xd-cji1-rrfYy0m8LpokE8dF20pwsUrmctm8cTGFOXDOAPLLNYb6wmUg8gjYJafwpsXE23qShaYtGgdtUJu_X5BBGG-ayCiM-gQi8HpsYsLtZozk31ERKPJGlDLUboAG50chrnGX4B46HyqhlSj9xMohy02t3MX0n-6xoRHLk5Oh8V2c0duIS4mZo0TAq11Zl61No7XvcMPz961yBIpblougDO3NlIXerppYqweTrkxdIR2u4KVXi5XGrbZ08pfBgjrEyAE0GkSkYu3jG0wyz6GIieWwfPZAKqtdWM0F9pMrqJTH85rAR8GQ4xQ-Wp8gWOxvghNOg8rM6Po_qXQU-g&atk=1jqb2t056hmt5800,"NET 6+, or modern Microsoft technology stacks . Experience in Government, Public Sector, or highly regulated industries. Experience working in government, public sector, or highly regulated…",,,indeed_ae,2026-06-05 05:08:11.175129+00:00
Mechanical Engineer,USBC Interiors| Urban Science Interiors,Dubai,https://ae.indeed.com/rc/clk?jk=6d139d440e4a9c34&bb=6JuPBt_DXhvsqlKA4J2lhtwt3ZuZbybJJ0wghv15segaKLmnzGAfj76IyZrizLaF4_9zHBXubktzGMuGqGyFefTt1Ackh6t4oQcpPJT3h_KprsBXzd5Qfi7X6kCjXnPzmUx20CRyhRYCVOSw3c6tHg%3D%3D&xkcb=SoDe67M3iLN709z42x0KbzkdCdPP&rjs=0&qd=Xd-cji1-rrfYy0m8LpokE8dF20pwsUrmctm8cTGFOXDOAPLLNYb6wmUg8gjYJafwpsXE23qShaYtGgdtUJu_X5BBGG-ayCiM-gQi8HpsYsLtZozk31ERKPJGlDLUboAG50chrnGX4B46HyqhlSj9xMohy02t3MX0n-6xoRHLk5Oh8V2c0duIS4mZo0TAq11Zl61No7XvcMPz961yBIpblougDO3NlIXerppYqweTrkxdIR2u4KVXi5XGrbZ08pfBgjrEyAE0GkSkYu3jG0wyz6GIieWwfPZAKqtdWM0F9pMrqJTH85rAR8GQ4xQ-Wp8gWOxvghNOg8rM6Po_qXQU-g&atk=1jqb2t056hmt5800,"Experience in Dubai Airport projects or aviation facilities is highly preferred. Proficiency in AutoCAD, MS Office, and project management software . Preferred Candidate:* Mechanical Engineer with 5+…",,,indeed_ae,2026-06-05 05:08:11.115978+00:00
Electrical Engineer,Giti Construction LLC,Dubai,https://ae.indeed.com/rc/clk?jk=10db18afcfc485fb&bb=6JuPBt_DXhvsqlKA4J2lhoelTCgR5QwZzzS7ZDNEBEGBFqBm0IgDt3TaNf0cq88A3VAHO9gZCXekxaNR478wZME2fF5TVtAO6hbAJ4gfsf2PCHE5w1HuOgncF_vsrtKYApeE9ieaZPywMtktVf0U0w%3D%3D&xkcb=SoBq67M3iLN709z42x0LbzkdCdPP&rjs=0&qd=Xd-cji1-rrfYy0m8LpokE8dF20pwsUrmctm8cTGFOXDOAPLLNYb6wmUg8gjYJafwpsXE23qShaYtGgdtUJu_X5BBGG-ayCiM-gQi8HpsYsLtZozk31ERKPJGlDLUboAG50chrnGX4B46HyqhlSj9xMohy02t3MX0n-6xoRHLk5Oh8V2c0duIS4mZo0TAq11Zl61No7XvcMPz961yBIpblougDO3NlIXerppYqweTrkxdIR2u4KVXi5XGrbZ08pfBgjrEyAE0GkSkYu3jG0wyz6GIieWwfPZAKqtdWM0F9pMrqJTH85rAR8GQ4xQ-Wp8gWOxvghNOg8rM6Po_qXQU-g&atk=1jqb2t056hmt5800,"Bachelor's Degree in Electrical Engineering. Minimum 3 years of experience (home country experience accepted). Knowledge of electrical systems, installations, and maintenance.",,,indeed_ae,2026-06-05 05:08:11.064025+00:00
Lab Engineers - Architecture & Civil Engineering Departments,American University of Ras Al Khaimah (AURAK),Ras al-Khaimah,https://ae.indeed.com/rc/clk?jk=96694a2106305086&bb=k0phN11k86_jlqX66nljGpPuFBqENDj8iIAUnDjdjhjSwpAmWztIkbJQAtdaBRsgEw23De6sAmZMA_XENMovB_NQWubnGGZWIdInTARRQIk2v94Oyyq59MeRWjxAeiG_PT1QhTVDCXc-64EMeFWCuQ%3D%3D&xkcb=SoA467M3iLN8tAzF6B0TbzkdCdPP&rjs=0&qd=Xd-cji1-rrfYy0m8LpokE8dF20pwsUrmctm8cTGFOXDOAPLLNYb6wmUg8gjYJafwpsXE23qShaYtGgdtUJu_X5BBGG-ayCiM-gQi8HpsYsLtZozk31ERKPJGlDLUboAG50chrnGX4B46HyqhlSj9xMohy02t3MX0n-6xoRHLk5Oh8V2c0duIS4mZo0TAq11Zl61No7XvcMPz961yBIpblougDO3NlIXerppYqweTrkxdIR2u4KVXi5XGrbZ08pfBgjrEyAE0GkSkYu3jG0wyzz3Y1gCYqZnOBVg83E4dTUMghWWt7GAE5-9iFln9ffa4WOxvghNOg8rM6Po_qXQU-g&atk=1jqb2src5hcen802,"Experience with graphic applications, graphic design, 3D prototyping and scanning, and/or architectural or object design. Basic knowledge of 3D Architecture software (BIM, Rhino).",,,indeed_ae,2026-06-05 05:08:07.382833+00:00
Specialist Procurement Engineer,Worley,Abu Dhabi,https://ae.indeed.com/rc/clk?jk=3b6d92835d5c8ff1&bb=k0phN11k86_jlqX66nljGvwU2dJ4R3avJPaj5hbFgEJys7JxpL405RrtLT6wNOjI6wzpiX21eS4Gp_g_3XkFdaqSsTqbb3-NDVyGEpL1U1pUeUODBp2AsD50ayFO-xoNNtetTlROkc5cpqI6JS1Krw%3D%3D&xkcb=SoDR67M3iLN8tAzF6B0cbzkdCdPP&rjs=0&qd=Xd-cji1-rrfYy0m8LpokE8dF20pwsUrmctm8cTGFOXDOAPLLNYb6wmUg8gjYJafwpsXE23qShaYtGgdtUJu_X5BBGG-ayCiM-gQi8HpsYsLtZozk31ERKPJGlDLUboAG50chrnGX4B46HyqhlSj9xMohy02t3MX0n-6xoRHLk5Oh8V2c0duIS4mZo0TAq11Zl61No7XvcMPz961yBIpblougDO3NlIXerppYqweTrkxdIR2u4KVXi5XGrbZ08pfBgjrEyAE0GkSkYu3jG0wyzz3Y1gCYqZnOBVg83E4dTUMghWWt7GAE5-9iFln9ffa4WOxvghNOg8rM6Po_qXQU-g&atk=1jqb2src5hcen802,Minimum fifteen (15+) years of relevant experience in the Oil & Gas or Petrochemical industry. Minimum five (5) years of experience in a similar position on mega Oil & Gas or Petrochemical projects.,,,indeed_ae,2026-06-05 05:08:07.336572+00:00
Biomedical Engineer,IHHC,Dubai,https://ae.indeed.com/rc/clk?jk=71e33c026f2aff13&bb=k0phN11k86_jlqX66nljGq8qTu1zmd9AzFoHWscTLkavYxQmrysN4yd0N6-ySpFbA-Aqr4PqpGUJjhtPZfz2a39vcIHYh2y3f3aPGgtmeW9mHkoP_o9rV9FX0CHESPWEHNIizH1VRiN7zOLYzn3u5g%3D%3D&xkcb=SoBl67M3iLN8tAzF6B0dbzkdCdPP&rjs=0&qd=Xd-cji1-rrfYy0m8LpokE8dF20pwsUrmctm8cTGFOXDOAPLLNYb6wmUg8gjYJafwpsXE23qShaYtGgdtUJu_X5BBGG-ayCiM-gQi8HpsYsLtZozk31ERKPJGlDLUboAG50chrnGX4B46HyqhlSj9xMohy02t3MX0n-6xoRHLk5Oh8V2c0duIS4mZo0TAq11Zl61No7XvcMPz961yBIpblougDO3NlIXerppYqweTrkxdIR2u4KVXi5XGrbZ08pfBgjrEyAE0GkSkYu3jG0wyzz3Y1gCYqZnOBVg83E4dTUMghWWt7GAE5-9iFln9ffa4WOxvghNOg8rM6Po_qXQU-g&atk=1jqb2src5hcen802,Ability to work in clinical or industrial engineering environments. Bachelor’s degree in Biomedical Engineering or related field. Provide technical training and guidance to hospital or clinic staff…,,,indeed_ae,2026-06-05 05:08:07.289455+00:00
MEP Engineer,Engineering Consultancy,Dubai,https://ae.indeed.com/rc/clk?jk=305d7d02b8cedf8c&bb=k0phN11k86_jlqX66nljGpZu1TEyV_VaJ26lej2lgBc4DnWMCJ5ax27I1iUnrcZ2D57nFm5YyMnYOkqAwpq7iJuuj8OwCg9qpH8rluc6Pk67oJAfP7XmFA_x-K5HDLtTqjpyjTGyIAvmg4CZoZY2VA%3D%3D&xkcb=SoD467M3iLN8tAzF6B0ebzkdCdPP&rjs=0&qd=Xd-cji1-rrfYy0m8LpokE8dF20pwsUrmctm8cTGFOXDOAPLLNYb6wmUg8gjYJafwpsXE23qShaYtGgdtUJu_X5BBGG-ayCiM-gQi8HpsYsLtZozk31ERKPJGlDLUboAG50chrnGX4B46HyqhlSj9xMohy02t3MX0n-6xoRHLk5Oh8V2c0duIS4mZo0TAq11Zl61No7XvcMPz961yBIpblougDO3NlIXerppYqweTrkxdIR2u4KVXi5XGrbZ08pfBgjrEyAE0GkSkYu3jG0wyzz3Y1gCYqZnOBVg83E4dTUMghWWt7GAE5-9iFln9ffa4WOxvghNOg8rM6Po_qXQU-g&atk=1jqb2src5hcen802,"Coordination & Integration: Collaborate closely with architects and structural engineers to resolve ""clashes"" (e.g., ensuring a pipe doesn't go through a beam) using *Building Information Modeling (…",,,indeed_ae,2026-06-05 05:08:07.242542+00:00
Technical Metal Engineer,Mirodec Gulf,Dubai,https://ae.indeed.com/rc/clk?jk=cfc22f9afc94462e&bb=k0phN11k86_jlqX66nljGnvpvjqj_KPZDJDrcRV2G657CcTb4oyyoILNPNixJb5hzshdL4IlRPrTvMRKSapv9qTAJ7Bk2Kqk5AivZVjpS6_1b5OfqEzSP7rlWvX_Fpq_29BdCDFJ66TXxwgzODf1yA%3D%3D&xkcb=SoBM67M3iLN8tAzF6B0fbzkdCdPP&rjs=0&qd=Xd-cji1-rrfYy0m8LpokE8dF20pwsUrmctm8cTGFOXDOAPLLNYb6wmUg8gjYJafwpsXE23qShaYtGgdtUJu_X5BBGG-ayCiM-gQi8HpsYsLtZozk31ERKPJGlDLUboAG50chrnGX4B46HyqhlSj9xMohy02t3MX0n-6xoRHLk5Oh8V2c0duIS4mZo0TAq11Zl61No7XvcMPz961yBIpblougDO3NlIXerppYqweTrkxdIR2u4KVXi5XGrbZ08pfBgjrEyAE0GkSkYu3jG0wyzz3Y1gCYqZnOBVg83E4dTUMghWWt7GAE5-9iFln9ffa4WOxvghNOg8rM6Po_qXQU-g&atk=1jqb2src5hcen802,"3 - 5 years of experience as a project coordinator, project engineer , or project manager. Bachelor's degree in Civil Engineering or equivalent experience. Valid U A E Driving License.",,,indeed_ae,2026-06-05 05:08:07.196717+00:00
"Editor, Oil & Gas Middle East",ITP Media Group,Dubai,https://ae.indeed.com/rc/clk?jk=6aa8c4cd20532c2e&bb=k0phN11k86_jlqX66nljGs_DpNUMLIrSbeoH2oLn5JMcABGE54D7BEV6pwUrHM6HmrDD975QgJmQGBJWuyxtftII0Uq84jziLn7u3XYqcU0oAEArsPnEiij-g6ZySQBIl_lIa56PJKrSrKy5T6NUgg%3D%3D&xkcb=SoDC67M3iLN8tAzF6B0YbzkdCdPP&rjs=0&qd=Xd-cji1-rrfYy0m8LpokE8dF20pwsUrmctm8cTGFOXDOAPLLNYb6wmUg8gjYJafwpsXE23qShaYtGgdtUJu_X5BBGG-ayCiM-gQi8HpsYsLtZozk31ERKPJGlDLUboAG50chrnGX4B46HyqhlSj9xMohy02t3MX0n-6xoRHLk5Oh8V2c0duIS4mZo0TAq11Zl61No7XvcMPz961yBIpblougDO3NlIXerppYqweTrkxdIR2u4KVXi5XGrbZ08pfBgjrEyAE0GkSkYu3jG0wyzz3Y1gCYqZnOBVg83E4dTUMghWWt7GAE5-9iFln9ffa4WOxvghNOg8rM6Po_qXQU-g&atk=1jqb2src5hcen802,"Strong interest in oil and gas, energy or heavy industry. Minimum 5 years of editorial experience, ideally within B2B or business publishing, with a strong portfolio of published work.",,,indeed_ae,2026-06-05 05:08:07.146843+00:00
Full Stack Developer,Joseph Digital solutions,Dubai,https://ae.indeed.com/rc/clk?jk=b341bc5ecbcb3e30&bb=k0phN11k86_jlqX66nljGuAQZlXQIu-1c-zBGUHUGRtlOuTBqs9H-BkRllEy2X5ploKLnANG4nM8vWTUIxDgNn-Tnt_oxZRK0ih70BreB6zlTjBqD6CpZoLhsWpVKoXGMoxVDQkIKomU8xT4WsLF2w%3D%3D&xkcb=SoB267M3iLN8tAzF6B0ZbzkdCdPP&rjs=0&qd=Xd-cji1-rrfYy0m8LpokE8dF20pwsUrmctm8cTGFOXDOAPLLNYb6wmUg8gjYJafwpsXE23qShaYtGgdtUJu_X5BBGG-ayCiM-gQi8HpsYsLtZozk31ERKPJGlDLUboAG50chrnGX4B46HyqhlSj9xMohy02t3MX0n-6xoRHLk5Oh8V2c0duIS4mZo0TAq11Zl61No7XvcMPz961yBIpblougDO3NlIXerppYqweTrkxdIR2u4KVXi5XGrbZ08pfBgjrEyAE0GkSkYu3jG0wyzz3Y1gCYqZnOBVg83E4dTUMghWWt7GAE5-9iFln9ffa4WOxvghNOg8rM6Po_qXQU-g&atk=1jqb2src5hcen802,"Code quality and reduction of software defects. Proven experience in developing and maintaining web applications and software platforms. Troubleshoot, debug, and resolve software defects and…",,,indeed_ae,2026-06-05 05:08:07.100562+00:00
Mechanical Engineering Intern,Loft Orbital Solutions,Abu Dhabi,https://ae.indeed.com/rc/clk?jk=7b9f5a386a49c8a8&bb=k0phN11k86_jlqX66nljGpN1KnpxirMWDA0RPE_jdesrSPVzFxfMA7XoZqsvbygWs7292GwsLPe3pn4_4b-TraJJMounj1mVjJkUm_wDGLVH9LD_X8wnsnjYV9iJ-feTiuCvycoBHmQFFweztPzArA%3D%3D&xkcb=SoDr67M3iLN8tAzF6B0abzkdCdPP&rjs=0&qd=Xd-cji1-rrfYy0m8LpokE8dF20pwsUrmctm8cTGFOXDOAPLLNYb6wmUg8gjYJafwpsXE23qShaYtGgdtUJu_X5BBGG-ayCiM-gQi8HpsYsLtZozk31ERKPJGlDLUboAG50chrnGX4B46HyqhlSj9xMohy02t3MX0n-6xoRHLk5Oh8V2c0duIS4mZo0TAq11Zl61No7XvcMPz961yBIpblougDO3NlIXerppYqweTrkxdIR2u4KVXi5XGrbZ08pfBgjrEyAE0GkSkYu3jG0wyzz3Y1gCYqZnOBVg83E4dTUMghWWt7GAE5-9iFln9ffa4WOxvghNOg8rM6Po_qXQU-g&atk=1jqb2src5hcen802,"You will own a defined project, work alongside experienced engineers and business professionals, and present outcomes to leadership. Trade-off study and selection of a local honeycomb panel supplier.",,,indeed_ae,2026-06-05 05:08:07.056999+00:00
Video Editor,MMHealth,Dubai,https://ae.indeed.com/rc/clk?jk=7a6fefd8eeb683c7&bb=k0phN11k86_jlqX66nljGspSdcDl3BAw0itJdmRmTGzerT46jkexLi-kKmAtLwHE6SDb1DYUKzQOU6iMx4xm-PozQurnYM2coQkMlymcl4GAu_cknXl3Mc-IIW0azOwcMnbhNhP91b3UocmANn-PrQ%3D%3D&xkcb=SoBf67M3iLN8tAzF6B0bbzkdCdPP&rjs=0&qd=Xd-cji1-rrfYy0m8LpokE8dF20pwsUrmctm8cTGFOXDOAPLLNYb6wmUg8gjYJafwpsXE23qShaYtGgdtUJu_X5BBGG-ayCiM-gQi8HpsYsLtZozk31ERKPJGlDLUboAG50chrnGX4B46HyqhlSj9xMohy02t3MX0n-6xoRHLk5Oh8V2c0duIS4mZo0TAq11Zl61No7XvcMPz961yBIpblougDO3NlIXerppYqweTrkxdIR2u4KVXi5XGrbZ08pfBgjrEyAE0GkSkYu3jG0wyzz3Y1gCYqZnOBVg83E4dTUMghWWt7GAE5-9iFln9ffa4WOxvghNOg8rM6Po_qXQU-g&atk=1jqb2src5hcen802,* Structuring pacing and emotional flow. * Motion graphics (a bit) and text animations. * Audio cleanup and mastering (only for few videos). * Translating complex health information into engaging…,,,indeed_ae,2026-06-05 05:08:07.009598+00:00
Senior Backend Engineer — Agentic SDLC / AI-Driven Development Lifecycle (AI-DLC),Dicetek LLC,Dubai,https://ae.indeed.com/rc/clk?jk=785d4ad938b796c4&bb=k0phN11k86_jlqX66nljGgrTkJKkLIIWBAe-pMN0aKMmL1XKm4pIVaxcu8n6bcjTWrZJWkS49Nf_GBoI_lIXTcmgPeMrDk7XMPqAJswl1MK0eMSgTA3yxxf2w11vuNSlpwranDFn386yFR7qomZqsg%3D%3D&xkcb=SoB467M3iLN8tAzF6B0EbzkdCdPP&rjs=0&qd=Xd-cji1-rrfYy0m8LpokE8dF20pwsUrmctm8cTGFOXDOAPLLNYb6wmUg8gjYJafwpsXE23qShaYtGgdtUJu_X5BBGG-ayCiM-gQi8HpsYsLtZozk31ERKPJGlDLUboAG50chrnGX4B46HyqhlSj9xMohy02t3MX0n-6xoRHLk5Oh8V2c0duIS4mZo0TAq11Zl61No7XvcMPz961yBIpblougDO3NlIXerppYqweTrkxdIR2u4KVXi5XGrbZ08pfBgjrEyAE0GkSkYu3jG0wyzz3Y1gCYqZnOBVg83E4dTUMghWWt7GAE5-9iFln9ffa4WOxvghNOg8rM6Po_qXQU-g&atk=1jqb2src5hcen802,"Bachelor's or Master's degree in Computer Science, Engineering, or a related technical field (or equivalent professional experience). 10+ years of professional hands-on backend software engineering…",,,indeed_ae,2026-06-05 05:08:06.965282+00:00
Financial Analyst,Ali & Sons Contracting Co. L.L.C.,Abu Dhabi,https://ae.indeed.com/rc/clk?jk=6677a6fb928a2aca&bb=k0phN11k86_jlqX66nljGo7FZevKok269N6551Oi7oKYFEmCrt6ShFj9Id2cLBu_GHZcuvK1vfgeb6dpXLro9_WTscovoPGHWVIp5nuXDA4saCy7b_obMipCpBQogcoNY40aLWNCCVfu2rCazKtUzA%3D%3D&xkcb=SoDM67M3iLN8tAzF6B0FbzkdCdPP&rjs=0&qd=Xd-cji1-rrfYy0m8LpokE8dF20pwsUrmctm8cTGFOXDOAPLLNYb6wmUg8gjYJafwpsXE23qShaYtGgdtUJu_X5BBGG-ayCiM-gQi8HpsYsLtZozk31ERKPJGlDLUboAG50chrnGX4B46HyqhlSj9xMohy02t3MX0n-6xoRHLk5Oh8V2c0duIS4mZo0TAq11Zl61No7XvcMPz961yBIpblougDO3NlIXerppYqweTrkxdIR2u4KVXi5XGrbZ08pfBgjrEyAE0GkSkYu3jG0wyzz3Y1gCYqZnOBVg83E4dTUMghWWt7GAE5-9iFln9ffa4WOxvghNOg8rM6Po_qXQU-g&atk=1jqb2src5hcen802,"Abu Dhabi: Reliably commute or planning to relocate before starting work (Preferred). A master's degree or relevant certification (e.g., CFA, CPA) is preferred. Job Types: Full-time, Permanent.",,,indeed_ae,2026-06-05 05:08:06.899735+00:00
Instrumentation Specialist I,United Arab Emirates University,Al-Ayn,https://ae.indeed.com/rc/clk?jk=7a243f354b9fe71e&bb=k0phN11k86_jlqX66nljGpN1KnpxirMWCd7yeK30Y_FXvaQfJxkmEyYW4OcxmdOXhCkLy19XwCp-yL4XAIDLJEdOl6y2gF2M_1d1y3RpUDY0E58XyuMGJYkPOK0hoQ1-cSB7GD13Ef7xPLkvExK7GA%3D%3D&xkcb=SoBR67M3iLN8tAzF6B0GbzkdCdPP&rjs=0&qd=Xd-cji1-rrfYy0m8LpokE8dF20pwsUrmctm8cTGFOXDOAPLLNYb6wmUg8gjYJafwpsXE23qShaYtGgdtUJu_X5BBGG-ayCiM-gQi8HpsYsLtZozk31ERKPJGlDLUboAG50chrnGX4B46HyqhlSj9xMohy02t3MX0n-6xoRHLk5Oh8V2c0duIS4mZo0TAq11Zl61No7XvcMPz961yBIpblougDO3NlIXerppYqweTrkxdIR2u4KVXi5XGrbZ08pfBgjrEyAE0GkSkYu3jG0wyzz3Y1gCYqZnOBVg83E4dTUMghWWt7GAE5-9iFln9ffa4WOxvghNOg8rM6Po_qXQU-g&atk=1jqb2src5hcen802,"Ensure technical interaction with the other members of the NSSTC S-813 Spacecraft team (Electrical engineer , mechanical/thermal engineer , Flight software engineer , AIT engineer ) Specific…",,,indeed_ae,2026-06-05 05:08:06.851107+00:00
Electrical Engineer,REAL TIME ELECTROMECHANICAL CONTRACTING LLC,Dubai,https://ae.indeed.com/rc/clk?jk=9f4927cd5a854273&bb=k0phN11k86_jlqX66nljGuQ60H2xImmf5Pjox1oWCXNujbhoj6b8WaaB2HLoamYh2iUQL3AavyZLcqQCRgPW_9QflV8pDu20nTlhYszij3buWS6zqsqmLdVzyNUO4Yk8fTzbw8Sj3CvAC5-pjyiDRg%3D%3D&xkcb=SoDl67M3iLN8tAzF6B0HbzkdCdPP&rjs=0&qd=Xd-cji1-rrfYy0m8LpokE8dF20pwsUrmctm8cTGFOXDOAPLLNYb6wmUg8gjYJafwpsXE23qShaYtGgdtUJu_X5BBGG-ayCiM-gQi8HpsYsLtZozk31ERKPJGlDLUboAG50chrnGX4B46HyqhlSj9xMohy02t3MX0n-6xoRHLk5Oh8V2c0duIS4mZo0TAq11Zl61No7XvcMPz961yBIpblougDO3NlIXerppYqweTrkxdIR2u4KVXi5XGrbZ08pfBgjrEyAE0GkSkYu3jG0wyzz3Y1gCYqZnOBVg83E4dTUMghWWt7GAE5-9iFln9ffa4WOxvghNOg8rM6Po_qXQU-g&atk=1jqb2src5hcen802,"Experience in commercial, residential, or industrial fit-out projects. Bachelor’s Degree in Mechanical Engineering, Electrical Engineering, or related field.",,,indeed_ae,2026-06-05 05:08:06.804113+00:00
AI Architect,Dell Technologies,Remote in Dubai,https://ae.indeed.com/rc/clk?jk=1d5c99f6cc1799e3&bb=k0phN11k86_jlqX66nljGidvuIYmy92dj-dZzxaIqMgyKNObaXHMYWsdayoMVzxo19rmFR_cz7HWhQUpMiBKyuJVYcTsHof58BMSl3vUNArPYj9njM054CQePEVo5gkX2WLsXGwjxXZTjC9mb_oQuQ%3D%3D&xkcb=SoBr67M3iLN8tAzF6B0AbzkdCdPP&rjs=0&qd=Xd-cji1-rrfYy0m8LpokE8dF20pwsUrmctm8cTGFOXDOAPLLNYb6wmUg8gjYJafwpsXE23qShaYtGgdtUJu_X5BBGG-ayCiM-gQi8HpsYsLtZozk31ERKPJGlDLUboAG50chrnGX4B46HyqhlSj9xMohy02t3MX0n-6xoRHLk5Oh8V2c0duIS4mZo0TAq11Zl61No7XvcMPz961yBIpblougDO3NlIXerppYqweTrkxdIR2u4KVXi5XGrbZ08pfBgjrEyAE0GkSkYu3jG0wyzz3Y1gCYqZnOBVg83E4dTUMghWWt7GAE5-9iFln9ffa4WOxvghNOg8rM6Po_qXQU-g&atk=1jqb2src5hcen802,"Experience delivering and operating production AI or other large-scale distributed systems in enterprise environments. You will own key parts of the AI software stack , drive rapid proof-of-value…",,,indeed_ae,2026-06-05 05:08:06.754829+00:00
Land Surveyor,PROWESS ALLIANCES,Umm al-Quwain City,https://ae.indeed.com/pagead/clk?mo=r&ad=-6NYlbfkN0AstL32liIgsB7G_XEUZIYzv_ygnt0NIco-XHYof00fkn2FH8TyZfufsOfMBt9NROnAXw6sbRsYDzcAkv_qRKYrTrexKD-US5VtckHsRHc-8NCXFEIukQl8KhvgyWJSoHoEmVjhvbDz59hkCcWW3-X3T9eronAshgJ2Yu1D722jSevOUEFBnlvW5QjLfeelcvSzRI4C5eqy_p76gHzjnpAdUgljiX0lvh0qEAANyyRKu3hf9xEVyhqFCkMbOvWMuM1NtizCcV067zDsPlBa-pyLoBIz26cIs-MG6XQZ6enLo6QLpqLTm4lhU9kz67Hd1Ww2X3qOljIizp1ekx3s12_sdMps3qDfaAEsGRP-qPvvVAkY89fVvsQzNTnQ33UYjWM5E6f9Gd8iqUiAYk0I9t0QXiNiiM3Gk0A6jDekQWnNa-fObKnzYWW9MqJS93bLGjYSVR8rMpkjxt7rp2knI1goi-djURaKVYuBmJtcgNbB0FEbaUTaNNO7bydnezhszCULMcLDNDeUyOn4DuyixKFAZMGI3aMg7ZYc5SXb8clRNeOGwNJDY2agpl-JH2f5546XVGAg7GX1Oz7EbFCtlTSsnRlO7Ens6Z5l1n2-e8zsDwsNJSi5Dcq0heJMG8pRA1AzE39YFZx4aK6L46G3qV3muO8K_TiFosdlsA3uDLo4znbhBujonJGTIyYsZRX5FqvbHoWYgM4_oFBsi-jLBL6fPFLWURAV6rm8sJdAvfqUuYAb0C4naTNc28iZX9juv9AdmgDJqlh45kg6T7BVJxjFX-sIRrJ4HKOsbmFUfGQc_PJiceQ9jp-QKdx5uOly5Geprm9A7vgCuRMj3_J34ybFlW0IFVWQ-foDCeqLlUTkIzvyUXPSgafddgwcCcNOe-9cDGiL-_SnmrKn_YxjJhkt00gBEdcCt5xuXUzg5x0zKwRUYULG0XXopbc0oK7d6OQ=&xkcb=SoAr6_M3iLN8tAzF6B0BbzkdCdPP&camk=C3EPSzFlQw_UZGGmJPwRKg==&p=10&atk=1jqb2src5hcen802,"Coordinate with engineers , project managers, and site teams. ✔ 2–3 years of relevant experience as a Land Surveyor. ✔ Experience working on Aluminium, Steel, and Glass projects.",,,indeed_ae,2026-06-05 05:08:06.688106+00:00
Product Designer (Platform),Revolut,Remote,https://ae.indeed.com/rc/clk?jk=0998a688f877ac38&bb=k0phN11k86_jlqX66nljGpAqdWtkpJslSHLWjZWtC3W7-kQ37eQiRg5_uRdtmcA7S7PnksvuUpEflLTmXh103UDH89Ks-KPHodybw1JPmU0k3T1TODbM1Df9y4hZE9QeAcH7Sv4BQqpnzREzfUPdtw%3D%3D&xkcb=SoBC67M3iLN8tAzF6B0CbzkdCdPP&rjs=0&qd=Xd-cji1-rrfYy0m8LpokE8dF20pwsUrmctm8cTGFOXDOAPLLNYb6wmUg8gjYJafwpsXE23qShaYtGgdtUJu_X5BBGG-ayCiM-gQi8HpsYsLtZozk31ERKPJGlDLUboAG50chrnGX4B46HyqhlSj9xMohy02t3MX0n-6xoRHLk5Oh8V2c0duIS4mZo0TAq11Zl61No7XvcMPz961yBIpblougDO3NlIXerppYqweTrkxdIR2u4KVXi5XGrbZ08pfBgjrEyAE0GkSkYu3jG0wyzz3Y1gCYqZnOBVg83E4dTUMghWWt7GAE5-9iFln9ffa4WOxvghNOg8rM6Po_qXQU-g&atk=1jqb2src5hcen802,A bachelor's or master's degree in computer science or related technical field. A portfolio featuring examples of complex product or systems design work. Impressive design skills across web platforms.,,,indeed_ae,2026-06-05 05:08:06.641492+00:00
Junior Site Architect,Stellar Projex,Dubai,https://ae.indeed.com/rc/clk?jk=d3f732f24a0979f8&bb=k0phN11k86_jlqX66nljGqU7Sss5fsEXpXx_QQPLuF_LJ4MN4ya4lVpshYSucXgtyFN9HA5glEPeDY2uGdJEE7p4ndrIuDzaUHXOzLTzQONwY77JceZAl2lMfP6ZfnIjiHH1Ly6xKK-OYaCncgorX744AKlGi24f&xkcb=SoD267M3iLN8tAzF6B0DbzkdCdPP&rjs=0&qd=Xd-cji1-rrfYy0m8LpokE8dF20pwsUrmctm8cTGFOXDOAPLLNYb6wmUg8gjYJafwpsXE23qShaYtGgdtUJu_X5BBGG-ayCiM-gQi8HpsYsLtZozk31ERKPJGlDLUboAG50chrnGX4B46HyqhlSj9xMohy02t3MX0n-6xoRHLk5Oh8V2c0duIS4mZo0TAq11Zl61No7XvcMPz961yBIpblougDO3NlIXerppYqweTrkxdIR2u4KVXi5XGrbZ08pfBgjrEyAE0GkSkYu3jG0wyzz3Y1gCYqZnOBVg83E4dTUMghWWt7GAE5-9iFln9ffa4WOxvghNOg8rM6Po_qXQU-g&atk=1jqb2src5hcen802,"Bachelor's degree in Architecture or equivalent. 1–3 years of UAE experience in interior fitout or construction. Working knowledge of AI tools (e.g. ChatGPT, image generation, or design automation) —…",,,indeed_ae,2026-06-05 05:08:06.593520+00:00
Senior Software Developer,Excel Software solutions,Dubai,https://ae.indeed.com/rc/clk?jk=d3d27973af3c9821&bb=k0phN11k86_jlqX66nljGkWyr5KRdQFsTa7yHe56z1N6nClTlWIeBg2vOETmBghWfg87KNKblxPuhvKrhhhKAHKqXoxFyCAAAyparZTzwwxKfzPmjHEht-Ka1BjWVIs9ChGA6La_q6TwtgSV9L1YZw%3D%3D&xkcb=SoAf67M3iLN8tAzF6B0MbzkdCdPP&rjs=0&qd=Xd-cji1-rrfYy0m8LpokE8dF20pwsUrmctm8cTGFOXDOAPLLNYb6wmUg8gjYJafwpsXE23qShaYtGgdtUJu_X5BBGG-ayCiM-gQi8HpsYsLtZozk31ERKPJGlDLUboAG50chrnGX4B46HyqhlSj9xMohy02t3MX0n-6xoRHLk5Oh8V2c0duIS4mZo0TAq11Zl61No7XvcMPz961yBIpblougDO3NlIXerppYqweTrkxdIR2u4KVXi5XGrbZ08pfBgjrEyAE0GkSkYu3jG0wyzz3Y1gCYqZnOBVg83E4dTUMghWWt7GAE5-9iFln9ffa4WOxvghNOg8rM6Po_qXQU-g&atk=1jqb2src5hcen802,"Experience with web applications, REST APIs, and backend development. Build and maintain backend services, APIs, and business logic. Strong knowledge of Java / Python / JavaScript (depending on…",,,indeed_ae,2026-06-05 05:08:06.551788+00:00
"Photographer, Videographer & Video Editor",Labelle Chocolates and flowers,Umm al-Quwain,https://ae.indeed.com/rc/clk?jk=e8281cde77de1383&bb=k0phN11k86_jlqX66nljGuQ60H2xImmfkvGC4bGxQmeWqGHEGTQsWo8OHLoH9QgOl9OWaRnDYbvkQyKnKuKRc444kp5aA-yfmo0457MrtLdfDH7ELtc37qhBtODZWNmgz5ycM5yX0ABwAiIPR6Oq-NvFtaKwd81W&xkcb=SoCr67M3iLN8tAzF6B0NbzkdCdPP&rjs=0&qd=Xd-cji1-rrfYy0m8LpokE8dF20pwsUrmctm8cTGFOXDOAPLLNYb6wmUg8gjYJafwpsXE23qShaYtGgdtUJu_X5BBGG-ayCiM-gQi8HpsYsLtZozk31ERKPJGlDLUboAG50chrnGX4B46HyqhlSj9xMohy02t3MX0n-6xoRHLk5Oh8V2c0duIS4mZo0TAq11Zl61No7XvcMPz961yBIpblougDO3NlIXerppYqweTrkxdIR2u4KVXi5XGrbZ08pfBgjrEyAE0GkSkYu3jG0wyzz3Y1gCYqZnOBVg83E4dTUMghWWt7GAE5-9iFln9ffa4WOxvghNOg8rM6Po_qXQU-g&atk=1jqb2src5hcen802,"Advanced skills in Adobe Premiere Pro, After Effects, DaVinci Resolve, or similar software . Ability to work full-time from our Head Office in Umm Al Quwain. Valid UAE Driving License (Mandatory).",,,indeed_ae,2026-06-05 05:08:06.504441+00:00
Planning Engineer,Desert Group,Dubai,https://ae.indeed.com/rc/clk?jk=1b80ba1aa3718a38&bb=k0phN11k86_jlqX66nljGlKj-cMQWG3In2z55wBhbdOXk4rKqTfaP7nhvBk3X0zrtmXppuTF11HwobVl9nHHS3y8N0GiQn9zH8ht0cW2Sj8M4G63ZleqXtN9BC0lnmZUqh4bc-cAge7nVCgdkEn_Sw%3D%3D&xkcb=SoA267M3iLN8tAzF6B0ObzkdCdPP&rjs=0&qd=Xd-cji1-rrfYy0m8LpokE8dF20pwsUrmctm8cTGFOXDOAPLLNYb6wmUg8gjYJafwpsXE23qShaYtGgdtUJu_X5BBGG-ayCiM-gQi8HpsYsLtZozk31ERKPJGlDLUboAG50chrnGX4B46HyqhlSj9xMohy02t3MX0n-6xoRHLk5Oh8V2c0duIS4mZo0TAq11Zl61No7XvcMPz961yBIpblougDO3NlIXerppYqweTrkxdIR2u4KVXi5XGrbZ08pfBgjrEyAE0GkSkYu3jG0wyzz3Y1gCYqZnOBVg83E4dTUMghWWt7GAE5-9iFln9ffa4WOxvghNOg8rM6Po_qXQU-g&atk=1jqb2src5hcen802,Create and maintain project schedules that support and align with project specification and contract duration. Prepare the baseline program inline with project schedule and get it approved from client…,,,indeed_ae,2026-06-05 05:08:06.455979+00:00
Mechanical Engineer,TEXAS OIL FIELDS EQUIP.MAINT.L L C,Sharjah,https://ae.indeed.com/rc/clk?jk=b7478a26f05dd6bc&bb=k0phN11k86_jlqX66nljGq6lpfe4nISyvQZIX7yer9wrQDLMkAZxKfwiT0u_RuajiItXDvIZzIZgpTe_y6FWJKAOBkPjb-DMF7ibhot7KDBujGCOXntSZZg4inyuaXghrsvbPlo43RN9o1W2yyam5g%3D%3D&xkcb=SoCC67M3iLN8tAzF6B0PbzkdCdPP&rjs=0&qd=Xd-cji1-rrfYy0m8LpokE8dF20pwsUrmctm8cTGFOXDOAPLLNYb6wmUg8gjYJafwpsXE23qShaYtGgdtUJu_X5BBGG-ayCiM-gQi8HpsYsLtZozk31ERKPJGlDLUboAG50chrnGX4B46HyqhlSj9xMohy02t3MX0n-6xoRHLk5Oh8V2c0duIS4mZo0TAq11Zl61No7XvcMPz961yBIpblougDO3NlIXerppYqweTrkxdIR2u4KVXi5XGrbZ08pfBgjrEyAE0GkSkYu3jG0wyzz3Y1gCYqZnOBVg83E4dTUMghWWt7GAE5-9iFln9ffa4WOxvghNOg8rM6Po_qXQU-g&atk=1jqb2src5hcen802,Mechanical Engineer 4 - 5 year experience Oil & Gas Industry Please send CV: sales@texasautomation.me Work Location: In…,,,indeed_ae,2026-06-05 05:08:06.378352+00:00
Technical Engineer,UPTOWN TECHNICAL SERVICES L.L.C,Abu Dhabi,https://ae.indeed.com/pagead/clk?mo=r&ad=-6NYlbfkN0DzuWlfPpC3R4cESe7WWIXOf1Sv8lrAc7jkSdvDQ9Kt9vsZD3pIFYaiTBoI9pjuz54tej8ViS3ix4dGXCQxRauY_U27iGv3j4hZ7lSXUrg4-NcHA9S5kBuhdtenDUucWfHHc-KnXCbq4FfszM5UIoKhDkKyZOv3FbKBv-fpsvZVg7te6nIDg23wpIZPdxy6mkiHP1qIuoMMiVrOVKUPO76v6lBgqU5FpENWhTxcDJS2CtRMovA6T2zAVRtF7LiG3am5A7YunQ-01ADcAZZez0GowWTd1xWclztu3kuSeA385B11LkDMhIgykRzJmUx5kfsOUG_uKZIO2fuUokaiuy9vEvZakwDBanGm-W8ih0AjL9-9B3RTQ04qSh2n-mxdMh6cy_D4IWHwfMINBzISuvXr01LCbAAIGyc1fK2Ih9ffO3GzVvt3vumxeyCfbcHZUi9upwtSBVmAFFOcDhwIZ57joQdZ1Er3Zryzra2I0ZmrANbL-7zajMHS5j8SJxfstUihVXjDnQEfnyHS6j-KhFoeZvwrjpzz5PFFmqLUgYdaPZQ3VhbOQ_RevnVtjtkmU2X9QWxfPmcuc7iftrLKfQuoXmdpGtTf71rAX0QejWrDRrA715pqPo3JYXKRpR6giXvbmrO29Gio5cbdMEQKVnnhKUyVSgAgAF04Q1hnk04WTgAxvwtc-7guW3Wexm_SVAbo9Vc2GtwC2Fx0WKwu0Y_IOjYV5iDAle4fG9OwgX1D3TlAu9hcW5EHZzr_iaq5tfjLoZzJxyEmWwuZenX-ZK_NBONljgMWvOMtdasCcgniahSo68EZxMjXkkA13Wd8VMy45ljwZ7GHAfA0ORcJ69NBT2Ehx-cTy3J6gkjKyXYTnYk_FH-l_WdG7WH4pRl_SzENRL-64kkZqjiWKRWAtDKX-1ztEqWXWhqA0fjej03K-uWPJKUW9cXPdeh7V7Jjjxw=&xkcb=SoD46_M3iLN8tAzF6B0IbzkdCdPP&camk=C3EPSzFlQw9vCrSoeAMhUA==&p=3&atk=1jqb2src5hcen802,"Minimum 3–5 years of UAE construction or fit-out experience. Experience with Aconex, Procore, Autodesk Construction Cloud, or similar platforms. Bachelor's Degree in Civil Engineering, Mechanical…",,,indeed_ae,2026-06-05 05:08:06.326520+00:00
Estimation Engineer,Moov Group,Dubai,https://ae.indeed.com/rc/clk?jk=d78e4e765ec20881&bb=k0phN11k86_jlqX66nljGvTKdO3P4DFf17b6HyyORyfbG-cy3dCnrJ9KPrimjVAIOKMKsfb712JTF6q6HSZimdw5PVayP3uF406zl72Cky7oHWXvouAreLfOKWplA-sbR6i2lqU2QtwC5wezj8Hg2w%3D%3D&xkcb=SoC467M3iLN8tAzF6B0JbzkdCdPP&rjs=0&qd=Xd-cji1-rrfYy0m8LpokE8dF20pwsUrmctm8cTGFOXDOAPLLNYb6wmUg8gjYJafwpsXE23qShaYtGgdtUJu_X5BBGG-ayCiM-gQi8HpsYsLtZozk31ERKPJGlDLUboAG50chrnGX4B46HyqhlSj9xMohy02t3MX0n-6xoRHLk5Oh8V2c0duIS4mZo0TAq11Zl61No7XvcMPz961yBIpblougDO3NlIXerppYqweTrkxdIR2u4KVXi5XGrbZ08pfBgjrEyAE0GkSkYu3jG0wyzz3Y1gCYqZnOBVg83E4dTUMghWWt7GAE5-9iFln9ffa4WOxvghNOg8rM6Po_qXQU-g&atk=1jqb2src5hcen802,"Proficiency in MS Office and estimation software (AutoCAD, Excel, etc.). We are seeking an Estimation Engineer to prepare accurate cost estimates, review project drawings, and support the tendering…",,,indeed_ae,2026-06-05 05:08:06.284386+00:00
Procurement Engineer,CHENG DONG MODULAR HOUSING CONTRACTING - L.L.C -...,Abu Dhabi,https://ae.indeed.com/rc/clk?jk=32b464a853d84ef4&bb=k0phN11k86_jlqX66nljGhGdf9-AZKwx7DCV5pXlIRUtxywvKwzn35Q_SPNiItb6msW1JeubYFL2WjPQwInsoIuZad5-C0JbWmMQW_jzLGI8-RzDW0DReN7QmQ5SRJwb9QD5q41exPtcJIO_1T8t2A%3D%3D&xkcb=SoAl67M3iLN8tAzF6B0KbzkdCdPP&rjs=0&qd=Xd-cji1-rrfYy0m8LpokE8dF20pwsUrmctm8cTGFOXDOAPLLNYb6wmUg8gjYJafwpsXE23qShaYtGgdtUJu_X5BBGG-ayCiM-gQi8HpsYsLtZozk31ERKPJGlDLUboAG50chrnGX4B46HyqhlSj9xMohy02t3MX0n-6xoRHLk5Oh8V2c0duIS4mZo0TAq11Zl61No7XvcMPz961yBIpblougDO3NlIXerppYqweTrkxdIR2u4KVXi5XGrbZ08pfBgjrEyAE0GkSkYu3jG0wyzz3Y1gCYqZnOBVg83E4dTUMghWWt7GAE5-9iFln9ffa4WOxvghNOg8rM6Po_qXQU-g&atk=1jqb2src5hcen802,"Degree in Engineering, Supply Chain Management or related field is preferred. 1-Responsible for RFQ, quotation comparison, and price negotiation for EPC projects, product sales projects, factory…",,,indeed_ae,2026-06-05 05:08:06.219332+00:00
Site Engineer,City Building Contracting,Umm al-Quwain City,https://ae.indeed.com/rc/clk?jk=b4406d4e8c390c31&bb=k0phN11k86_jlqX66nljGrZvayg1fpIRlVCwBeVcXxEq9ZqWTAUFpvaH1LN_tWjfUWPAnk9o0D1l0B98ZydXeBGMiTDBsjFCZQDgVegxQW_u6PXFBsrGvKP6j8VsMbhc6GJHHdijKwIWece6GkepWQ%3D%3D&xkcb=SoCR67M3iLN8tAzF6B0LbzkdCdPP&rjs=0&qd=Xd-cji1-rrfYy0m8LpokE8dF20pwsUrmctm8cTGFOXDOAPLLNYb6wmUg8gjYJafwpsXE23qShaYtGgdtUJu_X5BBGG-ayCiM-gQi8HpsYsLtZozk31ERKPJGlDLUboAG50chrnGX4B46HyqhlSj9xMohy02t3MX0n-6xoRHLk5Oh8V2c0duIS4mZo0TAq11Zl61No7XvcMPz961yBIpblougDO3NlIXerppYqweTrkxdIR2u4KVXi5XGrbZ08pfBgjrEyAE0GkSkYu3jG0wyzz3Y1gCYqZnOBVg83E4dTUMghWWt7GAE5-9iFln9ffa4WOxvghNOg8rM6Po_qXQU-g&atk=1jqb2src5hcen802,Proficiency in MS Office and project management tools/software. Umm al-Quwain City: Reliably commute or planning to relocate before starting work (Required). Bachelor’s Degree in Civil Engineering.,,,indeed_ae,2026-06-05 05:08:06.170273+00:00
Mechanical Engineer (HVAC / MEP – Fit-Out Projects),Mattermind Decor & General Maintenance LLC,Mussafah,https://ae.indeed.com/pagead/clk?mo=r&ad=-6NYlbfkN0DAOffkHarTOrwV3dxvd0DyqM4Gvegp2vSMja0segC085SH-AGsQLnu03KrqDrm7kuaxcOFINCByJCGLeD_BkfWbbszQ6t6sCtCMlV57FRdDY3Upbs1i70uUzSgEAVusFXhkCcgSx82VCkPCwj-efGAWQyrk9Fr_-bupVmyfGW9jm3sqynwJCqs9bZW54RUfGH80d4LLzIqA2zq4fT4Qfa4ySQcK_tb7ezoOEhzDCMnkJL7T-vFbRuPmHj5BKrzXLK-Qh_8j9nVKHgqMpM1sFY5WLIxhKM8lF_EfvZ1ApnB1aOSR4CbzFFRtEzZATNA5cNNI1gOtC99L671xU5BXhzPdvJJzPyMn63cnYryv2AwJ4ZuWGDpPD9Mm_jJxyFrQyigpoc1phUtIiUvg4fccHobl3AgGHe7GNqURwZWS_KdCxmGPSdgRNeSOpRVa89IdgdkItHpKYnJ_KRM1mjpVYlaN-aRb7YrLA3_SLr43uARyizau3IN2JTDFij_PwhRTxltx_DHhBBT3YGc_gcctQRuoNaEBzVMgUUyp5Zu2W1aRqf9jcZMgjybBTPAtZoOdSWxoeh1miPHLpnvHunR7wd738I8Lzlsg5RiS9sJkzRrxAnMyHNMx1AJDn8pJhSQLdcp3BXNEiNxG2CzeVNMHLs3YzvZBhmicCt9-tC2Nk_MQ9bJZUZaV18IWdofJ5Ii-9VkvpsH361Fu7DZUvTTOfFWboRgGJLYLHv4tM9J2kKXRXFYDgk7Fvjyl-nSWrkAUs55-1AxYsVauboTV63IC0Gr0W6HL1KryiPgYNiKly41--sOl8CUoGW2x032YdPgTzliU8Fbfq_4PKScjEdyh18VSu6e28SWE-OpAOWAFfRgS8UenSNWzF6voRVZ46sZo5jHcuE9-OvoKX7X38VDUDqOTiIWclrJgSgnS1BlGSyIy3fWHYUUSjETSP-nHjcU740JIKY_uiDKM-QKKnpZ9yD5rGCNYIVh_d2WufidqIJK7F9StyzxuBsF&xkcb=SoDE6_M3iLN9A_T43Z0TbzkdCdPP&camk=C3EPSzFlQw8xBAbTT8wVAQ==&p=24&atk=1jqb2smltha8t800,HVAC design software (HAP or similar). Mechanical Engineer (HVAC / MEP – Fit-Out Projects). Company: Matter Mind Decor & General Maintenance LLC. We are hiring an experienced *Mechanical Engineer (…,,,indeed_ae,2026-06-05 05:08:02.534512+00:00
Cadet Technician,KEOLIS,Dubai,https://ae.indeed.com/rc/clk?jk=e30cbeea3724642b&bb=XfDrN6aDCoW9ZfW4QPZvwNAjdwtXO1-NzpVHJaQ33nDe7u-We6zFDcsKQXXeVznykuRHJ4y7wQmOqxT-qBlCozbQQsYPQ9OATdxvJF_9M7vl9KH7OaPFPY3LOydql1lX-B7w7VRI2JZ-UplwkEdrPA%3D%3D&xkcb=SoDZ67M3iLN9A_T43Z0cbzkdCdPP&rjs=0&qd=Xd-cji1-rrfYy0m8LpokE8dF20pwsUrmctm8cTGFOXDOAPLLNYb6wmUg8gjYJafwpsXE23qShaYtGgdtUJu_X5BBGG-ayCiM-gQi8HpsYsLtZozk31ERKPJGlDLUboAG50chrnGX4B46HyqhlSj9xMohy02t3MX0n-6xoRHLk5Oh8V2c0duIS4mZo0TAq11Zl61No7XvcMPz961yBIpblougDO3NlIXerppYqweTrkxdIR2u4KVXi5XGrbZ08pfBgjrEyAE0GkSkYu3jG0wyz6GIieWwfPZAKqtdWM0F9pOjFAv_1gg9tQR0rpdUEjRoWOxvghNOg8rM6Po_qXQU-g&atk=1jqb2smltha8t800,"ITI or Diploma in electrical, electronics, mechanical or automobile engineering discipline or equivalent. Assist in identifying defects or observations early to prevent costly failures or service…",,,indeed_ae,2026-06-05 05:08:02.489274+00:00
MEP Engineer (Luxury Villas),LSI Company,Dubai,https://ae.indeed.com/rc/clk?jk=3b1d4050581bf3ab&bb=XfDrN6aDCoW9ZfW4QPZvwP7DF9kI4FWGqOnGBZjUTN4GepXDHUOKYh1V_lm6xqzVbBRqWa88b9eiCSuhMfRfs4Pv-JAynsVHylwjQhxidwdYHHh1Wp4xKHsWEuLysPJvIW03DepWmrl9p6uthdftbA%3D%3D&xkcb=SoBt67M3iLN9A_T43Z0dbzkdCdPP&rjs=0&qd=Xd-cji1-rrfYy0m8LpokE8dF20pwsUrmctm8cTGFOXDOAPLLNYb6wmUg8gjYJafwpsXE23qShaYtGgdtUJu_X5BBGG-ayCiM-gQi8HpsYsLtZozk31ERKPJGlDLUboAG50chrnGX4B46HyqhlSj9xMohy02t3MX0n-6xoRHLk5Oh8V2c0duIS4mZo0TAq11Zl61No7XvcMPz961yBIpblougDO3NlIXerppYqweTrkxdIR2u4KVXi5XGrbZ08pfBgjrEyAE0GkSkYu3jG0wyz6GIieWwfPZAKqtdWM0F9pOjFAv_1gg9tQR0rpdUEjRoWOxvghNOg8rM6Po_qXQU-g&atk=1jqb2smltha8t800,"We require an experienced MEP Engineer for our company. Required a thorough knowledge of all the MEP works such as Plumbing, electrical, mechanical, firefighting, IT/AV, etc.",,,indeed_ae,2026-06-05 05:08:02.443475+00:00
Java Full Stack Developer,AMBRS IT Solutions,Dubai,https://ae.indeed.com/rc/clk?jk=9d057369be5998e0&bb=XfDrN6aDCoW9ZfW4QPZvwP26tmaY64g004njzE_QDVdqpgH5o6pV2Ytf7fIZKCquDl56rbm7Ye1BZPHlLxd2k-XPZ5ddOz5Q_T2eWGljzj45Wgwu21moNJVVHjVx20O0-BSvPGdMFjX0V7KUJCOTqw%3D%3D&xkcb=SoDw67M3iLN9A_T43Z0ebzkdCdPP&rjs=0&qd=Xd-cji1-rrfYy0m8LpokE8dF20pwsUrmctm8cTGFOXDOAPLLNYb6wmUg8gjYJafwpsXE23qShaYtGgdtUJu_X5BBGG-ayCiM-gQi8HpsYsLtZozk31ERKPJGlDLUboAG50chrnGX4B46HyqhlSj9xMohy02t3MX0n-6xoRHLk5Oh8V2c0duIS4mZo0TAq11Zl61No7XvcMPz961yBIpblougDO3NlIXerppYqweTrkxdIR2u4KVXi5XGrbZ08pfBgjrEyAE0GkSkYu3jG0wyz6GIieWwfPZAKqtdWM0F9pOjFAv_1gg9tQR0rpdUEjRoWOxvghNOg8rM6Po_qXQU-g&atk=1jqb2smltha8t800, Integrate frontend applications with backend APIs.  Knowledge of modern frontend tooling and state management. We are looking for a Full Stack Developer with a strong emphasis on backend…,,,indeed_ae,2026-06-05 05:08:02.396616+00:00
Pre-Contracts Coordinator,Ecogreen Architectural & Engineering Consultants,Dubai,https://ae.indeed.com/rc/clk?jk=d8c0301772969158&bb=XfDrN6aDCoW9ZfW4QPZvwJLeGXjF_Uijjo8GT1rDq-_9ehSCGsFFMPsHPhoaXaQkCKlRVEnQULXPwQhXbMMBAHpoP0y6JxDG3eXTZrZkbuLJvAwSzXMpDEQXV1LmR6s_d62WscMXp_ZjqlcLkGtCiQ%3D%3D&xkcb=SoBE67M3iLN9A_T43Z0fbzkdCdPP&rjs=0&qd=Xd-cji1-rrfYy0m8LpokE8dF20pwsUrmctm8cTGFOXDOAPLLNYb6wmUg8gjYJafwpsXE23qShaYtGgdtUJu_X5BBGG-ayCiM-gQi8HpsYsLtZozk31ERKPJGlDLUboAG50chrnGX4B46HyqhlSj9xMohy02t3MX0n-6xoRHLk5Oh8V2c0duIS4mZo0TAq11Zl61No7XvcMPz961yBIpblougDO3NlIXerppYqweTrkxdIR2u4KVXi5XGrbZ08pfBgjrEyAE0GkSkYu3jG0wyz6GIieWwfPZAKqtdWM0F9pOjFAv_1gg9tQR0rpdUEjRoWOxvghNOg8rM6Po_qXQU-g&atk=1jqb2smltha8t800,"3–7+ years of experience in tendering, contracts, or pre-construction roles within an architectural or consultancy firm. Coordinate closely with project architects and engineers to maintain design…",,,indeed_ae,2026-06-05 05:08:02.349868+00:00
E&I Engineer,TEXAS OIL FIELDS EQUIP.MAINT.L L C,Sharjah,https://ae.indeed.com/rc/clk?jk=b6866b4a71cd0561&bb=XfDrN6aDCoW9ZfW4QPZvwBBZhUO3WiHkppR9yCUK9UwE-A-brIIO7pQj7l5BsPTPJ4slxhi2UhDE2pQ-wsIA-AQIXa7WhLKZsgRkel8eTH3oa_T7nwmLcS-tipvdtw6TcNjcsZr4DYy4rCDHG6hwvg%3D%3D&xkcb=SoDK67M3iLN9A_T43Z0YbzkdCdPP&rjs=0&qd=Xd-cji1-rrfYy0m8LpokE8dF20pwsUrmctm8cTGFOXDOAPLLNYb6wmUg8gjYJafwpsXE23qShaYtGgdtUJu_X5BBGG-ayCiM-gQi8HpsYsLtZozk31ERKPJGlDLUboAG50chrnGX4B46HyqhlSj9xMohy02t3MX0n-6xoRHLk5Oh8V2c0duIS4mZo0TAq11Zl61No7XvcMPz961yBIpblougDO3NlIXerppYqweTrkxdIR2u4KVXi5XGrbZ08pfBgjrEyAE0GkSkYu3jG0wyz6GIieWwfPZAKqtdWM0F9pOjFAv_1gg9tQR0rpdUEjRoWOxvghNOg8rM6Po_qXQU-g&atk=1jqb2smltha8t800,E&I Engineer 4 - 5 year experience Oil & Gas Industry Please send CV: sales@texasautomation.me Work Location: In…,,,indeed_ae,2026-06-05 05:08:02.298488+00:00
Project Eng 1040,Altea Energy,UAE,https://ae.indeed.com/rc/clk?jk=77de83919f036aaf&bb=XfDrN6aDCoW9ZfW4QPZvwL-omjmeRhelSRrrMIxAkBzgyVGKvLz7uiHAP7Yfxs0jES5lwYKXq2Z5KPGCZ2YQ2PQSGtNn5pg1_48EiX9B6b_Lw2p83fCBEvLbp2MCbVdh1D1PjipHzrsNl2cVaiovNw%3D%3D&xkcb=SoB-67M3iLN9A_T43Z0ZbzkdCdPP&rjs=0&qd=Xd-cji1-rrfYy0m8LpokE8dF20pwsUrmctm8cTGFOXDOAPLLNYb6wmUg8gjYJafwpsXE23qShaYtGgdtUJu_X5BBGG-ayCiM-gQi8HpsYsLtZozk31ERKPJGlDLUboAG50chrnGX4B46HyqhlSj9xMohy02t3MX0n-6xoRHLk5Oh8V2c0duIS4mZo0TAq11Zl61No7XvcMPz961yBIpblougDO3NlIXerppYqweTrkxdIR2u4KVXi5XGrbZ08pfBgjrEyAE0GkSkYu3jG0wyz6GIieWwfPZAKqtdWM0F9pOjFAv_1gg9tQR0rpdUEjRoWOxvghNOg8rM6Po_qXQU-g&atk=1jqb2smltha8t800,"During FEED up to Order Novation, coordinate Procurement activities related with Long Lead and/or Critical Equipment. Recommend improvements, ideas to improve work processes, policies, procedures, and…",,,indeed_ae,2026-06-05 05:08:02.211514+00:00
AI Engineer,Kiash Solutions LLP,Abu Dhabi,https://ae.indeed.com/rc/clk?jk=19490f28889849e4&bb=XfDrN6aDCoW9ZfW4QPZvwH1i1NrYgF9rz5ZCexmky357o6gXgd14m1LHOaJFYoCBeBHgN2XPaaZuPJzc8XC55p5mv_cKpEeTMNp5woho4A1Nq9aYubSqKcIkSf8OTxCwPdQdJ5ZBYLESHVf1aTdzKhCmHrXLx6op&xkcb=SoDj67M3iLN9A_T43Z0abzkdCdPP&rjs=0&qd=Xd-cji1-rrfYy0m8LpokE8dF20pwsUrmctm8cTGFOXDOAPLLNYb6wmUg8gjYJafwpsXE23qShaYtGgdtUJu_X5BBGG-ayCiM-gQi8HpsYsLtZozk31ERKPJGlDLUboAG50chrnGX4B46HyqhlSj9xMohy02t3MX0n-6xoRHLk5Oh8V2c0duIS4mZo0TAq11Zl61No7XvcMPz961yBIpblougDO3NlIXerppYqweTrkxdIR2u4KVXi5XGrbZ08pfBgjrEyAE0GkSkYu3jG0wyz6GIieWwfPZAKqtdWM0F9pOjFAv_1gg9tQR0rpdUEjRoWOxvghNOg8rM6Po_qXQU-g&atk=1jqb2smltha8t800,Experience with the full software development life cycle using traditional and agile methodologies. One or more Certification in Solution and/or Enterprise Architecture is preferred.,,,indeed_ae,2026-06-05 05:08:02.165235+00:00
"Ecommerce (Shopify), Email & WhatsApp Automation Manager",Rightangled,Dubai,https://ae.indeed.com/rc/clk?jk=b6640c6612dff32c&bb=XfDrN6aDCoW9ZfW4QPZvwGFwHAhFIt4OHSGncU4YzkNYaXRsrCNVMctZlsMqPy5WqVNMu2MhxYMe-2Ja4lDwAkm1lHpQthkf09al7fLiyUp8ZHJ_ulOY5Zm5XHa6YwWNYyP7CHMbM8hBx66xSPobjA%3D%3D&xkcb=SoBX67M3iLN9A_T43Z0bbzkdCdPP&rjs=0&qd=Xd-cji1-rrfYy0m8LpokE8dF20pwsUrmctm8cTGFOXDOAPLLNYb6wmUg8gjYJafwpsXE23qShaYtGgdtUJu_X5BBGG-ayCiM-gQi8HpsYsLtZozk31ERKPJGlDLUboAG50chrnGX4B46HyqhlSj9xMohy02t3MX0n-6xoRHLk5Oh8V2c0duIS4mZo0TAq11Zl61No7XvcMPz961yBIpblougDO3NlIXerppYqweTrkxdIR2u4KVXi5XGrbZ08pfBgjrEyAE0GkSkYu3jG0wyz6GIieWwfPZAKqtdWM0F9pOjFAv_1gg9tQR0rpdUEjRoWOxvghNOg8rM6Po_qXQU-g&atk=1jqb2smltha8t800,"Your CV or LinkedIn profile. Experience with WhatsApp Business API or equivalent messaging automation platforms (e.g. Zoko, WATI, Interakt, or 360dialog). CRM, Email & WhatsApp Automation Manager.",,,indeed_ae,2026-06-05 05:08:02.116267+00:00
Technical Engineer,Al Jawal Contracting LLC,Dubai,https://ae.indeed.com/rc/clk?jk=0606a2ff542041f2&bb=XfDrN6aDCoW9ZfW4QPZvwGSFY4awt_YlFFGVklMgfmEPDk2-je8WM_ZfnJUMZ1_ijH0ztjsamjpG_0CMuzDeLXiWSjVZpdnsEzFS2xHo8V9xrcudtLH9GSO4yX-j46TzE9KEUBRGmQYfduUyf8SaxQ%3D%3D&xkcb=SoBw67M3iLN9A_T43Z0EbzkdCdPP&rjs=0&qd=Xd-cji1-rrfYy0m8LpokE8dF20pwsUrmctm8cTGFOXDOAPLLNYb6wmUg8gjYJafwpsXE23qShaYtGgdtUJu_X5BBGG-ayCiM-gQi8HpsYsLtZozk31ERKPJGlDLUboAG50chrnGX4B46HyqhlSj9xMohy02t3MX0n-6xoRHLk5Oh8V2c0duIS4mZo0TAq11Zl61No7XvcMPz961yBIpblougDO3NlIXerppYqweTrkxdIR2u4KVXi5XGrbZ08pfBgjrEyAE0GkSkYu3jG0wyz6GIieWwfPZAKqtdWM0F9pOjFAv_1gg9tQR0rpdUEjRoWOxvghNOg8rM6Po_qXQU-g&atk=1jqb2smltha8t800,We are looking for a practical engineer who combines strong technical knowledge with modern engineering software and digital workflows. Technical Engineer (Civil) – Building Construction.,,,indeed_ae,2026-06-05 05:08:02.060296+00:00
Infrastructure Draughtsman,Island Tower Electromechanical Works LLC,Dubai,https://ae.indeed.com/rc/clk?jk=9fc55963889251c0&bb=XfDrN6aDCoW9ZfW4QPZvwEO6r5ik4iIlkftqaO8COcA96obk7gvwO0HI5JjRasWfpNHuPfg_6TUMXyH9G_4aqRyH58EhlgP1wkqakf57ngGtBHaSp4kCGgT96yCnYgMyddWAKaGXirZQhrGi53f5rg%3D%3D&xkcb=SoDE67M3iLN9A_T43Z0FbzkdCdPP&rjs=0&qd=Xd-cji1-rrfYy0m8LpokE8dF20pwsUrmctm8cTGFOXDOAPLLNYb6wmUg8gjYJafwpsXE23qShaYtGgdtUJu_X5BBGG-ayCiM-gQi8HpsYsLtZozk31ERKPJGlDLUboAG50chrnGX4B46HyqhlSj9xMohy02t3MX0n-6xoRHLk5Oh8V2c0duIS4mZo0TAq11Zl61No7XvcMPz961yBIpblougDO3NlIXerppYqweTrkxdIR2u4KVXi5XGrbZ08pfBgjrEyAE0GkSkYu3jG0wyz6GIieWwfPZAKqtdWM0F9pOjFAv_1gg9tQR0rpdUEjRoWOxvghNOg8rM6Po_qXQU-g&atk=1jqb2smltha8t800,"Experience working on municipal or government infrastructure projects is preferred. Coordinate with civil engineers , surveyors, and project managers to incorporate design changes and updates.",,,indeed_ae,2026-06-05 05:08:01.998939+00:00
Planning Engineer,MIRA CONSTRUCTION L.L.C,Dubai,https://ae.indeed.com/rc/clk?jk=161bcc2a913f0519&bb=XfDrN6aDCoW9ZfW4QPZvwA7_t__QotA3yxIpdUc5aFL9AMQGuQ5HrNkl-syC6FnFnBOjoQk9vXUrUicNZ71uVkbTBVWpSkamKYzxASV31C08d8UwSXlXPMULBitO1I6d1K3d7_6yun8TPgsJGJMjtA%3D%3D&xkcb=SoBZ67M3iLN9A_T43Z0GbzkdCdPP&rjs=0&qd=Xd-cji1-rrfYy0m8LpokE8dF20pwsUrmctm8cTGFOXDOAPLLNYb6wmUg8gjYJafwpsXE23qShaYtGgdtUJu_X5BBGG-ayCiM-gQi8HpsYsLtZozk31ERKPJGlDLUboAG50chrnGX4B46HyqhlSj9xMohy02t3MX0n-6xoRHLk5Oh8V2c0duIS4mZo0TAq11Zl61No7XvcMPz961yBIpblougDO3NlIXerppYqweTrkxdIR2u4KVXi5XGrbZ08pfBgjrEyAE0GkSkYu3jG0wyz6GIieWwfPZAKqtdWM0F9pOjFAv_1gg9tQR0rpdUEjRoWOxvghNOg8rM6Po_qXQU-g&atk=1jqb2smltha8t800,"PMP certification or Primavera certification is an advantage. Bachelor's Degree in Civil Engineering, Construction Management, or a related field. Strong analytical skills, proficiency in planning…",,,indeed_ae,2026-06-05 05:08:01.952817+00:00
Planning Engineer,Smart Action Project Management Services,Dubai,https://ae.indeed.com/rc/clk?jk=8902c59f4c1de51d&bb=XfDrN6aDCoW9ZfW4QPZvwBF2XjgLJ8eaDdVG0gwAizikI8uly3TlJSiGPyI1KosC1W3bPdVwridBPVd7noMOAMQ8FnlwjzGp64kFIzH5Me07WiqM4YJCCxVL_Dwpq0bIzSTlu4u5HgOyD3lN8ahyug%3D%3D&xkcb=SoDt67M3iLN9A_T43Z0HbzkdCdPP&rjs=0&qd=Xd-cji1-rrfYy0m8LpokE8dF20pwsUrmctm8cTGFOXDOAPLLNYb6wmUg8gjYJafwpsXE23qShaYtGgdtUJu_X5BBGG-ayCiM-gQi8HpsYsLtZozk31ERKPJGlDLUboAG50chrnGX4B46HyqhlSj9xMohy02t3MX0n-6xoRHLk5Oh8V2c0duIS4mZo0TAq11Zl61No7XvcMPz961yBIpblougDO3NlIXerppYqweTrkxdIR2u4KVXi5XGrbZ08pfBgjrEyAE0GkSkYu3jG0wyz6GIieWwfPZAKqtdWM0F9pOjFAv_1gg9tQR0rpdUEjRoWOxvghNOg8rM6Po_qXQU-g&atk=1jqb2smltha8t800,"Knowledge of Civil Engineering, EOT, Contracts and expertise in software such as Primavera. 2 Senior Planning Engineers required. Experience with Consultancy firms for 5+ years.",,,indeed_ae,2026-06-05 05:08:01.907596+00:00
Product Manager — AI Platforms,QualiteSoft,Dubai,https://ae.indeed.com/rc/clk?jk=7ec229fc06f56c10&bb=XfDrN6aDCoW9ZfW4QPZvwNa-fy-B4fENqXO8J59csbzKCtKpymqsekRedZAqWtxKedVluZ1hF2UIKik2yg6PMwSsAplf6xmvBeBUHawmsaR3qy2R6ScDhUpb9oj8sHQz0f_4OL7CnqjOiMEWzfrn3A%3D%3D&xkcb=SoBj67M3iLN9A_T43Z0AbzkdCdPP&rjs=0&qd=Xd-cji1-rrfYy0m8LpokE8dF20pwsUrmctm8cTGFOXDOAPLLNYb6wmUg8gjYJafwpsXE23qShaYtGgdtUJu_X5BBGG-ayCiM-gQi8HpsYsLtZozk31ERKPJGlDLUboAG50chrnGX4B46HyqhlSj9xMohy02t3MX0n-6xoRHLk5Oh8V2c0duIS4mZo0TAq11Zl61No7XvcMPz961yBIpblougDO3NlIXerppYqweTrkxdIR2u4KVXi5XGrbZ08pfBgjrEyAE0GkSkYu3jG0wyz6GIieWwfPZAKqtdWM0F9pOjFAv_1gg9tQR0rpdUEjRoWOxvghNOg8rM6Po_qXQU-g&atk=1jqb2smltha8t800,"Join a global team shipping AI platforms, enterprise software , and quality-first products across Canada, Dubai, and beyond. Note: Applications are temporarily paused. Dubai / Remote Full-time Product.",,,indeed_ae,2026-06-05 05:08:01.845915+00:00
Junior Electrical Engineer,Emprise Safety & Marine Supplies FZCO,Abu Dhabi,https://ae.indeed.com/rc/clk?jk=39f1b96f2fe66aef&bb=XfDrN6aDCoW9ZfW4QPZvwBsdPURAraY0OezqYfc61XZOyLs1uT5Xqi6TlZbVnq8XxacDWXEOaT7r9e_tvi_oVJbk865uoDATRhCc9zE9LolrqxBhl_IJ4qqvZmPZX8smVw_qKxezzCiLgAA_ACugjQ%3D%3D&xkcb=SoDX67M3iLN9A_T43Z0BbzkdCdPP&rjs=0&qd=Xd-cji1-rrfYy0m8LpokE8dF20pwsUrmctm8cTGFOXDOAPLLNYb6wmUg8gjYJafwpsXE23qShaYtGgdtUJu_X5BBGG-ayCiM-gQi8HpsYsLtZozk31ERKPJGlDLUboAG50chrnGX4B46HyqhlSj9xMohy02t3MX0n-6xoRHLk5Oh8V2c0duIS4mZo0TAq11Zl61No7XvcMPz961yBIpblougDO3NlIXerppYqweTrkxdIR2u4KVXi5XGrbZ08pfBgjrEyAE0GkSkYu3jG0wyz6GIieWwfPZAKqtdWM0F9pOjFAv_1gg9tQR0rpdUEjRoWOxvghNOg8rM6Po_qXQU-g&atk=1jqb2smltha8t800,"Diploma or Bachelor's Degree in Electrical Engineering, Electronics Engineering, Marine Engineering, or a related discipline. Support senior engineers during commissioning, troubleshooting, and…",,,indeed_ae,2026-06-05 05:08:01.795607+00:00
Global Technical Support Engineer,Eaton,Dubai,https://ae.indeed.com/rc/clk?jk=dbeabc59b6d6f082&bb=XfDrN6aDCoW9ZfW4QPZvwIS86tF0M5T1jwM8zpbUSeBbo0yLvHlTEvPMbLiNyHFDilFrwPwsJELlOLDzfuK7quFC2s0a1xaKORST8JKWEG39xMx9vjFgNvt9CuR__iRKkQ67cumGlpHKpE9X48TnGQ%3D%3D&xkcb=SoBK67M3iLN9A_T43Z0CbzkdCdPP&rjs=0&qd=Xd-cji1-rrfYy0m8LpokE8dF20pwsUrmctm8cTGFOXDOAPLLNYb6wmUg8gjYJafwpsXE23qShaYtGgdtUJu_X5BBGG-ayCiM-gQi8HpsYsLtZozk31ERKPJGlDLUboAG50chrnGX4B46HyqhlSj9xMohy02t3MX0n-6xoRHLk5Oh8V2c0duIS4mZo0TAq11Zl61No7XvcMPz961yBIpblougDO3NlIXerppYqweTrkxdIR2u4KVXi5XGrbZ08pfBgjrEyAE0GkSkYu3jG0wyz6GIieWwfPZAKqtdWM0F9pOjFAv_1gg9tQR0rpdUEjRoWOxvghNOg8rM6Po_qXQU-g&atk=1jqb2smltha8t800,Good understanding of computers and software packages. Bachelor's Degree in Electrical Engineering or equivalent. Involvement in site required activities outside of core role. i.e. Fire Marshall or…,,,indeed_ae,2026-06-05 05:08:01.750937+00:00
Lead AI Engineer,Alef Education,Abu Dhabi,https://ae.indeed.com/rc/clk?jk=197d2393170c28c9&bb=XfDrN6aDCoW9ZfW4QPZvwH_sHCBXg09LI_nGW7D9LJX6IBhH-ti-V9A8JfnJZz6z66QEBqqOmx3TKEdTLY8RkQEvxd0w7fc5MAM6XnwJ6kLvdccntk20TC7KCNgQbrlyKwdyPPV74dqeclWI6aYgBg%3D%3D&xkcb=SoD-67M3iLN9A_T43Z0DbzkdCdPP&rjs=0&qd=Xd-cji1-rrfYy0m8LpokE8dF20pwsUrmctm8cTGFOXDOAPLLNYb6wmUg8gjYJafwpsXE23qShaYtGgdtUJu_X5BBGG-ayCiM-gQi8HpsYsLtZozk31ERKPJGlDLUboAG50chrnGX4B46HyqhlSj9xMohy02t3MX0n-6xoRHLk5Oh8V2c0duIS4mZo0TAq11Zl61No7XvcMPz961yBIpblougDO3NlIXerppYqweTrkxdIR2u4KVXi5XGrbZ08pfBgjrEyAE0GkSkYu3jG0wyz6GIieWwfPZAKqtdWM0F9pOjFAv_1gg9tQR0rpdUEjRoWOxvghNOg8rM6Po_qXQU-g&atk=1jqb2smltha8t800,"Proven leadership of AI projects or teams. Bachelor's degree in Computer Science, Software Engineering or related preferred. 10+ yrs AI/ML engineering or equivalent software engineering background…",,,indeed_ae,2026-06-05 05:08:01.702723+00:00
Marine Automation Engineer,TPS ENGINEERING SERVICES LLC,Fujairah,https://ae.indeed.com/rc/clk?jk=1ea78d6c1118b616&bb=XfDrN6aDCoW9ZfW4QPZvwAodj0_jmzyNJS_lEByWC8ysvwuXHxjYqDggqD0zXhG3cwCxnFReWsDpAmykh27iQD-TWo7VChH3f6pdj85nWau_6BQZ4JSZDDpjuUatGua0jMw0hcZ5y34-0Tb3b8B1ZQ%3D%3D&xkcb=SoAX67M3iLN9A_T43Z0MbzkdCdPP&rjs=0&qd=Xd-cji1-rrfYy0m8LpokE8dF20pwsUrmctm8cTGFOXDOAPLLNYb6wmUg8gjYJafwpsXE23qShaYtGgdtUJu_X5BBGG-ayCiM-gQi8HpsYsLtZozk31ERKPJGlDLUboAG50chrnGX4B46HyqhlSj9xMohy02t3MX0n-6xoRHLk5Oh8V2c0duIS4mZo0TAq11Zl61No7XvcMPz961yBIpblougDO3NlIXerppYqweTrkxdIR2u4KVXi5XGrbZ08pfBgjrEyAE0GkSkYu3jG0wyz6GIieWwfPZAKqtdWM0F9pOjFAv_1gg9tQR0rpdUEjRoWOxvghNOg8rM6Po_qXQU-g&atk=1jqb2smltha8t800,Work with ship engineers and technical teams to ensure optimal system performance. Assist in commissioning and sea trials for new or upgraded automation systems.,,,indeed_ae,2026-06-05 05:08:01.633844+00:00
System Analyst – Cards & Payments,D4 Insight,Abu Dhabi,https://ae.indeed.com/rc/clk?jk=77defa4805a6bedd&bb=XfDrN6aDCoW9ZfW4QPZvwA0DEcF50hTdvPc4b-CXp9BIfJPM4swDI3ZxerfJc21uG4jB2G_WmMIbnYo3rQ0avHINBqPOGkcJviEkteVaEe4py1X4zN-fReEa7tv9YssPxK0TkUae1O7dAdOKPyFYtQ%3D%3D&xkcb=SoCj67M3iLN9A_T43Z0NbzkdCdPP&rjs=0&qd=Xd-cji1-rrfYy0m8LpokE8dF20pwsUrmctm8cTGFOXDOAPLLNYb6wmUg8gjYJafwpsXE23qShaYtGgdtUJu_X5BBGG-ayCiM-gQi8HpsYsLtZozk31ERKPJGlDLUboAG50chrnGX4B46HyqhlSj9xMohy02t3MX0n-6xoRHLk5Oh8V2c0duIS4mZo0TAq11Zl61No7XvcMPz961yBIpblougDO3NlIXerppYqweTrkxdIR2u4KVXi5XGrbZ08pfBgjrEyAE0GkSkYu3jG0wyz6GIieWwfPZAKqtdWM0F9pOjFAv_1gg9tQR0rpdUEjRoWOxvghNOg8rM6Po_qXQU-g&atk=1jqb2smltha8t800,"We are seeking experienced System Analyst – Cards & Payments to act as the bridge between business stakeholders and technology teams, ensuring successful delivery of card and payment solutions.",,,indeed_ae,2026-06-05 05:08:01.592131+00:00
Quality Engineer,United Arab Emirates University,Al-Ayn,https://ae.indeed.com/rc/clk?jk=c68139538e9ca5c6&bb=XfDrN6aDCoW9ZfW4QPZvwLsCfriNhoedmoqz7cUpHIVGmSo9Q-2ZiL9TBsRoQme6SaQOb4nlmwOtih3vQdt0L-AWAEcOMe8mK_9-rDDBxZnRLvFsBYacYnFvwQ2ep7wExUBHfVbuQv-x_0zYRkVPOg%3D%3D&xkcb=SoA-67M3iLN9A_T43Z0ObzkdCdPP&rjs=0&qd=Xd-cji1-rrfYy0m8LpokE8dF20pwsUrmctm8cTGFOXDOAPLLNYb6wmUg8gjYJafwpsXE23qShaYtGgdtUJu_X5BBGG-ayCiM-gQi8HpsYsLtZozk31ERKPJGlDLUboAG50chrnGX4B46HyqhlSj9xMohy02t3MX0n-6xoRHLk5Oh8V2c0duIS4mZo0TAq11Zl61No7XvcMPz961yBIpblougDO3NlIXerppYqweTrkxdIR2u4KVXi5XGrbZ08pfBgjrEyAE0GkSkYu3jG0wyz6GIieWwfPZAKqtdWM0F9pOjFAv_1gg9tQR0rpdUEjRoWOxvghNOg8rM6Po_qXQU-g&atk=1jqb2smltha8t800,"Bachelor Degree in Engineering filed (Aerospace, Mechanical or relevant). Verify and approve the Supplier quality assurance plan, that shall be appended to the Supplier contract, and check in…",,,indeed_ae,2026-06-05 05:08:01.546417+00:00
Joinery Draughtsman,SLM INTERIOR DECORATION LLC,Dubai Free Zone,https://ae.indeed.com/rc/clk?jk=20e68e70d415ea19&bb=XfDrN6aDCoW9ZfW4QPZvwAodj0_jmzyN9nxtWPbi_ozfnjZEsq3tgZIutePgsOWMNl0n7NW15x0guy1gYWZAwnugpNPofomUL3JK9JUkeBPQgSbactKdXq4yJ3iQC5sNX7w3sv3R6WIzZxhNgC4H8Q%3D%3D&xkcb=SoCK67M3iLN9A_T43Z0PbzkdCdPP&rjs=0&qd=Xd-cji1-rrfYy0m8LpokE8dF20pwsUrmctm8cTGFOXDOAPLLNYb6wmUg8gjYJafwpsXE23qShaYtGgdtUJu_X5BBGG-ayCiM-gQi8HpsYsLtZozk31ERKPJGlDLUboAG50chrnGX4B46HyqhlSj9xMohy02t3MX0n-6xoRHLk5Oh8V2c0duIS4mZo0TAq11Zl61No7XvcMPz961yBIpblougDO3NlIXerppYqweTrkxdIR2u4KVXi5XGrbZ08pfBgjrEyAE0GkSkYu3jG0wyz6GIieWwfPZAKqtdWM0F9pOjFAv_1gg9tQR0rpdUEjRoWOxvghNOg8rM6Po_qXQU-g&atk=1jqb2smltha8t800,"2–5 years (or as required) of experience in interior fit-out or construction projects. Diploma or Bachelor's degree in Drafting, Architecture, Interior Design, Civil Engineering, or a related field.",,,indeed_ae,2026-06-05 05:08:01.501810+00:00
Senior Frontend / React Native Engineer — Agentic SDLC / AI-Driven Development Lifecycle (AI-DLC) Platform,Dicetek LLC,Dubai,https://ae.indeed.com/rc/clk?jk=c378fc9975746690&bb=XfDrN6aDCoW9ZfW4QPZvwMGEvSVOSYkI-49Ngy3K__VP5ca5lbDsOax-2YQCfPc2ynVJT7Rm1K--2sS3cYPlQjlZ6O2zCUk_zrOQXYvVpp3yZPzOMcYRgeHCejGKP9YZ89Tt9h68gIWRJUbLa4cttQ%3D%3D&xkcb=SoAE67M3iLN9A_T43Z0IbzkdCdPP&rjs=0&qd=Xd-cji1-rrfYy0m8LpokE8dF20pwsUrmctm8cTGFOXDOAPLLNYb6wmUg8gjYJafwpsXE23qShaYtGgdtUJu_X5BBGG-ayCiM-gQi8HpsYsLtZozk31ERKPJGlDLUboAG50chrnGX4B46HyqhlSj9xMohy02t3MX0n-6xoRHLk5Oh8V2c0duIS4mZo0TAq11Zl61No7XvcMPz961yBIpblougDO3NlIXerppYqweTrkxdIR2u4KVXi5XGrbZ08pfBgjrEyAE0GkSkYu3jG0wyz6GIieWwfPZAKqtdWM0F9pOjFAv_1gg9tQR0rpdUEjRoWOxvghNOg8rM6Po_qXQU-g&atk=1jqb2smltha8t800,10+ years of professional hands-on frontend and/or mobile software engineering experience in production environments — mandatory. MCP (Model Context Protocol) server implementation or consumption for…,,,indeed_ae,2026-06-05 05:08:01.430296+00:00
Road Engineer,Island Tower Electromechanical Works LLC,Dubai,https://ae.indeed.com/pagead/clk?mo=r&ad=-6NYlbfkN0B74Fe7TH05mXAyFgFUR8wEyGUz9MbOHKU0fp690i5unBliJTHfPgp1k0rf92iDPIVey_TJitZ0U457ZpWO6NO71GOqCuuOlMV0weJP6WS98q8kYwdf9-pfTuVZm1tEnboOx6V0WOUBT8VENUKoYWg4k-xaO8FG6yPPABK5RT0BAOrJlgugzSRgTeFovDgPZZwJ4fjy0b4TMaKuHsJxA-MMxGHSI56_awiy-7nXoX20nRkIrcaJ7A-wQZjo69NfOpVIKqagp_llL2fUMqmpaaZAFQqyLrKiz4TfTcl3_TEpcHhq7kBecK8vk1Rxc1t956DnaOAClaP1k_QeNM5wjjopU56f2I7Daj4zW8N8-RFJYyogn5FdtS0ffYdvo9MsnkIELt_rPGOGv3nhqXr8PH63X7U_prOyrIXh1swWLzjVk4YJUuMbrKzJm6LtSZVScyEhyWq0Bfop22L3VLDGZXUHVs3TEtMDzMdjh-rbkUngBC_2iH5iGOxN2G5rQer2mcs_CnJ3pl2wSNMkW5-zyVwyyOs5kj3p7MJHA5yQyNyBytvSPzr15YPjQwIREDAqmaaNSUR_4cYzk1OI91JfHOvHwBU0Y6S1AInhxxbvFDTpC9Kz8B3nD4Z_jrTbpFuzXgN7RI9gCNZdw1qscwoj2Crs4_RSHatXMzfc_1IhF6vsnHkeNYDPG3KFkGUvrK3sweitMeamWGoF7dyNnG7Azp96pNp69ALUI9BNrDeKTC9BiPM9nIF8fgpXy-Q75-ZfRubgntlbsEqImwdzqWGUxxOzsqzgGpNUqx0ZOkzq95Vh1B8vXpU7EAOvQXLLNeyOJgAZzpovLM_-CDJWiH4wFejyRrePhtrhDj8sC3Bkp8Ts-nSH3_hI4Lmm-4TSiIYQnDl85TeobGfru1aDfGKCK9PRZEiW_y-S8CoxEeXHQdGitRkbPvbrrw6CBzCKILCkcWIgHRgpP3prOQ==&xkcb=SoBE6_M3iLN9A_T43Z0JbzkdCdPP&camk=C3EPSzFlQw89gRC3vIDs-Q==&p=2&atk=1jqb2smltha8t800,Candidates with previous experience in RTA road projects and/or RTA prequalification will be preferred. Bachelor’s Degree in Civil Engineering or Mechanical Engineering*.,,,indeed_ae,2026-06-05 05:08:01.384763+00:00
Project Engineer,SANVEE BUILDING CONTRACTING LLC,Dubai,https://ae.indeed.com/rc/clk?jk=7d5462077440ae74&bb=XfDrN6aDCoW9ZfW4QPZvwNvZCY3vhJ7T84672cnO2ZvVtDw4XkF6u990rqJlnMNVHmx107ySx3yZK_nCdzL59XSjK_gJ83wE2s9K6Y-5tNBSDLfsOXYHvI1qFKmMM4740KXYSFhd9VQ7-1vyZuYJFg%3D%3D&xkcb=SoAt67M3iLN9A_T43Z0KbzkdCdPP&rjs=0&qd=Xd-cji1-rrfYy0m8LpokE8dF20pwsUrmctm8cTGFOXDOAPLLNYb6wmUg8gjYJafwpsXE23qShaYtGgdtUJu_X5BBGG-ayCiM-gQi8HpsYsLtZozk31ERKPJGlDLUboAG50chrnGX4B46HyqhlSj9xMohy02t3MX0n-6xoRHLk5Oh8V2c0duIS4mZo0TAq11Zl61No7XvcMPz961yBIpblougDO3NlIXerppYqweTrkxdIR2u4KVXi5XGrbZ08pfBgjrEyAE0GkSkYu3jG0wyz6GIieWwfPZAKqtdWM0F9pOjFAv_1gg9tQR0rpdUEjRoWOxvghNOg8rM6Po_qXQU-g&atk=1jqb2smltha8t800,Bachelor’s Degree in Civil Engineering or related field. Minimum 3–5 years of experience in warehouse or industrial project execution. Job Title:* Project Engineer – Warehouse Projects.,,,indeed_ae,2026-06-05 05:08:01.331852+00:00
Devops Developer,Dicetek LLC,Dubai,https://ae.indeed.com/rc/clk?jk=15de997ec210e07a&bb=XfDrN6aDCoW9ZfW4QPZvwJHYL-C3RigaNLdX0s8zfsprzFYzzSGRWd-ptS3zjUqf7XPhgWJDvYVFIHLQqeDeOiFTB_tMMA4KUDNqYBQQjT-R3oghEIQoFWzG7hMhH7YqBmlRwMtB4--R3mkYKCyXaw%3D%3D&xkcb=SoCZ67M3iLN9A_T43Z0LbzkdCdPP&rjs=0&qd=Xd-cji1-rrfYy0m8LpokE8dF20pwsUrmctm8cTGFOXDOAPLLNYb6wmUg8gjYJafwpsXE23qShaYtGgdtUJu_X5BBGG-ayCiM-gQi8HpsYsLtZozk31ERKPJGlDLUboAG50chrnGX4B46HyqhlSj9xMohy02t3MX0n-6xoRHLk5Oh8V2c0duIS4mZo0TAq11Zl61No7XvcMPz961yBIpblougDO3NlIXerppYqweTrkxdIR2u4KVXi5XGrbZ08pfBgjrEyAE0GkSkYu3jG0wyz6GIieWwfPZAKqtdWM0F9pOjFAv_1gg9tQR0rpdUEjRoWOxvghNOg8rM6Po_qXQU-g&atk=1jqb2smltha8t800,Certification in DevOps or relevant technologies. Proficiency with OpenShift or similar container orchestration platforms. Proven experience as a DevOps Engineer or similar role.,,,indeed_ae,2026-06-05 05:08:01.281189+00:00
Draftsman,IIQAF,Abu Dhabi,https://ae.indeed.com/rc/clk?jk=fb654a6a4b7793d2&bb=Pe8iRgZkvv4QRs7pnIil47GJkX_P5Gre2QzDB1vBmrUqRhU67GQ8cpiAFLYNYfd53D1yIzThtS0pgA-kuExuFg5oDTQYwKIkqqIqoXJyop56OSizudbgxDXjmGTmQ3yIs5kBD0KFzICQ_eS5T0gv4A%3D%3D&xkcb=SoDB67M3iLN95MT4250TbzkdCdPP&rjs=0&qd=Xd-cji1-rrfYy0m8LpokE8dF20pwsUrmctm8cTGFOXDOAPLLNYb6wmUg8gjYJafwpsXE23qShaYtGgdtUJu_X5BBGG-ayCiM-gQi8HpsYsLtZozk31ERKPJGlDLUboAG50chrnGX4B46HyqhlSj9xMohy02t3MX0n-6xoRHLk5Oh8V2c0duIS4mZo0TAq11Zl61No7XvcMPz961yBIpblougDO3NlIXerppYqweTrkxdIR2u4KVXi5XGrbZ08pfBgjrEyAE0GkSkYu3jG0wyz6GIieWwfPZAKqtdWM0F9pMMhVF4sA0XGrRV-goF6dqWWOxvghNOg8rM6Po_qXQU-g&atk=1jqb2shsbhcd3800,"Diploma or degree in Civil Engineering, Architecture, Drafting, or related field. Coordinate with engineers , architects, and project managers. Prepare accurate technical drawings, layouts, and…",,,indeed_ae,2026-06-05 05:07:57.718951+00:00
Planning Engineer (Luxury Villas),LSI Company,Dubai,https://ae.indeed.com/rc/clk?jk=6796007e5702d3d6&bb=Pe8iRgZkvv4QRs7pnIil46VaBZUsKf3cs37Of3cYZNA25A1Qg1sJ3Dwy9KA50nLcI7o2iEIO2R6qpDTnzG5jViEVBxI52zbCed2Y1KiQtc90oGsggAg-f-hFh7mGomi-ektR6KCN88JLDEZPcGHnKw%3D%3D&xkcb=SoAo67M3iLN95MT4250cbzkdCdPP&rjs=0&qd=Xd-cji1-rrfYy0m8LpokE8dF20pwsUrmctm8cTGFOXDOAPLLNYb6wmUg8gjYJafwpsXE23qShaYtGgdtUJu_X5BBGG-ayCiM-gQi8HpsYsLtZozk31ERKPJGlDLUboAG50chrnGX4B46HyqhlSj9xMohy02t3MX0n-6xoRHLk5Oh8V2c0duIS4mZo0TAq11Zl61No7XvcMPz961yBIpblougDO3NlIXerppYqweTrkxdIR2u4KVXi5XGrbZ08pfBgjrEyAE0GkSkYu3jG0wyz6GIieWwfPZAKqtdWM0F9pMMhVF4sA0XGrRV-goF6dqWWOxvghNOg8rM6Po_qXQU-g&atk=1jqb2shsbhcd3800,Processing relevant claims/letters to vendors/subcontractors if any delays are identified or foreseeable. B.E/M.E/B.Tech/M.Tech (Civil Engineering) or PG (NICMAR) (Required).,,,indeed_ae,2026-06-05 05:07:57.665504+00:00
Graduate Quality Coordinator,Worley,Abu Dhabi,https://ae.indeed.com/rc/clk?jk=71fed03bc15ca5f1&bb=Pe8iRgZkvv4QRs7pnIil41CZuxxYsZWwj8mJmyJx0PI4qSWCwruZP49QfbUwcDvCRy_63GzI9hIHi_Dg7-KFPaog8EosPC-cCUMVci98-NujrpA3yYFuU7iyVq8T1fqbVtiuY2agXBMvwNfiDRkwhw%3D%3D&xkcb=SoCc67M3iLN95MT4250dbzkdCdPP&rjs=0&qd=Xd-cji1-rrfYy0m8LpokE8dF20pwsUrmctm8cTGFOXDOAPLLNYb6wmUg8gjYJafwpsXE23qShaYtGgdtUJu_X5BBGG-ayCiM-gQi8HpsYsLtZozk31ERKPJGlDLUboAG50chrnGX4B46HyqhlSj9xMohy02t3MX0n-6xoRHLk5Oh8V2c0duIS4mZo0TAq11Zl61No7XvcMPz961yBIpblougDO3NlIXerppYqweTrkxdIR2u4KVXi5XGrbZ08pfBgjrEyAE0GkSkYu3jG0wyz6GIieWwfPZAKqtdWM0F9pMMhVF4sA0XGrRV-goF6dqWWOxvghNOg8rM6Po_qXQU-g&atk=1jqb2shsbhcd3800,"Quality Coordinator ensures operational standards, processes, and products align with company policies and industry regulations. Responsibilities include supporting quality audits, managing compliance…",,,indeed_ae,2026-06-05 05:07:57.604326+00:00
Electrical Engineer,Greenscapes LLC,Dubai,https://ae.indeed.com/rc/clk?jk=5b01c00271243188&bb=Pe8iRgZkvv4QRs7pnIil41UYu1VNi9fizFMp7HavR4oZEWJNaBfthF_K66oWmAJjFsxuu-ygyP34INVKItQ3P6A4nAX6rNvJ6Ccp-_aRsSdkcyApsp_HTH4UEE7X2zuD3rvcYYX2QE08pbbd-_I8lw%3D%3D&xkcb=SoAB67M3iLN95MT4250ebzkdCdPP&rjs=0&qd=Xd-cji1-rrfYy0m8LpokE8dF20pwsUrmctm8cTGFOXDOAPLLNYb6wmUg8gjYJafwpsXE23qShaYtGgdtUJu_X5BBGG-ayCiM-gQi8HpsYsLtZozk31ERKPJGlDLUboAG50chrnGX4B46HyqhlSj9xMohy02t3MX0n-6xoRHLk5Oh8V2c0duIS4mZo0TAq11Zl61No7XvcMPz961yBIpblougDO3NlIXerppYqweTrkxdIR2u4KVXi5XGrbZ08pfBgjrEyAE0GkSkYu3jG0wyz6GIieWwfPZAKqtdWM0F9pMMhVF4sA0XGrRV-goF6dqWWOxvghNOg8rM6Po_qXQU-g&atk=1jqb2shsbhcd3800,"Proficiency in MS Office and engineering software . Minimum 3–5 years of relevant experience in construction, infrastructure, landscaping, or MEP projects. Bachelor's Degree in Electrical Engineering.",,,indeed_ae,2026-06-05 05:07:57.550726+00:00
Junior Engineer,Future Scaffolding and Aluminium Industries LLC,Dubai,https://ae.indeed.com/rc/clk?jk=10cb9e730bc00572&bb=Pe8iRgZkvv4QRs7pnIil4yWsfjvbMWD8LD1vK58bDPKvnvo8O7vHFzseqKj0WG1_C-oJC8oo80ahpiMsc7oSdmoQgbnHyJRxkrGp4aw4Uf0MKh0FxaZzexyiYgDqmp9MgijbcjZT9SQUHnipxYaohg%3D%3D&xkcb=SoC167M3iLN95MT4250fbzkdCdPP&rjs=0&qd=Xd-cji1-rrfYy0m8LpokE8dF20pwsUrmctm8cTGFOXDOAPLLNYb6wmUg8gjYJafwpsXE23qShaYtGgdtUJu_X5BBGG-ayCiM-gQi8HpsYsLtZozk31ERKPJGlDLUboAG50chrnGX4B46HyqhlSj9xMohy02t3MX0n-6xoRHLk5Oh8V2c0duIS4mZo0TAq11Zl61No7XvcMPz961yBIpblougDO3NlIXerppYqweTrkxdIR2u4KVXi5XGrbZ08pfBgjrEyAE0GkSkYu3jG0wyz6GIieWwfPZAKqtdWM0F9pMMhVF4sA0XGrRV-goF6dqWWOxvghNOg8rM6Po_qXQU-g&atk=1jqb2shsbhcd3800,"Assist in preparing scaffolding and formwork designs using AutoCAD or related software . Bachelor’s Degree in Civil, or Structural Engineering. Proficient in AutoCAD; knowledge of other design software…",,,indeed_ae,2026-06-05 05:07:57.494970+00:00
AI DevOps / Cloud Engineer (MLOps),Multibank Group,Dubai,https://ae.indeed.com/rc/clk?jk=735b328415b70f18&bb=Pe8iRgZkvv4QRs7pnIil46Lg8rmWJlG6nFFU4lNGNTzPwlKFnM7f5qzjM09dv7Jg1EASYDw_fdKMv4SzJe68DIfP4Tw7yvp1ImZIw66qnq9mlmE48NdhYOU_RR-U2x4GJnL5MBN_MVP_cziPfAnZLg%3D%3D&xkcb=SoA767M3iLN95MT4250YbzkdCdPP&rjs=0&qd=Xd-cji1-rrfYy0m8LpokE8dF20pwsUrmctm8cTGFOXDOAPLLNYb6wmUg8gjYJafwpsXE23qShaYtGgdtUJu_X5BBGG-ayCiM-gQi8HpsYsLtZozk31ERKPJGlDLUboAG50chrnGX4B46HyqhlSj9xMohy02t3MX0n-6xoRHLk5Oh8V2c0duIS4mZo0TAq11Zl61No7XvcMPz961yBIpblougDO3NlIXerppYqweTrkxdIR2u4KVXi5XGrbZ08pfBgjrEyAE0GkSkYu3jG0wyz6GIieWwfPZAKqtdWM0F9pMMhVF4sA0XGrRV-goF6dqWWOxvghNOg8rM6Po_qXQU-g&atk=1jqb2shsbhcd3800,"Build and maintain CI/CD pipelines for data engineers , ML engineers , and data scientists using GitHub Actions or GitLab CI, implementing GitOps principles and automated deployment workflows.",,,indeed_ae,2026-06-05 05:07:57.406636+00:00
Project Engineer,Expedite Pro Documents Services,Dubai,https://ae.indeed.com/rc/clk?jk=acf7410e0e8d7c42&bb=Pe8iRgZkvv4QRs7pnIil4xhLJgTVEZYIaQb97Fpw6_zi6mxSRkXv2zUsHwhaL3KBaP3TgokAZVBWZVz3am2lVexVzLEtKxkTYH21ivmCiTXn_ssz_sK29xtrxe77mKDedLO7x4gSHQzBkdGGCEMH7Q%3D%3D&xkcb=SoCP67M3iLN95MT4250ZbzkdCdPP&rjs=0&qd=Xd-cji1-rrfYy0m8LpokE8dF20pwsUrmctm8cTGFOXDOAPLLNYb6wmUg8gjYJafwpsXE23qShaYtGgdtUJu_X5BBGG-ayCiM-gQi8HpsYsLtZozk31ERKPJGlDLUboAG50chrnGX4B46HyqhlSj9xMohy02t3MX0n-6xoRHLk5Oh8V2c0duIS4mZo0TAq11Zl61No7XvcMPz961yBIpblougDO3NlIXerppYqweTrkxdIR2u4KVXi5XGrbZ08pfBgjrEyAE0GkSkYu3jG0wyz6GIieWwfPZAKqtdWM0F9pMMhVF4sA0XGrRV-goF6dqWWOxvghNOg8rM6Po_qXQU-g&atk=1jqb2shsbhcd3800,"Bachelor's Degree in Mechanical Engineering or a related field. Benefits: Employment Visa + Medical Insurance. Minimum 5+ years of experience in MEP, Fire Fighting, and Gas System projects.",,,indeed_ae,2026-06-05 05:07:57.359783+00:00
Advisory AI Strategist,Dell Technologies,Remote in Dubai,https://ae.indeed.com/rc/clk?jk=4207980d54dfd731&bb=Pe8iRgZkvv4QRs7pnIil409mM4TBg8rOKlViUhCVYVxPK14RxS6ictqRlSWF5BCCm0fjtJfSeHtyKBsBPLY1QwR-aWmKlbgSIHupLF7fAh3CmlnUOU0rknWJga5BkrkTnaA2AYZWCmDrBXa9KugUqg%3D%3D&xkcb=SoAS67M3iLN95MT4250abzkdCdPP&rjs=0&qd=Xd-cji1-rrfYy0m8LpokE8dF20pwsUrmctm8cTGFOXDOAPLLNYb6wmUg8gjYJafwpsXE23qShaYtGgdtUJu_X5BBGG-ayCiM-gQi8HpsYsLtZozk31ERKPJGlDLUboAG50chrnGX4B46HyqhlSj9xMohy02t3MX0n-6xoRHLk5Oh8V2c0duIS4mZo0TAq11Zl61No7XvcMPz961yBIpblougDO3NlIXerppYqweTrkxdIR2u4KVXi5XGrbZ08pfBgjrEyAE0GkSkYu3jG0wyz6GIieWwfPZAKqtdWM0F9pMMhVF4sA0XGrRV-goF6dqWWOxvghNOg8rM6Po_qXQU-g&atk=1jqb2shsbhcd3800,"Experience engaging senior executives (Director level and above) on operating models, governance, or major transformation initiatives across industries and functions.",,,indeed_ae,2026-06-05 05:07:57.294489+00:00
Photographer,AL BASMA MOTORS,Remote in Sharjah,https://ae.indeed.com/rc/clk?jk=01f01bd882ee4920&bb=Pe8iRgZkvv4QRs7pnIil41UYu1VNi9fiLlJDdC4xyQ31LPqFyN8pmejwEnMo-0vUbR9v4ey-scPaF8nmsLgRJC7DMAWzTpayl7sYGlMlFI6kAtFD9U8DELyspzBOMfR4WpMgLxa9gvH3p-Mpr8-fjg%3D%3D&xkcb=SoCm67M3iLN95MT4250bbzkdCdPP&rjs=0&qd=Xd-cji1-rrfYy0m8LpokE8dF20pwsUrmctm8cTGFOXDOAPLLNYb6wmUg8gjYJafwpsXE23qShaYtGgdtUJu_X5BBGG-ayCiM-gQi8HpsYsLtZozk31ERKPJGlDLUboAG50chrnGX4B46HyqhlSj9xMohy02t3MX0n-6xoRHLk5Oh8V2c0duIS4mZo0TAq11Zl61No7XvcMPz961yBIpblougDO3NlIXerppYqweTrkxdIR2u4KVXi5XGrbZ08pfBgjrEyAE0GkSkYu3jG0wyz6GIieWwfPZAKqtdWM0F9pMMhVF4sA0XGrRV-goF6dqWWOxvghNOg8rM6Po_qXQU-g&atk=1jqb2shsbhcd3800,"Experience in product, lifestyle, or commercial photography. Proficiency in Adobe Lightroom, Photoshop, and other photo editing software . We are looking for a creative and skilled *Full-Time…",,,indeed_ae,2026-06-05 05:07:57.242758+00:00
AIT Engineer,United Arab Emirates University,Al-Ayn,https://ae.indeed.com/rc/clk?jk=a6f1944c84bf5680&bb=Pe8iRgZkvv4QRs7pnIil44WkLMQ8EEWZ3Zzzfog45_bmzewr9RjBoLrM8PjcGA1SUMZEKRAvVhtsrXbL8CyaA478EJdN4wZFLOIEY2TWRlF0YHBaq-HTfIsS9hgAzIGqOGNtNzPv0GdwTqLHTA8xnA%3D%3D&xkcb=SoCB67M3iLN95MT4250EbzkdCdPP&rjs=0&qd=Xd-cji1-rrfYy0m8LpokE8dF20pwsUrmctm8cTGFOXDOAPLLNYb6wmUg8gjYJafwpsXE23qShaYtGgdtUJu_X5BBGG-ayCiM-gQi8HpsYsLtZozk31ERKPJGlDLUboAG50chrnGX4B46HyqhlSj9xMohy02t3MX0n-6xoRHLk5Oh8V2c0duIS4mZo0TAq11Zl61No7XvcMPz961yBIpblougDO3NlIXerppYqweTrkxdIR2u4KVXi5XGrbZ08pfBgjrEyAE0GkSkYu3jG0wyz6GIieWwfPZAKqtdWM0F9pMMhVF4sA0XGrRV-goF6dqWWOxvghNOg8rM6Po_qXQU-g&atk=1jqb2shsbhcd3800,"Bachelor Degree in Mechanical or Aerospace Engineering. Support Spacecraft Lead on all AIT aspects of NSSTC Programs, from selection of the Spacecraft Supplier through the design, development,…",,,indeed_ae,2026-06-05 05:07:57.198875+00:00
IT Support Engineer,Apex Scaffolding LLC,Jebel Ali,https://ae.indeed.com/rc/clk?jk=c504f2662d251606&bb=Pe8iRgZkvv4QRs7pnIil43cxJO-VBRtamY3i_yFOi79OeAIYsSrjAG-08Z5oZvNZU6iQ6LHHiaUiZmXobm8UJmHKmql2S95lnNnJGxAE2C5cIw_q6yyQb6jyCF3S1jYUIUhJO73slG6NyNSEY8_viw%3D%3D&xkcb=SoA167M3iLN95MT4250FbzkdCdPP&rjs=0&qd=Xd-cji1-rrfYy0m8LpokE8dF20pwsUrmctm8cTGFOXDOAPLLNYb6wmUg8gjYJafwpsXE23qShaYtGgdtUJu_X5BBGG-ayCiM-gQi8HpsYsLtZozk31ERKPJGlDLUboAG50chrnGX4B46HyqhlSj9xMohy02t3MX0n-6xoRHLk5Oh8V2c0duIS4mZo0TAq11Zl61No7XvcMPz961yBIpblougDO3NlIXerppYqweTrkxdIR2u4KVXi5XGrbZ08pfBgjrEyAE0GkSkYu3jG0wyz6GIieWwfPZAKqtdWM0F9pMMhVF4sA0XGrRV-goF6dqWWOxvghNOg8rM6Po_qXQU-g&atk=1jqb2shsbhcd3800,"Diagnose and resolve hardware, software , network, and server-related issues. We are looking for an experienced IT Support Engineer with strong knowledge of desktop support, networking, and server…",,,indeed_ae,2026-06-05 05:07:57.155220+00:00
QC Engineer,Nexus Horizon Technical Services LLC,Ruwais,https://ae.indeed.com/pagead/clk?mo=r&ad=-6NYlbfkN0Cz8qZZqPdM_Dk2fPp-EjZesMEs3cNUjpJNohlSxe0wOXgip93NDI5xezD4kKagzXoKYDYZgOx4du-2hqtdxku4vs8Yh25VkZ0kBbkurkLR2xZ8PmkhyhK8RTc9a_tT5kEuloZ8KK6RzY_gRGKjg6WugotFB2oNans_WZA2jEwMLX7nUp5wjWFnV6AbTmNsYKFx_B0E36WVX55biKy3p2nVY0npf4YA8xlpqadB2ADUoAEzvHrKIPwPbKELqGJ2P6NKj0cDdYCJJLnf_F7IkSuEfJFO00YsNoVFgvDeJl9sOSUwPlWWp5YYMmvER7F1GA_ZHBRQ4Ek07x4-eM2Xr8WZiuvKoBojx-CYGD2Zolc2txX2XvP8cqtbyRYKxFL-VZbN8_VPiZDZOeKlfbqWM7RQ9bMwSw9viQQHtbNxYCz3FWoLNTNv7HfkbV_lHURUFErJGH9Qgs8CFwZbgfz6ErQip-ykQHJxiiLDN86wNM4C3jqgCLEfh4gAVQsdV7nBW4OEM0fq_2ov7KxUojteBzN7clfuj_B6FAdU-5KEa3QhRDXnQu4H3BTLFTefnQg8FuR-6xRBBrkHVA8BNekyj7oYeV91oBZB8D_0X1YMrC-5SYJ6Gi8eeFcvavCQwxNdxC2NbCGbq0y22kisiZk_LdqlJVbZUz5C6jSk0Pz3_qCuYnczH2UWUWnVSppCIyvvg7Qh3nPfGh2dFXmxnbLcQrKWuEdtfht6My3JPGswclssAvyvPW_-wwV1OKCjZxaUHL6f8zRs0OOhkL_xDgbeDWd7Ao2fPVfANANIsdUMntF6uJXL6dIV5cyMUUgNc18pDfv9Wgs7AzhBdotvuUeOnX-aj9H3dyQJ0mBiC3M0ELmsvL3sYwTvO8MAZsGv8yQkxmKqmacFELcK6N8GbWrYv9VHxJAChQQlKP39ILe9hcVo7OCZIdse69Fg&xkcb=SoBc6_M3iLN95MT4250GbzkdCdPP&camk=C3EPSzFlQw_s45UzufxiwA==&p=13&atk=1jqb2shsbhcd3800,"Bachelor’s Degree in Electrical or Instrumentation Engineering. Do you have experience working in Oil & Gas or EPC projects? Experience in oil & gas, EPC, or industrial projects preferred.",,,indeed_ae,2026-06-05 05:07:57.109657+00:00
Network Engineer,MYB Advanced Technology Systems,Abu Dhabi,https://ae.indeed.com/rc/clk?jk=ea52d8d96821971d&bb=Pe8iRgZkvv4QRs7pnIil41CZuxxYsZWwpqPRQrsI0KEDPhxHnBTqVi5_vWWYyLKoJaXjippgaxORSQ43yPuVFCyPBA2TAm6W9EaKoe8_Bc0_OYb8XBrfenfAn1bhdx6AZ9ychpod6MxMdBMeMa_H1w%3D%3D&xkcb=SoAc67M3iLN95MT4250HbzkdCdPP&rjs=0&qd=Xd-cji1-rrfYy0m8LpokE8dF20pwsUrmctm8cTGFOXDOAPLLNYb6wmUg8gjYJafwpsXE23qShaYtGgdtUJu_X5BBGG-ayCiM-gQi8HpsYsLtZozk31ERKPJGlDLUboAG50chrnGX4B46HyqhlSj9xMohy02t3MX0n-6xoRHLk5Oh8V2c0duIS4mZo0TAq11Zl61No7XvcMPz961yBIpblougDO3NlIXerppYqweTrkxdIR2u4KVXi5XGrbZ08pfBgjrEyAE0GkSkYu3jG0wyz6GIieWwfPZAKqtdWM0F9pMMhVF4sA0XGrRV-goF6dqWWOxvghNOg8rM6Po_qXQU-g&atk=1jqb2shsbhcd3800,"Attested Degree in Electrical Engineering or a related Engineering discipline. MYB Advanced Technology Systems* is seeking a dedicated and technically skilled Network Engineer to support the design,…",,,indeed_ae,2026-06-05 05:07:57.048381+00:00
Mechanical Engineer,Shams Malabar Steel Fabrication LLC,Sharjah,https://ae.indeed.com/rc/clk?jk=8a5b921072b90cdb&bb=Pe8iRgZkvv4QRs7pnIil444CskLKKYUVZIdGhqQu20XiOFpsCuS6LUZ7nz5cy1QcK3VWtyqVuj881N4vbVy91y35BYtHF38g_mQ4iz3VtjkqbxdaN26kI_If62JENnq0S5qeSHzg3P1G8gIwtEPStg%3D%3D&xkcb=SoCS67M3iLN95MT4250AbzkdCdPP&rjs=0&qd=Xd-cji1-rrfYy0m8LpokE8dF20pwsUrmctm8cTGFOXDOAPLLNYb6wmUg8gjYJafwpsXE23qShaYtGgdtUJu_X5BBGG-ayCiM-gQi8HpsYsLtZozk31ERKPJGlDLUboAG50chrnGX4B46HyqhlSj9xMohy02t3MX0n-6xoRHLk5Oh8V2c0duIS4mZo0TAq11Zl61No7XvcMPz961yBIpblougDO3NlIXerppYqweTrkxdIR2u4KVXi5XGrbZ08pfBgjrEyAE0GkSkYu3jG0wyz6GIieWwfPZAKqtdWM0F9pMMhVF4sA0XGrRV-goF6dqWWOxvghNOg8rM6Po_qXQU-g&atk=1jqb2shsbhcd3800,A reputed Steel Fabrication Company in Sharjah Requires a *Mechanical Engineer . Must have experience in the Sheet Metal Fabrication Field.,,,indeed_ae,2026-06-05 05:07:56.998706+00:00
GTM Engineer,RemotePass,Remote in UAE,https://ae.indeed.com/rc/clk?jk=dd716c07bdb9a855&bb=Pe8iRgZkvv4QRs7pnIil4-KS03LBNtTH_4PWnmm7s8PzkfILyXZj2D8-9-mZ7TT_ZGYgogJ3OOsPftzBQcZDnnUgZi4mQVAMvQc2QRLt03GXlFz0c0PJd_mZdakclOpI3bL1MZawRT8SPjbwHn0V0A%3D%3D&xkcb=SoAm67M3iLN95MT4250BbzkdCdPP&rjs=0&qd=Xd-cji1-rrfYy0m8LpokE8dF20pwsUrmctm8cTGFOXDOAPLLNYb6wmUg8gjYJafwpsXE23qShaYtGgdtUJu_X5BBGG-ayCiM-gQi8HpsYsLtZozk31ERKPJGlDLUboAG50chrnGX4B46HyqhlSj9xMohy02t3MX0n-6xoRHLk5Oh8V2c0duIS4mZo0TAq11Zl61No7XvcMPz961yBIpblougDO3NlIXerppYqweTrkxdIR2u4KVXi5XGrbZ08pfBgjrEyAE0GkSkYu3jG0wyz6GIieWwfPZAKqtdWM0F9pMMhVF4sA0XGrRV-goF6dqWWOxvghNOg8rM6Po_qXQU-g&atk=1jqb2shsbhcd3800,"Comfort with light scripting and API work - webhooks, Zapier or Make, basic Python or JavaScript for automations. Strong SQL or advanced spreadsheet fluency - pulls own data, builds own dashboards.",,,indeed_ae,2026-06-05 05:07:56.936529+00:00
Mechanical Engineer,E7 Group,Abu Dhabi,https://ae.indeed.com/rc/clk?jk=83fe10e44061783b&bb=Pe8iRgZkvv4QRs7pnIil47Ci9xuUCiZc16FaPakMsOzDrshZ1vc6Nf0hKAlZJT7tOBh2MKk3qdCxovfJ8XgRkhYRKepFx3NXU0Yv9NiZMvJVjz0GJpiEhiXx9I6_k3PnC8tV5gejUL8a1JY6eVXn6A%3D%3D&xkcb=SoC767M3iLN95MT4250CbzkdCdPP&rjs=0&qd=Xd-cji1-rrfYy0m8LpokE8dF20pwsUrmctm8cTGFOXDOAPLLNYb6wmUg8gjYJafwpsXE23qShaYtGgdtUJu_X5BBGG-ayCiM-gQi8HpsYsLtZozk31ERKPJGlDLUboAG50chrnGX4B46HyqhlSj9xMohy02t3MX0n-6xoRHLk5Oh8V2c0duIS4mZo0TAq11Zl61No7XvcMPz961yBIpblougDO3NlIXerppYqweTrkxdIR2u4KVXi5XGrbZ08pfBgjrEyAE0GkSkYu3jG0wyz6GIieWwfPZAKqtdWM0F9pMMhVF4sA0XGrRV-goF6dqWWOxvghNOg8rM6Po_qXQU-g&atk=1jqb2shsbhcd3800,Bachelor's Degree in Mechanical Engineering or a related discipline. 2–4 years of experience in mechanical maintenance within a manufacturing or industrial environment.,,,indeed_ae,2026-06-05 05:07:56.885043+00:00
Assistant Procurement Manager,Naresco Contracting LLC,Dubai,https://ae.indeed.com/rc/clk?jk=847720346eaad3a8&bb=Pe8iRgZkvv4QRs7pnIil4zipeUlG-qJsVVXUtEXBljlFUQieOM7skvNTHD2e19fojEbciSTgQU4p9lEq-iDh71XZbUtl-OV006xb4nJf0Kj87A-wH5lASX-bz-ncvhaxapS4vadDpo1VYfFH6eqMEQ%3D%3D&xkcb=SoAP67M3iLN95MT4250DbzkdCdPP&rjs=0&qd=Xd-cji1-rrfYy0m8LpokE8dF20pwsUrmctm8cTGFOXDOAPLLNYb6wmUg8gjYJafwpsXE23qShaYtGgdtUJu_X5BBGG-ayCiM-gQi8HpsYsLtZozk31ERKPJGlDLUboAG50chrnGX4B46HyqhlSj9xMohy02t3MX0n-6xoRHLk5Oh8V2c0duIS4mZo0TAq11Zl61No7XvcMPz961yBIpblougDO3NlIXerppYqweTrkxdIR2u4KVXi5XGrbZ08pfBgjrEyAE0GkSkYu3jG0wyz6GIieWwfPZAKqtdWM0F9pMMhVF4sA0XGrRV-goF6dqWWOxvghNOg8rM6Po_qXQU-g&atk=1jqb2shsbhcd3800,"Experience working with contractors, developers, or EPC organizations. Minimum 3–5 years in a senior procurement or assistant procurement management role. Procurement of Civil & Building Packages.",,,indeed_ae,2026-06-05 05:07:56.819064+00:00
AI Research Scientist,Durlston Partners,Abu Dhabi,https://ae.indeed.com/rc/clk?jk=6d75dd6b4da041e4&bb=Pe8iRgZkvv4QRs7pnIil4yNo3ZbY5nPrPrvwJ6rxcBtf-_xDYF_lhnzWP-FGopgMKuN0UexPyF31iIR5ut4vxQWA-r_oEnDvhsoX5ohAtjaBM6Lr90TWPao7RVqmFoTPcCWaDBF7OJEScW62por6MA%3D%3D&xkcb=SoDm67M3iLN95MT4250MbzkdCdPP&rjs=0&qd=Xd-cji1-rrfYy0m8LpokE8dF20pwsUrmctm8cTGFOXDOAPLLNYb6wmUg8gjYJafwpsXE23qShaYtGgdtUJu_X5BBGG-ayCiM-gQi8HpsYsLtZozk31ERKPJGlDLUboAG50chrnGX4B46HyqhlSj9xMohy02t3MX0n-6xoRHLk5Oh8V2c0duIS4mZo0TAq11Zl61No7XvcMPz961yBIpblougDO3NlIXerppYqweTrkxdIR2u4KVXi5XGrbZ08pfBgjrEyAE0GkSkYu3jG0wyz6GIieWwfPZAKqtdWM0F9pMMhVF4sA0XGrRV-goF6dqWWOxvghNOg8rM6Po_qXQU-g&atk=1jqb2shsbhcd3800,"A Master’s or PhD in a quantitative discipline: Computer Science, Applied Mathematics, Statistics, Physics, Quantitative Finance, or similar. A track record of generating impactful research, whether…",,,indeed_ae,2026-06-05 05:07:56.774857+00:00
Electrical Engineer,E7 Group,Abu Dhabi,https://ae.indeed.com/rc/clk?jk=4a4187164b5d497b&bb=Pe8iRgZkvv4QRs7pnIil48NkSdDHQ24mA8hBRdicRarvTc9a5TdYCuZB7CzSnNZozF73q5rUTA3AZvJPgPgpcIOyJIlPdOPb1TqzIHo3FFB72V791okQ2mPbQzTx1bAG6Ua6xkzaqf0L1b4ncvA3Rw%3D%3D&xkcb=SoBS67M3iLN95MT4250NbzkdCdPP&rjs=0&qd=Xd-cji1-rrfYy0m8LpokE8dF20pwsUrmctm8cTGFOXDOAPLLNYb6wmUg8gjYJafwpsXE23qShaYtGgdtUJu_X5BBGG-ayCiM-gQi8HpsYsLtZozk31ERKPJGlDLUboAG50chrnGX4B46HyqhlSj9xMohy02t3MX0n-6xoRHLk5Oh8V2c0duIS4mZo0TAq11Zl61No7XvcMPz961yBIpblougDO3NlIXerppYqweTrkxdIR2u4KVXi5XGrbZ08pfBgjrEyAE0GkSkYu3jG0wyz6GIieWwfPZAKqtdWM0F9pMMhVF4sA0XGrRV-goF6dqWWOxvghNOg8rM6Po_qXQU-g&atk=1jqb2shsbhcd3800,Monitor equipment performance and identify deviations affecting efficiency or product quality. Bachelor's Degree in Electrical Engineering or a related discipline.,,,indeed_ae,2026-06-05 05:07:56.715891+00:00
MEP Draftsman,Sharafi Group Investments,Abu Hail,https://ae.indeed.com/rc/clk?jk=d74ba2f55c8a2270&bb=Pe8iRgZkvv4QRs7pnIil4-LxCoTZxErtHGHmHvrHRwcd0ic52HUa4lLYuSOg2rvO8s3MJCLmUlUlDeUchK4xSuBC0c6rg3DL-qRQ0etGbMlyXoD6ctOdYDpGr15bAOVWdtbr__9HAPcdUvY2ke3QcA%3D%3D&xkcb=SoDP67M3iLN95MT4250ObzkdCdPP&rjs=0&qd=Xd-cji1-rrfYy0m8LpokE8dF20pwsUrmctm8cTGFOXDOAPLLNYb6wmUg8gjYJafwpsXE23qShaYtGgdtUJu_X5BBGG-ayCiM-gQi8HpsYsLtZozk31ERKPJGlDLUboAG50chrnGX4B46HyqhlSj9xMohy02t3MX0n-6xoRHLk5Oh8V2c0duIS4mZo0TAq11Zl61No7XvcMPz961yBIpblougDO3NlIXerppYqweTrkxdIR2u4KVXi5XGrbZ08pfBgjrEyAE0GkSkYu3jG0wyz6GIieWwfPZAKqtdWM0F9pMMhVF4sA0XGrRV-goF6dqWWOxvghNOg8rM6Po_qXQU-g&atk=1jqb2shsbhcd3800,Modify and revise drawings as per engineer/site instructions or client requirements. Diploma or Degree in Mechanical/Electrical Engineering or related technical field.,,,indeed_ae,2026-06-05 05:07:56.663889+00:00
Data Analysis & Dashboard specialist,NAFFCO,Dubai,https://ae.indeed.com/rc/clk?jk=74ba9e6ffb9ccd71&bb=Pe8iRgZkvv4QRs7pnIil45u7vtZsQicDe0ooyNjQhqMF1ozp5-2afKb-xIAXy1h00poD8xPHHFSjgqm4-cOp6oQIrXOFiXM8_tFmf4_YL2MGTJVSsMXYOcEABi032FKQqt0ZPt7nOPTBqtshr2NRnQ%3D%3D&xkcb=SoB767M3iLN95MT4250PbzkdCdPP&rjs=0&qd=Xd-cji1-rrfYy0m8LpokE8dF20pwsUrmctm8cTGFOXDOAPLLNYb6wmUg8gjYJafwpsXE23qShaYtGgdtUJu_X5BBGG-ayCiM-gQi8HpsYsLtZozk31ERKPJGlDLUboAG50chrnGX4B46HyqhlSj9xMohy02t3MX0n-6xoRHLk5Oh8V2c0duIS4mZo0TAq11Zl61No7XvcMPz961yBIpblougDO3NlIXerppYqweTrkxdIR2u4KVXi5XGrbZ08pfBgjrEyAE0GkSkYu3jG0wyz6GIieWwfPZAKqtdWM0F9pMMhVF4sA0XGrRV-goF6dqWWOxvghNOg8rM6Po_qXQU-g&atk=1jqb2shsbhcd3800,"Knowledge of Python or R for advanced analytics. Join NAFFCO as Data Analysis & Dashboard Specialist: turn large data into actionable insights with Qlik Sense, SQL optimization, and strong BI delivery…",,,indeed_ae,2026-06-05 05:07:56.595381+00:00
AI Marketing & E-commerce Automation Specialist,Marketing Data Innovation,Dubai,https://ae.indeed.com/rc/clk?jk=e51a907d03edfa60&bb=Pe8iRgZkvv4QRs7pnIil43dFoptV0pRnRO6TwXDFFElk0EOOK5gTUJw5uANBso8buI8_bzDzbF2vP09GYHO919N4KNt95N4cioOY6PxQtYNLDu4LFu8FRHNP6GD4DK4E1MGQWnppDPv3RF8D-YZ2rkjL2DcAEagK&xkcb=SoD167M3iLN95MT4250IbzkdCdPP&rjs=0&qd=Xd-cji1-rrfYy0m8LpokE8dF20pwsUrmctm8cTGFOXDOAPLLNYb6wmUg8gjYJafwpsXE23qShaYtGgdtUJu_X5BBGG-ayCiM-gQi8HpsYsLtZozk31ERKPJGlDLUboAG50chrnGX4B46HyqhlSj9xMohy02t3MX0n-6xoRHLk5Oh8V2c0duIS4mZo0TAq11Zl61No7XvcMPz961yBIpblougDO3NlIXerppYqweTrkxdIR2u4KVXi5XGrbZ08pfBgjrEyAE0GkSkYu3jG0wyz6GIieWwfPZAKqtdWM0F9pMMhVF4sA0XGrRV-goF6dqWWOxvghNOg8rM6Po_qXQU-g&atk=1jqb2shsbhcd3800,"E-commerce or digital marketing experience preferred. Experience with Shopify or Klaviyo is a plus. The ideal candidate has experience in e-commerce or digital marketing, strong attention to detail, a…",,,indeed_ae,2026-06-05 05:07:56.542713+00:00
Mining Engineer,Xpress Management Consultancy,Fujairah,https://ae.indeed.com/rc/clk?jk=509653d2792f43ab&bb=Pe8iRgZkvv4QRs7pnIil4-kEr7izDsVsJr1TkOGSfRIDRBoGdOemjMiKjIcvgyyatejHGrxOA40VcJWyqD_57Kc57TWc-f-xSfohcA1Nzt2Gb9XyupZsfmWwSac3Q7HKtmsJv-wDdr9JSwe2ORZ-kQ%3D%3D&xkcb=SoBB67M3iLN95MT4250JbzkdCdPP&rjs=0&qd=Xd-cji1-rrfYy0m8LpokE8dF20pwsUrmctm8cTGFOXDOAPLLNYb6wmUg8gjYJafwpsXE23qShaYtGgdtUJu_X5BBGG-ayCiM-gQi8HpsYsLtZozk31ERKPJGlDLUboAG50chrnGX4B46HyqhlSj9xMohy02t3MX0n-6xoRHLk5Oh8V2c0duIS4mZo0TAq11Zl61No7XvcMPz961yBIpblougDO3NlIXerppYqweTrkxdIR2u4KVXi5XGrbZ08pfBgjrEyAE0GkSkYu3jG0wyz6GIieWwfPZAKqtdWM0F9pMMhVF4sA0XGrRV-goF6dqWWOxvghNOg8rM6Po_qXQU-g&atk=1jqb2shsbhcd3800,"Create and maintain digital mine models and topographic surveys (using CAD/survey software ). *. Responsible for the planning, design, and safe execution of all extraction activities at the quarry.",,,indeed_ae,2026-06-05 05:07:56.493806+00:00
Facility Engineer,Dubai Limited Investment,Dubai,https://ae.indeed.com/rc/clk?jk=16292c54d1d96a18&bb=Pe8iRgZkvv4QRs7pnIil421OlQhcbNhrHx_YcpkH0PdXuLZYw46cztkXcRxv8KNbk5-Gq1_ctLG0IpsaielfOnTx1WKwAHKVfoQHt-Ojh6RbAP2w4Zt6cdn_d9UMdOHlpHyAzqROZMcp7f9BHMjVIg%3D%3D&xkcb=SoDc67M3iLN95MT4250KbzkdCdPP&rjs=0&qd=Xd-cji1-rrfYy0m8LpokE8dF20pwsUrmctm8cTGFOXDOAPLLNYb6wmUg8gjYJafwpsXE23qShaYtGgdtUJu_X5BBGG-ayCiM-gQi8HpsYsLtZozk31ERKPJGlDLUboAG50chrnGX4B46HyqhlSj9xMohy02t3MX0n-6xoRHLk5Oh8V2c0duIS4mZo0TAq11Zl61No7XvcMPz961yBIpblougDO3NlIXerppYqweTrkxdIR2u4KVXi5XGrbZ08pfBgjrEyAE0GkSkYu3jG0wyz6GIieWwfPZAKqtdWM0F9pMMhVF4sA0XGrRV-goF6dqWWOxvghNOg8rM6Po_qXQU-g&atk=1jqb2shsbhcd3800,"Ensure all systems are working at their optimal capacity and effective implementation of best practice engineering services systems and processes to support cost optimization, effective resource…",,,indeed_ae,2026-06-05 05:07:56.440479+00:00
HSE Engineer,Plus971 architects,Abu Dhabi,https://ae.indeed.com/rc/clk?jk=3133807b178676c6&bb=Pe8iRgZkvv4QRs7pnIil46VaBZUsKf3cUwakxwJx6QrER1hI63tzXZUaEfGNPA8Ci4Z3GfL1p3sCyLDOvKSU2T5DA_2b-8OEUoBuLr8hvi6p_xFwibdtzb3Xn2g6XC42M97qpRQ6hMi5PeO1GyQ1mWKpOGfrwne1&xkcb=SoBo67M3iLN95MT4250LbzkdCdPP&rjs=0&qd=Xd-cji1-rrfYy0m8LpokE8dF20pwsUrmctm8cTGFOXDOAPLLNYb6wmUg8gjYJafwpsXE23qShaYtGgdtUJu_X5BBGG-ayCiM-gQi8HpsYsLtZozk31ERKPJGlDLUboAG50chrnGX4B46HyqhlSj9xMohy02t3MX0n-6xoRHLk5Oh8V2c0duIS4mZo0TAq11Zl61No7XvcMPz961yBIpblougDO3NlIXerppYqweTrkxdIR2u4KVXi5XGrbZ08pfBgjrEyAE0GkSkYu3jG0wyz6GIieWwfPZAKqtdWM0F9pMMhVF4sA0XGrRV-goF6dqWWOxvghNOg8rM6Po_qXQU-g&atk=1jqb2shsbhcd3800,"We are seeking a qualified and experienced HSE Engineer to join our team in Abu Dhabi. The successful candidate will be responsible for implementing, monitoring, and maintaining Health, Safety, and…",,,indeed_ae,2026-06-05 05:07:56.388305+00:00
Network Support Engineer,Binary Minds Information Technology Network...,Dubai,https://ae.indeed.com/rc/clk?jk=b8d022ec7a4d5cee&bb=Wo-eSOJfxKARGb4TyVCEAyc97VfZuLxT_ijlAIH2Pb-3I3kNdSSRwuiRIvlny4EQntrluB7j-gY8IF7aLhVta794RYuPYDB9Qp4fT3Vx4NfUB5zrlptDIQlQaPuWjMFCuENoKxB-3uEJ_cfVhDedFEsycL87tQYe&xkcb=SoA567M3iLN-eWz43J0TbzkdCdPP&rjs=0&qd=Xd-cji1-rrfYy0m8LpokE8dF20pwsUrmctm8cTGFOXDOAPLLNYb6wmUg8gjYJafwpsXE23qShaYtGgdtUJu_X5BBGG-ayCiM-gQi8HpsYsLtZozk31ERKPJGlDLUboAG50chrnGX4B46HyqhlSj9xMohy02t3MX0n-6xoRHLk5Oh8V2c0duIS4mZo0TAq11Zl61No7XvcMPz961yBIpblougDO3NlIXerppYqweTrkxdIR2u4KVXi5XGrbZ08pfBgjrEyAE0GkSkYu3jG0wyz6GIieWwfPZAKqtdWM0F9pOh93jZbSS4CZ47YErajmELWOxvghNOg8rM6Po_qXQU-g&atk=1jqb2scug26pt003,"Provide technical support for hardware, software , and network-related problems. Bachelor’s degree in Computer Science / IT or related field. Install, configure, and maintain network devices such as…",,,indeed_ae,2026-06-05 05:07:52.662522+00:00
QS Engineer,Al Rehab Alarabi Build. Co. LLC. SP,Sharjah,https://ae.indeed.com/rc/clk?jk=53d4a5a4408b3b2f&bb=Wo-eSOJfxKARGb4TyVCEA3VlOOAvS-6ljNN4NbqwzTzAbGjig07Zgclrq24qVh-_tDOjWTHcAKaobAQUo3jnufC14PcRe5I0uLAB3yJrgkWwrPRqlNEQsFLVFy-rvOQ8aYlN47n1QdZchzS1njOUcA%3D%3D&xkcb=SoDQ67M3iLN-eWz43J0cbzkdCdPP&rjs=0&qd=Xd-cji1-rrfYy0m8LpokE8dF20pwsUrmctm8cTGFOXDOAPLLNYb6wmUg8gjYJafwpsXE23qShaYtGgdtUJu_X5BBGG-ayCiM-gQi8HpsYsLtZozk31ERKPJGlDLUboAG50chrnGX4B46HyqhlSj9xMohy02t3MX0n-6xoRHLk5Oh8V2c0duIS4mZo0TAq11Zl61No7XvcMPz961yBIpblougDO3NlIXerppYqweTrkxdIR2u4KVXi5XGrbZ08pfBgjrEyAE0GkSkYu3jG0wyz6GIieWwfPZAKqtdWM0F9pOh93jZbSS4CZ47YErajmELWOxvghNOg8rM6Po_qXQU-g&atk=1jqb2scug26pt003,"Bachelor's Degree in Civil Engineering or Quantity Surveying. Coordinate with project managers, site engineers , and procurement teams. We are seeking a qualified and experienced QS Engineer to join…",,,indeed_ae,2026-06-05 05:07:52.614716+00:00
Electrical Engineer,United Arab Emirates University,Al-Ayn,https://ae.indeed.com/rc/clk?jk=ded406c90359e2a0&bb=Wo-eSOJfxKARGb4TyVCEA-4-dI3ZlAYkfhqttCovMnRm7AUPMk2gZ-5KhqaF7YvDBDS2P03nEWdXN_aZBtSspyZkCp41ASr0jq3h8DvIoEDHsQHpyIU_hdB9iEPSQjfnk-aWcBKl_XSpRsaI8AOQvA%3D%3D&xkcb=SoBk67M3iLN-eWz43J0dbzkdCdPP&rjs=0&qd=Xd-cji1-rrfYy0m8LpokE8dF20pwsUrmctm8cTGFOXDOAPLLNYb6wmUg8gjYJafwpsXE23qShaYtGgdtUJu_X5BBGG-ayCiM-gQi8HpsYsLtZozk31ERKPJGlDLUboAG50chrnGX4B46HyqhlSj9xMohy02t3MX0n-6xoRHLk5Oh8V2c0duIS4mZo0TAq11Zl61No7XvcMPz961yBIpblougDO3NlIXerppYqweTrkxdIR2u4KVXi5XGrbZ08pfBgjrEyAE0GkSkYu3jG0wyz6GIieWwfPZAKqtdWM0F9pOh93jZbSS4CZ47YErajmELWOxvghNOg8rM6Po_qXQU-g&atk=1jqb2scug26pt003,Degree in electrical Engineering or related field. As an engineer you will be asked to perform a variety of tasks related to the development of projects within the NSSTC including (but not limited to)…,,,indeed_ae,2026-06-05 05:07:52.570391+00:00
Software Developer,DXC Technology,Dubai,https://ae.indeed.com/rc/clk?jk=76938fe28b13d704&bb=Wo-eSOJfxKARGb4TyVCEA_A2lTz1_OM2EvL5xjH2oIlYkD451aGCu62R-2aX8lbaKER66npaMEtB83ZzhS9rmFiJt39w6Om5rc0QEpIcXKJ28r3HBHDYzBBjkyxBtYNHl2cnAJB71HIu8kIJZITi7g%3D%3D&xkcb=SoD567M3iLN-eWz43J0ebzkdCdPP&rjs=0&qd=Xd-cji1-rrfYy0m8LpokE8dF20pwsUrmctm8cTGFOXDOAPLLNYb6wmUg8gjYJafwpsXE23qShaYtGgdtUJu_X5BBGG-ayCiM-gQi8HpsYsLtZozk31ERKPJGlDLUboAG50chrnGX4B46HyqhlSj9xMohy02t3MX0n-6xoRHLk5Oh8V2c0duIS4mZo0TAq11Zl61No7XvcMPz961yBIpblougDO3NlIXerppYqweTrkxdIR2u4KVXi5XGrbZ08pfBgjrEyAE0GkSkYu3jG0wyz6GIieWwfPZAKqtdWM0F9pOh93jZbSS4CZ47YErajmELWOxvghNOg8rM6Po_qXQU-g&atk=1jqb2scug26pt003,"Support the documentation of software requirements and specifications. Basic Qualifications: • Bachelor's degree in a relevant field (i.e., Computer Science) or equivalent combination of education and…",,,indeed_ae,2026-06-05 05:07:52.522399+00:00
Project Engineer (Oil & Gas Systems),OGSI Oil & Gas Fields Equipment Manufacturing FZE,Dubai,https://ae.indeed.com/rc/clk?jk=1165792a7b4200dd&bb=Wo-eSOJfxKARGb4TyVCEA65jZweJWHcoODTVfw8bFkw3AiGLGRueQj6xpNEBdj80_ibdeDAB9oYDds77UH9Z3IcDzCTHaca-2qfDaHhqyRK5XpdYP_4Xxf8ibtLJJdKZV2-TNvlDMe-oonUcEDssyQ%3D%3D&xkcb=SoBN67M3iLN-eWz43J0fbzkdCdPP&rjs=0&qd=Xd-cji1-rrfYy0m8LpokE8dF20pwsUrmctm8cTGFOXDOAPLLNYb6wmUg8gjYJafwpsXE23qShaYtGgdtUJu_X5BBGG-ayCiM-gQi8HpsYsLtZozk31ERKPJGlDLUboAG50chrnGX4B46HyqhlSj9xMohy02t3MX0n-6xoRHLk5Oh8V2c0duIS4mZo0TAq11Zl61No7XvcMPz961yBIpblougDO3NlIXerppYqweTrkxdIR2u4KVXi5XGrbZ08pfBgjrEyAE0GkSkYu3jG0wyz6GIieWwfPZAKqtdWM0F9pOh93jZbSS4CZ47YErajmELWOxvghNOg8rM6Po_qXQU-g&atk=1jqb2scug26pt003,"Mechanical, Instrument or Process Engineering Degree. This is mainly an office-based role, although some travel to our Workshops, Suppliers or Customer sites may be required for time to time, both…",,,indeed_ae,2026-06-05 05:07:52.478586+00:00
AI Engineer – Generative AI and Automation,Multibank Group,Dubai,https://ae.indeed.com/rc/clk?jk=fc6cd4af523c523e&bb=Wo-eSOJfxKARGb4TyVCEA9u6VwEeFlTYKJLoDtxleL4AoUcau9I7jiN30E_sJnsjwk888HVWWULLFJZ9bpjp-AFX2KWOLAFZGfQ0OtwSi0sufPzSsoPjjUO_SKZscnE6RmecVvKuWFEhwjmcl5DfoA%3D%3D&xkcb=SoDD67M3iLN-eWz43J0YbzkdCdPP&rjs=0&qd=Xd-cji1-rrfYy0m8LpokE8dF20pwsUrmctm8cTGFOXDOAPLLNYb6wmUg8gjYJafwpsXE23qShaYtGgdtUJu_X5BBGG-ayCiM-gQi8HpsYsLtZozk31ERKPJGlDLUboAG50chrnGX4B46HyqhlSj9xMohy02t3MX0n-6xoRHLk5Oh8V2c0duIS4mZo0TAq11Zl61No7XvcMPz961yBIpblougDO3NlIXerppYqweTrkxdIR2u4KVXi5XGrbZ08pfBgjrEyAE0GkSkYu3jG0wyz6GIieWwfPZAKqtdWM0F9pOh93jZbSS4CZ47YErajmELWOxvghNOg8rM6Po_qXQU-g&atk=1jqb2scug26pt003,"2 or more years of hands-on experience building production AI systems or intelligent automation solutions. Portfolio or demonstrable projects showing deployed agents, automation workflows, or RAG-…",,,indeed_ae,2026-06-05 05:07:52.418968+00:00
Junior Estimation Engineer - SI,Emirates Electrical Engineering LLC,Dubai,https://ae.indeed.com/rc/clk?jk=5548549ee3a2fb96&bb=Wo-eSOJfxKARGb4TyVCEA-4-dI3ZlAYkx8X58sz3JJq7Wdlfx276tXvNDGGoagH2feTwwZnRAIzOsZjrjWvS8xUhKLBLD8aDi2A0323UmEjZIBkPr8XDRmKuSg80MFDerdydRX3_4eij2qLBinOAJQ%3D%3D&xkcb=SoB367M3iLN-eWz43J0ZbzkdCdPP&rjs=0&qd=Xd-cji1-rrfYy0m8LpokE8dF20pwsUrmctm8cTGFOXDOAPLLNYb6wmUg8gjYJafwpsXE23qShaYtGgdtUJu_X5BBGG-ayCiM-gQi8HpsYsLtZozk31ERKPJGlDLUboAG50chrnGX4B46HyqhlSj9xMohy02t3MX0n-6xoRHLk5Oh8V2c0duIS4mZo0TAq11Zl61No7XvcMPz961yBIpblougDO3NlIXerppYqweTrkxdIR2u4KVXi5XGrbZ08pfBgjrEyAE0GkSkYu3jG0wyz6GIieWwfPZAKqtdWM0F9pOh93jZbSS4CZ47YErajmELWOxvghNOg8rM6Po_qXQU-g&atk=1jqb2scug26pt003,"Bachelor’s degree in Electrical Engineering, Electrical, Electronics or a related field. Emirates Electrical Engineering is a specialized business platform that provides comprehensive turnkey…",,,indeed_ae,2026-06-05 05:07:52.371415+00:00
Social Media Executive,Nadd Al Shiba PR & Event Management,Dubai,https://ae.indeed.com/pagead/clk?mo=r&ad=-6NYlbfkN0Cd3g9ph41mdRkHatsT5soLO1OUdqvnkoNmHL9Z8lgkjMqfQmnW8OzLSf_IwoP43_eIUF3GPk5cVk5VrUs6NSgsWplFp1KaMOBzKg8nZlTOJr7wrPAQqbJn5cOizOLAAYqKyHZanp8aooul_fnnNtGzGusZ-l9k-2bu3o4n9TV7_Abzuu2Oi_thRYuXuWAm_FPb__DsRQlau0aHYZQAe3KgXXXWm5ln-zU5j9pPqTeHxij7_HJqmRGxZ922SLjhI4tYMiogsx8g4e34na_G9Z89mpARzO0Zx2IGf5kwN1sS7JFee8E58bseFRjVQiWAFrBSwEWQXCSbOulPbQwS50qcqgPDRaTLtbWgX3iF4IkzKfAWJfpyR8ILmj8GWWPHm4c7UpsX-XxPqdB3W529By69Gm24Pump1-i5j9TjuCQntv6i9wh-snX03QypLHJKBKEQyxQj8F0VhwHuvMoyH4EeWLeXj-blEJZhrUucjmgnjjYpjky_VM_u6xi93vgksG32p1pLDZlBx47TxFqL8HUAIRcmms5BS1KJ3x3F6mdW3goeeuVY5leiHBxreR95I2gopzugriNG5P2OoRfG27ATjkRocs74w1RLHdiee-gW_Idn_epUTbI6AjLAwulOXJUsZzlCW68rgGK86v4z-ZUZJPsX5_DpcllwExlf4eUPhySzmuU03Lu-ZW70XaYwU_rp62jgzhzhOwGVa78_qqhxCQNMvnpHsv7zcV_n74y6_HkHRNZnkUpS-Sv1XDCWNpI-ylM3AAhoMbxcWMscgDhiOZ39R3hCrJTuocjTU8A_Thwblgtf3PSNU2PFaz82AHBxsWBixeOngA7UB9aJOkRfoh6aPQWqp2s2b9CI0WCFxMj0uQgB5EzCA23-WYn_TPitTD75BzNisob67G2A-7lC51WWciMxGENImPDeTO6YjCIniqo4FUu8Id9uCpeg0iY=&xkcb=SoAe6_M3iLN-eWz43J0abzkdCdPP&camk=C3EPSzFlQw9TGNinVMzHnw==&p=17&atk=1jqb2scug26pt003,"Experience in the Events, Exhibitions, Conferences, Hospitality, Tourism, or B2B industries is highly preferred. Bachelor's Degree in Marketing, Communications, Digital Media, Public Relations,…",,,indeed_ae,2026-06-05 05:07:52.310803+00:00
Project Engineer,Parker Connect,Sharjah,https://ae.indeed.com/rc/clk?jk=a8fa5ef3db77dfc6&bb=Wo-eSOJfxKARGb4TyVCEA_ukw8le7Jqs-VtfmNaKJGN5Xw7gfujDVh_YhInbqY7imK_y2eUXMOqBgDVjlILyWxymrmijyVQLfvcYEJFWADwqjHgGkzOGyXwqdCQqVGoT1yV0fK4muosPOO-rYgqZ6g%3D%3D&xkcb=SoBe67M3iLN-eWz43J0bbzkdCdPP&rjs=0&qd=Xd-cji1-rrfYy0m8LpokE8dF20pwsUrmctm8cTGFOXDOAPLLNYb6wmUg8gjYJafwpsXE23qShaYtGgdtUJu_X5BBGG-ayCiM-gQi8HpsYsLtZozk31ERKPJGlDLUboAG50chrnGX4B46HyqhlSj9xMohy02t3MX0n-6xoRHLk5Oh8V2c0duIS4mZo0TAq11Zl61No7XvcMPz961yBIpblougDO3NlIXerppYqweTrkxdIR2u4KVXi5XGrbZ08pfBgjrEyAE0GkSkYu3jG0wyz6GIieWwfPZAKqtdWM0F9pOh93jZbSS4CZ47YErajmELWOxvghNOg8rM6Po_qXQU-g&atk=1jqb2scug26pt003,"Define the maintenance plan for new or changed equipment’s. Identify and select equipment and suppliers or subcontractors seeking for the best cost-effective solution,.",,,indeed_ae,2026-06-05 05:07:52.264694+00:00
MECHANICAL ENGINEER,PLUTO ELECTRO-MECHANICAL CONT. COMPANY,Dubai,https://ae.indeed.com/rc/clk?jk=b79576fd188cd53f&bb=Wo-eSOJfxKARGb4TyVCEAx1SKlTPjy4TiW8z99Li2qdvxnhcAEhL8gdp8ztvfeUU_Knv01XbwJTS1A8y-hI1CtWAv9rfMiQ9BM1grLseLn1DTyrsKF72UivPV7k5QrW3zaXyBsAFeoeQARylUbPWEA%3D%3D&xkcb=SoB567M3iLN-eWz43J0EbzkdCdPP&rjs=0&qd=Xd-cji1-rrfYy0m8LpokE8dF20pwsUrmctm8cTGFOXDOAPLLNYb6wmUg8gjYJafwpsXE23qShaYtGgdtUJu_X5BBGG-ayCiM-gQi8HpsYsLtZozk31ERKPJGlDLUboAG50chrnGX4B46HyqhlSj9xMohy02t3MX0n-6xoRHLk5Oh8V2c0duIS4mZo0TAq11Zl61No7XvcMPz961yBIpblougDO3NlIXerppYqweTrkxdIR2u4KVXi5XGrbZ08pfBgjrEyAE0GkSkYu3jG0wyz6GIieWwfPZAKqtdWM0F9pOh93jZbSS4CZ47YErajmELWOxvghNOg8rM6Po_qXQU-g&atk=1jqb2scug26pt003,"They oversee various aspects of Mechanical systems, from conceptualization to completion, ensuring that projects are completed on time, within budget, and meet quality and safety standards.",,,indeed_ae,2026-06-05 05:07:52.212547+00:00
Junior Administrator,Ultracare LLC,Dubai,https://ae.indeed.com/rc/clk?jk=22d3aaa1fbc0eac6&bb=Wo-eSOJfxKARGb4TyVCEAxKYePkCF4kXnqWI9BSdRtSl95HJ_P6Jc-ANf0tTutDG8ewpzNaWG367IvCBxZjOoKz6Y_LkiGas-Kj8SfCt-FzOnqqn7SjjZ8TWwoQXi4QvrNNcngWBO3CbMNVIFyQzkA%3D%3D&xkcb=SoDN67M3iLN-eWz43J0FbzkdCdPP&rjs=0&qd=Xd-cji1-rrfYy0m8LpokE8dF20pwsUrmctm8cTGFOXDOAPLLNYb6wmUg8gjYJafwpsXE23qShaYtGgdtUJu_X5BBGG-ayCiM-gQi8HpsYsLtZozk31ERKPJGlDLUboAG50chrnGX4B46HyqhlSj9xMohy02t3MX0n-6xoRHLk5Oh8V2c0duIS4mZo0TAq11Zl61No7XvcMPz961yBIpblougDO3NlIXerppYqweTrkxdIR2u4KVXi5XGrbZ08pfBgjrEyAE0GkSkYu3jG0wyz6GIieWwfPZAKqtdWM0F9pOh93jZbSS4CZ47YErajmELWOxvghNOg8rM6Po_qXQU-g&atk=1jqb2scug26pt003,Coordinate Notice Periods: Monitor contractual non-renewal or modification windows (typically 90 days in Dubai) to submit legal notices to landlords on time.,,,indeed_ae,2026-06-05 05:07:52.168009+00:00
Mobile App Developer,Feel Pink Event Services LLC,Dubai,https://ae.indeed.com/rc/clk?jk=95f2b85f09b46eda&bb=Wo-eSOJfxKARGb4TyVCEA9ZlCkeVS4woqRnumTnTretjkuzAqnpt_0y5BxJNczuPcg3spdRwv5KV1J1gEbHEl29Fi-hK5iYWednFpXUwz9SMhBaALwarLx3tfivudiwivmb8TGXz9gSXd5e5t0P96g%3D%3D&xkcb=SoBQ67M3iLN-eWz43J0GbzkdCdPP&rjs=0&qd=Xd-cji1-rrfYy0m8LpokE8dF20pwsUrmctm8cTGFOXDOAPLLNYb6wmUg8gjYJafwpsXE23qShaYtGgdtUJu_X5BBGG-ayCiM-gQi8HpsYsLtZozk31ERKPJGlDLUboAG50chrnGX4B46HyqhlSj9xMohy02t3MX0n-6xoRHLk5Oh8V2c0duIS4mZo0TAq11Zl61No7XvcMPz961yBIpblougDO3NlIXerppYqweTrkxdIR2u4KVXi5XGrbZ08pfBgjrEyAE0GkSkYu3jG0wyz6GIieWwfPZAKqtdWM0F9pOh93jZbSS4CZ47YErajmELWOxvghNOg8rM6Po_qXQU-g&atk=1jqb2scug26pt003,"Experience in mobile app development (iOS and/or Android). Knowledge of Flutter, React Native, Swift, Kotlin, or similar technologies Experience with API integration and database management.",,,indeed_ae,2026-06-05 05:07:52.124859+00:00
Document Controller,KEO International Consultants,Abu Dhabi,https://ae.indeed.com/rc/clk?jk=351961fdf3d57592&bb=Wo-eSOJfxKARGb4TyVCEA5dqG9n8oEIGeELi2Y3MHi2hMd5RPHjDt6deIuZ4CqB2auaoGav7I9r9ohLyCvxeo9RqbvPwVtKII8jX156PVRQJNYZIEwcuxzVDvBi0-F2obBh3cqh_sB3duL9Ltv-ImQ%3D%3D&xkcb=SoDk67M3iLN-eWz43J0HbzkdCdPP&rjs=0&qd=Xd-cji1-rrfYy0m8LpokE8dF20pwsUrmctm8cTGFOXDOAPLLNYb6wmUg8gjYJafwpsXE23qShaYtGgdtUJu_X5BBGG-ayCiM-gQi8HpsYsLtZozk31ERKPJGlDLUboAG50chrnGX4B46HyqhlSj9xMohy02t3MX0n-6xoRHLk5Oh8V2c0duIS4mZo0TAq11Zl61No7XvcMPz961yBIpblougDO3NlIXerppYqweTrkxdIR2u4KVXi5XGrbZ08pfBgjrEyAE0GkSkYu3jG0wyz6GIieWwfPZAKqtdWM0F9pOh93jZbSS4CZ47YErajmELWOxvghNOg8rM6Po_qXQU-g&atk=1jqb2scug26pt003,Ensure documentation is up to date and available for inspections or audits. Assist with the preparation of final project reports and document handover to clients or stakeholders.,,,indeed_ae,2026-06-05 05:07:52.077442+00:00
Junior MEP Engineer (Luxury Villas),Stellar Projex,Dubai,https://ae.indeed.com/rc/clk?jk=de00072dbfed308e&bb=Wo-eSOJfxKARGb4TyVCEAw1HzzJu9mL5ZVpPO1jgP8BjrjHXl3hJMfijsreUPETvfAL1BfAolo8-wHZ8peK5panfJHnnwXY1EQdcDl6wuECIQ-c5jczii32CoRxyznckWTgQHr_FeZa94Hycfl3rgw%3D%3D&xkcb=SoBq67M3iLN-eWz43J0AbzkdCdPP&rjs=0&qd=Xd-cji1-rrfYy0m8LpokE8dF20pwsUrmctm8cTGFOXDOAPLLNYb6wmUg8gjYJafwpsXE23qShaYtGgdtUJu_X5BBGG-ayCiM-gQi8HpsYsLtZozk31ERKPJGlDLUboAG50chrnGX4B46HyqhlSj9xMohy02t3MX0n-6xoRHLk5Oh8V2c0duIS4mZo0TAq11Zl61No7XvcMPz961yBIpblougDO3NlIXerppYqweTrkxdIR2u4KVXi5XGrbZ08pfBgjrEyAE0GkSkYu3jG0wyz6GIieWwfPZAKqtdWM0F9pOh93jZbSS4CZ47YErajmELWOxvghNOg8rM6Po_qXQU-g&atk=1jqb2scug26pt003,"Work closely with senior MEP engineers , site engineers , and project managers. Assist in reviewing drawings and highlighting clashes or discrepancies. You will work closely with senior engineers , site…",,,indeed_ae,2026-06-05 05:07:52.029047+00:00
Job Performer( Electrical/Instrumentation/Mechanical),Nexus Horizon Technical Services LLC,Ruwais,https://ae.indeed.com/pagead/clk?mo=r&ad=-6NYlbfkN0Cz8qZZqPdM_Dk2fPp-EjZesMEs3cNUjpJNohlSxe0wOXgip93NDI5xO8WFV1G56Hg6xqFgE6UsOC_vtevzHz4mdTKP_ogKLeWegVLtaBpar1SKF9MzmKBQ0g2gEroIGu82BmDPbLWb3vv24ei-VjlwchLk9jmf6TVRPsouaQlzkNuetzAVKqdc19qwQLrYJPWvPQCjp6wb8DhSS1pSYLeKdmp7Rst8b6u1i8sd2bs-oKAxFTE7NSSrhBgNj9rGAsHNykLx7sYGn9sYmSE7aRVu3ROJkEQnXUFQCaiFcqiyvzdRnl1cx-KwqtLKoEUcx2u0As0jz90tniS0xCFef_YFuVaDrOI6L7ST3MYiDJsMkEk1IwOCqPc5ui8jXl73USXPRKjieh_SbwiHaXnhM1U9Uf74Uo2i1kRgoILNAe-Pl3OAkyLNlxla6u2Fc5HFEWSPwMf7lwE5I2w_uQGOiv9uQhsFggmcbuqMxQ3JgySi8OTCznV-8s9k-3zbMo3KRdYvTxRTRfjraDbjjCRtg1Yza9Szvgaa2gy6hwNF2sfMkl5SOcDgtShT_ZbXf9vgZ32N7r8G0scdubvxttuMFlmlNvl7k_fSE_czqCjTqOj4-kjOgOrurSTbsvSFA_48t3Hdr1sL7hKaQh4VztDsk-_hvx5C3_s4kuuAMYl1ruL6YT6RZd2VjcA_2ql4Pv4aDEzSFN_ueBEIxpaQrRpjbnnsdwSctNdR_Q-sXgYAo8x3-fnjPkBVAR-n_AKDY3w4BSE7sQX_L5DB91svPIPVo-tr4-a1Vw-lG1WW0b4xg1ziTbjMvI0rRxlNvZdvXl1d7Pt4eVXvxfrGz3w9oGomlItXPw5MkkaVyBNCeDm8HVUXcL3E6QaZN_Gbp6tFwNCT_NsawgCSPBXoKDD4RvyAA2khpCEm2tLiejicoBYnUojEVmN3Jj7xuDLUSPq4kv_7RFI7FvdRnxsm8uQjAn82y3k9vO0q_f2Zbe8=&xkcb=SoAq6_M3iLN-eWz43J0BbzkdCdPP&camk=C3EPSzFlQw8JCH-C7doqdg==&p=10&atk=1jqb2scug26pt003,"Immediate joiners or short notice preferred. Coordinate with site engineers , supervisors, and client representatives. The candidate must have valid prior ADNOC approval and hands-on experience…",,,indeed_ae,2026-06-05 05:07:51.982026+00:00
Senior PHP Developer,Techwaresoft LLC,Ras al-Khaimah,https://ae.indeed.com/rc/clk?jk=e0e1d3f77c9a5cc8&bb=Wo-eSOJfxKARGb4TyVCEA3Xxvlhrg9Otjb1JAexos4J5iFh-gNorzCJtPFrfrD52AZKBbBVhYsp4GrglNpzMp-1-QlMsR6y-BtP0VtgLdBBdZlSuI-i6U9XH5lr9QHrehM6E5cjTAwnpWb4Xnfw1Ug%3D%3D&xkcb=SoBD67M3iLN-eWz43J0CbzkdCdPP&rjs=0&qd=Xd-cji1-rrfYy0m8LpokE8dF20pwsUrmctm8cTGFOXDOAPLLNYb6wmUg8gjYJafwpsXE23qShaYtGgdtUJu_X5BBGG-ayCiM-gQi8HpsYsLtZozk31ERKPJGlDLUboAG50chrnGX4B46HyqhlSj9xMohy02t3MX0n-6xoRHLk5Oh8V2c0duIS4mZo0TAq11Zl61No7XvcMPz961yBIpblougDO3NlIXerppYqweTrkxdIR2u4KVXi5XGrbZ08pfBgjrEyAE0GkSkYu3jG0wyz6GIieWwfPZAKqtdWM0F9pOh93jZbSS4CZ47YErajmELWOxvghNOg8rM6Po_qXQU-g&atk=1jqb2scug26pt003,"Experience with modern PHP frameworks such as Laravel or Symfony. Experience in Government, Public Sector, or highly regulated industries. Knowledge of HTML, CSS, JavaScript, and frontend development…",,,indeed_ae,2026-06-05 05:07:51.930102+00:00
AI Data Specialist,Dell Technologies,Remote in Dubai,https://ae.indeed.com/rc/clk?jk=35a47d56971448c1&bb=Wo-eSOJfxKARGb4TyVCEA1OYHHSi4fUMSFIcophuK8ALSLRk5_UOQKjnycKLUYbmxukmjTFnSGbRjxNti0BZ9lnnhMKGJcTs8k3AUMYjVF3HzeuYhHp0UeC4hsNor13oWdbmKsGZYY0rXO8EvERBRA%3D%3D&xkcb=SoD367M3iLN-eWz43J0DbzkdCdPP&rjs=0&qd=Xd-cji1-rrfYy0m8LpokE8dF20pwsUrmctm8cTGFOXDOAPLLNYb6wmUg8gjYJafwpsXE23qShaYtGgdtUJu_X5BBGG-ayCiM-gQi8HpsYsLtZozk31ERKPJGlDLUboAG50chrnGX4B46HyqhlSj9xMohy02t3MX0n-6xoRHLk5Oh8V2c0duIS4mZo0TAq11Zl61No7XvcMPz961yBIpblougDO3NlIXerppYqweTrkxdIR2u4KVXi5XGrbZ08pfBgjrEyAE0GkSkYu3jG0wyz6GIieWwfPZAKqtdWM0F9pOh93jZbSS4CZ47YErajmELWOxvghNOg8rM6Po_qXQU-g&atk=1jqb2scug26pt003,"Typically, 5+ years in data engineering, analytics platforms, or AI data roles within large or complex organizations and experience running data readiness assessments and preparing data for analytics…",,,indeed_ae,2026-06-05 05:07:51.864485+00:00
Skywards Data Analyst,The Emirates Group,Dubai,https://ae.indeed.com/rc/clk?jk=ed358ec6ac07515e&bb=Wo-eSOJfxKARGb4TyVCEAxXPaj8mNZUx_ZcExaBbaZmdyEuZnE765Hb81voQ6FMnVhXF3ifTKvSzoy1D68YToKHK8o_3Z9PI-EHi0oEou4zKetyKPS-AzLpG4_G7LvdwLPYEtlsUYU1oSmCSJMG5jA%3D%3D&xkcb=SoAe67M3iLN-eWz43J0MbzkdCdPP&rjs=0&qd=Xd-cji1-rrfYy0m8LpokE8dF20pwsUrmctm8cTGFOXDOAPLLNYb6wmUg8gjYJafwpsXE23qShaYtGgdtUJu_X5BBGG-ayCiM-gQi8HpsYsLtZozk31ERKPJGlDLUboAG50chrnGX4B46HyqhlSj9xMohy02t3MX0n-6xoRHLk5Oh8V2c0duIS4mZo0TAq11Zl61No7XvcMPz961yBIpblougDO3NlIXerppYqweTrkxdIR2u4KVXi5XGrbZ08pfBgjrEyAE0GkSkYu3jG0wyz6GIieWwfPZAKqtdWM0F9pOh93jZbSS4CZ47YErajmELWOxvghNOg8rM6Po_qXQU-g&atk=1jqb2scug26pt003,Working experience in Loyalty or Commercial. The Skywards Data Analyst will be responsible for reporting analysis and distribution of data to Emirates Loyalty to drive a data first approach.,,,indeed_ae,2026-06-05 05:07:51.820971+00:00
Junior AI Engineer / Data Scientist Role,FIVE Hotels and Resorts,Dubai,https://ae.indeed.com/rc/clk?jk=d14959e08a6ef14e&bb=Wo-eSOJfxKARGb4TyVCEAx1SKlTPjy4Tr9HoJrVyHpY8E0v0z2DjZHTc0o2zvZa1oVYPGO-Gk4hon91Fws48KrJUUSdJgpY1HJc4Jc7zfENlYShh-wdqz474kevL28yftXeMGfDJySkGGMf_bDWKww%3D%3D&xkcb=SoCq67M3iLN-eWz43J0NbzkdCdPP&rjs=0&qd=Xd-cji1-rrfYy0m8LpokE8dF20pwsUrmctm8cTGFOXDOAPLLNYb6wmUg8gjYJafwpsXE23qShaYtGgdtUJu_X5BBGG-ayCiM-gQi8HpsYsLtZozk31ERKPJGlDLUboAG50chrnGX4B46HyqhlSj9xMohy02t3MX0n-6xoRHLk5Oh8V2c0duIS4mZo0TAq11Zl61No7XvcMPz961yBIpblougDO3NlIXerppYqweTrkxdIR2u4KVXi5XGrbZ08pfBgjrEyAE0GkSkYu3jG0wyz6GIieWwfPZAKqtdWM0F9pOh93jZbSS4CZ47YErajmELWOxvghNOg8rM6Po_qXQU-g&atk=1jqb2scug26pt003,"Hands-on experience through internships, research projects, freelance work, or personal projects involving AI , analytics, or software development. Exposure to real-world business applications of AI,…",,,indeed_ae,2026-06-05 05:07:51.776791+00:00
Document Controller,Empire Development,Dubai,https://ae.indeed.com/rc/clk?jk=41eacd49a4da2f98&bb=Wo-eSOJfxKARGb4TyVCEA-ar0QKYSthx3rLJ-X1864M7Fu2NAv3ngG341kvUGzxFmQZncdyHc2MYMLEtCnZE-tRF0p23Lpc07u0E27HcOGP9RQFhI5agDUMp2JU-f2YiY_bv58909voHwb_ByV7PIg%3D%3D&xkcb=SoA367M3iLN-eWz43J0ObzkdCdPP&rjs=0&qd=Xd-cji1-rrfYy0m8LpokE8dF20pwsUrmctm8cTGFOXDOAPLLNYb6wmUg8gjYJafwpsXE23qShaYtGgdtUJu_X5BBGG-ayCiM-gQi8HpsYsLtZozk31ERKPJGlDLUboAG50chrnGX4B46HyqhlSj9xMohy02t3MX0n-6xoRHLk5Oh8V2c0duIS4mZo0TAq11Zl61No7XvcMPz961yBIpblougDO3NlIXerppYqweTrkxdIR2u4KVXi5XGrbZ08pfBgjrEyAE0GkSkYu3jG0wyz6GIieWwfPZAKqtdWM0F9pOh93jZbSS4CZ47YErajmELWOxvghNOg8rM6Po_qXQU-g&atk=1jqb2scug26pt003,"Bachelor’s Degree or Diploma in Civil Engineering, Construction Management, Business Administration, or related field. Must be based in UAE or willing to relocate to Dubai.",,,indeed_ae,2026-06-05 05:07:51.737947+00:00
Data Technology Leadership,HSBC Global Services Limited,Remote in Dubai,https://ae.indeed.com/rc/clk?jk=ee239206b2a09823&bb=Wo-eSOJfxKARGb4TyVCEA61qxk2tVCX_NsuHvbrd1RdNWHD4I_KQDYiD3kz7o8OK2QgoWJ7RfePQSyONUa7aUd99P7P5MQAqHIlPZfJ4_ZLUR81Btn7QOE5esJ-tGtTRKVesKIv4oRSgIdC7XK_CEw%3D%3D&xkcb=SoCD67M3iLN-eWz43J0PbzkdCdPP&rjs=0&qd=Xd-cji1-rrfYy0m8LpokE8dF20pwsUrmctm8cTGFOXDOAPLLNYb6wmUg8gjYJafwpsXE23qShaYtGgdtUJu_X5BBGG-ayCiM-gQi8HpsYsLtZozk31ERKPJGlDLUboAG50chrnGX4B46HyqhlSj9xMohy02t3MX0n-6xoRHLk5Oh8V2c0duIS4mZo0TAq11Zl61No7XvcMPz961yBIpblougDO3NlIXerppYqweTrkxdIR2u4KVXi5XGrbZ08pfBgjrEyAE0GkSkYu3jG0wyz6GIieWwfPZAKqtdWM0F9pOh93jZbSS4CZ47YErajmELWOxvghNOg8rM6Po_qXQU-g&atk=1jqb2scug26pt003,"Lead and develop engineers , provide technical direction, make key technology decisions, and build strong data engineering capability while ensuring platform resilience.",,,indeed_ae,2026-06-05 05:07:51.667681+00:00
Video Editor,wave studio,Sharjah,https://ae.indeed.com/pagead/clk?mo=r&ad=-6NYlbfkN0DNL-Y6MCPfQHzsbjPE2UQwIGh2XVZu2rtWOs2yFTh2XAWMt09yoAdAXjcXl5PSoLuxz-30_awSZ5kiwAS4-Pc6CPfd_K8G1Br0H1aVLPojiJsEMYtcUKrU6Me4v0gyYrujxTa83cmme0tmcmm93D95NYzRVIKcSmsMBQRfOsB87_uOyRomP21Z33-uHoI0EjPbGy1OIeq-cYcL75PWhx_J2f2rpzlT40F-IiuqCfCvdvJV73VrolbXs82etMfVb7Ff-KTwzFXUP4U2C1bTod8WtiPxDL2qyDhCJ0F_Yvpl-w8sh3a9l2wiLksxInG1_QvNAhNVytswQ5_Rs6JxnYQyscZA2ar4r0tZD0rbmXE99dSZOwFdMyX8EeVZDHes2uvREF0zc_3518eZldRl_U405lDm-kJJUj9ddfIaTY-gplaHmBzhV4IowKxBM6zWCbORvN_j_zaXBdzYg-HhPpAJDHTJOVJZIRRNWAt7rn5To4modgdNTiXyvvJrmorgKGkh-xwlDc_LOwptmOuVGMEM-IGKq4ujWVglFpaZmjk2H-baThGDSCIsN1fQCPmXtePPxG2fyyHWHyQdGDiARByG1cosxg29Feevw6iyJDIjo_wdtPj6NNW-Aeevrd5s6gw416Nr4yyocfARjPEWAV1JIvSlIqXcN8FAUiMndeM3HX8G7awPwHTmLZGeOb5nWW3t_vapzoJGiG9q3h-Mdd9B490nquaeUcqW9QXB_tR9zU-YOuoWnQUOvI14EGYy5VDrzsVEr7njJAjWCSY6TEhzIJ0V93JicwOGpxYAd8rDOUiScEeiCwZIFLPrP0LPt37iFFkyJKsrO9oudP4-m3PJVcxRu0pc7kU8E27agABaVaoCgczSZnNF8pW47DqU92L6NBDoUyHnJFVc3PrgKOqLntltPZVZdxanUPA1SaNG1hhEBPTuev9F&xkcb=SoD56_M3iLN-eWz43J0IbzkdCdPP&camk=C3EPSzFlQw9Ltnt7OrS4GA==&p=3&atk=1jqb2scug26pt003,"Degree or diploma in Media, Film Production, or a related field (preferred but not required). Experience in content production, media, or digital marketing agencies.",,,indeed_ae,2026-06-05 05:07:51.621174+00:00
Procurement Engineer,EMIRATES LINK NITCO LLC,Abu Dhabi,https://ae.indeed.com/rc/clk?jk=113319e0e7fee377&bb=Wo-eSOJfxKARGb4TyVCEA0uHjeDSN0MMiCS5Uwva1oMDUKCDjJDS-DnxHiALDpTMMXPOq8dWSoo3cU1sPuq8VA-0GzqSUEApMKn8ftuudiFV1PAxSCj8tVUcPdULElRTxDlqZsaTwYlGFOtHKMp4Dg%3D%3D&xkcb=SoC567M3iLN-eWz43J0JbzkdCdPP&rjs=0&qd=Xd-cji1-rrfYy0m8LpokE8dF20pwsUrmctm8cTGFOXDOAPLLNYb6wmUg8gjYJafwpsXE23qShaYtGgdtUJu_X5BBGG-ayCiM-gQi8HpsYsLtZozk31ERKPJGlDLUboAG50chrnGX4B46HyqhlSj9xMohy02t3MX0n-6xoRHLk5Oh8V2c0duIS4mZo0TAq11Zl61No7XvcMPz961yBIpblougDO3NlIXerppYqweTrkxdIR2u4KVXi5XGrbZ08pfBgjrEyAE0GkSkYu3jG0wyz6GIieWwfPZAKqtdWM0F9pOh93jZbSS4CZ47YErajmELWOxvghNOg8rM6Po_qXQU-g&atk=1jqb2scug26pt003,"Bachelor’s degree in Civil Engineering, Mechanical Engineering, or related field. Coordinate with project managers, site engineers , planning, and cost control teams.",,,indeed_ae,2026-06-05 05:07:51.569850+00:00
Electrician,Greenscapes LLC,Dubai,https://ae.indeed.com/rc/clk?jk=c749aa2fbc4058ac&bb=Wo-eSOJfxKARGb4TyVCEA5PmdxQccB4aCK01vtLJstmfB7yjdT2-SLeM-3bRlec5nNGQWrvqliAiy6cPh-IhTwmzFp7LBVnJt_lwt47Y4bgoGRnjdqYExtVP9wDqzaYM1QXl_p1sQljxyqgG6hugpA%3D%3D&xkcb=SoAk67M3iLN-eWz43J0KbzkdCdPP&rjs=0&qd=Xd-cji1-rrfYy0m8LpokE8dF20pwsUrmctm8cTGFOXDOAPLLNYb6wmUg8gjYJafwpsXE23qShaYtGgdtUJu_X5BBGG-ayCiM-gQi8HpsYsLtZozk31ERKPJGlDLUboAG50chrnGX4B46HyqhlSj9xMohy02t3MX0n-6xoRHLk5Oh8V2c0duIS4mZo0TAq11Zl61No7XvcMPz961yBIpblougDO3NlIXerppYqweTrkxdIR2u4KVXi5XGrbZ08pfBgjrEyAE0GkSkYu3jG0wyz6GIieWwfPZAKqtdWM0F9pOh93jZbSS4CZ47YErajmELWOxvghNOg8rM6Po_qXQU-g&atk=1jqb2scug26pt003,"Technical Diploma, ITI Certificate, or equivalent qualification in Electrical Trade. Coordinate with engineers , supervisors, and other trades to ensure smooth project execution.",,,indeed_ae,2026-06-05 05:07:51.520443+00:00
Planning Engineer,Arts Island Contracting General Maintenance &...,Abu Dhabi,https://ae.indeed.com/pagead/clk?mo=r&ad=-6NYlbfkN0CeKNkVXbVjzTU4zIJHwwhojpv_Xynij0LeVyHtSKjbAU8Votg5WNHvCP1UUnNQsvuU8Ln-lFbkwyZjc0MJ-HiQhpkla22HS4OACSVMbp8Pd3MsWE__SKKOiU4ovpOFRPEsRD9t1YIgDv1yQzqlzgoeNy8S218uK8zrVw6WnvkfBBKwYdNkDkMt-HixTxekdI5ors6d_wpdDwcSqvC9Bt3kU2Z7IUa2zDq_TLbNDPoFjjc3LJXXRKR8mk25zMqH7ufjWMa1WpVfy4dEHDZmXbo8dRNBcRYQdZPVeq5LXRoiY5ymPWuPjYayW2izbUp74yccLw_9gLrEixrIxB07mKC1MmJIxYDjaj4Dnmd2M6SAGW0t8UAufatZ5pXVFAv9yQAnB_pkkWOJcQ1x5A_oVRm6f5lM-_POE6V0uChTrOazHv4AqaL4FIHSx67gxdcj45WzN-zrJobbt9s4DPm0V3vUQzy3UQJa741NiCW5_zIulqwSy3cgjvPPNfWdblCAwPpLxX73pAZ-304wrEUc4oQyDpKQyTYY_m4iHizpPg3PAizGrr1T0S8I4nxWmF5sAjxie0w1nvZ5rDrXAfQ9_RIRvYftOfpyqFJNQjBv8s1gNAFhsXkI2Yp_lUkJ9VSVCw2Ce3A7ytQz91iVG2-341G9_Bfzv16To3ujO3nbK99m2cYyXgJuNayexOwItsVAHKpE04TXnfd020Zf7lknEZtxt88PUgfZddvholjkD-UEGdfxau1BlKqhzQ1ofrpCg5wDEjoaUnWrlU16GFPYI3qgATXM3eZPC8xN-GA9aNo6v6r5GGnkr9lXpQT1tQ1SEUCY3FHXz6xHGWm5_TJvUVg72DvWO1J5CB6YeqC5TS70NvSdKHVoVg_ZxPp3BMgsU3dwL0G27GNY9bDEijeWmKV4HgYp5lf6FPSY7U718aAC4MuN1PD9IqtMOyBwSOL8-ZXoFLnOKsyEQQ==&xkcb=SoBk6_M3iLN-eWz43J0LbzkdCdPP&camk=C3EPSzFlQw9mh8DZuaFd-A==&p=0&atk=1jqb2scug26pt003,Bachelor's Degree in Civil Engineering or related field. Manage and submit Revised Programs when project scopes or timelines shift. Knowledge of Primavera 6 software .,,,indeed_ae,2026-06-05 05:07:51.472387+00:00
Quantity Surveyor,Elite Marble & Granite Trd LLC,Sharjah,https://ae.indeed.com/rc/clk?jk=669e842a8c3c94c5&bb=x9JWbfV1b6Kk4e519G8eD6sBQT7506GMQxdVG7i9KlqofSG5E58cX45RbRZaqVOpwFo31EnDRA8TqtaHJY1r46S5jfESw9qEI2C4zvfKXAQGFSgronezXXjDwu3an_XxedgIbGjNg31uBXee-hmy5A%3D%3D&xkcb=SoAA67M3iLN-3SzFwh0TbzkdCdPP&rjs=0&qd=Xd-cji1-rrfYy0m8LpokE8dF20pwsUrmctm8cTGFOXDOAPLLNYb6wmUg8gjYJafwpsXE23qShaYtGgdtUJu_X5BBGG-ayCiM-gQi8HpsYsLtZozk31ERKPJGlDLUboAG50chrnGX4B46HyqhlSj9xMohy02t3MX0n-6xoRHLk5Oh8V2c0duIS4mZo0TAq11Zl61No7XvcMPz961yBIpblougDO3NlIXerppYqweTrkxdIR2u4KVXi5XGrbZ08pfBgjrEyAE0GkSkYu3jG0wyz6GIieWwfPZAKqtdWM0F9pPoBIq92JKWZfrMHDEMLA7iWOxvghNOg8rM6Po_qXQU-g&atk=1jqb2s83d26sf000,"Proficiency in measurement software , AutoCAD, and Microsoft Excel. Prior experience in the stone contracting, marble, or facade industry is highly preferred. Monthly Salary: 4,000 - 5,000 AED.",,,indeed_ae,2026-06-05 05:07:47.625122+00:00
Storekeeper,BJORG Construction LLC,Dubai,https://ae.indeed.com/rc/clk?jk=26a01f60a8ff52cb&bb=x9JWbfV1b6Kk4e519G8eD6FwTQMelYhjJBBh0JVa4wR87R-hDDbhlfi10zG7ipln3TSyTCtTs2br1VbQXlNlHA9aviZljiDb9UAYkzn4NkqZFqVPfqlkDoRhZmYJO8rxQ_umwHdk1XKLNFENjYeP8A%3D%3D&xkcb=SoDp67M3iLN-3SzFwh0cbzkdCdPP&rjs=0&qd=Xd-cji1-rrfYy0m8LpokE8dF20pwsUrmctm8cTGFOXDOAPLLNYb6wmUg8gjYJafwpsXE23qShaYtGgdtUJu_X5BBGG-ayCiM-gQi8HpsYsLtZozk31ERKPJGlDLUboAG50chrnGX4B46HyqhlSj9xMohy02t3MX0n-6xoRHLk5Oh8V2c0duIS4mZo0TAq11Zl61No7XvcMPz961yBIpblougDO3NlIXerppYqweTrkxdIR2u4KVXi5XGrbZ08pfBgjrEyAE0GkSkYu3jG0wyz6GIieWwfPZAKqtdWM0F9pPoBIq92JKWZfrMHDEMLA7iWOxvghNOg8rM6Po_qXQU-g&atk=1jqb2s83d26sf000,"Coordinate with procurement and site engineers . Receive, inspect, and record construction materials and tools. Maintain proper stock levels and inventory records. Prepare daily/weekly stock reports.",,,indeed_ae,2026-06-05 05:07:47.582688+00:00
Technical Support Engineer,Nozomi Networks,UAE,https://ae.indeed.com/rc/clk?jk=59897d80f4ff352c&bb=x9JWbfV1b6Kk4e519G8eDzy6RF5wiy17f87tos7IFkHeL09Gwz8SEpZbVXq8RfgnJzUToQY2wT446plqUQVXHJ7bZF--Fn-1Hq_TRI0sRqsYDGMu0v7_Os4AAeItGlYYNsW3637wyUI8CScVLEh4pQ%3D%3D&xkcb=SoBd67M3iLN-3SzFwh0dbzkdCdPP&rjs=0&qd=Xd-cji1-rrfYy0m8LpokE8dF20pwsUrmctm8cTGFOXDOAPLLNYb6wmUg8gjYJafwpsXE23qShaYtGgdtUJu_X5BBGG-ayCiM-gQi8HpsYsLtZozk31ERKPJGlDLUboAG50chrnGX4B46HyqhlSj9xMohy02t3MX0n-6xoRHLk5Oh8V2c0duIS4mZo0TAq11Zl61No7XvcMPz961yBIpblougDO3NlIXerppYqweTrkxdIR2u4KVXi5XGrbZ08pfBgjrEyAE0GkSkYu3jG0wyz6GIieWwfPZAKqtdWM0F9pPoBIq92JKWZfrMHDEMLA7iWOxvghNOg8rM6Po_qXQU-g&atk=1jqb2s83d26sf000,"Bachelor’s Degree (or equivalent) in Computer Engineering (CE), or Computer Science (CS) or equivalent education/training/experience. Proven experience working in customer-facing roles as Technical…",,,indeed_ae,2026-06-05 05:07:47.538198+00:00
BI / Analytics Reporting Specialist,Dicetek LLC,Dubai,https://ae.indeed.com/rc/clk?jk=4d24c1c3c653bfec&bb=x9JWbfV1b6Kk4e519G8eD1_eTQ6P8awNoLDsvQABmBHf_IHbFZJpw34NdtyJEtZ8l_Tr8TY3wxvQkm3Q7NFnTIK9LKborhN9FxnjwhgnD0BRTd-yM_5itMed5QloMZdvC5lx_TrPkJessIIGhOZvUQ%3D%3D&xkcb=SoDA67M3iLN-3SzFwh0ebzkdCdPP&rjs=0&qd=Xd-cji1-rrfYy0m8LpokE8dF20pwsUrmctm8cTGFOXDOAPLLNYb6wmUg8gjYJafwpsXE23qShaYtGgdtUJu_X5BBGG-ayCiM-gQi8HpsYsLtZozk31ERKPJGlDLUboAG50chrnGX4B46HyqhlSj9xMohy02t3MX0n-6xoRHLk5Oh8V2c0duIS4mZo0TAq11Zl61No7XvcMPz961yBIpblougDO3NlIXerppYqweTrkxdIR2u4KVXi5XGrbZ08pfBgjrEyAE0GkSkYu3jG0wyz6GIieWwfPZAKqtdWM0F9pPoBIq92JKWZfrMHDEMLA7iWOxvghNOg8rM6Po_qXQU-g&atk=1jqb2s83d26sf000,"Exposure to or experience with AI-driven features will be added advantage. We are seeking an experienced BI / Analytics Reporting Specialist responsible for the design, development, deployment, and…",,,indeed_ae,2026-06-05 05:07:47.493678+00:00
Technical Engineer,Mood Makers decor works,Abu Dhabi,https://ae.indeed.com/rc/clk?jk=24272bc6b061088f&bb=x9JWbfV1b6Kk4e519G8eD9M4H1aeAvuWtiGWBiSFv6f3Ofu8lyDLdHZn0TqeQtZlK6JFlvzkncbla6BNsdzHVXLYVpwmEgT_ky7OL4OIJzkA9qT1tCqwF6COeREhjDIEFCV00u2eEbUhWWM_1Qzr0eqx1sOL3aYk&xkcb=SoB067M3iLN-3SzFwh0fbzkdCdPP&rjs=0&qd=Xd-cji1-rrfYy0m8LpokE8dF20pwsUrmctm8cTGFOXDOAPLLNYb6wmUg8gjYJafwpsXE23qShaYtGgdtUJu_X5BBGG-ayCiM-gQi8HpsYsLtZozk31ERKPJGlDLUboAG50chrnGX4B46HyqhlSj9xMohy02t3MX0n-6xoRHLk5Oh8V2c0duIS4mZo0TAq11Zl61No7XvcMPz961yBIpblougDO3NlIXerppYqweTrkxdIR2u4KVXi5XGrbZ08pfBgjrEyAE0GkSkYu3jG0wyz6GIieWwfPZAKqtdWM0F9pPoBIq92JKWZfrMHDEMLA7iWOxvghNOg8rM6Po_qXQU-g&atk=1jqb2s83d26sf000,"Review IFC (Issued for Construction) drawings and highlight discrepancies, conflicts, or design issues. We are seeking a qualified and detail-oriented Technical Engineer to join our team.",,,indeed_ae,2026-06-05 05:07:47.432843+00:00
Marketing Lead — ConvoFlow | Dubai,ConvoFlow,Dubai,https://ae.indeed.com/rc/clk?jk=7ed5d118bc8a243f&bb=x9JWbfV1b6Kk4e519G8eD2NZ-WjGfSZ6lpevwTnB4P34LFbFIhHEi3TYN3M2MWDGnA65_559HU6ovOHM6b5ym_FaJlj3BvDDUdT22ruJ8AYt3bxSgshodPPrjTOMtFmKyp4Jw-FDNwOGdA19Qd4KTdjTKeH5SFO2&xkcb=SoD667M3iLN-3SzFwh0YbzkdCdPP&rjs=0&qd=Xd-cji1-rrfYy0m8LpokE8dF20pwsUrmctm8cTGFOXDOAPLLNYb6wmUg8gjYJafwpsXE23qShaYtGgdtUJu_X5BBGG-ayCiM-gQi8HpsYsLtZozk31ERKPJGlDLUboAG50chrnGX4B46HyqhlSj9xMohy02t3MX0n-6xoRHLk5Oh8V2c0duIS4mZo0TAq11Zl61No7XvcMPz961yBIpblougDO3NlIXerppYqweTrkxdIR2u4KVXi5XGrbZ08pfBgjrEyAE0GkSkYu3jG0wyz6GIieWwfPZAKqtdWM0F9pPoBIq92JKWZfrMHDEMLA7iWOxvghNOg8rM6Po_qXQU-g&atk=1jqb2s83d26sf000,"You use AI tools in your daily workflow and have built or automated something useful with them in the last 6 months. We build AI voice agents, AI chatbots, and AI automation systems for service…",,,indeed_ae,2026-06-05 05:07:47.374356+00:00
Planning Engineer,Wadan Real Estate Development LLC,Dubai,https://ae.indeed.com/rc/clk?jk=48209f7f8c2f39ea&bb=x9JWbfV1b6Kk4e519G8eDz02C3aZW9uCV_paDeyC02lidObJJN1K9LHrm-J6egS8hG4npxj31sIAoQb_m4skfagc7sNC6xUw3S0Zyga7UDpdIKem2FSpcmGoR6W8zRr8qUL0jKSL_KHLBJTr-439oQ%3D%3D&xkcb=SoBO67M3iLN-3SzFwh0ZbzkdCdPP&rjs=0&qd=Xd-cji1-rrfYy0m8LpokE8dF20pwsUrmctm8cTGFOXDOAPLLNYb6wmUg8gjYJafwpsXE23qShaYtGgdtUJu_X5BBGG-ayCiM-gQi8HpsYsLtZozk31ERKPJGlDLUboAG50chrnGX4B46HyqhlSj9xMohy02t3MX0n-6xoRHLk5Oh8V2c0duIS4mZo0TAq11Zl61No7XvcMPz961yBIpblougDO3NlIXerppYqweTrkxdIR2u4KVXi5XGrbZ08pfBgjrEyAE0GkSkYu3jG0wyz6GIieWwfPZAKqtdWM0F9pPoBIq92JKWZfrMHDEMLA7iWOxvghNOg8rM6Po_qXQU-g&atk=1jqb2s83d26sf000,Bachelor’s degree in Civil Engineering. Proven experience in project planning for high-rise building projects. Strong knowledge of scheduling tools (Primavera P6/MS Project).,,,indeed_ae,2026-06-05 05:07:47.286534+00:00
أخصائي الذكاء الاصطناعي والأتمتة (AI & Automation Specialist),World Link Masters Military Requisites Trading LLC,Dubai,https://ae.indeed.com/rc/clk?jk=c56625e5199a9a0b&bb=x9JWbfV1b6Kk4e519G8eD5VtbnUdEFiiprLSSpUwP43JYCgMUyGRcILJAjhUyUSlRomG3OPkw25jELlqHkINXrWb_28ngzsu9NnTLq3Vk0KPKfiGts8thBbQ7UdG0yKr-PSVFnTytndwOn99TRk0Vg%3D%3D&xkcb=SoDT67M3iLN-3SzFwh0abzkdCdPP&rjs=0&qd=Xd-cji1-rrfYy0m8LpokE8dF20pwsUrmctm8cTGFOXDOAPLLNYb6wmUg8gjYJafwpsXE23qShaYtGgdtUJu_X5BBGG-ayCiM-gQi8HpsYsLtZozk31ERKPJGlDLUboAG50chrnGX4B46HyqhlSj9xMohy02t3MX0n-6xoRHLk5Oh8V2c0duIS4mZo0TAq11Zl61No7XvcMPz961yBIpblougDO3NlIXerppYqweTrkxdIR2u4KVXi5XGrbZ08pfBgjrEyAE0GkSkYu3jG0wyz6GIieWwfPZAKqtdWM0F9pPoBIq92JKWZfrMHDEMLA7iWOxvghNOg8rM6Po_qXQU-g&atk=1jqb2s83d26sf000,المسمى الوظيفي: أخصائي الذكاء الاصطناعي وتطوير الأعمال تبحث الشركة عن موظف لديه خبرة في استخدام أدوات الذكاء الاصطناعي والأتمتة لتطوير وتحسين بيئة العمل، والمساهمة في إنشاء حلول تقنية تدعم مختلف...,,,indeed_ae,2026-06-05 05:07:47.238615+00:00
Project Engineer,Urban Interiors Design LLC,Dubai,https://ae.indeed.com/rc/clk?jk=7bc523b23fcfa832&bb=x9JWbfV1b6Kk4e519G8eD4A3G7pOY5tv0rckp1a0F9DCEFGvk1R5AMX-XMWeKczLxYv1DAnfus2kZu8cOGJ-QJDlMdN9YfNnKXUhtNqcfsbvwNCmUJqoHCDhwbbzBJu-hQK7pSFqiry_XDCeTrVpBA%3D%3D&xkcb=SoBn67M3iLN-3SzFwh0bbzkdCdPP&rjs=0&qd=Xd-cji1-rrfYy0m8LpokE8dF20pwsUrmctm8cTGFOXDOAPLLNYb6wmUg8gjYJafwpsXE23qShaYtGgdtUJu_X5BBGG-ayCiM-gQi8HpsYsLtZozk31ERKPJGlDLUboAG50chrnGX4B46HyqhlSj9xMohy02t3MX0n-6xoRHLk5Oh8V2c0duIS4mZo0TAq11Zl61No7XvcMPz961yBIpblougDO3NlIXerppYqweTrkxdIR2u4KVXi5XGrbZ08pfBgjrEyAE0GkSkYu3jG0wyz6GIieWwfPZAKqtdWM0F9pPoBIq92JKWZfrMHDEMLA7iWOxvghNOg8rM6Po_qXQU-g&atk=1jqb2s83d26sf000,"Technical Oversight: Prepare engineering designs, drawings, and specifications using CAD software or other tools, and provide technical guidance to team members.",,,indeed_ae,2026-06-05 05:07:47.195722+00:00
Database Reliability Engineer (Forex /Fintech),MH Markets,Dubai,https://ae.indeed.com/rc/clk?jk=3cf7b41db18c6080&bb=x9JWbfV1b6Kk4e519G8eDzJu4l51zIuPuwjbbC9cTzefoNqdX8pwcIhL0a-13D72dtj-oWqDin4-PZx-Z6TScTE9g4Kix0adIEs1439LhuH1ATjnQ2Fch1pAni5RssKdPdcQXPrk1YpqOvfv6rd9WQ%3D%3D&xkcb=SoBA67M3iLN-3SzFwh0EbzkdCdPP&rjs=0&qd=Xd-cji1-rrfYy0m8LpokE8dF20pwsUrmctm8cTGFOXDOAPLLNYb6wmUg8gjYJafwpsXE23qShaYtGgdtUJu_X5BBGG-ayCiM-gQi8HpsYsLtZozk31ERKPJGlDLUboAG50chrnGX4B46HyqhlSj9xMohy02t3MX0n-6xoRHLk5Oh8V2c0duIS4mZo0TAq11Zl61No7XvcMPz961yBIpblougDO3NlIXerppYqweTrkxdIR2u4KVXi5XGrbZ08pfBgjrEyAE0GkSkYu3jG0wyz6GIieWwfPZAKqtdWM0F9pPoBIq92JKWZfrMHDEMLA7iWOxvghNOg8rM6Po_qXQU-g&atk=1jqb2s83d26sf000,"Support investigation of suspicious database access or abnormal query activity. Experience with monitoring tools such as Prometheus, Grafana, CloudWatch, or Zabbix. Backup, Recovery and DR.",,,indeed_ae,2026-06-05 05:07:47.132460+00:00
C++ Software Engineer – Real-Time Systems / Autonomous Platforms,End,Abu Dhabi,https://ae.indeed.com/rc/clk?jk=c6942b1a00aa5a28&bb=x9JWbfV1b6Kk4e519G8eD8F1ouVR8PLzroSUnQzr1GWo7z3JAp8aPlVJ0k0_W5WGidZCEeoiyk9W1C8nXvArD9sQZHHfx6eJDGphJponQhPPoTXznZQwObdPq6dIMVpvKGSrZHWXDkSrsUu3QPla_Q%3D%3D&xkcb=SoD067M3iLN-3SzFwh0FbzkdCdPP&rjs=0&qd=Xd-cji1-rrfYy0m8LpokE8dF20pwsUrmctm8cTGFOXDOAPLLNYb6wmUg8gjYJafwpsXE23qShaYtGgdtUJu_X5BBGG-ayCiM-gQi8HpsYsLtZozk31ERKPJGlDLUboAG50chrnGX4B46HyqhlSj9xMohy02t3MX0n-6xoRHLk5Oh8V2c0duIS4mZo0TAq11Zl61No7XvcMPz961yBIpblougDO3NlIXerppYqweTrkxdIR2u4KVXi5XGrbZ08pfBgjrEyAE0GkSkYu3jG0wyz6GIieWwfPZAKqtdWM0F9pPoBIq92JKWZfrMHDEMLA7iWOxvghNOg8rM6Po_qXQU-g&atk=1jqb2s83d26sf000,Developing software using C++ in Linux environments. 5+ years of experience in software engineering. Experience with system integration or distributed systems. What you'll be doing*.,,,indeed_ae,2026-06-05 05:07:47.084569+00:00
Junior Project Engineer,SPEC Oil & Gas FZCO,Dubai,https://ae.indeed.com/rc/clk?jk=a72bff79116f5452&bb=x9JWbfV1b6Kk4e519G8eD40RrcRx1eWMOwSGqTCSLmV2ucNrgqeipR7kZbTtdT8MPl_5xfWIGb6JUu0VrU0ka7eFEMuMqQ-NiXdug777qtr_XnP2tw8J7gwtRjk3JQbhg3HYmAW3BZlRcUngI6DVUg%3D%3D&xkcb=SoBp67M3iLN-3SzFwh0GbzkdCdPP&rjs=0&qd=Xd-cji1-rrfYy0m8LpokE8dF20pwsUrmctm8cTGFOXDOAPLLNYb6wmUg8gjYJafwpsXE23qShaYtGgdtUJu_X5BBGG-ayCiM-gQi8HpsYsLtZozk31ERKPJGlDLUboAG50chrnGX4B46HyqhlSj9xMohy02t3MX0n-6xoRHLk5Oh8V2c0duIS4mZo0TAq11Zl61No7XvcMPz961yBIpblougDO3NlIXerppYqweTrkxdIR2u4KVXi5XGrbZ08pfBgjrEyAE0GkSkYu3jG0wyz6GIieWwfPZAKqtdWM0F9pPoBIq92JKWZfrMHDEMLA7iWOxvghNOg8rM6Po_qXQU-g&atk=1jqb2s83d26sf000,"Conduct technical research and provide support to senior engineers . Education: Bachelor's degree in Engineering (Mechanical, Civil, Chemical, or a related field) from a UAE university.",,,indeed_ae,2026-06-05 05:07:47.039375+00:00
Project Coordinator,Vision Middle East L.L.C,Dubai,https://ae.indeed.com/rc/clk?jk=60adbf23c16483ee&bb=x9JWbfV1b6Kk4e519G8eDz3ivdJsPC-_fg38nssq9VUyLwFnKy2RBewhD_IsBLcdktfqjijMqmwKqb_j7ilSzRiC7ErqK1HIhWXPBaGUBlUb-CqqpcovHQOoR4BgbtLPfG2_smYcR4Bg1n0sHOTHYA%3D%3D&xkcb=SoDd67M3iLN-3SzFwh0HbzkdCdPP&rjs=0&qd=Xd-cji1-rrfYy0m8LpokE8dF20pwsUrmctm8cTGFOXDOAPLLNYb6wmUg8gjYJafwpsXE23qShaYtGgdtUJu_X5BBGG-ayCiM-gQi8HpsYsLtZozk31ERKPJGlDLUboAG50chrnGX4B46HyqhlSj9xMohy02t3MX0n-6xoRHLk5Oh8V2c0duIS4mZo0TAq11Zl61No7XvcMPz961yBIpblougDO3NlIXerppYqweTrkxdIR2u4KVXi5XGrbZ08pfBgjrEyAE0GkSkYu3jG0wyz6GIieWwfPZAKqtdWM0F9pPoBIq92JKWZfrMHDEMLA7iWOxvghNOg8rM6Po_qXQU-g&atk=1jqb2s83d26sf000,"Proficiency in project specific programmes or equivalent; comfortable with MS Office. Bachelor's degree in Architecture, Interior Design, or a related field. From procurement to site completion.",,,indeed_ae,2026-06-05 05:07:46.990125+00:00
Document Controller,Galadari Brothers,UAE,https://ae.indeed.com/rc/clk?jk=7db3c75bfd92e9fa&bb=x9JWbfV1b6Kk4e519G8eD7-8EYNUVE699SMnUt7PoPYhOlP7HTa0qdQcgB4EDRk9o_ervtqK_Jj2o1kFPW3TS6x8ASba-U8T0T44ClKNJpYRMyhLn42z3DMYLeP4TobwSliJp7auG4upcNipaBgdbA%3D%3D&xkcb=SoBT67M3iLN-3SzFwh0AbzkdCdPP&rjs=0&qd=Xd-cji1-rrfYy0m8LpokE8dF20pwsUrmctm8cTGFOXDOAPLLNYb6wmUg8gjYJafwpsXE23qShaYtGgdtUJu_X5BBGG-ayCiM-gQi8HpsYsLtZozk31ERKPJGlDLUboAG50chrnGX4B46HyqhlSj9xMohy02t3MX0n-6xoRHLk5Oh8V2c0duIS4mZo0TAq11Zl61No7XvcMPz961yBIpblougDO3NlIXerppYqweTrkxdIR2u4KVXi5XGrbZ08pfBgjrEyAE0GkSkYu3jG0wyz6GIieWwfPZAKqtdWM0F9pPoBIq92JKWZfrMHDEMLA7iWOxvghNOg8rM6Po_qXQU-g&atk=1jqb2s83d26sf000,"Diploma or Bachelor’s degree in administration, business, engineering, information management, or related field. Follow up on pending document reviews or approvals and escalate issues when necessary.",,,indeed_ae,2026-06-05 05:07:46.939197+00:00
Senior AI Automation Developer,ConvoFlow,Dubai,https://ae.indeed.com/rc/clk?jk=894221fabe8ae505&bb=x9JWbfV1b6Kk4e519G8eD0mW8YVEEgpu7W6X3bNrssczg2HT67sJ2CjPDeFJmlmsUGopIWAOKd34QddUwFhvEfYy7IrQ7aUGRlfvqhxqBWJAcrP3woYRX4fg8UneWeHGDJN4BvL8j4l4NupYPpdhK53jD-uaN_re&xkcb=SoDn67M3iLN-3SzFwh0BbzkdCdPP&rjs=0&qd=Xd-cji1-rrfYy0m8LpokE8dF20pwsUrmctm8cTGFOXDOAPLLNYb6wmUg8gjYJafwpsXE23qShaYtGgdtUJu_X5BBGG-ayCiM-gQi8HpsYsLtZozk31ERKPJGlDLUboAG50chrnGX4B46HyqhlSj9xMohy02t3MX0n-6xoRHLk5Oh8V2c0duIS4mZo0TAq11Zl61No7XvcMPz961yBIpblougDO3NlIXerppYqweTrkxdIR2u4KVXi5XGrbZ08pfBgjrEyAE0GkSkYu3jG0wyz6GIieWwfPZAKqtdWM0F9pPoBIq92JKWZfrMHDEMLA7iWOxvghNOg8rM6Po_qXQU-g&atk=1jqb2s83d26sf000,"HubSpot or Pipedrive also valued. Agency or multi-client environment background preferred. Based in Dubai or able to relocate within 30 days. GCP Cloud Run, Railway, or Cloudflare Pages.",,,indeed_ae,2026-06-05 05:07:46.869274+00:00
Business Intelligence Analyst,Dicetek LLC,Ras al-Khaimah,https://ae.indeed.com/rc/clk?jk=00930ecd3f1a583d&bb=x9JWbfV1b6Kk4e519G8eD_7SUR5fqhjs6SvdAFGPkSBdWQVXifIkzsTB-u16TqqMaJSz5rUMpk224ohe9blTq0prfC6VjM-yI0pTQrk9Ih-l7cfn_2MI66ZKbaQl-Pn3_VdaGpZw8AWmnbyCSaeuow%3D%3D&xkcb=SoB667M3iLN-3SzFwh0CbzkdCdPP&rjs=0&qd=Xd-cji1-rrfYy0m8LpokE8dF20pwsUrmctm8cTGFOXDOAPLLNYb6wmUg8gjYJafwpsXE23qShaYtGgdtUJu_X5BBGG-ayCiM-gQi8HpsYsLtZozk31ERKPJGlDLUboAG50chrnGX4B46HyqhlSj9xMohy02t3MX0n-6xoRHLk5Oh8V2c0duIS4mZo0TAq11Zl61No7XvcMPz961yBIpblougDO3NlIXerppYqweTrkxdIR2u4KVXi5XGrbZ08pfBgjrEyAE0GkSkYu3jG0wyz6GIieWwfPZAKqtdWM0F9pPoBIq92JKWZfrMHDEMLA7iWOxvghNOg8rM6Po_qXQU-g&atk=1jqb2s83d26sf000,"A specialization in ML, AI , or Data Science is preferred. A Bachelor’s degree in Computer Science, Engineering, Data Science, Operations Research, Statistics, Applied Mathematics, or a related field.",,,indeed_ae,2026-06-05 05:07:46.820395+00:00
Software Product Analyst,ORO24 DEVELOPMENTS LLC,Dubai,https://ae.indeed.com/rc/clk?jk=302eb7f21adebab7&bb=x9JWbfV1b6Kk4e519G8eDxIKFUG6aLEKlWqBMBwTKx-PmpVeDqU3H0RD-elxaOo9Qh8K563Pux2HQz9F2WYRxWdI3dzG7uSUiwREcxehLJ_O-AOIwZcLlJoHcPEVW-87viWeym7TJfrI4h438ge2bw%3D%3D&xkcb=SoDO67M3iLN-3SzFwh0DbzkdCdPP&rjs=0&qd=Xd-cji1-rrfYy0m8LpokE8dF20pwsUrmctm8cTGFOXDOAPLLNYb6wmUg8gjYJafwpsXE23qShaYtGgdtUJu_X5BBGG-ayCiM-gQi8HpsYsLtZozk31ERKPJGlDLUboAG50chrnGX4B46HyqhlSj9xMohy02t3MX0n-6xoRHLk5Oh8V2c0duIS4mZo0TAq11Zl61No7XvcMPz961yBIpblougDO3NlIXerppYqweTrkxdIR2u4KVXi5XGrbZ08pfBgjrEyAE0GkSkYu3jG0wyz6GIieWwfPZAKqtdWM0F9pPoBIq92JKWZfrMHDEMLA7iWOxvghNOg8rM6Po_qXQU-g&atk=1jqb2s83d26sf000,"Experience with ERP, CRM, or enterprise software platforms. 3–5 years of experience in a software product analyst, business analyst, or similar role. Evaluate and assess third-party software solutions…",,,indeed_ae,2026-06-05 05:07:46.775071+00:00
AI Engineer,Durlston Partners,Abu Dhabi,https://ae.indeed.com/rc/clk?jk=c588642f6d95330a&bb=x9JWbfV1b6Kk4e519G8eD3M6YXzT81nx_-WKi1Ojo8kYzIM3Aarku5D6_HOYK2lAyGRO0ndcwoKgavG-1U4r5lfzYg00d2DTR-vIJJIBafCUdyPFO0vFHRCLot9zsPMVaF7NOu1uc6nqQMX4OvJ7eg%3D%3D&xkcb=SoAn67M3iLN-3SzFwh0MbzkdCdPP&rjs=0&qd=Xd-cji1-rrfYy0m8LpokE8dF20pwsUrmctm8cTGFOXDOAPLLNYb6wmUg8gjYJafwpsXE23qShaYtGgdtUJu_X5BBGG-ayCiM-gQi8HpsYsLtZozk31ERKPJGlDLUboAG50chrnGX4B46HyqhlSj9xMohy02t3MX0n-6xoRHLk5Oh8V2c0duIS4mZo0TAq11Zl61No7XvcMPz961yBIpblougDO3NlIXerppYqweTrkxdIR2u4KVXi5XGrbZ08pfBgjrEyAE0GkSkYu3jG0wyz6GIieWwfPZAKqtdWM0F9pPoBIq92JKWZfrMHDEMLA7iWOxvghNOg8rM6Po_qXQU-g&atk=1jqb2s83d26sf000,"A track record building high-performance software with demonstrable results. Working closely with researchers and engineers across multiple offices on foundational model research spanning language,…",,,indeed_ae,2026-06-05 05:07:46.729266+00:00
Software Project Manager,VST Mobility Software,Sharjah,https://ae.indeed.com/rc/clk?jk=f5f068a21755e253&bb=x9JWbfV1b6Kk4e519G8eD8F1ouVR8PLz9W5ffvMEsTdf5bCA0fQWgKZxDbjW9rM6GS6g1Ne8PQX6Yxe5IcWuoJVYrBru7gWRMM3hqscuCUKO18CHgaVih26Nt4RgPVv2nH2_T9xUvTV70_whgSMOtw%3D%3D&xkcb=SoCT67M3iLN-3SzFwh0NbzkdCdPP&rjs=0&qd=Xd-cji1-rrfYy0m8LpokE8dF20pwsUrmctm8cTGFOXDOAPLLNYb6wmUg8gjYJafwpsXE23qShaYtGgdtUJu_X5BBGG-ayCiM-gQi8HpsYsLtZozk31ERKPJGlDLUboAG50chrnGX4B46HyqhlSj9xMohy02t3MX0n-6xoRHLk5Oh8V2c0duIS4mZo0TAq11Zl61No7XvcMPz961yBIpblougDO3NlIXerppYqweTrkxdIR2u4KVXi5XGrbZ08pfBgjrEyAE0GkSkYu3jG0wyz6GIieWwfPZAKqtdWM0F9pPoBIq92JKWZfrMHDEMLA7iWOxvghNOg8rM6Po_qXQU-g&atk=1jqb2s83d26sf000,"(Scrum Master or PMP certification is highly desirable). Steer the Ship: Lead Agile/Scrum teams of developers, UI/UX designers, and QA engineers to deliver robust software solutions from concept to…",,,indeed_ae,2026-06-05 05:07:46.683639+00:00
Web Developer,Oplus Events,Dubai,https://ae.indeed.com/rc/clk?jk=dffc72055d10fea8&bb=x9JWbfV1b6Kk4e519G8eD40RrcRx1eWMAxrxx6mcwLHDRS3xbFHkWKlMxlmn6GPt5BFJnx43PeLUbyBShOD1RQkdazMyHnWiT7d5otoaIM25pKYhYBPEHFPLzSacyUgjtBCj7aA1FlX6KoxMQg6CMw%3D%3D&xkcb=SoAO67M3iLN-3SzFwh0ObzkdCdPP&rjs=0&qd=Xd-cji1-rrfYy0m8LpokE8dF20pwsUrmctm8cTGFOXDOAPLLNYb6wmUg8gjYJafwpsXE23qShaYtGgdtUJu_X5BBGG-ayCiM-gQi8HpsYsLtZozk31ERKPJGlDLUboAG50chrnGX4B46HyqhlSj9xMohy02t3MX0n-6xoRHLk5Oh8V2c0duIS4mZo0TAq11Zl61No7XvcMPz961yBIpblougDO3NlIXerppYqweTrkxdIR2u4KVXi5XGrbZ08pfBgjrEyAE0GkSkYu3jG0wyz6GIieWwfPZAKqtdWM0F9pPoBIq92JKWZfrMHDEMLA7iWOxvghNOg8rM6Po_qXQU-g&atk=1jqb2s83d26sf000,"Diploma or Bachelor's Degree in Computer Science, Software Engineering, IT, or related field (Preferred). Knowledge of Node.js and backend integrations. Knowledge of Git version control.",,,indeed_ae,2026-06-05 05:07:46.635657+00:00
Junior AI Automation & Integration Specialist,LUXURY HUB PROPERTIES L.L.C,Dubai,https://ae.indeed.com/rc/clk?jk=960050ba2519a26d&bb=x9JWbfV1b6Kk4e519G8eD6drEnAVGfloAFYqdcVlRLniSVKszIwmzttabKHGsvJS0M3COi83uKfSDyIm7gcDJ4t0Fy2kmHUYdWEryY9s-i0cJ2oJWPDlUXGrwthwPq_O_XKof6KJCzDqOkvv9N9AABlQm-EjD-9Y&xkcb=SoC667M3iLN-3SzFwh0PbzkdCdPP&rjs=0&qd=Xd-cji1-rrfYy0m8LpokE8dF20pwsUrmctm8cTGFOXDOAPLLNYb6wmUg8gjYJafwpsXE23qShaYtGgdtUJu_X5BBGG-ayCiM-gQi8HpsYsLtZozk31ERKPJGlDLUboAG50chrnGX4B46HyqhlSj9xMohy02t3MX0n-6xoRHLk5Oh8V2c0duIS4mZo0TAq11Zl61No7XvcMPz961yBIpblougDO3NlIXerppYqweTrkxdIR2u4KVXi5XGrbZ08pfBgjrEyAE0GkSkYu3jG0wyz6GIieWwfPZAKqtdWM0F9pPoBIq92JKWZfrMHDEMLA7iWOxvghNOg8rM6Po_qXQU-g&atk=1jqb2s83d26sf000,"System Integration Mindset: A passion for connecting disparate apps, software , and CRMs to build seamless, automated ecosystems. The Automation Foundation: Solid hands-on experience with workflow…",,,indeed_ae,2026-06-05 05:07:46.582202+00:00
Biomedical Engineer,Dr Joline Engineering (Medical Devices),Ras al-Khaimah,https://ae.indeed.com/rc/clk?jk=6140b10167a1346e&bb=x9JWbfV1b6Kk4e519G8eD0mW8YVEEgpuELJXTS7MWpKJ8rl9PQiUyKUEc_JvgocKNmcJfFV7pPfAGftvHTsMMVWNLBLMlzUg2RabwvcJHJr70ctBW3iPtCi2T_t7LLLwlEGwGdBWCUuGhgeyATgH8g%3D%3D&xkcb=SoA067M3iLN-3SzFwh0IbzkdCdPP&rjs=0&qd=Xd-cji1-rrfYy0m8LpokE8dF20pwsUrmctm8cTGFOXDOAPLLNYb6wmUg8gjYJafwpsXE23qShaYtGgdtUJu_X5BBGG-ayCiM-gQi8HpsYsLtZozk31ERKPJGlDLUboAG50chrnGX4B46HyqhlSj9xMohy02t3MX0n-6xoRHLk5Oh8V2c0duIS4mZo0TAq11Zl61No7XvcMPz961yBIpblougDO3NlIXerppYqweTrkxdIR2u4KVXi5XGrbZ08pfBgjrEyAE0GkSkYu3jG0wyz6GIieWwfPZAKqtdWM0F9pPoBIq92JKWZfrMHDEMLA7iWOxvghNOg8rM6Po_qXQU-g&atk=1jqb2s83d26sf000,Ability to work in clinical or industrial engineering environments. Bachelor’s degree in Biomedical Engineering or related field. Provide technical training and guidance to hospital or clinic staff…,,,indeed_ae,2026-06-05 05:07:46.526387+00:00
Website & AI Automation Specialist,نور سراي للوساطة العقارية,Remote,https://ae.indeed.com/rc/clk?jk=415fd4850df26bed&bb=x9JWbfV1b6Kk4e519G8eDzB2bTM9LGQV5rL5ek2SJJWj8TWRHUBAQSy6hchBaqXuCvoE8APyAmcqFqFq9YlT2xQSn8W6nJ2Y-lwFdF8Bdy1FPheTP5urxEB7Bfah4Rp1_Hwr7Iq2Kvd8uyhHxXLi1w%3D%3D&xkcb=SoCA67M3iLN-3SzFwh0JbzkdCdPP&rjs=0&qd=Xd-cji1-rrfYy0m8LpokE8dF20pwsUrmctm8cTGFOXDOAPLLNYb6wmUg8gjYJafwpsXE23qShaYtGgdtUJu_X5BBGG-ayCiM-gQi8HpsYsLtZozk31ERKPJGlDLUboAG50chrnGX4B46HyqhlSj9xMohy02t3MX0n-6xoRHLk5Oh8V2c0duIS4mZo0TAq11Zl61No7XvcMPz961yBIpblougDO3NlIXerppYqweTrkxdIR2u4KVXi5XGrbZ08pfBgjrEyAE0GkSkYu3jG0wyz6GIieWwfPZAKqtdWM0F9pPoBIq92JKWZfrMHDEMLA7iWOxvghNOg8rM6Po_qXQU-g&atk=1jqb2s83d26sf000,فرصة عمل عن بُعد | Website & AI Automation Specialist تعلن شركة... القدرة على بناء وتنفيذ منظومة متكاملة للذكاء الاصطناعي والأتمتة ( AI Automation) لدعم العمليات التشغيلية والتسويقية. المهام الرئيسية...,,,indeed_ae,2026-06-05 05:07:46.480140+00:00
.NET Full-Stack Software Engineer,Riseup Group,Sharjah,https://ae.indeed.com/rc/clk?jk=1870c160e18902ad&bb=x9JWbfV1b6Kk4e519G8eD6YoGeUfgoydOczHMPaOx2N85qS-rQMyPw_wUlFqLEbUG-SsQHEaNcrGEvUaXL3jN9s2yawRGgXp-X-ZqclPt8edYyx43mXvEntR3RvDbTZAOZpQSnPMYTP-CA8V-cYqOw%3D%3D&xkcb=SoAd67M3iLN-3SzFwh0KbzkdCdPP&rjs=0&qd=Xd-cji1-rrfYy0m8LpokE8dF20pwsUrmctm8cTGFOXDOAPLLNYb6wmUg8gjYJafwpsXE23qShaYtGgdtUJu_X5BBGG-ayCiM-gQi8HpsYsLtZozk31ERKPJGlDLUboAG50chrnGX4B46HyqhlSj9xMohy02t3MX0n-6xoRHLk5Oh8V2c0duIS4mZo0TAq11Zl61No7XvcMPz961yBIpblougDO3NlIXerppYqweTrkxdIR2u4KVXi5XGrbZ08pfBgjrEyAE0GkSkYu3jG0wyz6GIieWwfPZAKqtdWM0F9pPoBIq92JKWZfrMHDEMLA7iWOxvghNOg8rM6Po_qXQU-g&atk=1jqb2s83d26sf000,"4–6+ years of hands-on experience in full-stack software development for Senior and 2-4 years hands-on experience in full-stack development for Junior. NET Zero, or ASP Boilerplate*.",,,indeed_ae,2026-06-05 05:07:46.435772+00:00
AI Workflow Intern,Al Qalam AI Solutions,Remote in Sharjah,https://ae.indeed.com/rc/clk?jk=33824e9dc0023a4d&bb=x9JWbfV1b6Kk4e519G8eD40RrcRx1eWMEyEJA_GvcvOmcSzxIDrvX__R3Q5TQbt-801aPl0BYlAnsCl2Kc5aybmNYpZXjhOOwZjUpwvEbutxgvZSgGYa-cKxNg6bixKjZdy2OHvugrwd8baHluASoA%3D%3D&xkcb=SoCp67M3iLN-3SzFwh0LbzkdCdPP&rjs=0&qd=Xd-cji1-rrfYy0m8LpokE8dF20pwsUrmctm8cTGFOXDOAPLLNYb6wmUg8gjYJafwpsXE23qShaYtGgdtUJu_X5BBGG-ayCiM-gQi8HpsYsLtZozk31ERKPJGlDLUboAG50chrnGX4B46HyqhlSj9xMohy02t3MX0n-6xoRHLk5Oh8V2c0duIS4mZo0TAq11Zl61No7XvcMPz961yBIpblougDO3NlIXerppYqweTrkxdIR2u4KVXi5XGrbZ08pfBgjrEyAE0GkSkYu3jG0wyz6GIieWwfPZAKqtdWM0F9pPoBIq92JKWZfrMHDEMLA7iWOxvghNOg8rM6Po_qXQU-g&atk=1jqb2s83d26sf000,"Basic understanding of AI tools (ChatGPT, Claude, or similar). You will work directly with the founder on real production systems used in UAE government document services, automation pipelines, and AI…",,,indeed_ae,2026-06-05 05:07:46.388302+00:00
