Title,Company,Location,URL,Description,Tags,Salary,Source,Scraped At
Senior Kitchen and Laundry Technician,"Marriott International, Inc",Cairo 11221,https://eg.indeed.com/rc/clk?jk=d96747832d5c3de2&bb=sXzYiljuqWiSo0rvztNXwsKpG_KxWugek3FFnG7xPdQ86m9n2YFD-35EHFZ80aZeG35MszDm-BU4xKTb4SHU6XcMfNY1CoFINBlTpr3zWgGw1ZpQglANNICBKYjEA44nOEprIAjUHDrmHz3fyC_uVw%3D%3D&xkcb=SoDe67M3iIdIwZTDXB0abzkdCdPP&rjs=0&qd=Xd-cji1-rrfYy0m8LpokE8dF20pwsUrmctm8cTGFOXDOAPLLNYb6wmUg8gjYJafwpsXE23qShaYtGgdtUJu_X5BBGG-ayCiM-gQi8HpsYsLtZozk31ERKPJGlDLUboAG50chrnGX4B46HyqhlSj9xMohy02t3MX0n-6xoRHLk5Oh8V2c0duIS4mZo0TAq11Zl61No7XvcMPz961yBIpblougDO3NlIXerppYqweTrkypekz528br-gxVv8Wv-DhqYUGzLtkCMN0_G6dbtmLep7_7xbeihwKsmYOKvcTJOYI&atk=1jq8ahoo7hme4800,"Education: High school diploma or G.E.D. equivalent and vocational or technical background. Visually inspect tools, equipment, or machines. License or Certification: Valid Driver’s License.",Full-time,,indeed_eg,2026-06-04 03:24:09.257505+00:00
Senior Electrical Engineer,CSI Global,Cairo,https://eg.indeed.com/rc/clk?jk=bf4ddb8b0ea4ef9d&bb=sXzYiljuqWiSo0rvztNXwvB_Xn-KfA3zMBh1lXCF7KvdDHTrZJLJE06xo6CZsoMcUPrlPja7nIUJ2-06XhJ-CJ91KE1RX-zqpI94yvWIqPzCe3KKIjZS25ZThKZa2G5eePhSvjMBBnYgQ4vE_xqGGg%3D%3D&xkcb=SoBq67M3iIdIwZTDXB0bbzkdCdPP&rjs=0&qd=Xd-cji1-rrfYy0m8LpokE8dF20pwsUrmctm8cTGFOXDOAPLLNYb6wmUg8gjYJafwpsXE23qShaYtGgdtUJu_X5BBGG-ayCiM-gQi8HpsYsLtZozk31ERKPJGlDLUboAG50chrnGX4B46HyqhlSj9xMohy02t3MX0n-6xoRHLk5Oh8V2c0duIS4mZo0TAq11Zl61No7XvcMPz961yBIpblougDO3NlIXerppYqweTrkypekz528br-gxVv8Wv-DhqYUGzLtkCMN0_G6dbtmLep7_7xbeihwKsmYOKvcTJOYI&atk=1jq8ahoo7hme4800,"Valid professional engineering license or registration (preferred). Through our group companies, we serve the power, utilities, and infrastructure sectors with full lifecycle capabilities—from…",Full-time,,indeed_eg,2026-06-04 03:24:09.196802+00:00
Senior Security Systems Design Engineer / Principal Security Engineer - Security Systems / ELV / MEP,PSS,Cairo,https://eg.indeed.com/rc/clk?jk=46b54298be9d8ed6&bb=sXzYiljuqWiSo0rvztNXwsSmeu2ryMXQ7Rl4FkHVxdA0cZAI-f8xU5AfCH1X7aRAzzWZi8IkB9ZhDKvN53qZn995g4gw9BSM38Vjm00uaFsT881j9CEoWYqUmn2phLHDs6cGnx3bq54iRzEKTAPe-g%3D%3D&xkcb=SoBN67M3iIdIwZTDXB0EbzkdCdPP&rjs=0&qd=Xd-cji1-rrfYy0m8LpokE8dF20pwsUrmctm8cTGFOXDOAPLLNYb6wmUg8gjYJafwpsXE23qShaYtGgdtUJu_X5BBGG-ayCiM-gQi8HpsYsLtZozk31ERKPJGlDLUboAG50chrnGX4B46HyqhlSj9xMohy02t3MX0n-6xoRHLk5Oh8V2c0duIS4mZo0TAq11Zl61No7XvcMPz961yBIpblougDO3NlIXerppYqweTrkypekz528br-gxVv8Wv-DhqYUGzLtkCMN0_G6dbtmLep7_7xbeihwKsmYOKvcTJOYI&atk=1jq8ahoo7hme4800,"Bluebeam or PDF review tools. Degree or Diploma in Electronic Engineering, Security Systems Engineering, ICT, or related discipline. Provide technical leadership and mentorship to design engineers and…",Full-time,,indeed_eg,2026-06-04 03:24:09.154390+00:00
Senior Technical Program Manager,BlackStone eIT,Cairo,https://eg.indeed.com/rc/clk?jk=b78681fa4c6e09b5&bb=sXzYiljuqWiSo0rvztNXwinebLZzp17WhZSfeTbLQIvjiJKMV2nuW8QFr3xUNWjrFwuL4imyQ3U4lB6MYt0CVfNjJM16ISw8mb1qhSZqTj9m4Bo5UC8KlsuN1rw4dX6V0gl_1AI3-5HMqRuOlnafNg%3D%3D&xkcb=SoD567M3iIdIwZTDXB0FbzkdCdPP&rjs=0&qd=Xd-cji1-rrfYy0m8LpokE8dF20pwsUrmctm8cTGFOXDOAPLLNYb6wmUg8gjYJafwpsXE23qShaYtGgdtUJu_X5BBGG-ayCiM-gQi8HpsYsLtZozk31ERKPJGlDLUboAG50chrnGX4B46HyqhlSj9xMohy02t3MX0n-6xoRHLk5Oh8V2c0duIS4mZo0TAq11Zl61No7XvcMPz961yBIpblougDO3NlIXerppYqweTrkypekz528br-gxVv8Wv-DhqYUGzLtkCMN0_G6dbtmLep7_7xbeihwKsmYOKvcTJOYI&atk=1jq8ahoo7hme4800,"Experience operating in regulated, compliance-sensitive, or enterprise environments. Hands-on experience with Azure DevOps and/or Jira at a program level, not just task tracking.",Full-time,,indeed_eg,2026-06-04 03:24:09.107463+00:00
Customer Care Advisor (BPO),Nahla Farid,Maadi,https://eg.indeed.com/rc/clk?jk=b5c1f394b9beff2e&bb=sXzYiljuqWiSo0rvztNXwu5w09eggiAwjM4aop9YSK23YQwXi0xgkfqve2yAecvKDjq3n6DaNNj_yXKvPZWvf7xyI9Ms6T8YGMqTFVsUUdUEXXpncYxLjCtYs5lVMBHNalgeUzrtJL3JFxF2_nUbPg%3D%3D&xkcb=SoBk67M3iIdIwZTDXB0GbzkdCdPP&rjs=0&qd=Xd-cji1-rrfYy0m8LpokE8dF20pwsUrmctm8cTGFOXDOAPLLNYb6wmUg8gjYJafwpsXE23qShaYtGgdtUJu_X5BBGG-ayCiM-gQi8HpsYsLtZozk31ERKPJGlDLUboAG50chrnGX4B46HyqhlSj9xMohy02t3MX0n-6xoRHLk5Oh8V2c0duIS4mZo0TAq11Zl61No7XvcMPz961yBIpblougDO3NlIXerppYqweTrkypekz528br-gxVv8Wv-DhqYUGzLtkCMN0_G6dbtmLep7_7xbeihwKsmYOKvcTJOYI&atk=1jq8ahoo7hme4800,"1–2 years of experience in customer service, call center, or contact center environments (experience in fintech, banking, or e-commerce is an advantage). Customer Service: 1 year (Required).","From EGP 23 a month,Full-time",,indeed_eg,2026-06-04 03:24:09.055537+00:00
Customer service representative,Neiro for hiring,6th of October City,https://eg.indeed.com/rc/clk?jk=419872c3489b741a&bb=sXzYiljuqWiSo0rvztNXwvB_Xn-KfA3zebQNQ7nxUgQCPovz17yEIjmLWrjJb53p7psCO9cjHasImRGM1zVaDxSOOXqNJk5PVwNpO25PGt2Yq4Sbriai7KITGnwicKJeUvbdEoS1ahJjqVD02RmEwg%3D%3D&xkcb=SoDQ67M3iIdIwZTDXB0HbzkdCdPP&rjs=0&qd=Xd-cji1-rrfYy0m8LpokE8dF20pwsUrmctm8cTGFOXDOAPLLNYb6wmUg8gjYJafwpsXE23qShaYtGgdtUJu_X5BBGG-ayCiM-gQi8HpsYsLtZozk31ERKPJGlDLUboAG50chrnGX4B46HyqhlSj9xMohy02t3MX0n-6xoRHLk5Oh8V2c0duIS4mZo0TAq11Zl61No7XvcMPz961yBIpblougDO3NlIXerppYqweTrkypekz528br-gxVv8Wv-DhqYUGzLtkCMN0_G6dbtmLep7_7xbeihwKsmYOKvcTJOYI&atk=1jq8ahoo7hme4800,6th of October City: Reliably commute or planning to relocate before starting work (Required). Clear and professional communication skills. Strong listening and problem-solving abilities.,"EGP 18,000 a month,Full-time",,indeed_eg,2026-06-04 03:24:08.979923+00:00
Senior AI Delivery Lead,HR HUB,Cairo,https://eg.indeed.com/rc/clk?jk=eeef5f8436904a6c&bb=sXzYiljuqWiSo0rvztNXwvfZiNAvw_5uqn02QuFt9mPw6jwayh_NN5YQ8L1e5ec1uIIWRsHCAj96RvxIkLlfFSJsXjOvmLEXz8Ned9i9mUnYyP1axVx1pQTvSfTSIBovG0tuwVAzm70GUv-M35kPTw%3D%3D&xkcb=SoBe67M3iIdIwZTDXB0AbzkdCdPP&rjs=0&qd=Xd-cji1-rrfYy0m8LpokE8dF20pwsUrmctm8cTGFOXDOAPLLNYb6wmUg8gjYJafwpsXE23qShaYtGgdtUJu_X5BBGG-ayCiM-gQi8HpsYsLtZozk31ERKPJGlDLUboAG50chrnGX4B46HyqhlSj9xMohy02t3MX0n-6xoRHLk5Oh8V2c0duIS4mZo0TAq11Zl61No7XvcMPz961yBIpblougDO3NlIXerppYqweTrkypekz528br-gxVv8Wv-DhqYUGzLtkCMN0_G6dbtmLep7_7xbeihwKsmYOKvcTJOYI&atk=1jq8ahoo7hme4800,"Service, or equivalent orchestration frameworks such as LangChain, AutoGen, or . Equally with technical engineers and non-technical business leaders. Experience: 5–8 years in AI/Software Engineering or…",Full-time,,indeed_eg,2026-06-04 03:24:08.910713+00:00
Design Coordinator / Administrator - Security Systems / ELV / MEP/ ULV /Telecom,PSS,Cairo,https://eg.indeed.com/rc/clk?jk=a437f486a950670a&bb=sXzYiljuqWiSo0rvztNXws0_TP5ZLnJ34E7DeTBbuFiok3EE0RYa4aN_y2Fsry2XCZbODGZjuJCyoaosEy-i5d4pA-FfYNFJLcXvpxQTFPHmxuPndYLy_Sg5jxs1iSmSHbCZDjubPKDo4pD5JzTyQQ%3D%3D&xkcb=SoDq67M3iIdIwZTDXB0BbzkdCdPP&rjs=0&qd=Xd-cji1-rrfYy0m8LpokE8dF20pwsUrmctm8cTGFOXDOAPLLNYb6wmUg8gjYJafwpsXE23qShaYtGgdtUJu_X5BBGG-ayCiM-gQi8HpsYsLtZozk31ERKPJGlDLUboAG50chrnGX4B46HyqhlSj9xMohy02t3MX0n-6xoRHLk5Oh8V2c0duIS4mZo0TAq11Zl61No7XvcMPz961yBIpblougDO3NlIXerppYqweTrkypekz528br-gxVv8Wv-DhqYUGzLtkCMN0_G6dbtmLep7_7xbeihwKsmYOKvcTJOYI&atk=1jq8ahoo7hme4800,"Diploma, Certificate, or Degree in: Exposure to electronic security systems or building services environments is desirable. Experience supporting engineering, construction, or technology projects is…",Full-time,,indeed_eg,2026-06-04 03:24:08.856935+00:00
Senior BIM Engineer - Security Systems / ELV / MEP/ ULV /Telecom,PSS,Cairo,https://eg.indeed.com/rc/clk?jk=1f09272336773d9a&bb=sXzYiljuqWiSo0rvztNXwvkB7uGWGlPdTOyoUcgAFxP-gs12Cwye0MGC_pkfmcyBw4d0CweMaZFVikhQz-EheuW-0OmKI2OH_2c0DFar7N0M5h2QIpCcGioEBK4xXdXTWLcJeAX75lz_-ImKwzx0Kw%3D%3D&xkcb=SoB367M3iIdIwZTDXB0CbzkdCdPP&rjs=0&qd=Xd-cji1-rrfYy0m8LpokE8dF20pwsUrmctm8cTGFOXDOAPLLNYb6wmUg8gjYJafwpsXE23qShaYtGgdtUJu_X5BBGG-ayCiM-gQi8HpsYsLtZozk31ERKPJGlDLUboAG50chrnGX4B46HyqhlSj9xMohy02t3MX0n-6xoRHLk5Oh8V2c0duIS4mZo0TAq11Zl61No7XvcMPz961yBIpblougDO3NlIXerppYqweTrkypekz528br-gxVv8Wv-DhqYUGzLtkCMN0_G6dbtmLep7_7xbeihwKsmYOKvcTJOYI&atk=1jq8ahoo7hme4800,"Bluebeam or PDF review tools. Dynamo or digital engineering certifications. Degree, Diploma, or Technical Qualification in: Minimum 5–10 years of BIM modelling experience on complex engineering,…",Full-time,,indeed_eg,2026-06-04 03:24:08.794191+00:00
Spanish Medical Appointment Setter,Adventures Agency,Nasr City,https://eg.indeed.com/rc/clk?jk=3e41bbad71059ea8&bb=sXzYiljuqWiSo0rvztNXwpUwrDgnth9F4QbHEeMX2A0ZD99g2lktKQKGINUH8212E9Bls_8zPZA86OWlxmFKz8zJw6vPGfr0O4_MjAXSY4FP0eWOdcmf7GQp9WnBMS5aNpGDVE964WDTInYJ_WIVaA%3D%3D&xkcb=SoDD67M3iIdIwZTDXB0DbzkdCdPP&rjs=0&qd=Xd-cji1-rrfYy0m8LpokE8dF20pwsUrmctm8cTGFOXDOAPLLNYb6wmUg8gjYJafwpsXE23qShaYtGgdtUJu_X5BBGG-ayCiM-gQi8HpsYsLtZozk31ERKPJGlDLUboAG50chrnGX4B46HyqhlSj9xMohy02t3MX0n-6xoRHLk5Oh8V2c0duIS4mZo0TAq11Zl61No7XvcMPz961yBIpblougDO3NlIXerppYqweTrkypekz528br-gxVv8Wv-DhqYUGzLtkCMN0_G6dbtmLep7_7xbeihwKsmYOKvcTJOYI&atk=1jq8ahoo7hme4800,"Bilingual Medical Appointment Setters (English/Spanish) . Handle scheduling medical appointments, communicate with patients & clients, and manage follow-ups professionally. .","EGP 32,000 - EGP 35,000 a month,Full-time",,indeed_eg,2026-06-04 03:24:08.725237+00:00
Senior Cloud Consultant,"Red Hat, Inc.",Cairo,https://eg.indeed.com/rc/clk?jk=5f25301528f408d5&bb=sXzYiljuqWiSo0rvztNXwiscOfuncgSiETMkxOu_NvMJzap9ynT-Y26iX2ioUu7TN9j4wmkYOaX0GZtLPDQuhYjcMjNcy1lWddhRR8BZFupZpAzZtuWrpSha6X1lUnJ0jaIYWnjMOwbT_lrNn72I9A%3D%3D&xkcb=SoAq67M3iIdIwZTDXB0MbzkdCdPP&rjs=0&qd=Xd-cji1-rrfYy0m8LpokE8dF20pwsUrmctm8cTGFOXDOAPLLNYb6wmUg8gjYJafwpsXE23qShaYtGgdtUJu_X5BBGG-ayCiM-gQi8HpsYsLtZozk31ERKPJGlDLUboAG50chrnGX4B46HyqhlSj9xMohy02t3MX0n-6xoRHLk5Oh8V2c0duIS4mZo0TAq11Zl61No7XvcMPz961yBIpblougDO3NlIXerppYqweTrkypekz528br-gxVv8Wv-DhqYUGzLtkCMN0_G6dbtmLep7_7xbeihwKsmYOKvcTJOYI&atk=1jq8ahoo7hme4800,"Advanced hands on experience and knowledge of Red Hat OpenShift Platform or underlying components like Kubernetes and Docker. In this role, you will participate in the design and development of cloud-…",Full-time,,indeed_eg,2026-06-04 03:24:08.589328+00:00
Senior Electrical Technician,7 Eleven,Suez,https://eg.indeed.com/rc/clk?jk=5aa926f6a74fffcf&bb=sXzYiljuqWiSo0rvztNXwi8MJqmr55ELn0jptPYfjqHkRU2V2YNnDKSPgOksVUCC5ZKdVqcTKNh4dlQ5txNNypkqu3cEhdkcd3OlDn40cWyj4g5373t5Q-F6auujqyTm8xwWL8eTWM6yf34XnAYW5g%3D%3D&xkcb=SoCe67M3iIdIwZTDXB0NbzkdCdPP&rjs=0&qd=Xd-cji1-rrfYy0m8LpokE8dF20pwsUrmctm8cTGFOXDOAPLLNYb6wmUg8gjYJafwpsXE23qShaYtGgdtUJu_X5BBGG-ayCiM-gQi8HpsYsLtZozk31ERKPJGlDLUboAG50chrnGX4B46HyqhlSj9xMohy02t3MX0n-6xoRHLk5Oh8V2c0duIS4mZo0TAq11Zl61No7XvcMPz961yBIpblougDO3NlIXerppYqweTrkypekz528br-gxVv8Wv-DhqYUGzLtkCMN0_G6dbtmLep7_7xbeihwKsmYOKvcTJOYI&atk=1jq8ahoo7hme4800,"To be primarily involved in all initiative-taking electrical engineering across theterminal and work closely with engineers and electrical technicians, assisting them inresolving engineering…","Full-time,+3",,indeed_eg,2026-06-04 03:24:08.544721+00:00
Senior Principal Structure Engineer,AtkinsRéalis,Cairo,https://eg.indeed.com/rc/clk?jk=3c8bb1295ab36803&bb=sXzYiljuqWiSo0rvztNXwpZMzCGQ2hS3Qc1btpzBVaW40aljVu6R2xb_5ZcHmTnK-0YN8d2K2HOrMyPqVTdl_cvcznmgBXhISLNQtu_L-BeiH0K82G9rzMOHHUIiI9N0pr3yz5tjSU1FcIu73u6kiA%3D%3D&xkcb=SoAD67M3iIdIwZTDXB0ObzkdCdPP&rjs=0&qd=Xd-cji1-rrfYy0m8LpokE8dF20pwsUrmctm8cTGFOXDOAPLLNYb6wmUg8gjYJafwpsXE23qShaYtGgdtUJu_X5BBGG-ayCiM-gQi8HpsYsLtZozk31ERKPJGlDLUboAG50chrnGX4B46HyqhlSj9xMohy02t3MX0n-6xoRHLk5Oh8V2c0duIS4mZo0TAq11Zl61No7XvcMPz961yBIpblougDO3NlIXerppYqweTrkypekz528br-gxVv8Wv-DhqYUGzLtkCMN0_G6dbtmLep7_7xbeihwKsmYOKvcTJOYI&atk=1jq8ahoo7hme4800,Honours Degree in Civil or Structural Engineering. Proven experience on providing analytical solutions using the leading structural design software . Offer support and guidance to junior members of the…,Full-time,,indeed_eg,2026-06-04 03:24:08.484807+00:00
DAM Sales Executive,Vodafone,Giza,https://eg.indeed.com/rc/clk?jk=c0053128e8a52d72&bb=sXzYiljuqWiSo0rvztNXwtoMUgd3npmWXip8YRA3QWTYhfHYNc6fg_V2xYGWSfm41iXeyCRTN2_BzngHEFP4GdcBvsoVP62FJlQ7cvxL1c67yE-yFU4vEeF97wKHgAFFTHqslbVZCnRUAsxqfWvEeg%3D%3D&xkcb=SoC367M3iIdIwZTDXB0PbzkdCdPP&rjs=0&qd=Xd-cji1-rrfYy0m8LpokE8dF20pwsUrmctm8cTGFOXDOAPLLNYb6wmUg8gjYJafwpsXE23qShaYtGgdtUJu_X5BBGG-ayCiM-gQi8HpsYsLtZozk31ERKPJGlDLUboAG50chrnGX4B46HyqhlSj9xMohy02t3MX0n-6xoRHLk5Oh8V2c0duIS4mZo0TAq11Zl61No7XvcMPz961yBIpblougDO3NlIXerppYqweTrkypekz528br-gxVv8Wv-DhqYUGzLtkCMN0_G6dbtmLep7_7xbeihwKsmYOKvcTJOYI&atk=1jq8ahoo7hme4800,"If you require any reasonable adjustments or have an accessibility request as part of your recruitment journey, for example, extended time or breaks in between online assessments, please refer to…",Full-time,,indeed_eg,2026-06-04 03:24:08.439160+00:00
Network Security Presales Specialist,Click ITS,Cairo,https://eg.indeed.com/rc/clk?jk=958911388cfe13e3&bb=sXzYiljuqWiSo0rvztNXwhmhhSqHRuB7Ry-utKcJeAZ2wOg9aYpmQLdK4TX05Q7RtQDc5kpUKuEhBisSQ2Y4ZhaTflCKgFeDwB_1nBQUMhd3NmoDG6ObO_aYbsUMCTY-aIWH0YUuK7kzziCGW6nlMQ%3D%3D&xkcb=SoA567M3iIdIwZTDXB0IbzkdCdPP&rjs=0&qd=Xd-cji1-rrfYy0m8LpokE8dF20pwsUrmctm8cTGFOXDOAPLLNYb6wmUg8gjYJafwpsXE23qShaYtGgdtUJu_X5BBGG-ayCiM-gQi8HpsYsLtZozk31ERKPJGlDLUboAG50chrnGX4B46HyqhlSj9xMohy02t3MX0n-6xoRHLk5Oh8V2c0duIS4mZo0TAq11Zl61No7XvcMPz961yBIpblougDO3NlIXerppYqweTrkypekz528br-gxVv8Wv-DhqYUGzLtkCMN0_G6dbtmLep7_7xbeihwKsmYOKvcTJOYI&atk=1jq8ahoo7hme4800,"Minimum 3–5 years of experience in cybersecurity presales, security engineering, or solution consulting. Bachelor's degree in Computer Science, Computer Engineering, Information Technology,…","From EGP 12,000 a month,Full-time",,indeed_eg,2026-06-04 03:24:08.394499+00:00
Customer Care Representative (Telecommunications) – Uncapped Sales Incentives,Teleperformance,New Cairo,https://eg.indeed.com/rc/clk?jk=4a87d3f7c7067e65&bb=sXzYiljuqWiSo0rvztNXwpSiqxJRLehafgYmYxN2oZaiMQSe-AyaoXwJk8rtCty5WCP46CEiizueeWDXoNpre2qhWBcK8eQ_q2nhp4VovC8sMWw_5m-6buO5FABZuAGvBBo_RnKFVQX9DpQegcFT6w%3D%3D&xkcb=SoCN67M3iIdIwZTDXB0JbzkdCdPP&rjs=0&qd=Xd-cji1-rrfYy0m8LpokE8dF20pwsUrmctm8cTGFOXDOAPLLNYb6wmUg8gjYJafwpsXE23qShaYtGgdtUJu_X5BBGG-ayCiM-gQi8HpsYsLtZozk31ERKPJGlDLUboAG50chrnGX4B46HyqhlSj9xMohy02t3MX0n-6xoRHLk5Oh8V2c0duIS4mZo0TAq11Zl61No7XvcMPz961yBIpblougDO3NlIXerppYqweTrkypekz528br-gxVv8Wv-DhqYUGzLtkCMN0_G6dbtmLep7_7xbeihwKsmYOKvcTJOYI&atk=1jq8ahoo7hme4800,No prior technical experience is required—we provide the training!. Paid Training:* Comprehensive professional development from day one. Insurance: Full Social and Medical insurance coverage.,"EGP 19,000 - EGP 20,500 a month,Full-time",,indeed_eg,2026-06-04 03:24:08.353586+00:00
Senior Data Engineer,"Arrow Electronics, Inc.",Cairo,https://eg.indeed.com/rc/clk?jk=8ede9e8b18ce770f&bb=sXzYiljuqWiSo0rvztNXwgSxqvRgCL-QdAX6l5v_CRVdahZW_9tqxkweiDkemPyXdvEFgUuh78FktrPovajYJypP4Lr7MhiE45QNcZYbXKb-Hc3irBLSsBeOT3REiMfEZAndtPZVvbNjuh3HPnNkEw%3D%3D&xkcb=SoAQ67M3iIdIwZTDXB0KbzkdCdPP&rjs=0&qd=Xd-cji1-rrfYy0m8LpokE8dF20pwsUrmctm8cTGFOXDOAPLLNYb6wmUg8gjYJafwpsXE23qShaYtGgdtUJu_X5BBGG-ayCiM-gQi8HpsYsLtZozk31ERKPJGlDLUboAG50chrnGX4B46HyqhlSj9xMohy02t3MX0n-6xoRHLk5Oh8V2c0duIS4mZo0TAq11Zl61No7XvcMPz961yBIpblougDO3NlIXerppYqweTrkypekz528br-gxVv8Wv-DhqYUGzLtkCMN0_G6dbtmLep7_7xbeihwKsmYOKvcTJOYI&atk=1jq8ahoo7hme4800,"5 years of experience as a Data Engineer or similar role. Experience with workflow orchestration (Airflow, Prefect, or similar). Experience with real-time analytics or high-volume distributed data…",,,indeed_eg,2026-06-04 03:24:08.301860+00:00
Portuguese Customer service representative,Intelcia,Giza,https://eg.indeed.com/rc/clk?jk=041b6790a91448f5&bb=sXzYiljuqWiSo0rvztNXwmd1D8K4rmdxb8pmWv8IPdlQ1X9q-KPqECRcHGUZBgAAf0jHiRSf_lblsHHSsuZ9GJm_YngOFOrOyIix1dS4FSx0-akvUK2dnFEdkUEQdqINn20pp5zPuBExrkTJRFkGSQ%3D%3D&xkcb=SoCk67M3iIdIwZTDXB0LbzkdCdPP&rjs=0&qd=Xd-cji1-rrfYy0m8LpokE8dF20pwsUrmctm8cTGFOXDOAPLLNYb6wmUg8gjYJafwpsXE23qShaYtGgdtUJu_X5BBGG-ayCiM-gQi8HpsYsLtZozk31ERKPJGlDLUboAG50chrnGX4B46HyqhlSj9xMohy02t3MX0n-6xoRHLk5Oh8V2c0duIS4mZo0TAq11Zl61No7XvcMPz961yBIpblougDO3NlIXerppYqweTrkypekz528br-gxVv8Wv-DhqYUGzLtkCMN0_G6dbtmLep7_7xbeihwKsmYOKvcTJOYI&atk=1jq8ahoo7hme4800,"Native or advanced fluency in Portuguese (B2/C1). We have recently updated our compensation package to attract top talent. Base Salary: 25,000 EGP Net per month.","Up to EGP 35,000 a month,Full-time",,indeed_eg,2026-06-04 03:24:08.250230+00:00
Call Center,THL,New Cairo,https://eg.indeed.com/rc/clk?jk=9b92c6808af82a99&bb=cvZFSVBuFQxy4QZFCx_54DLZYheHOftg4jl1cbPvi8oHQmhN2SEW2IB1LAUiYamuktYuIaWiCY6RhGok_cYHIxroeXzbPD73h0uYY9CI7JMw85DHAtqHENrIe7lY2X2l5oRCqIm8cxt2Jf9BRFrHZA%3D%3D&xkcb=SoAU67M3iIdJrnT4Gh0TbzkdCdPP&rjs=0&qd=Xd-cji1-rrfYy0m8LpokE8dF20pwsUrmctm8cTGFOXDOAPLLNYb6wmUg8gjYJafwpsXE23qShaYtGgdtUJu_X5BBGG-ayCiM-gQi8HpsYsLtZozk31ERKPJGlDLUboAG50chrnGX4B46HyqhlSj9xMohy02t3MX0n-6xoRHLk5Oh8V2c0duIS4mZo0TAq11Zl61No7XvcMPz961yBIpblougDO3NlIXerppYqweTrkypekz528br-gxVv8Wv-DhqYUGzLtkCMN0_G6dbtmLep0krXQ0BiMBpFtT3kK1HEkw&atk=1jq8ahjig25gr000,"We Are Hiring English Speakers. Net Salary from 18K up to 20K. فرصة ممتازة بمرتب قوي وبيئة شغل احترافية. الأماكن محدودة فمتضيعش الفرصة! ابعت دلوقتي واعرف كل التفاصيل. Pay: From E£18,000.00 per month.","From EGP 18,000 a month,Full-time",,indeed_eg,2026-06-04 03:24:04.718479+00:00
Technical Care Specialist,NOKIA,مصر,https://eg.indeed.com/rc/clk?jk=7f2dc1b69d6251ad&bb=cvZFSVBuFQxy4QZFCx_54GEeRWdsqu3aVj_Xtx2hD4F7kr9TNi4f3RP_Rksb8_PeUmcs1ck15eN25nCsC2Gkqrktxit65nKAjYYfgCe-2u03czhOXYqRG4VYpEf7FXOc_3hJeZ_mlVe3L29dpn7C_g%3D%3D&xkcb=SoD967M3iIdJrnT4Gh0cbzkdCdPP&rjs=0&qd=Xd-cji1-rrfYy0m8LpokE8dF20pwsUrmctm8cTGFOXDOAPLLNYb6wmUg8gjYJafwpsXE23qShaYtGgdtUJu_X5BBGG-ayCiM-gQi8HpsYsLtZozk31ERKPJGlDLUboAG50chrnGX4B46HyqhlSj9xMohy02t3MX0n-6xoRHLk5Oh8V2c0duIS4mZo0TAq11Zl61No7XvcMPz961yBIpblougDO3NlIXerppYqweTrkypekz528br-gxVv8Wv-DhqYUGzLtkCMN0_G6dbtmLep0krXQ0BiMBpFtT3kK1HEkw&atk=1jq8ahjig25gr000,"Experience working in an R&D and/or customer facing environment. Identify potential patterns of issues observed in the field (i.e Product and/or service related) and take the lead in documenting,…",Full-time,,indeed_eg,2026-06-04 03:24:04.669467+00:00
Senior Electrical Engineer,7 Eleven,Suez,https://eg.indeed.com/rc/clk?jk=d00a87c621575b26&bb=cvZFSVBuFQxy4QZFCx_54GEeRWdsqu3akoQYo6j-bXAy-zYQ5rCkJRXNyApoMYpxaNFdQqGRK5rWATa1AsyS2NhNWJU8K9z0nzUMY6ZKYfXSTEqwm7VRiSLHwUwD8GRk25O_ngYYXnLfIFC4UeweRQ%3D%3D&xkcb=SoBJ67M3iIdJrnT4Gh0dbzkdCdPP&rjs=0&qd=Xd-cji1-rrfYy0m8LpokE8dF20pwsUrmctm8cTGFOXDOAPLLNYb6wmUg8gjYJafwpsXE23qShaYtGgdtUJu_X5BBGG-ayCiM-gQi8HpsYsLtZozk31ERKPJGlDLUboAG50chrnGX4B46HyqhlSj9xMohy02t3MX0n-6xoRHLk5Oh8V2c0duIS4mZo0TAq11Zl61No7XvcMPz961yBIpblougDO3NlIXerppYqweTrkypekz528br-gxVv8Wv-DhqYUGzLtkCMN0_G6dbtmLep0krXQ0BiMBpFtT3kK1HEkw&atk=1jq8ahjig25gr000,"Bachelor’s degree in electrical engineering. Minimum 5 years professional experience in automation, electrical systems, controlcircuits, layout diagrams, PLC programming, AC Motor Drives protocols and…","Full-time,+3",,indeed_eg,2026-06-04 03:24:04.618330+00:00
"Security Design QA/QC & Technical Assurance Engineer - Security Systems, ULV, ELV, Telecom",PSS,Cairo,https://eg.indeed.com/rc/clk?jk=59e1d06938f2d32b&bb=cvZFSVBuFQxy4QZFCx_54MiREiw7hxxKhs0Wy-RUznVig1hfWwvfQhQYf8BGcXAcvn3JSID30-v_N_WRWEcNyyXxbhFftb56eGBjihzKjITFpaWVGyYcJkFw47f18m07rQaDeA4Ok39Gx3u1LYzSqQ%3D%3D&xkcb=SoDU67M3iIdJrnT4Gh0ebzkdCdPP&rjs=0&qd=Xd-cji1-rrfYy0m8LpokE8dF20pwsUrmctm8cTGFOXDOAPLLNYb6wmUg8gjYJafwpsXE23qShaYtGgdtUJu_X5BBGG-ayCiM-gQi8HpsYsLtZozk31ERKPJGlDLUboAG50chrnGX4B46HyqhlSj9xMohy02t3MX0n-6xoRHLk5Oh8V2c0duIS4mZo0TAq11Zl61No7XvcMPz961yBIpblougDO3NlIXerppYqweTrkypekz528br-gxVv8Wv-DhqYUGzLtkCMN0_G6dbtmLep0krXQ0BiMBpFtT3kK1HEkw&atk=1jq8ahjig25gr000,Bluebeam or PDF review tools. ISO 9001 Internal Auditor or Lead Auditor. BIM or Revit-related certifications (desirable). Proven experience delivering large-scale or mission-critical security projects…,Full-time,,indeed_eg,2026-06-04 03:24:04.570258+00:00
Senior HVAC Engineer - Building Services,Egis,Cairo,https://eg.indeed.com/rc/clk?jk=4cf9c4f538047262&bb=cvZFSVBuFQxy4QZFCx_54NRjMbE5fxVn0pqUbn7EhI6HsusntpTloN-HipRzxg7n7eiakiQpvCvyV0atmtlXBG8Ovqo8DWTiMYT2B9M18FSPdJHMAsBgtRDJoRAEnOS0jO0AiWNOqiQfVjFEc6qIxQ%3D%3D&xkcb=SoBg67M3iIdJrnT4Gh0fbzkdCdPP&rjs=0&qd=Xd-cji1-rrfYy0m8LpokE8dF20pwsUrmctm8cTGFOXDOAPLLNYb6wmUg8gjYJafwpsXE23qShaYtGgdtUJu_X5BBGG-ayCiM-gQi8HpsYsLtZozk31ERKPJGlDLUboAG50chrnGX4B46HyqhlSj9xMohy02t3MX0n-6xoRHLk5Oh8V2c0duIS4mZo0TAq11Zl61No7XvcMPz961yBIpblougDO3NlIXerppYqweTrkypekz528br-gxVv8Wv-DhqYUGzLtkCMN0_G6dbtmLep0krXQ0BiMBpFtT3kK1HEkw&atk=1jq8ahjig25gr000,"Supervise and mentor junior engineers and technical staff, providing guidance and training. Keep abreast of the latest technologies, software , and trends in HVAC systems and recommend improvements.","Contract,+1",,indeed_eg,2026-06-04 03:24:04.518953+00:00
Senior Maintenance Engineer,Eva Pharma,Giza,https://eg.indeed.com/rc/clk?jk=5a2599b446020cff&bb=cvZFSVBuFQxy4QZFCx_54Nq1SKY_7YZi8CvCmwLETnUt16PRJsih3Fp-soK9qw57K7_vhtYDe_hMswHkEl5ouK_wuxcS7Cp4VOZbQJSH3uSAFGgZzt6L_UPwdUCXBImJWFqXHYR1IE0BPHVwhdVBPA%3D%3D&xkcb=SoDu67M3iIdJrnT4Gh0YbzkdCdPP&rjs=0&qd=Xd-cji1-rrfYy0m8LpokE8dF20pwsUrmctm8cTGFOXDOAPLLNYb6wmUg8gjYJafwpsXE23qShaYtGgdtUJu_X5BBGG-ayCiM-gQi8HpsYsLtZozk31ERKPJGlDLUboAG50chrnGX4B46HyqhlSj9xMohy02t3MX0n-6xoRHLk5Oh8V2c0duIS4mZo0TAq11Zl61No7XvcMPz961yBIpblougDO3NlIXerppYqweTrkypekz528br-gxVv8Wv-DhqYUGzLtkCMN0_G6dbtmLep0krXQ0BiMBpFtT3kK1HEkw&atk=1jq8ahjig25gr000,"Minimum of 3-5 years experience in maintenance engineering within the pharmaceutical or manufacturing industry. Bachelor's degree in Electrical Engineering, Mechanical Engineering, or related field.",Full-time,,indeed_eg,2026-06-04 03:24:04.452118+00:00
Senior Public Health Engineer,Egis,Cairo,https://eg.indeed.com/rc/clk?jk=c9fd9dd5bbd84b1b&bb=cvZFSVBuFQxy4QZFCx_54IospUA-JZt1QxbjKWJMBbLolCFqi2QA5uP9pz0A8VRGS2qka9xYz1XpalKlxIur1rRRKvIZQmUlbsKlzyMcrFxMXNzCIf9YKrreUxyUK4XHCz6TG-KbgBa0Wr2XHUJaMA%3D%3D&xkcb=SoBa67M3iIdJrnT4Gh0ZbzkdCdPP&rjs=0&qd=Xd-cji1-rrfYy0m8LpokE8dF20pwsUrmctm8cTGFOXDOAPLLNYb6wmUg8gjYJafwpsXE23qShaYtGgdtUJu_X5BBGG-ayCiM-gQi8HpsYsLtZozk31ERKPJGlDLUboAG50chrnGX4B46HyqhlSj9xMohy02t3MX0n-6xoRHLk5Oh8V2c0duIS4mZo0TAq11Zl61No7XvcMPz961yBIpblougDO3NlIXerppYqweTrkypekz528br-gxVv8Wv-DhqYUGzLtkCMN0_G6dbtmLep0krXQ0BiMBpFtT3kK1HEkw&atk=1jq8ahjig25gr000,Bachelor’s Degree preferably in Public Health Engineering or related field. Provide technical guidance and mentorship to junior engineers and team members. What do we need from you.,"Contract,+1",,indeed_eg,2026-06-04 03:24:04.400336+00:00
Healthcare Operations Sr. Specialist,Vodafone,Giza,https://eg.indeed.com/rc/clk?jk=7b779344d42397b8&bb=cvZFSVBuFQxy4QZFCx_54GfrrBcfqiO9LvEWzESrt_5A4eLpmYKD2Tz5-uCsiy_VYjAJ2LXpEe0X70Mwykns32Bd4EkmRO5WpKvBtQBhT8ySDAoG0iihFyMzLGPBwCASPcC2bWgothDEsqv50FAY6g%3D%3D&xkcb=SoDH67M3iIdJrnT4Gh0abzkdCdPP&rjs=0&qd=Xd-cji1-rrfYy0m8LpokE8dF20pwsUrmctm8cTGFOXDOAPLLNYb6wmUg8gjYJafwpsXE23qShaYtGgdtUJu_X5BBGG-ayCiM-gQi8HpsYsLtZozk31ERKPJGlDLUboAG50chrnGX4B46HyqhlSj9xMohy02t3MX0n-6xoRHLk5Oh8V2c0duIS4mZo0TAq11Zl61No7XvcMPz961yBIpblougDO3NlIXerppYqweTrkypekz528br-gxVv8Wv-DhqYUGzLtkCMN0_G6dbtmLep0krXQ0BiMBpFtT3kK1HEkw&atk=1jq8ahjig25gr000,"If you require any reasonable adjustments or have an accessibility request as part of your recruitment journey, for example, extended time or breaks in between online assessments, please refer to…",Full-time,,indeed_eg,2026-06-04 03:24:04.352917+00:00
Customer Support English Speakers,TP,New Cairo,https://eg.indeed.com/rc/clk?jk=bbb1fd081de4190a&bb=cvZFSVBuFQxy4QZFCx_54Iq121-XPPGDyrBbqw_M5p6I7ERcDO659afWWG_4k2FgvImko1BZfisMFPqNY9FVeTmxnqZLo4yzXVqUhy6AQ4VWv8jdqxUuetar8OF0RetSwypgs8kQ_KUEmIr9FWiXpw%3D%3D&xkcb=SoBz67M3iIdJrnT4Gh0bbzkdCdPP&rjs=0&qd=Xd-cji1-rrfYy0m8LpokE8dF20pwsUrmctm8cTGFOXDOAPLLNYb6wmUg8gjYJafwpsXE23qShaYtGgdtUJu_X5BBGG-ayCiM-gQi8HpsYsLtZozk31ERKPJGlDLUboAG50chrnGX4B46HyqhlSj9xMohy02t3MX0n-6xoRHLk5Oh8V2c0duIS4mZo0TAq11Zl61No7XvcMPz961yBIpblougDO3NlIXerppYqweTrkypekz528br-gxVv8Wv-DhqYUGzLtkCMN0_G6dbtmLep0krXQ0BiMBpFtT3kK1HEkw&atk=1jq8ahjig25gr000,"Teleperformance (TP) Cairo* is seeking fluent English speakers for a full-time, on-site Customer Service Representative position in New Cairo. Job Summary: Customer Service & Sales Representative*.","EGP 19,500 - EGP 23,000 a month,Full-time,+1",,indeed_eg,2026-06-04 03:24:04.302600+00:00
Gas Filling Operator,Air Liquide,Cairo,https://eg.indeed.com/rc/clk?jk=54c99225d5720dfd&bb=cvZFSVBuFQxy4QZFCx_54FhliyDIkRYr8IpOF3bFW9jaQAK0N02ifP_03NI7LtPWmKj9mLl0l5yyYTKmC_xCg8Wqhhe_7P-z-fZTeJDDKNN2rLK7aOPHik227cAZWEMm6HYtHACKoqYR__qkHHw0tQ%3D%3D&xkcb=SoBU67M3iIdJrnT4Gh0EbzkdCdPP&rjs=0&qd=Xd-cji1-rrfYy0m8LpokE8dF20pwsUrmctm8cTGFOXDOAPLLNYb6wmUg8gjYJafwpsXE23qShaYtGgdtUJu_X5BBGG-ayCiM-gQi8HpsYsLtZozk31ERKPJGlDLUboAG50chrnGX4B46HyqhlSj9xMohy02t3MX0n-6xoRHLk5Oh8V2c0duIS4mZo0TAq11Zl61No7XvcMPz961yBIpblougDO3NlIXerppYqweTrkypekz528br-gxVv8Wv-DhqYUGzLtkCMN0_G6dbtmLep0krXQ0BiMBpFtT3kK1HEkw&atk=1jq8ahjig25gr000,"For the full cylinders, it includes the picking of the cylinders according to the customer’s orders, taking the cylinders from the full buffer zone or from the full stock, and the loading the trucks.",Full-time,,indeed_eg,2026-06-04 03:24:04.240046+00:00
Senior Mechanical Design Engineer FC140,Forsa Connect,Cairo,https://eg.indeed.com/rc/clk?jk=4f136053fae631d3&bb=cvZFSVBuFQxy4QZFCx_54MebQsLYz3W-9HSQoWOTBThM-H860vTElnDlajKKen-WXqkbkSzU9FvdAo22XhtALMhV5s54fF0pQMwSLvkcTr6-TJqVloMg_-Gdsk5p304LOZokJblU_yp0oejJbku6Qg%3D%3D&xkcb=SoDg67M3iIdJrnT4Gh0FbzkdCdPP&rjs=0&qd=Xd-cji1-rrfYy0m8LpokE8dF20pwsUrmctm8cTGFOXDOAPLLNYb6wmUg8gjYJafwpsXE23qShaYtGgdtUJu_X5BBGG-ayCiM-gQi8HpsYsLtZozk31ERKPJGlDLUboAG50chrnGX4B46HyqhlSj9xMohy02t3MX0n-6xoRHLk5Oh8V2c0duIS4mZo0TAq11Zl61No7XvcMPz961yBIpblougDO3NlIXerppYqweTrkypekz528br-gxVv8Wv-DhqYUGzLtkCMN0_G6dbtmLep0krXQ0BiMBpFtT3kK1HEkw&atk=1jq8ahjig25gr000,Client is looking for a senior mechanical design engineer . Support FAT sessions and customer or authority submittals. Mentor junior engineers and conduct structured technical reviews of their work.,Full-time,,indeed_eg,2026-06-04 03:24:04.169552+00:00
Consultant - Violence against Women (VAW) and Violence against Children (VAC),World Health Organization,Cairo,https://eg.indeed.com/rc/clk?jk=b477a38c64f1015e&bb=cvZFSVBuFQxy4QZFCx_54HHDqA8CiJRSBOrm83P4JNrob_TiH0TEcTH3UdXVTYK8Yt3D6-i8z1F3-K7luT7adwkL1RlrYXpUfEewpejhFd5JdpRT1qWtdWQJZsfkns7wi6HHalYHEuifBrC2UsBDPQ%3D%3D&xkcb=SoB967M3iIdJrnT4Gh0GbzkdCdPP&rjs=0&qd=Xd-cji1-rrfYy0m8LpokE8dF20pwsUrmctm8cTGFOXDOAPLLNYb6wmUg8gjYJafwpsXE23qShaYtGgdtUJu_X5BBGG-ayCiM-gQi8HpsYsLtZozk31ERKPJGlDLUboAG50chrnGX4B46HyqhlSj9xMohy02t3MX0n-6xoRHLk5Oh8V2c0duIS4mZo0TAq11Zl61No7XvcMPz961yBIpblougDO3NlIXerppYqweTrkypekz528br-gxVv8Wv-DhqYUGzLtkCMN0_G6dbtmLep0krXQ0BiMBpFtT3kK1HEkw&atk=1jq8ahjig25gr000,"Advanced university degree (Master’s level or above) in a relevant field. In the absence of integrated preparedness and response mechanisms, survivors may face delayed or inadequate access to…",Part-time,,indeed_eg,2026-06-04 03:24:04.125051+00:00
Area Sales Manager – Egypt Operations,ATA Banking Consulting,Cairo,https://eg.indeed.com/rc/clk?jk=b83643ed03acd842&bb=cvZFSVBuFQxy4QZFCx_54EiL49C_IYdYGLC5rEyDcLSiAsuwotHBAzuuyc4YO3bD8Fknv_hjWgI4VFnWfLxvCbaa39KXms77S1k9i2mBGWLoJbN-DcwbX7KFQiLmiv-q-0AnPCaBI1MtuyB16KILrg%3D%3D&xkcb=SoDJ67M3iIdJrnT4Gh0HbzkdCdPP&rjs=0&qd=Xd-cji1-rrfYy0m8LpokE8dF20pwsUrmctm8cTGFOXDOAPLLNYb6wmUg8gjYJafwpsXE23qShaYtGgdtUJu_X5BBGG-ayCiM-gQi8HpsYsLtZozk31ERKPJGlDLUboAG50chrnGX4B46HyqhlSj9xMohy02t3MX0n-6xoRHLk5Oh8V2c0duIS4mZo0TAq11Zl61No7XvcMPz961yBIpblougDO3NlIXerppYqweTrkypekz528br-gxVv8Wv-DhqYUGzLtkCMN0_G6dbtmLep0krXQ0BiMBpFtT3kK1HEkw&atk=1jq8ahjig25gr000,"Develop and deliver full sales training programs. Take full ownership of financial performance, including: Manage full Profit & Loss (P&L) responsibility for Egypt operations.","EGP 35,000 - EGP 40,000 a month,Full-time",,indeed_eg,2026-06-04 03:24:04.071376+00:00
Customer care specialist,Teleperformance,New Cairo,https://eg.indeed.com/rc/clk?jk=6b041aa1c143d3dd&bb=cvZFSVBuFQxy4QZFCx_54FReqc2eHE_VA-0oLOmd2TINpzCit6R6XenVknJpBoMtBzM1_lel6DDhv_M80CJuzyF0XoAUMHYqONQAnGcSTTq5TBpoIvtC5q-U1c0C79UeCmkLLq0E7RSEWuG1X9hMEw%3D%3D&xkcb=SoBH67M3iIdJrnT4Gh0AbzkdCdPP&rjs=0&qd=Xd-cji1-rrfYy0m8LpokE8dF20pwsUrmctm8cTGFOXDOAPLLNYb6wmUg8gjYJafwpsXE23qShaYtGgdtUJu_X5BBGG-ayCiM-gQi8HpsYsLtZozk31ERKPJGlDLUboAG50chrnGX4B46HyqhlSj9xMohy02t3MX0n-6xoRHLk5Oh8V2c0duIS4mZo0TAq11Zl61No7XvcMPz961yBIpblougDO3NlIXerppYqweTrkypekz528br-gxVv8Wv-DhqYUGzLtkCMN0_G6dbtmLep0krXQ0BiMBpFtT3kK1HEkw&atk=1jq8ahjig25gr000,"English Level: High B2 / C1. Up to 20,500 Net including KPIs. 12000 Quarterly bonus linked to performance. Rotational evening shifts between 4 PM & 4 AM. Pay: E£20,500.00 per month.","EGP 20,500 a month,Permanent",,indeed_eg,2026-06-04 03:24:04.027245+00:00
"Security Architecture, Engineering & Threat Operations Lead - Banking",Xenon7,Cairo,https://eg.indeed.com/rc/clk?jk=f81e58262956b768&bb=cvZFSVBuFQxy4QZFCx_54Cii84dsko1wZ02BOCFP0FcWkO_SQyWTgwBj6vXQjc2sqLsoCfy0XM1juaS5UzsLilRKxRttJPc4dj_fNQgkmCVdCGaGSzlzcXCkjcGDC9sts7olrVnfybSxbUAi_WxDBQ%3D%3D&xkcb=SoDz67M3iIdJrnT4Gh0BbzkdCdPP&rjs=0&qd=Xd-cji1-rrfYy0m8LpokE8dF20pwsUrmctm8cTGFOXDOAPLLNYb6wmUg8gjYJafwpsXE23qShaYtGgdtUJu_X5BBGG-ayCiM-gQi8HpsYsLtZozk31ERKPJGlDLUboAG50chrnGX4B46HyqhlSj9xMohy02t3MX0n-6xoRHLk5Oh8V2c0duIS4mZo0TAq11Zl61No7XvcMPz961yBIpblougDO3NlIXerppYqweTrkypekz528br-gxVv8Wv-DhqYUGzLtkCMN0_G6dbtmLep0krXQ0BiMBpFtT3kK1HEkw&atk=1jq8ahjig25gr000,"SABSA Chartered Security Architect (SCF or SCP). Information security perspective, prior to build or procurement approval. Policy design, and coverage assurance across full asset inventory.",,,indeed_eg,2026-06-04 03:24:03.970355+00:00
Infrastructure Engineer Manager,Ethics HR,Cairo,https://eg.indeed.com/rc/clk?jk=4686bf6e5002a6f4&bb=cvZFSVBuFQxy4QZFCx_54JXw8s193t7BTUrXwfPJ0goehLi-SFgd_-aEUce8PCr6xrsYtBuWvDXXvn5tyCoCARspES2hqawoI3YRXt-ApZn6BXBVZ5O7RqHPewRyzjat3ATBkZhw3uhI3a-fYEebWA%3D%3D&xkcb=SoBu67M3iIdJrnT4Gh0CbzkdCdPP&rjs=0&qd=Xd-cji1-rrfYy0m8LpokE8dF20pwsUrmctm8cTGFOXDOAPLLNYb6wmUg8gjYJafwpsXE23qShaYtGgdtUJu_X5BBGG-ayCiM-gQi8HpsYsLtZozk31ERKPJGlDLUboAG50chrnGX4B46HyqhlSj9xMohy02t3MX0n-6xoRHLk5Oh8V2c0duIS4mZo0TAq11Zl61No7XvcMPz961yBIpblougDO3NlIXerppYqweTrkypekz528br-gxVv8Wv-DhqYUGzLtkCMN0_G6dbtmLep0krXQ0BiMBpFtT3kK1HEkw&atk=1jq8ahjig25gr000,"Bachelor’s degree in Computer Science, Information Technology, or related field from a reputable university. Minimum of 8 years of experience in IT infrastructure, preferably in banking or financial…",Full-time,,indeed_eg,2026-06-04 03:24:03.927577+00:00
Primary Team Leader,Siemens Energy,Cairo,https://eg.indeed.com/rc/clk?jk=9056c28aecb89a4f&bb=cvZFSVBuFQxy4QZFCx_54L0yQg88dprlAZSStFIo-uKiKJ0BrxaGHdFk74KAe-B8d_1FmMe7f3xTTZQlbi250wQSq5n84jozDN_Epz3hjuIk_mqfyBMQv6SwfknXEooXgJpdG00EugtDkDeJoSGQWA%3D%3D&xkcb=SoDa67M3iIdJrnT4Gh0DbzkdCdPP&rjs=0&qd=Xd-cji1-rrfYy0m8LpokE8dF20pwsUrmctm8cTGFOXDOAPLLNYb6wmUg8gjYJafwpsXE23qShaYtGgdtUJu_X5BBGG-ayCiM-gQi8HpsYsLtZozk31ERKPJGlDLUboAG50chrnGX4B46HyqhlSj9xMohy02t3MX0n-6xoRHLk5Oh8V2c0duIS4mZo0TAq11Zl61No7XvcMPz961yBIpblougDO3NlIXerppYqweTrkypekz528br-gxVv8Wv-DhqYUGzLtkCMN0_G6dbtmLep0krXQ0BiMBpFtT3kK1HEkw&atk=1jq8ahjig25gr000,"Proficiency in Auto desk applications, MS Office suite, CYMCAP, and CDEGS software . Siemens Energy celebrates character – no matter what ethnic background, gender, age, religion, identity, or…",Full-time,,indeed_eg,2026-06-04 03:24:03.871424+00:00
Solar PV Specialist,CSI Global,Cairo,https://eg.indeed.com/rc/clk?jk=762ff1159e8cd85f&bb=cvZFSVBuFQxy4QZFCx_54NbVNs5BxPhrICM_FPIlUf0ODxO8SmIuYs1IAR1aCe_eyJ5EbiKEItym0zCfaj25oujHGiwsPnr-uMwgEdGf5kUN8fmZpmUOFmbzuFN8lV9pes7p2RAGZrkWWjkeHqxYFg%3D%3D&xkcb=SoAz67M3iIdJrnT4Gh0MbzkdCdPP&rjs=0&qd=Xd-cji1-rrfYy0m8LpokE8dF20pwsUrmctm8cTGFOXDOAPLLNYb6wmUg8gjYJafwpsXE23qShaYtGgdtUJu_X5BBGG-ayCiM-gQi8HpsYsLtZozk31ERKPJGlDLUboAG50chrnGX4B46HyqhlSj9xMohy02t3MX0n-6xoRHLk5Oh8V2c0duIS4mZo0TAq11Zl61No7XvcMPz961yBIpblougDO3NlIXerppYqweTrkypekz528br-gxVv8Wv-DhqYUGzLtkCMN0_G6dbtmLep0krXQ0BiMBpFtT3kK1HEkw&atk=1jq8ahjig25gr000,"Bachelor's degree in Electrical Engineering or Renewable Energy. While we are welcoming applications from professionals globally, full residential relocation to Zambia is a mandatory condition of…",Full-time,,indeed_eg,2026-06-04 03:24:03.820784+00:00
Sales Support Engineer,Mymsa,Cairo,https://eg.indeed.com/rc/clk?jk=ecc08ac851d01759&bb=cvZFSVBuFQxy4QZFCx_54ItW3nuwt1_NuRgyKugzUxFqgx_LLngJyhqeCppHU4MLzoggBbd2oe11Lzp2OES8B-l3xrQ6xnbSI7qIM71DlrOVH6BLbCZ-UjVSk4EL2CW--AHi5DEqZw5nFRBvlbV__w%3D%3D&xkcb=SoCH67M3iIdJrnT4Gh0NbzkdCdPP&rjs=0&qd=Xd-cji1-rrfYy0m8LpokE8dF20pwsUrmctm8cTGFOXDOAPLLNYb6wmUg8gjYJafwpsXE23qShaYtGgdtUJu_X5BBGG-ayCiM-gQi8HpsYsLtZozk31ERKPJGlDLUboAG50chrnGX4B46HyqhlSj9xMohy02t3MX0n-6xoRHLk5Oh8V2c0duIS4mZo0TAq11Zl61No7XvcMPz961yBIpblougDO3NlIXerppYqweTrkypekz528br-gxVv8Wv-DhqYUGzLtkCMN0_G6dbtmLep0krXQ0BiMBpFtT3kK1HEkw&atk=1jq8ahjig25gr000,"Bachelor’s degree in Engineering (Chemical, Mechanical, or related field). We’re Hiring | Sales Support Engineer – Junior Level. We are looking for a motivated and detail-oriented Sales Support…","EGP 10,000 - EGP 15,000 a month,Full-time",,indeed_eg,2026-06-04 03:24:03.769648+00:00
Intern Engineer (French Speaking),AtkinsRéalis,Cairo,https://eg.indeed.com/rc/clk?jk=669237d54833bb1f&bb=cvZFSVBuFQxy4QZFCx_54N-tp_V-BQlH1Z4ZA72NDbWESOY-HKfy9Gg_Uh747zrJ5khO-BIVJZTAHsCVpOq_DJc8oYFSIecJ5dfwoGCV1EYDnutwki_8jUcNX8jN32Z8-LLblHfMlaT9zH4wBTJkBA%3D%3D&xkcb=SoAa67M3iIdJrnT4Gh0ObzkdCdPP&rjs=0&qd=Xd-cji1-rrfYy0m8LpokE8dF20pwsUrmctm8cTGFOXDOAPLLNYb6wmUg8gjYJafwpsXE23qShaYtGgdtUJu_X5BBGG-ayCiM-gQi8HpsYsLtZozk31ERKPJGlDLUboAG50chrnGX4B46HyqhlSj9xMohy02t3MX0n-6xoRHLk5Oh8V2c0duIS4mZo0TAq11Zl61No7XvcMPz961yBIpblougDO3NlIXerppYqweTrkypekz528br-gxVv8Wv-DhqYUGzLtkCMN0_G6dbtmLep0krXQ0BiMBpFtT3kK1HEkw&atk=1jq8ahjig25gr000,"We're committed to leading our clients across our various end markets to engineer a better future for our planet and its people. Together, with our industry partners and clients, and our global team…",Full-time,,indeed_eg,2026-06-04 03:24:03.723074+00:00
Plant Room Technician,Four Seasons,Sharm el-Sheikh,https://eg.indeed.com/rc/clk?jk=e1e38e9f50d672d7&bb=cvZFSVBuFQxy4QZFCx_54PfCxGsNL7WX9DHNlzYi06ftnosq07zofIg-V4z0iArI-5wZgfFzE1jTTTqZn3Up4y4xIBf-SPXBtlHCkUJL6VKpkpM8AnGBW1kX4IijMb8_aaG3U5z0To050yJQHyI8qQ%3D%3D&xkcb=SoCu67M3iIdJrnT4Gh0PbzkdCdPP&rjs=0&qd=Xd-cji1-rrfYy0m8LpokE8dF20pwsUrmctm8cTGFOXDOAPLLNYb6wmUg8gjYJafwpsXE23qShaYtGgdtUJu_X5BBGG-ayCiM-gQi8HpsYsLtZozk31ERKPJGlDLUboAG50chrnGX4B46HyqhlSj9xMohy02t3MX0n-6xoRHLk5Oh8V2c0duIS4mZo0TAq11Zl61No7XvcMPz961yBIpblougDO3NlIXerppYqweTrkypekz528br-gxVv8Wv-DhqYUGzLtkCMN0_G6dbtmLep0krXQ0BiMBpFtT3kK1HEkw&atk=1jq8ahjig25gr000,"The ability to assist Shift engineers on major shut downs for repairs. Diagnose mechanical and electrical malfunctions; install, replace or repair damaged equipment; calibrate thermostatic controls.",Full-time,,indeed_eg,2026-06-04 03:24:03.647998+00:00
"ETIC, Operations Excellence Specialist - Senior Associate",PwC,Cairo,https://eg.indeed.com/rc/clk?jk=b22d861f4b331614&bb=cvZFSVBuFQxy4QZFCx_54GfrrBcfqiO9MiAjkpqoTCYrTU6bkRdXgMsKzmnpOh7UHkiIg8NCJShlNH7q4_3eoRGf1HOT7ljKirjwcWQTRcCp3_HGlntZ1BUTirSEfaOZKu2-r4y77F20-8mdhXJ1jw%3D%3D&xkcb=SoAg67M3iIdJrnT4Gh0IbzkdCdPP&rjs=0&qd=Xd-cji1-rrfYy0m8LpokE8dF20pwsUrmctm8cTGFOXDOAPLLNYb6wmUg8gjYJafwpsXE23qShaYtGgdtUJu_X5BBGG-ayCiM-gQi8HpsYsLtZozk31ERKPJGlDLUboAG50chrnGX4B46HyqhlSj9xMohy02t3MX0n-6xoRHLk5Oh8V2c0duIS4mZo0TAq11Zl61No7XvcMPz961yBIpblougDO3NlIXerppYqweTrkypekz528br-gxVv8Wv-DhqYUGzLtkCMN0_G6dbtmLep0krXQ0BiMBpFtT3kK1HEkw&atk=1jq8ahjig25gr000,"Exposure to consulting or professional services environment. 3–5 years of experience in business operations, stakeholder management, or program coordination, ideally in a professional services or…",Full-time,,indeed_eg,2026-06-04 03:24:03.584659+00:00
Senior Electrical Engineer - Building Services,Egis,Cairo,https://eg.indeed.com/rc/clk?jk=b61fe1c40b18be36&bb=cvZFSVBuFQxy4QZFCx_54IyaPBm33nLnj701amYaFqEc5A5hKWJxMhGqf3akUj5lpyqNwK1S-Ygd2BP02O2Z5oLTEsAEZulf5WKn867_MvUeNPxFGGPI8CQWw3-PFGjUXbSZsjMg0OK0PPnYlFACKw%3D%3D&xkcb=SoCU67M3iIdJrnT4Gh0JbzkdCdPP&rjs=0&qd=Xd-cji1-rrfYy0m8LpokE8dF20pwsUrmctm8cTGFOXDOAPLLNYb6wmUg8gjYJafwpsXE23qShaYtGgdtUJu_X5BBGG-ayCiM-gQi8HpsYsLtZozk31ERKPJGlDLUboAG50chrnGX4B46HyqhlSj9xMohy02t3MX0n-6xoRHLk5Oh8V2c0duIS4mZo0TAq11Zl61No7XvcMPz961yBIpblougDO3NlIXerppYqweTrkypekz528br-gxVv8Wv-DhqYUGzLtkCMN0_G6dbtmLep0krXQ0BiMBpFtT3kK1HEkw&atk=1jq8ahjig25gr000,"Supervise and mentor junior engineers and technical staff, providing guidance and training. Keep abreast of the latest technologies, software , and trends in building electrical systems and recommend…","Contract,+1",,indeed_eg,2026-06-04 03:24:03.456125+00:00
BIM Engineer,COLAS,Cairo,https://eg.indeed.com/rc/clk?jk=5be334a0d5b6a4cd&bb=cvZFSVBuFQxy4QZFCx_54L-2QXf-uT6B0LCqZdFgN9dgqOYsZtrStkWc6Wdpx5gDAg1QmCnfLYhs4EHNyMmo37LDXIEfv2Ju29N0Xug3PfL4WrGvgD7DDyOH6t0IazBBQzTFlxvL5lRzUeuqL7SQkA%3D%3D&xkcb=SoAJ67M3iIdJrnT4Gh0KbzkdCdPP&rjs=0&qd=Xd-cji1-rrfYy0m8LpokE8dF20pwsUrmctm8cTGFOXDOAPLLNYb6wmUg8gjYJafwpsXE23qShaYtGgdtUJu_X5BBGG-ayCiM-gQi8HpsYsLtZozk31ERKPJGlDLUboAG50chrnGX4B46HyqhlSj9xMohy02t3MX0n-6xoRHLk5Oh8V2c0duIS4mZo0TAq11Zl61No7XvcMPz961yBIpblougDO3NlIXerppYqweTrkypekz528br-gxVv8Wv-DhqYUGzLtkCMN0_G6dbtmLep0krXQ0BiMBpFtT3kK1HEkw&atk=1jq8ahjig25gr000,"Strong proficiency in Autodesk Revit, Navisworks, and other BIM-related software . Previous experience in railway, metro, LRT, transportation, or large-scale infrastructure projects is highly preferred…",,,indeed_eg,2026-06-04 03:24:03.368909+00:00
Delivery Supervisor I,Future Pipe Industries,6th of October City,https://eg.indeed.com/rc/clk?jk=5be3521680c8b291&bb=cvZFSVBuFQxy4QZFCx_54NRjMbE5fxVnVPV5nOrnIJjTLBnZctc_h1uhzC1-yufdoZOTD2893XxORmtrqTkhY2ySZfEiJS9GrvRLEgf4I528_5Jf_YjQisTMHbkUT_7SStg48oAlh0BOUR9IWR1Jvw%3D%3D&xkcb=SoC967M3iIdJrnT4Gh0LbzkdCdPP&rjs=0&qd=Xd-cji1-rrfYy0m8LpokE8dF20pwsUrmctm8cTGFOXDOAPLLNYb6wmUg8gjYJafwpsXE23qShaYtGgdtUJu_X5BBGG-ayCiM-gQi8HpsYsLtZozk31ERKPJGlDLUboAG50chrnGX4B46HyqhlSj9xMohy02t3MX0n-6xoRHLk5Oh8V2c0duIS4mZo0TAq11Zl61No7XvcMPz961yBIpblougDO3NlIXerppYqweTrkypekz528br-gxVv8Wv-DhqYUGzLtkCMN0_G6dbtmLep0krXQ0BiMBpFtT3kK1HEkw&atk=1jq8ahjig25gr000,"Diploma or High School Graduate. Report on unsafe acts, incidents or safety violations. Check that all items received or delivered have the correct Baan documentation. 2:4 years in a similar position.",,,indeed_eg,2026-06-04 03:24:03.180018+00:00
Senior Mechanical Engineer,7 Eleven,Suez,https://eg.indeed.com/rc/clk?jk=84d9b1bd7b8c858f&bb=BOqRTwP04sSG-ttRvwXPjgid1KXODWlqjSUvzIl4xkCFdAsktSrOk9rNIv805eEKuxdBniOGF0A5E4tCKaetd6IVuVKzB52LHT0d9Ty4owlA3qtYylwHZHokPXI0JHPI_KsDaXZYv3KSlwlk32akaw%3D%3D&xkcb=SoBJ67M3iIdKCIzDXB0TbzkdCdPP&rjs=0&qd=Xd-cji1-rrfYy0m8LpokE8dF20pwsUrmctm8cTGFOXDOAPLLNYb6wmUg8gjYJafwpsXE23qShaYtGgdtUJu_X5BBGG-ayCiM-gQi8HpsYsLtZozk31ERKPJGlDLUboAG50chrnGX4B46HyqhlSj9xMohy02t3MX0n-6xoRHLk5Oh8V2c0duIS4mZo0TAq11Zl61No7XvcMPz961yBIpblougDO3NlIXerppYqweTrkypekz528br-gxVv8Wv-DhqYUGzLtkCMN0_G6dbtmLepxHjnILlsP2ixrTMF63dMqM&atk=1jq8aheh9hme4800,"Bachelor’s degree in mechanical engineering.12. Minimum 5 years professional experience in cranes repair and maintenance includingmechanisms and heavy machinery, wire ropes inspection and replacement,…","Full-time,+3",,indeed_eg,2026-06-04 03:23:59.321922+00:00
Senior Site Engineer,Orascom Development,Hurghada,https://eg.indeed.com/rc/clk?jk=bcc20d8fce2b3e89&bb=BOqRTwP04sSG-ttRvwXPjoX7AG5jF7tJmKR9FjsR3LD4RBDKrEwPY3tarbRKldSZSVl37P_eVK6F6l-_JSpSyd3OG77Sg_t2vePb9TLdmV15Up2qWYXEXLr0pa2nfvO-N_IEJykdMuai6kOuZesF_A%3D%3D&xkcb=SoCg67M3iIdKCIzDXB0cbzkdCdPP&rjs=0&qd=Xd-cji1-rrfYy0m8LpokE8dF20pwsUrmctm8cTGFOXDOAPLLNYb6wmUg8gjYJafwpsXE23qShaYtGgdtUJu_X5BBGG-ayCiM-gQi8HpsYsLtZozk31ERKPJGlDLUboAG50chrnGX4B46HyqhlSj9xMohy02t3MX0n-6xoRHLk5Oh8V2c0duIS4mZo0TAq11Zl61No7XvcMPz961yBIpblougDO3NlIXerppYqweTrkypekz528br-gxVv8Wv-DhqYUGzLtkCMN0_G6dbtmLepxHjnILlsP2ixrTMF63dMqM&atk=1jq8aheh9hme4800,Proficient in construction management software and Microsoft Office suite. Bachelor's degree in Civil Engineering or related field. Manage and mentor junior site engineers and construction staff.,Full-time,,indeed_eg,2026-06-04 03:23:59.262175+00:00
Site Civil Engineer,Accurate EG for Construction Engineering,Alexandria,https://eg.indeed.com/rc/clk?jk=593ab4f52db68f4b&bb=BOqRTwP04sSG-ttRvwXPjgHcTN9NGK1LJrokOQUf7aYmRObfcDzOWaj6nSRxNUM3EQON8AAA4S9bjzYw_-eI_J8G37-kuy8GVFoX-K1STrntO99q3KmK_Wm1tYObFOZ80rtEfwvzxuRGDklnZQGc5A%3D%3D&xkcb=SoAU67M3iIdKCIzDXB0dbzkdCdPP&rjs=0&qd=Xd-cji1-rrfYy0m8LpokE8dF20pwsUrmctm8cTGFOXDOAPLLNYb6wmUg8gjYJafwpsXE23qShaYtGgdtUJu_X5BBGG-ayCiM-gQi8HpsYsLtZozk31ERKPJGlDLUboAG50chrnGX4B46HyqhlSj9xMohy02t3MX0n-6xoRHLk5Oh8V2c0duIS4mZo0TAq11Zl61No7XvcMPz961yBIpblougDO3NlIXerppYqweTrkypekz528br-gxVv8Wv-DhqYUGzLtkCMN0_G6dbtmLepxHjnILlsP2ixrTMF63dMqM&atk=1jq8aheh9hme4800,Bachelor's degree in Civil or Architectural Engineering. Lead all on-site architectural and structural works in line with contract documents and quality standards.,"EGP 7,000 - EGP 8,000 a month,Full-time,+1",,indeed_eg,2026-06-04 03:23:59.206152+00:00
Primary Design Engineer,Siemens Energy,Cairo,https://eg.indeed.com/rc/clk?jk=0a7db338cea427b7&bb=BOqRTwP04sSG-ttRvwXPjjYZXErEnONudqdLNN4Xq89o-S1_XRdRHT_nGYsiS8MH-yQI04p8KUItsHAejrEzFZwVm08c7v9n1dU6-rjL2_eiMFPt-jdJlPp2-afCn2g9RCGVQlmd5iIMs7sTGGpp1Q%3D%3D&xkcb=SoCJ67M3iIdKCIzDXB0ebzkdCdPP&rjs=0&qd=Xd-cji1-rrfYy0m8LpokE8dF20pwsUrmctm8cTGFOXDOAPLLNYb6wmUg8gjYJafwpsXE23qShaYtGgdtUJu_X5BBGG-ayCiM-gQi8HpsYsLtZozk31ERKPJGlDLUboAG50chrnGX4B46HyqhlSj9xMohy02t3MX0n-6xoRHLk5Oh8V2c0duIS4mZo0TAq11Zl61No7XvcMPz961yBIpblougDO3NlIXerppYqweTrkypekz528br-gxVv8Wv-DhqYUGzLtkCMN0_G6dbtmLepxHjnILlsP2ixrTMF63dMqM&atk=1jq8aheh9hme4800,"Proficiency in Auto desk applications, MS Office suite, CYMCAP, and CDEGS software . Deliver high-quality primary designs for substations, ensuring compliance with IEC/IEEE standards.",Full-time,,indeed_eg,2026-06-04 03:23:59.138497+00:00
Lead Mechanical Engineer,AtkinsRéalis,Cairo,https://eg.indeed.com/rc/clk?jk=4e10016c67fb6145&bb=BOqRTwP04sSG-ttRvwXPjsBiE57io5xBVPWaCd-ftOv7YsIl4DhPCZ-PbQ4jfne88MOirmEmDAYd8es165_F5ftxPx912lISc4RsCYEODXnOOgbwwFAYgAlkSIsPB6AwHXSqP_P-euZhnjagDctS0A%3D%3D&xkcb=SoA967M3iIdKCIzDXB0fbzkdCdPP&rjs=0&qd=Xd-cji1-rrfYy0m8LpokE8dF20pwsUrmctm8cTGFOXDOAPLLNYb6wmUg8gjYJafwpsXE23qShaYtGgdtUJu_X5BBGG-ayCiM-gQi8HpsYsLtZozk31ERKPJGlDLUboAG50chrnGX4B46HyqhlSj9xMohy02t3MX0n-6xoRHLk5Oh8V2c0duIS4mZo0TAq11Zl61No7XvcMPz961yBIpblougDO3NlIXerppYqweTrkypekz528br-gxVv8Wv-DhqYUGzLtkCMN0_G6dbtmLepxHjnILlsP2ixrTMF63dMqM&atk=1jq8aheh9hme4800,Lead Mechanical Engineer - Qualified with experience in MENA zone within industries of building services design and construction field (Plumbing and Fire Fighting) systems in design and supervision.,Full-time,,indeed_eg,2026-06-04 03:23:59.092547+00:00
Site Engineer,Talent-360.me,Giza,https://eg.indeed.com/rc/clk?jk=fe9e14890fde39f6&bb=BOqRTwP04sSG-ttRvwXPjsBiE57io5xBXCbOF6fSgL78HOGKj1knm-fa0Nilv-L6_zEyZpsPQSLm-XXWZjGoWx7fLGlUc2wcVOo3N0Gd7rySBiTcm2PpbuuzU4JO46XkxciUX7rxA_PdXUi7FZwJNA%3D%3D&xkcb=SoCz67M3iIdKCIzDXB0YbzkdCdPP&rjs=0&qd=Xd-cji1-rrfYy0m8LpokE8dF20pwsUrmctm8cTGFOXDOAPLLNYb6wmUg8gjYJafwpsXE23qShaYtGgdtUJu_X5BBGG-ayCiM-gQi8HpsYsLtZozk31ERKPJGlDLUboAG50chrnGX4B46HyqhlSj9xMohy02t3MX0n-6xoRHLk5Oh8V2c0duIS4mZo0TAq11Zl61No7XvcMPz961yBIpblougDO3NlIXerppYqweTrkypekz528br-gxVv8Wv-DhqYUGzLtkCMN0_G6dbtmLepxHjnILlsP2ixrTMF63dMqM&atk=1jq8aheh9hme4800,"Bachelor’s degree in Civil Engineering, Mechanical Engineering, or a related field. Supervise and monitor day-to-day site activities to ensure smooth workflow.",,,indeed_eg,2026-06-04 03:23:59.033661+00:00
Electrical Engineer,7 Eleven,Suez,https://eg.indeed.com/rc/clk?jk=1fbaad0cad433d86&bb=BOqRTwP04sSG-ttRvwXPjlMq6Mj7dTtMcTEntXGafQ88iQ4XEExZS2VStiAYUMbPPun9HNXF0pduGAnKgvj59jMhu31KVx5EzuD75jE-KnU0keKE15dpae4M5uOF6-49UOqbdbbVnhIPEEjQVtTWUw%3D%3D&xkcb=SoAH67M3iIdKCIzDXB0ZbzkdCdPP&rjs=0&qd=Xd-cji1-rrfYy0m8LpokE8dF20pwsUrmctm8cTGFOXDOAPLLNYb6wmUg8gjYJafwpsXE23qShaYtGgdtUJu_X5BBGG-ayCiM-gQi8HpsYsLtZozk31ERKPJGlDLUboAG50chrnGX4B46HyqhlSj9xMohy02t3MX0n-6xoRHLk5Oh8V2c0duIS4mZo0TAq11Zl61No7XvcMPz961yBIpblougDO3NlIXerppYqweTrkypekz528br-gxVv8Wv-DhqYUGzLtkCMN0_G6dbtmLepxHjnILlsP2ixrTMF63dMqM&atk=1jq8aheh9hme4800,"Bachelor’s degree in electrical engineering. Minimum 3 years professional experience in automation, electrical systems,control circuits, layout diagrams, PLC programming, AC Motor Drives protocolsand…","Full-time,+2",,indeed_eg,2026-06-04 03:23:58.980821+00:00
Renewals Account Manager - MEA,Aveva,Cairo,https://eg.indeed.com/rc/clk?jk=6e10b7b7b6b76964&bb=BOqRTwP04sSG-ttRvwXPjnvsolJigscBN8FhwpQ4PRIE1UMY7LmWohRBQ9JDz70JY6p36nvslSNvKixQwd0bfj7pPkBIof1IXOzuoEuVLJf55sMJEQNW_3LdC7srZ1I256mBhPKh64zNHWMuIx-7-g%3D%3D&xkcb=SoCa67M3iIdKCIzDXB0abzkdCdPP&rjs=0&qd=Xd-cji1-rrfYy0m8LpokE8dF20pwsUrmctm8cTGFOXDOAPLLNYb6wmUg8gjYJafwpsXE23qShaYtGgdtUJu_X5BBGG-ayCiM-gQi8HpsYsLtZozk31ERKPJGlDLUboAG50chrnGX4B46HyqhlSj9xMohy02t3MX0n-6xoRHLk5Oh8V2c0duIS4mZo0TAq11Zl61No7XvcMPz961yBIpblougDO3NlIXerppYqweTrkypekz528br-gxVv8Wv-DhqYUGzLtkCMN0_G6dbtmLepxHjnILlsP2ixrTMF63dMqM&atk=1jq8aheh9hme4800,"You are responsible for executing “large, complex or unique solution renewals"" for the assigned markets or accounts. 5 Years demonstrated success in a Technical Sales or Customer Success capacity with…",Full-time,,indeed_eg,2026-06-04 03:23:58.927267+00:00
Structural Engineer Mechanical Engineer Electrical Engineer,Haibuild,6th of October City,https://eg.indeed.com/rc/clk?jk=345f6e0dff3401eb&bb=BOqRTwP04sSG-ttRvwXPjo9mhpFbKDpl2gsuVFLfB3JfXaM3Dik184fgNZkiZhsFDp87B-xsj_mZTVAjYN-nnl8JRUs9GvMYdim-Yv10Hndt24JzgqPrTHFSutUqDE1JaePTNc9l8CKS4hHEgG5UiQ%3D%3D&xkcb=SoAu67M3iIdKCIzDXB0bbzkdCdPP&rjs=0&qd=Xd-cji1-rrfYy0m8LpokE8dF20pwsUrmctm8cTGFOXDOAPLLNYb6wmUg8gjYJafwpsXE23qShaYtGgdtUJu_X5BBGG-ayCiM-gQi8HpsYsLtZozk31ERKPJGlDLUboAG50chrnGX4B46HyqhlSj9xMohy02t3MX0n-6xoRHLk5Oh8V2c0duIS4mZo0TAq11Zl61No7XvcMPz961yBIpblougDO3NlIXerppYqweTrkypekz528br-gxVv8Wv-DhqYUGzLtkCMN0_G6dbtmLepxHjnILlsP2ixrTMF63dMqM&atk=1jq8aheh9hme4800,"This is a full-time role in our Headoffice located in 6th of October City for positions mentioned above. The day-to-day tasks involve designing, and executing projects' documnts, ensuring compliance…","EGP 10,000 - EGP 30,000 a month,Full-time",,indeed_eg,2026-06-04 03:23:58.860811+00:00
Senior API Integration Developer - Banking Sector,TAWANTECH,Cairo,https://eg.indeed.com/rc/clk?jk=9ba1bc04d5dc92af&bb=BOqRTwP04sSG-ttRvwXPju3EtJenMvEefPXoJ7Kbk55NsNUeslJR2kbamu-dnTiXi9yUTyBc-mws7FtM5orVkmvuVVDok2_qN1KPhtQBMgyBdQJmq57jhjd5-dxmeF7iLcqcZNRHUte4UoLp3d6-7g%3D%3D&xkcb=SoAJ67M3iIdKCIzDXB0EbzkdCdPP&rjs=0&qd=Xd-cji1-rrfYy0m8LpokE8dF20pwsUrmctm8cTGFOXDOAPLLNYb6wmUg8gjYJafwpsXE23qShaYtGgdtUJu_X5BBGG-ayCiM-gQi8HpsYsLtZozk31ERKPJGlDLUboAG50chrnGX4B46HyqhlSj9xMohy02t3MX0n-6xoRHLk5Oh8V2c0duIS4mZo0TAq11Zl61No7XvcMPz961yBIpblougDO3NlIXerppYqweTrkypekz528br-gxVv8Wv-DhqYUGzLtkCMN0_G6dbtmLepxHjnILlsP2ixrTMF63dMqM&atk=1jq8aheh9hme4800,IBM API Connect and/or IBM DataPower certifications are highly preferred. IBM Professional Certifications in IBM API Connect or IBM DataPower are a plus.,Full-time,,indeed_eg,2026-06-04 03:23:58.802146+00:00
BIM Engineer,COLAS RAIL EGYPT,Cairo,https://eg.indeed.com/rc/clk?jk=67eb024bdafcf8ba&bb=BOqRTwP04sSG-ttRvwXPjij74MPgBdeJi3A-lQFzJz2vOupmf-rrWdkaeKb1DHs_FJOc8qS4d5ji6fRX6RNJshis4HyXgu-yVMFiQxYZB2ncthUM0WWA1Ut6TADrZstChCyPclZz7JUBWINeXj_rzg%3D%3D&xkcb=SoC967M3iIdKCIzDXB0FbzkdCdPP&rjs=0&qd=Xd-cji1-rrfYy0m8LpokE8dF20pwsUrmctm8cTGFOXDOAPLLNYb6wmUg8gjYJafwpsXE23qShaYtGgdtUJu_X5BBGG-ayCiM-gQi8HpsYsLtZozk31ERKPJGlDLUboAG50chrnGX4B46HyqhlSj9xMohy02t3MX0n-6xoRHLk5Oh8V2c0duIS4mZo0TAq11Zl61No7XvcMPz961yBIpblougDO3NlIXerppYqweTrkypekz528br-gxVv8Wv-DhqYUGzLtkCMN0_G6dbtmLepxHjnILlsP2ixrTMF63dMqM&atk=1jq8aheh9hme4800,"Strong proficiency in Autodesk Revit, Navisworks, and other BIM-related software . Previous experience in railway, metro, LRT, transportation, or large-scale infrastructure projects is highly preferred…",Contract,,indeed_eg,2026-06-04 03:23:58.747723+00:00
GFS Operator,Air Liquide,Cairo,https://eg.indeed.com/rc/clk?jk=ff6ff232e152bcd9&bb=BOqRTwP04sSG-ttRvwXPjqgs28V0cielrSX29n2f4_IyYbIUWMW1O8a-ZmmMh63_X2KnuKpTaXB8TZ34UFplJgbPhp-x35Sau7fj_Pdy-MRcguFCdpl8YqTOg_Lot0TZRJow8HATgUSiwdVdYbPu2A%3D%3D&xkcb=SoAg67M3iIdKCIzDXB0GbzkdCdPP&rjs=0&qd=Xd-cji1-rrfYy0m8LpokE8dF20pwsUrmctm8cTGFOXDOAPLLNYb6wmUg8gjYJafwpsXE23qShaYtGgdtUJu_X5BBGG-ayCiM-gQi8HpsYsLtZozk31ERKPJGlDLUboAG50chrnGX4B46HyqhlSj9xMohy02t3MX0n-6xoRHLk5Oh8V2c0duIS4mZo0TAq11Zl61No7XvcMPz961yBIpblougDO3NlIXerppYqweTrkypekz528br-gxVv8Wv-DhqYUGzLtkCMN0_G6dbtmLepxHjnILlsP2ixrTMF63dMqM&atk=1jq8aheh9hme4800,"For the full cylinders, it includes the picking of the cylinders according to the customer’s orders, taking the cylinders from the full buffer zone or from the full stock, and the loading the trucks.",Full-time,,indeed_eg,2026-06-04 03:23:58.699205+00:00
Medium Enterprise Accounts Manager,Vodafone,Giza,https://eg.indeed.com/rc/clk?jk=e953975c52199cee&bb=BOqRTwP04sSG-ttRvwXPjqGBAywoDeR8KsubfBLNHIzyDdnQiy16QGu5gd3VJwqCK9dxUzgGugQ3wOrvQNe6geUDv1MvsQZqeMaSOrqYFxFD9a8jts_dIWS7Vi67Ql-Y6Fw02d7Dz8tIKbBWabKRJg%3D%3D&xkcb=SoCU67M3iIdKCIzDXB0HbzkdCdPP&rjs=0&qd=Xd-cji1-rrfYy0m8LpokE8dF20pwsUrmctm8cTGFOXDOAPLLNYb6wmUg8gjYJafwpsXE23qShaYtGgdtUJu_X5BBGG-ayCiM-gQi8HpsYsLtZozk31ERKPJGlDLUboAG50chrnGX4B46HyqhlSj9xMohy02t3MX0n-6xoRHLk5Oh8V2c0duIS4mZo0TAq11Zl61No7XvcMPz961yBIpblougDO3NlIXerppYqweTrkypekz528br-gxVv8Wv-DhqYUGzLtkCMN0_G6dbtmLepxHjnILlsP2ixrTMF63dMqM&atk=1jq8aheh9hme4800,"If you require any reasonable adjustments or have an accessibility request as part of your recruitment journey, for example, extended time or breaks in between online assessments, please refer to…",Full-time,,indeed_eg,2026-06-04 03:23:58.640825+00:00
Data Management Senior Engineer I,BBI,New Cairo,https://eg.indeed.com/rc/clk?jk=abd6b3e67e4ff2a8&bb=BOqRTwP04sSG-ttRvwXPjuqbh4xqop2Fa-6lrYgmQ0q48RXDzunZxwQttyJ7YwTmn5nPG5xro49YtFpSFWN_z4xD_xGsRFl7xN7k-Ac66BIN_XaGePF4YLvqC3ZXtxT92iaXbCkiYcMPYhQpWJni4w%3D%3D&xkcb=SoAa67M3iIdKCIzDXB0AbzkdCdPP&rjs=0&qd=Xd-cji1-rrfYy0m8LpokE8dF20pwsUrmctm8cTGFOXDOAPLLNYb6wmUg8gjYJafwpsXE23qShaYtGgdtUJu_X5BBGG-ayCiM-gQi8HpsYsLtZozk31ERKPJGlDLUboAG50chrnGX4B46HyqhlSj9xMohy02t3MX0n-6xoRHLk5Oh8V2c0duIS4mZo0TAq11Zl61No7XvcMPz961yBIpblougDO3NlIXerppYqweTrkypekz528br-gxVv8Wv-DhqYUGzLtkCMN0_G6dbtmLepxHjnILlsP2ixrTMF63dMqM&atk=1jq8aheh9hme4800,"Experience in various programming languages like Java and Python , orchestration tools and processes or other directly related experience. Excellent analytical, organizational, and problem-solving and…",,,indeed_eg,2026-06-04 03:23:58.547461+00:00
Conformity Engineer,Talent-360.me,Maadi,https://eg.indeed.com/rc/clk?jk=907b21b4ef4fb42b&bb=BOqRTwP04sSG-ttRvwXPjszPQA02ljp9xGMvZc2WCaFljz6RUIu6BgwhVWFlKPXTw9xrt3iXF6_-wb7ORp1BEaFqACTUg7bykLpTMC6Zf7Gtab-Jhm-9KrPyvFuU6Jx0VeQIxq9hbO_Iz9SCq9rISw%3D%3D&xkcb=SoCu67M3iIdKCIzDXB0BbzkdCdPP&rjs=0&qd=Xd-cji1-rrfYy0m8LpokE8dF20pwsUrmctm8cTGFOXDOAPLLNYb6wmUg8gjYJafwpsXE23qShaYtGgdtUJu_X5BBGG-ayCiM-gQi8HpsYsLtZozk31ERKPJGlDLUboAG50chrnGX4B46HyqhlSj9xMohy02t3MX0n-6xoRHLk5Oh8V2c0duIS4mZo0TAq11Zl61No7XvcMPz961yBIpblougDO3NlIXerppYqweTrkypekz528br-gxVv8Wv-DhqYUGzLtkCMN0_G6dbtmLepxHjnILlsP2ixrTMF63dMqM&atk=1jq8aheh9hme4800,"Bachelor’s degree in Electrical Engineering or a relevant field. 2–5 years of relevant experience. Experience with GCC Conformity Schemes, SABER, UAE ECAS/EQM, and Egyptian conformity requirements.",Full-time,,indeed_eg,2026-06-04 03:23:58.467089+00:00
Investment Operations Director | Finance | Egypt,Rawaj - Human Capital Management,Cairo,https://eg.indeed.com/rc/clk?jk=61d1275bb45f0f58&bb=BOqRTwP04sSG-ttRvwXPjiBGjZWic4LDBeWB8JioFSHgXdnLif7oeLutEVVIhtvl2rAHRrrZxu9VLqWeftusWpLwnAP4PMNzU1XdKMv-ERk-AD16rT7yBD4WhW6KdmZPXYtu_iQ0CJqZ_gR0mWC7rQ%3D%3D&xkcb=SoAz67M3iIdKCIzDXB0CbzkdCdPP&rjs=0&qd=Xd-cji1-rrfYy0m8LpokE8dF20pwsUrmctm8cTGFOXDOAPLLNYb6wmUg8gjYJafwpsXE23qShaYtGgdtUJu_X5BBGG-ayCiM-gQi8HpsYsLtZozk31ERKPJGlDLUboAG50chrnGX4B46HyqhlSj9xMohy02t3MX0n-6xoRHLk5Oh8V2c0duIS4mZo0TAq11Zl61No7XvcMPz961yBIpblougDO3NlIXerppYqweTrkypekz528br-gxVv8Wv-DhqYUGzLtkCMN0_G6dbtmLepxHjnILlsP2ixrTMF63dMqM&atk=1jq8aheh9hme4800,"Proven track record of leadership or management within an asset management, brokerage, or financial services firm. Bachelor’s degree in Accounting, Finance, Economics, or Business Administration (MBA,…",Full-time,,indeed_eg,2026-06-04 03:23:58.408642+00:00
Associate Strategic Meeting Planning Specialist,Medtronic,Cairo,https://eg.indeed.com/rc/clk?jk=4ad169c27a5ed859&bb=BOqRTwP04sSG-ttRvwXPjgid1KXODWlqBHwyx-g6huRnMyjKb9otZJmmckVbQw-xlJblMfU7f2IFgNPrd1Ul6wP9XRL1JDbsw0dJt0GrhPlBOCJPfLgX1TSjXLYnXjdC0x5O--dSnM5IC9TMvmCjBw%3D%3D&xkcb=SoCH67M3iIdKCIzDXB0DbzkdCdPP&rjs=0&qd=Xd-cji1-rrfYy0m8LpokE8dF20pwsUrmctm8cTGFOXDOAPLLNYb6wmUg8gjYJafwpsXE23qShaYtGgdtUJu_X5BBGG-ayCiM-gQi8HpsYsLtZozk31ERKPJGlDLUboAG50chrnGX4B46HyqhlSj9xMohy02t3MX0n-6xoRHLk5Oh8V2c0duIS4mZo0TAq11Zl61No7XvcMPz961yBIpblougDO3NlIXerppYqweTrkypekz528br-gxVv8Wv-DhqYUGzLtkCMN0_G6dbtmLepxHjnILlsP2ixrTMF63dMqM&atk=1jq8aheh9hme4800,"Bachelor’s Degree with a minimum of 2 years’ experience in event or meeting planning. Occasional travel may be required to support key meetings, events, or initiatives, offering further opportunities…",Full-time,,indeed_eg,2026-06-04 03:23:58.335886+00:00
Customer Service - Chat account,TP,Cairo,https://eg.indeed.com/rc/clk?jk=4168b8d4d0ab856e&bb=BOqRTwP04sSG-ttRvwXPjrrWpX8-eN60aBF-qQw7-9wgJFDkCM6A0epacIAdle7yxLynoYWcXUjg0eQ5Yjf45U3tgvkZkPcHPlfY7vR4xGnN_VlWfqnkRjLBCgh9W5OojXO4QaVVMYZaRgPRyIrksA%3D%3D&xkcb=SoBu67M3iIdKCIzDXB0MbzkdCdPP&rjs=0&qd=Xd-cji1-rrfYy0m8LpokE8dF20pwsUrmctm8cTGFOXDOAPLLNYb6wmUg8gjYJafwpsXE23qShaYtGgdtUJu_X5BBGG-ayCiM-gQi8HpsYsLtZozk31ERKPJGlDLUboAG50chrnGX4B46HyqhlSj9xMohy02t3MX0n-6xoRHLk5Oh8V2c0duIS4mZo0TAq11Zl61No7XvcMPz961yBIpblougDO3NlIXerppYqweTrkypekz528br-gxVv8Wv-DhqYUGzLtkCMN0_G6dbtmLepxHjnILlsP2ixrTMF63dMqM&atk=1jq8aheh9hme4800,"Attractive Salary: 21,000 EGP NET , Net Salary (free of taxes & fees) including KPIs in the Euro Equivalent, featuring performance bonuses of 100 Euros! Medical Insurance (up to 400,000 EGP/year).","From EGP 21,000 a month",,indeed_eg,2026-06-04 03:23:58.286954+00:00
Superintendent Engineer,7 Eleven,Suez,https://eg.indeed.com/rc/clk?jk=7c8603ce711583bb&bb=BOqRTwP04sSG-ttRvwXPjoX7AG5jF7tJA45T8C0n_VuPHakn6EtCW4nKp_WdJUl8FC7wkCqybQfnbiavvQbU_TUhG9x131YN5ozT8DWS6Zfshfu1yz0PUUVPnUd9Tnfm7dYvnhQXe2VHppSKdtGXvQ%3D%3D&xkcb=SoDa67M3iIdKCIzDXB0NbzkdCdPP&rjs=0&qd=Xd-cji1-rrfYy0m8LpokE8dF20pwsUrmctm8cTGFOXDOAPLLNYb6wmUg8gjYJafwpsXE23qShaYtGgdtUJu_X5BBGG-ayCiM-gQi8HpsYsLtZozk31ERKPJGlDLUboAG50chrnGX4B46HyqhlSj9xMohy02t3MX0n-6xoRHLk5Oh8V2c0duIS4mZo0TAq11Zl61No7XvcMPz961yBIpblougDO3NlIXerppYqweTrkypekz528br-gxVv8Wv-DhqYUGzLtkCMN0_G6dbtmLepxHjnILlsP2ixrTMF63dMqM&atk=1jq8aheh9hme4800,"Bachelor’s degree in electrical or mechanical engineering. Minimum 7 years of professional experience in automation, electrical systems, control. Circuits, layout diagrams, PLC programming, AC motor…","Full-time,+3",,indeed_eg,2026-06-04 03:23:58.237501+00:00
Civil Site Engineer / Mechanical Site Engineer,nawuyi,Cairo,https://eg.indeed.com/rc/clk?jk=96d607e3c96273d3&bb=BOqRTwP04sSG-ttRvwXPjiu31QggeHAD8eESvS1u5IBPr3l49slr6OJy89C578HwVHv3s_-h15zOu3EQdGeCpdiBgHVj1Vpl8tHuDsKpiR8exWZEpWtK97dHGIVgHFKzHyp3cq99FoNbHgOnknkwMw%3D%3D&xkcb=SoBH67M3iIdKCIzDXB0ObzkdCdPP&rjs=0&qd=Xd-cji1-rrfYy0m8LpokE8dF20pwsUrmctm8cTGFOXDOAPLLNYb6wmUg8gjYJafwpsXE23qShaYtGgdtUJu_X5BBGG-ayCiM-gQi8HpsYsLtZozk31ERKPJGlDLUboAG50chrnGX4B46HyqhlSj9xMohy02t3MX0n-6xoRHLk5Oh8V2c0duIS4mZo0TAq11Zl61No7XvcMPz961yBIpblougDO3NlIXerppYqweTrkypekz528br-gxVv8Wv-DhqYUGzLtkCMN0_G6dbtmLepxHjnILlsP2ixrTMF63dMqM&atk=1jq8aheh9hme4800,"Bachelor's degree in Mechanical Engineering or a related field, with a strong academic record. Relevant certifications such as PMP, Six Sigma, or equivalent, showcasing commitment to professional…",Full-time,,indeed_eg,2026-06-04 03:23:58.184586+00:00
"ETIC, Commercial Funding Specialist - Associate",PwC,Cairo,https://eg.indeed.com/rc/clk?jk=1048a9e67939e1df&bb=BOqRTwP04sSG-ttRvwXPjtaVIeY9mcxPvyJXzKF9LLU74w7LQFKiT49ribJ8wCK2oQzT7PHGO7x9MMBgIxpqHWYVGu9oG2oTfaDHF7GODadrH6XxR4k_8ek0kO9C61pokWr-pTzQw59SHfXPLAJ0vw%3D%3D&xkcb=SoDz67M3iIdKCIzDXB0PbzkdCdPP&rjs=0&qd=Xd-cji1-rrfYy0m8LpokE8dF20pwsUrmctm8cTGFOXDOAPLLNYb6wmUg8gjYJafwpsXE23qShaYtGgdtUJu_X5BBGG-ayCiM-gQi8HpsYsLtZozk31ERKPJGlDLUboAG50chrnGX4B46HyqhlSj9xMohy02t3MX0n-6xoRHLk5Oh8V2c0duIS4mZo0TAq11Zl61No7XvcMPz961yBIpblougDO3NlIXerppYqweTrkypekz528br-gxVv8Wv-DhqYUGzLtkCMN0_G6dbtmLepxHjnILlsP2ixrTMF63dMqM&atk=1jq8aheh9hme4800,"Experience preparing or reviewing SOWs, funding proposals, claims, and supporting documentation in a partner or alliance context. 1–3 years of experience in alliance partner funding, channel/partner…",Full-time,,indeed_eg,2026-06-04 03:23:58.118138+00:00
Product Owner,Arpu plus,Maadi,https://eg.indeed.com/rc/clk?jk=2d5c2220446e37c5&bb=BOqRTwP04sSG-ttRvwXPjszPQA02ljp9PVvZ-MZ-yJI3STqufL_avK3IQICTjhjHstb-tpO3_lZssFWCi_yVnBjWQaxZEx0VCwchmQFYDcNJPuFNoTuPJZcCs5zp8gE_3JnZsxglJb4EVHpYz-VfNQ%3D%3D&xkcb=SoB967M3iIdKCIzDXB0IbzkdCdPP&rjs=0&qd=Xd-cji1-rrfYy0m8LpokE8dF20pwsUrmctm8cTGFOXDOAPLLNYb6wmUg8gjYJafwpsXE23qShaYtGgdtUJu_X5BBGG-ayCiM-gQi8HpsYsLtZozk31ERKPJGlDLUboAG50chrnGX4B46HyqhlSj9xMohy02t3MX0n-6xoRHLk5Oh8V2c0duIS4mZo0TAq11Zl61No7XvcMPz961yBIpblougDO3NlIXerppYqweTrkypekz528br-gxVv8Wv-DhqYUGzLtkCMN0_G6dbtmLepxHjnILlsP2ixrTMF63dMqM&atk=1jq8aheh9hme4800,"MBA or equivalent is a plus. Certified Scrum Product Owner (CSPO) or Pragmatic Institute certification is a plus. Experience with cloud platforms like AWS , Google Cloud, or Azure is beneficial.",Full-time,,indeed_eg,2026-06-04 03:23:58.071267+00:00
Network Expert,Tap Payments,Cairo,https://eg.indeed.com/rc/clk?jk=2b6c5ed923e16381&bb=BOqRTwP04sSG-ttRvwXPjuqbh4xqop2FWIPqd6jpPWXYyiMOE_7qqf6rjDl8KyNBvlakUPdufElV-OXJo2bFIQIIGm4ePyu54Z_Ns4ydPsN0vI33jgf0JWdl-uC-viJkRzXlonA0LATfYATM9RAE_g%3D%3D&xkcb=SoDJ67M3iIdKCIzDXB0JbzkdCdPP&rjs=0&qd=Xd-cji1-rrfYy0m8LpokE8dF20pwsUrmctm8cTGFOXDOAPLLNYb6wmUg8gjYJafwpsXE23qShaYtGgdtUJu_X5BBGG-ayCiM-gQi8HpsYsLtZozk31ERKPJGlDLUboAG50chrnGX4B46HyqhlSj9xMohy02t3MX0n-6xoRHLk5Oh8V2c0duIS4mZo0TAq11Zl61No7XvcMPz961yBIpblougDO3NlIXerppYqweTrkypekz528br-gxVv8Wv-DhqYUGzLtkCMN0_G6dbtmLepxHjnILlsP2ixrTMF63dMqM&atk=1jq8aheh9hme4800,"Solid experience with cloud networking in AWS , Azure, or GCP. Proficiency in automation and scripting (Python, Bash, or similar). 5+ years of experience in network engineering, infrastructure, or…",,,indeed_eg,2026-06-04 03:23:58.021203+00:00
Pre-Sales Network Engineer,Khdirh,Cairo,https://eg.indeed.com/rc/clk?jk=2c2af240aabfe4ee&bb=BOqRTwP04sSG-ttRvwXPjm1FxRN8ZRflo9F2zUR-mROCSedGt1GrE3Ma50Gwzo7BGkeCkHTaNGAzoXaChJzA1gtlp0RcRYLy0JIvpw4zl3P0AfUs-LH9J39ZVnnktOv7MOjvNgzs01S3qFRndEzEeQ%3D%3D&xkcb=SoBU67M3iIdKCIzDXB0KbzkdCdPP&rjs=0&qd=Xd-cji1-rrfYy0m8LpokE8dF20pwsUrmctm8cTGFOXDOAPLLNYb6wmUg8gjYJafwpsXE23qShaYtGgdtUJu_X5BBGG-ayCiM-gQi8HpsYsLtZozk31ERKPJGlDLUboAG50chrnGX4B46HyqhlSj9xMohy02t3MX0n-6xoRHLk5Oh8V2c0duIS4mZo0TAq11Zl61No7XvcMPz961yBIpblougDO3NlIXerppYqweTrkypekz528br-gxVv8Wv-DhqYUGzLtkCMN0_G6dbtmLepxHjnILlsP2ixrTMF63dMqM&atk=1jq8aheh9hme4800,"Minimum 5 years of experience in Pre-Sales, Network Engineering, or a similar role. Bachelor's degree in Telecommunications Engineering,Computer , Information Technology, or related field.",Full-time,,indeed_eg,2026-06-04 03:23:57.953786+00:00
MENA SC Finance Lead,Ecolab Inc.,Cairo,https://eg.indeed.com/rc/clk?jk=e37f1c53dfab7642&bb=BOqRTwP04sSG-ttRvwXPjv0FrLNXuK9SGelGABULugOKu5MWdo0su4gZBhs_MX1MC94IghlGH0RHLI4fCGccFwWoFDiJ9XW8Tw0kOcaNGHVn-VAsSSm5MWenxt7GtC8eSW-F9z2bp67VfAy-_W4-7Q%3D%3D&xkcb=SoDg67M3iIdKCIzDXB0LbzkdCdPP&rjs=0&qd=Xd-cji1-rrfYy0m8LpokE8dF20pwsUrmctm8cTGFOXDOAPLLNYb6wmUg8gjYJafwpsXE23qShaYtGgdtUJu_X5BBGG-ayCiM-gQi8HpsYsLtZozk31ERKPJGlDLUboAG50chrnGX4B46HyqhlSj9xMohy02t3MX0n-6xoRHLk5Oh8V2c0duIS4mZo0TAq11Zl61No7XvcMPz961yBIpblougDO3NlIXerppYqweTrkypekz528br-gxVv8Wv-DhqYUGzLtkCMN0_G6dbtmLepxHjnILlsP2ixrTMF63dMqM&atk=1jq8aheh9hme4800,"Support material price forecasting and make‑or‑buy decisions. 6–10+ years of experience in Finance, FP&A, Supply Chain Finance, or Operations Finance. End‑to‑End Supply Chain Finance Ownership.",Full-time,,indeed_eg,2026-06-04 03:23:57.900452+00:00
Electrical Site Team leader,DC Experts,Nasr City,https://eg.indeed.com/rc/clk?jk=06a5d95f15294451&bb=6k72uT2hfzTyMevopsqiTBvIxcCkXTQvMjrfKflvXJ121cPDyZVnVdupF92eLvYArqajvQmXBDJeu9EAxGpnvj7nJj4EBUnPXWpiqiQDXACRFoab6VR4Z-zmSiSug9fpOeofaGrc9BpJUFQRORNx5w%3D%3D&xkcb=SoD767M3iIdK6izDUZ0TbzkdCdPP&rjs=0&qd=Xd-cji1-rrfYy0m8LpokE8dF20pwsUrmctm8cTGFOXDOAPLLNYb6wmUg8gjYJafwpsXE23qShaYtGgdtUJu_X5BBGG-ayCiM-gQi8HpsYsLtZozk31ERKPJGlDLUboAG50chrnGX4B46HyqhlSj9xMohy02t3MX0n-6xoRHLk5Oh8V2c0duIS4mZo0TAq11Zl61No7XvcMPz961yBIpblougDO3NlIXerppYqweTrkypekz528br-gxVv8Wv-DhqYUGzLtkCMN0_G6dbtmLepxhvys9le8GeoAhw8o1WeZQ&atk=1jq8ah9ebhc5o804,"Additional certifications in MEP, LV/MV systems, or Project Management are considered a plus. 8–10 years of experience in electrical site engineering, specifically in Data Center Infrastructure…","From EGP 50,000 a month,Full-time",,indeed_eg,2026-06-04 03:23:54.128793+00:00
White smith and Painter,7 Eleven,Suez,https://eg.indeed.com/rc/clk?jk=30ac17c9433e07d6&bb=6k72uT2hfzTyMevopsqiTO9qZ93_7IQyozWEezjZXufgo3gQ9EoClrUltiiAzaZzglHNiev5tNJq7PvN7D12S54kHZB6lBu2oVfaC1uQvkcsYn1A9mdfkzOoUqlja6hB8Ca0kYf2dB7xGPbcbpzsSw%3D%3D&xkcb=SoAS67M3iIdK6izDUZ0cbzkdCdPP&rjs=0&qd=Xd-cji1-rrfYy0m8LpokE8dF20pwsUrmctm8cTGFOXDOAPLLNYb6wmUg8gjYJafwpsXE23qShaYtGgdtUJu_X5BBGG-ayCiM-gQi8HpsYsLtZozk31ERKPJGlDLUboAG50chrnGX4B46HyqhlSj9xMohy02t3MX0n-6xoRHLk5Oh8V2c0duIS4mZo0TAq11Zl61No7XvcMPz961yBIpblougDO3NlIXerppYqweTrkypekz528br-gxVv8Wv-DhqYUGzLtkCMN0_G6dbtmLepxhvys9le8GeoAhw8o1WeZQ&atk=1jq8ah9ebhc5o804,"Proficiency in CMMS software (e.g., Maximo, SAP PM, or Infor EAM). Projects such as crane overhauls, terminal expansions, or power upgrades. 3–7 years of experience in engineering planning or…","Full-time,+3",,indeed_eg,2026-06-04 03:23:54.085452+00:00
Product Analyst,Elements,Cairo,https://eg.indeed.com/rc/clk?jk=00aafdd8c01b1c70&bb=6k72uT2hfzTyMevopsqiTL-lUcH6CUTkBHd1RS57OuoiEcNyMPx2JY1N6HtZ-skwHNRdHwEK9bBX8G2V4FRbT-hiAcgmOYmxzqg3hXaziuljyK_Q49dONzpsh2FcKw2mI2EdDQERE2rcrIDC3OG_cg%3D%3D&xkcb=SoCm67M3iIdK6izDUZ0dbzkdCdPP&rjs=0&qd=Xd-cji1-rrfYy0m8LpokE8dF20pwsUrmctm8cTGFOXDOAPLLNYb6wmUg8gjYJafwpsXE23qShaYtGgdtUJu_X5BBGG-ayCiM-gQi8HpsYsLtZozk31ERKPJGlDLUboAG50chrnGX4B46HyqhlSj9xMohy02t3MX0n-6xoRHLk5Oh8V2c0duIS4mZo0TAq11Zl61No7XvcMPz961yBIpblougDO3NlIXerppYqweTrkypekz528br-gxVv8Wv-DhqYUGzLtkCMN0_G6dbtmLepxhvys9le8GeoAhw8o1WeZQ&atk=1jq8ah9ebhc5o804,Ability to understand complex technical requirements and communicate effectively with software engineers . Own the functional validation of new features from advanced beta through to full production…,,,indeed_eg,2026-06-04 03:23:54.039673+00:00
Senior Data Mesh Engineer,Coca-Cola HBC,Cairo,https://eg.indeed.com/rc/clk?jk=65ec52903d2fa970&bb=6k72uT2hfzTyMevopsqiTA-haZ37x0rEQynQB8xWxqoArPJXlW7yHvI3gO0gqznt2qyUC9MCenGl3420mCkcGgXslmIjJaAPuNViYb04yX-Yl1_FiIlxq35WG174MKnm6hMbyqlbAK6TWmg1Rvqbkg%3D%3D&xkcb=SoA767M3iIdK6izDUZ0ebzkdCdPP&rjs=0&qd=Xd-cji1-rrfYy0m8LpokE8dF20pwsUrmctm8cTGFOXDOAPLLNYb6wmUg8gjYJafwpsXE23qShaYtGgdtUJu_X5BBGG-ayCiM-gQi8HpsYsLtZozk31ERKPJGlDLUboAG50chrnGX4B46HyqhlSj9xMohy02t3MX0n-6xoRHLk5Oh8V2c0duIS4mZo0TAq11Zl61No7XvcMPz961yBIpblougDO3NlIXerppYqweTrkypekz528br-gxVv8Wv-DhqYUGzLtkCMN0_G6dbtmLepxhvys9le8GeoAhw8o1WeZQ&atk=1jq8ah9ebhc5o804,"3+ years of experience in software engineering, platform engineering, or data platform engineering roles. Databricks or Azure Data Engineer certification is a plus. Proficiency in Python and Spark.",,,indeed_eg,2026-06-04 03:23:53.994722+00:00
SPC Engineer,COLAS,Cairo,https://eg.indeed.com/rc/clk?jk=2fe28b61e693c6ad&bb=6k72uT2hfzTyMevopsqiTIv7gLkQ27WV8m-OoKLujftuGbWnNjld1UuIZJ2-nXDH9VFsywpU6w8-PaAmpAvQH7gLW90qB1pRD8MdjyEMaMpuH8RFq6YrvYB-C5JWslUyQhbsaS-NJJH_fMI1LtLzTA%3D%3D&xkcb=SoCP67M3iIdK6izDUZ0fbzkdCdPP&rjs=0&qd=Xd-cji1-rrfYy0m8LpokE8dF20pwsUrmctm8cTGFOXDOAPLLNYb6wmUg8gjYJafwpsXE23qShaYtGgdtUJu_X5BBGG-ayCiM-gQi8HpsYsLtZozk31ERKPJGlDLUboAG50chrnGX4B46HyqhlSj9xMohy02t3MX0n-6xoRHLk5Oh8V2c0duIS4mZo0TAq11Zl61No7XvcMPz961yBIpblougDO3NlIXerppYqweTrkypekz528br-gxVv8Wv-DhqYUGzLtkCMN0_G6dbtmLepxhvys9le8GeoAhw8o1WeZQ&atk=1jq8ah9ebhc5o804,"Degree in Civil, Electrical, or Mechanical Engineering. 3–5 years of relevant experience in rail, metro, or infrastructure projects. Colas Rail Egypt is seeking a proactive SPC Engineer to support…",,,indeed_eg,2026-06-04 03:23:53.932486+00:00
Senior Azure Data Engineer,Coca-Cola HBC,Cairo,https://eg.indeed.com/rc/clk?jk=56baff6f0b5345a8&bb=6k72uT2hfzTyMevopsqiTAT-f6F8dXBRrSXQhqRIY4ST6QfHANSVu8fcM1EWPyhe5ZlPm9ZGJHw_aELrRN_gRT6F5h3T92TZj-arLeEuOX8qnGDqUfqsOZ447UtFVGMwxyzvWDauZrJobHYcQWhlHQ%3D%3D&xkcb=SoAB67M3iIdK6izDUZ0YbzkdCdPP&rjs=0&qd=Xd-cji1-rrfYy0m8LpokE8dF20pwsUrmctm8cTGFOXDOAPLLNYb6wmUg8gjYJafwpsXE23qShaYtGgdtUJu_X5BBGG-ayCiM-gQi8HpsYsLtZozk31ERKPJGlDLUboAG50chrnGX4B46HyqhlSj9xMohy02t3MX0n-6xoRHLk5Oh8V2c0duIS4mZo0TAq11Zl61No7XvcMPz961yBIpblougDO3NlIXerppYqweTrkypekz528br-gxVv8Wv-DhqYUGzLtkCMN0_G6dbtmLepxhvys9le8GeoAhw8o1WeZQ&atk=1jq8ah9ebhc5o804,"Bachelor's degree in Information Technology, Computer Science, or related field. Proficiency in at least one programming language: Python (preferred), Scala, or C#/.NET.",,,indeed_eg,2026-06-04 03:23:53.885126+00:00
"Learning Coordinator, AMZL Transportation Field L&D",Souq.com for E-Commerce LLC,Giza,https://eg.indeed.com/rc/clk?jk=567b027adf52a623&bb=6k72uT2hfzTyMevopsqiTCOIAIkaR45L5k8xaeM20I-TEGHfRSlrc_PgAS8nSoLhKnHXpekS7ngdBLDEbt7x0ITaVSFu7J1LZgUSnZPmhR-3m8pKk1F2qlLnuzVgwBAmgwswFwVycxzowSeRlnKivQ%3D%3D&xkcb=SoC167M3iIdK6izDUZ0ZbzkdCdPP&rjs=0&qd=Xd-cji1-rrfYy0m8LpokE8dF20pwsUrmctm8cTGFOXDOAPLLNYb6wmUg8gjYJafwpsXE23qShaYtGgdtUJu_X5BBGG-ayCiM-gQi8HpsYsLtZozk31ERKPJGlDLUboAG50chrnGX4B46HyqhlSj9xMohy02t3MX0n-6xoRHLk5Oh8V2c0duIS4mZo0TAq11Zl61No7XvcMPz961yBIpblougDO3NlIXerppYqweTrkypekz528br-gxVv8Wv-DhqYUGzLtkCMN0_G6dbtmLepxhvys9le8GeoAhw8o1WeZQ&atk=1jq8ah9ebhc5o804,"Bachelor's degree or equivalent. 2+ years of performance metrics, process improvement or lean techniques experience. Ability to solve problems: react quickly and productively, serving as a resource…",Full-time,,indeed_eg,2026-06-04 03:23:53.835576+00:00
"ETIC, L&D Coordinator - Associate",PwC,Cairo,https://eg.indeed.com/rc/clk?jk=8c523253d91901b8&bb=6k72uT2hfzTyMevopsqiTAgeeuSl2cU4ErAZ1_PQsl3ZlIPM5551WKwCltby9sCFTiubvbhg4GbZ_LAnDKPujzdchUb-FhJyyzkYkrBQgiNg2dKRI9ZVQSGyzv8dpqj8Qry55DgebXm118oocU5l7w%3D%3D&xkcb=SoAo67M3iIdK6izDUZ0abzkdCdPP&rjs=0&qd=Xd-cji1-rrfYy0m8LpokE8dF20pwsUrmctm8cTGFOXDOAPLLNYb6wmUg8gjYJafwpsXE23qShaYtGgdtUJu_X5BBGG-ayCiM-gQi8HpsYsLtZozk31ERKPJGlDLUboAG50chrnGX4B46HyqhlSj9xMohy02t3MX0n-6xoRHLk5Oh8V2c0duIS4mZo0TAq11Zl61No7XvcMPz961yBIpblougDO3NlIXerppYqweTrkypekz528br-gxVv8Wv-DhqYUGzLtkCMN0_G6dbtmLepxhvys9le8GeoAhw8o1WeZQ&atk=1jq8ah9ebhc5o804,"Education (if blank, degree and/or field of study not specified). 2–5 years of experience in operations, coordination, or project management (L&D knowledge preferred).",Full-time,,indeed_eg,2026-06-04 03:23:53.787589+00:00
Odoo Developer,BBI,New Cairo,https://eg.indeed.com/rc/clk?jk=008b0f6ec8d733fc&bb=6k72uT2hfzTyMevopsqiTCmCN6Oqvtf68PY4x292n8Ab7eOzfuorzc7nccNuzuNTs_hySMfU_VimU28Pzs3-wAoJ6WiFAZQyHSMX1wQhYrCwERlKpR9erlnNm8WjyIYTBc8R2cmzkJX7GlhtOYfpEA%3D%3D&xkcb=SoCc67M3iIdK6izDUZ0bbzkdCdPP&rjs=0&qd=Xd-cji1-rrfYy0m8LpokE8dF20pwsUrmctm8cTGFOXDOAPLLNYb6wmUg8gjYJafwpsXE23qShaYtGgdtUJu_X5BBGG-ayCiM-gQi8HpsYsLtZozk31ERKPJGlDLUboAG50chrnGX4B46HyqhlSj9xMohy02t3MX0n-6xoRHLk5Oh8V2c0duIS4mZo0TAq11Zl61No7XvcMPz961yBIpblougDO3NlIXerppYqweTrkypekz528br-gxVv8Wv-DhqYUGzLtkCMN0_G6dbtmLepxhvys9le8GeoAhw8o1WeZQ&atk=1jq8ah9ebhc5o804,"Customize backend and frontend different Odoo modules. Bachelor's degree in engineering or computer science or any equivalent major. Writing clean, high-quality, high-performance, maintainable code.",,,indeed_eg,2026-06-04 03:23:53.736176+00:00
Financial Controller,Siemens Energy,Cairo,https://eg.indeed.com/rc/clk?jk=c1f257e1681a85e9&bb=6k72uT2hfzTyMevopsqiTGsaFVeycJy9bUQphmx6MyPuyN0G4XPxhrry8ELgZgLUPiLBz5SBubKRvuDu_05WKIFR-PXv2NVjhZ_8bjHm0M5y36NBYn-PsKCQBzmmKfDqUHLIh4uZbk-XvmybMn8qyg%3D%3D&xkcb=SoC767M3iIdK6izDUZ0EbzkdCdPP&rjs=0&qd=Xd-cji1-rrfYy0m8LpokE8dF20pwsUrmctm8cTGFOXDOAPLLNYb6wmUg8gjYJafwpsXE23qShaYtGgdtUJu_X5BBGG-ayCiM-gQi8HpsYsLtZozk31ERKPJGlDLUboAG50chrnGX4B46HyqhlSj9xMohy02t3MX0n-6xoRHLk5Oh8V2c0duIS4mZo0TAq11Zl61No7XvcMPz961yBIpblougDO3NlIXerppYqweTrkypekz528br-gxVv8Wv-DhqYUGzLtkCMN0_G6dbtmLepxhvys9le8GeoAhw8o1WeZQ&atk=1jq8ah9ebhc5o804,"Bachelor's degree in Finance, Accounting, Business Administration, or a related field. 5–8 years of experience in Financial Controlling, Business Controlling, or Financial Planning & Analysis (FP&A).",Full-time,,indeed_eg,2026-06-04 03:23:53.691666+00:00
Data Scientist - Volunteer,World Food Programme,Cairo,https://eg.indeed.com/rc/clk?jk=d148b9132c9ac7b1&bb=6k72uT2hfzTyMevopsqiTNL6iyDQ_y651mYsTFTSowk1Ptqik1pxdWKgXGlyWlGyFFw_Rs2184qReI-GjonltqCHK8OeFwn0yTuWmqvhXk24Ke95n9kM-v7EGskFxAxe9X48sRhqYd7uYBmvCnBYoQ%3D%3D&xkcb=SoAP67M3iIdK6izDUZ0FbzkdCdPP&rjs=0&qd=Xd-cji1-rrfYy0m8LpokE8dF20pwsUrmctm8cTGFOXDOAPLLNYb6wmUg8gjYJafwpsXE23qShaYtGgdtUJu_X5BBGG-ayCiM-gQi8HpsYsLtZozk31ERKPJGlDLUboAG50chrnGX4B46HyqhlSj9xMohy02t3MX0n-6xoRHLk5Oh8V2c0duIS4mZo0TAq11Zl61No7XvcMPz961yBIpblougDO3NlIXerppYqweTrkypekz528br-gxVv8Wv-DhqYUGzLtkCMN0_G6dbtmLepxhvys9le8GeoAhw8o1WeZQ&atk=1jq8ah9ebhc5o804,"Completed analytical or technical tasks assigned during the internship, including code, analysis outputs, or prototype contributions as applicable. Currently enrolled in an undergraduate programme in…",Full-time,,indeed_eg,2026-06-04 03:23:53.638936+00:00
Mechanical Production Engineer – Aluminum Industry | Lybia,BasharSoft,Cairo,https://eg.indeed.com/rc/clk?jk=6dabcacf594f4a55&bb=6k72uT2hfzTyMevopsqiTDlp9FLG8zGnusEkavCE_Ebho4g9sj5XkN7oPT2uPZU9oVONX_tedEzPWolhPK7DBFBnG0fAZc9aPZ-5A6_ShcLmkpGp2EdozNVSzshEPx6lJtBuDM_TXYv4sO7KCySmjg%3D%3D&xkcb=SoCS67M3iIdK6izDUZ0GbzkdCdPP&rjs=0&qd=Xd-cji1-rrfYy0m8LpokE8dF20pwsUrmctm8cTGFOXDOAPLLNYb6wmUg8gjYJafwpsXE23qShaYtGgdtUJu_X5BBGG-ayCiM-gQi8HpsYsLtZozk31ERKPJGlDLUboAG50chrnGX4B46HyqhlSj9xMohy02t3MX0n-6xoRHLk5Oh8V2c0duIS4mZo0TAq11Zl61No7XvcMPz961yBIpblougDO3NlIXerppYqweTrkypekz528br-gxVv8Wv-DhqYUGzLtkCMN0_G6dbtmLepxhvys9le8GeoAhw8o1WeZQ&atk=1jq8ah9ebhc5o804,Experience with aluminum shutters or related products is considered a plus. 3–4 years of experience in aluminum manufacturing or production environments. Bachelor's degree in Mechanical Engineering.,Full-time,,indeed_eg,2026-06-04 03:23:53.587028+00:00
DevOps Associate Manager,Vodafone,Giza,https://eg.indeed.com/rc/clk?jk=b34e2a7797752604&bb=6k72uT2hfzTyMevopsqiTJCqXH9o_ZERBV3WnRyTNdbM6HpHDYJMLlJigD9pE4o7bfACKoIwPytoFBDKX6w90yDgMwdT054x4dqTitE7auoD2INOxvNKSxU-r8Pd9UbsqutWYPCrYFgcOrgGGBJyPA%3D%3D&xkcb=SoAm67M3iIdK6izDUZ0HbzkdCdPP&rjs=0&qd=Xd-cji1-rrfYy0m8LpokE8dF20pwsUrmctm8cTGFOXDOAPLLNYb6wmUg8gjYJafwpsXE23qShaYtGgdtUJu_X5BBGG-ayCiM-gQi8HpsYsLtZozk31ERKPJGlDLUboAG50chrnGX4B46HyqhlSj9xMohy02t3MX0n-6xoRHLk5Oh8V2c0duIS4mZo0TAq11Zl61No7XvcMPz961yBIpblougDO3NlIXerppYqweTrkypekz528br-gxVv8Wv-DhqYUGzLtkCMN0_G6dbtmLepxhvys9le8GeoAhw8o1WeZQ&atk=1jq8ah9ebhc5o804,Computer Science/Engineering graduate or equivalent related degree. 7+ years of working experience in delivering solutions and software . If you require any reasonable adjustments or have an…,Full-time,,indeed_eg,2026-06-04 03:23:53.532905+00:00
civil Engineer - Internship,RATP Dev,Cairo,https://eg.indeed.com/rc/clk?jk=152b1eef86eb3a27&bb=6k72uT2hfzTyMevopsqiTOv7V_9WfMvwYtEXkEJ2iE0g0DThv-QkjEEGjSe0nn0EAtFPKcjqSOKzET_ghNnCcT0ZG6nRBebeA8cG3zPo_PbXAz18D6uq4hFTxlwpHP_iPPcf3ChbOsEcUS92rDtn8w%3D%3D&xkcb=SoCo67M3iIdK6izDUZ0AbzkdCdPP&rjs=0&qd=Xd-cji1-rrfYy0m8LpokE8dF20pwsUrmctm8cTGFOXDOAPLLNYb6wmUg8gjYJafwpsXE23qShaYtGgdtUJu_X5BBGG-ayCiM-gQi8HpsYsLtZozk31ERKPJGlDLUboAG50chrnGX4B46HyqhlSj9xMohy02t3MX0n-6xoRHLk5Oh8V2c0duIS4mZo0TAq11Zl61No7XvcMPz961yBIpblougDO3NlIXerppYqweTrkypekz528br-gxVv8Wv-DhqYUGzLtkCMN0_G6dbtmLepxhvys9le8GeoAhw8o1WeZQ&atk=1jq8ah9ebhc5o804,Student of Civil or Architecture engineering. This internship offers the opportunity to learn about asset management by assisting with accurate data recording in Maximo and understanding RDMC’s…,Internship,,indeed_eg,2026-06-04 03:23:53.476945+00:00
Senior Utilities and Facilities Engineer - Badr City,Leoni,مصر,https://eg.indeed.com/rc/clk?jk=a17635ba75bda2c4&bb=6k72uT2hfzTyMevopsqiTF84m7DfodzKefsINiqBC3wBVUuJGtIk6F6bZVW4uPVrcYesY1h4VXLpI_cBBQDhaBVxx7F_AslRV-YlAaMAMdQrpMuGKf94vfgenZK3acdYtODP7t_JpckJrScw6wu4xg%3D%3D&xkcb=SoAc67M3iIdK6izDUZ0BbzkdCdPP&rjs=0&qd=Xd-cji1-rrfYy0m8LpokE8dF20pwsUrmctm8cTGFOXDOAPLLNYb6wmUg8gjYJafwpsXE23qShaYtGgdtUJu_X5BBGG-ayCiM-gQi8HpsYsLtZozk31ERKPJGlDLUboAG50chrnGX4B46HyqhlSj9xMohy02t3MX0n-6xoRHLk5Oh8V2c0duIS4mZo0TAq11Zl61No7XvcMPz961yBIpblougDO3NlIXerppYqweTrkypekz528br-gxVv8Wv-DhqYUGzLtkCMN0_G6dbtmLepxhvys9le8GeoAhw8o1WeZQ&atk=1jq8ah9ebhc5o804,"Education: Bachelor’s Degree in Mechanical, Electrical, or Facilities Engineering. Experience: 4+ years of experience in industrial facilities management, specifically within high-volume manufacturing…",,,indeed_eg,2026-06-04 03:23:53.408998+00:00
Microsoft Solutions Engineer,ZainTECH,Cairo,https://eg.indeed.com/rc/clk?jk=c40184e651546354&bb=6k72uT2hfzTyMevopsqiTJ1tNI6TUE2DGbmJrNeiplbT6NaEU0A9OPvwzF1C0UckF-AsgnK1opkKBxYnD9TN-dCX6KgsPFWX0ZTWIsH7NH5XAYXoPPyfD0CpuuVcG3GGl7xAEpzLrj5XjlJheJtLjg%3D%3D&xkcb=SoCB67M3iIdK6izDUZ0CbzkdCdPP&rjs=0&qd=Xd-cji1-rrfYy0m8LpokE8dF20pwsUrmctm8cTGFOXDOAPLLNYb6wmUg8gjYJafwpsXE23qShaYtGgdtUJu_X5BBGG-ayCiM-gQi8HpsYsLtZozk31ERKPJGlDLUboAG50chrnGX4B46HyqhlSj9xMohy02t3MX0n-6xoRHLk5Oh8V2c0duIS4mZo0TAq11Zl61No7XvcMPz961yBIpblougDO3NlIXerppYqweTrkypekz528br-gxVv8Wv-DhqYUGzLtkCMN0_G6dbtmLepxhvys9le8GeoAhw8o1WeZQ&atk=1jq8ah9ebhc5o804,"Maintain accurate workshop attribution and opportunity tagging within Salesforce or CRM platforms. Bachelor’s degree in Computer Science, Information Technology, Engineering or a related technical…",,,indeed_eg,2026-06-04 03:23:53.344449+00:00
Electrical Engineer - Internship,RATP Dev,Cairo,https://eg.indeed.com/rc/clk?jk=c04446d7fa616b96&bb=6k72uT2hfzTyMevopsqiTALXbGvDIr5qhE6qdFo20YtDGRkFO9hsY5Vh6vs5W6SrO1I0P6xJVsY29KUjcGCgi8J4tBrPkdzpgHOY-HjVXu08EblloWLS4A7nl2eAnZb_hOC_U-rYYU6JI5oHxF052w%3D%3D&xkcb=SoA167M3iIdK6izDUZ0DbzkdCdPP&rjs=0&qd=Xd-cji1-rrfYy0m8LpokE8dF20pwsUrmctm8cTGFOXDOAPLLNYb6wmUg8gjYJafwpsXE23qShaYtGgdtUJu_X5BBGG-ayCiM-gQi8HpsYsLtZozk31ERKPJGlDLUboAG50chrnGX4B46HyqhlSj9xMohy02t3MX0n-6xoRHLk5Oh8V2c0duIS4mZo0TAq11Zl61No7XvcMPz961yBIpblougDO3NlIXerppYqweTrkypekz528br-gxVv8Wv-DhqYUGzLtkCMN0_G6dbtmLepxhvys9le8GeoAhw8o1WeZQ&atk=1jq8ah9ebhc5o804,This internship offers the opportunity to learn about asset management by assisting with accurate data recording in Maximo and understanding RDMC’s operational and safety standards.,Internship,,indeed_eg,2026-06-04 03:23:53.280009+00:00
Data Analyst Volunteer,World Food Programme,Cairo,https://eg.indeed.com/rc/clk?jk=8cfba4928ab45632&bb=6k72uT2hfzTyMevopsqiTPeCUCWTVBltUujClFQEdiZjecl0bcgg-EtLUenQEScRUUbSXhXc0Cja902dy4gplCVVil7MxI-R460jLqpe_hFUmJ5sCexSd4mJDhX6csGA3wu3ilwCOkTQsFXh6zFRNA%3D%3D&xkcb=SoDc67M3iIdK6izDUZ0MbzkdCdPP&rjs=0&qd=Xd-cji1-rrfYy0m8LpokE8dF20pwsUrmctm8cTGFOXDOAPLLNYb6wmUg8gjYJafwpsXE23qShaYtGgdtUJu_X5BBGG-ayCiM-gQi8HpsYsLtZozk31ERKPJGlDLUboAG50chrnGX4B46HyqhlSj9xMohy02t3MX0n-6xoRHLk5Oh8V2c0duIS4mZo0TAq11Zl61No7XvcMPz961yBIpblougDO3NlIXerppYqweTrkypekz528br-gxVv8Wv-DhqYUGzLtkCMN0_G6dbtmLepxhvys9le8GeoAhw8o1WeZQ&atk=1jq8ah9ebhc5o804,"Cleaned and transformed datasets, analytical outputs, or supporting models produced during the internship, as applicable. At least one Tableau dashboard, visualization, or end-of-internship…",Full-time,,indeed_eg,2026-06-04 03:23:53.198237+00:00
Sovereign AI Developer,Luxoft,مصر,https://eg.indeed.com/rc/clk?jk=041d4815d734ac82&bb=6k72uT2hfzTyMevopsqiTBxBLCywPpuAC_lHSQVpCFYBincyEosuX_GrMyJMdKdo8WcExZ2GezW3BJGjxUtwOy9OecSlaLvaQrNqxEz2EOk_nu6EHbBzKraF-HWNUfkDaTFWS_x9WtQpo7mWeGKHUw%3D%3D&xkcb=SoBo67M3iIdK6izDUZ0NbzkdCdPP&rjs=0&qd=Xd-cji1-rrfYy0m8LpokE8dF20pwsUrmctm8cTGFOXDOAPLLNYb6wmUg8gjYJafwpsXE23qShaYtGgdtUJu_X5BBGG-ayCiM-gQi8HpsYsLtZozk31ERKPJGlDLUboAG50chrnGX4B46HyqhlSj9xMohy02t3MX0n-6xoRHLk5Oh8V2c0duIS4mZo0TAq11Zl61No7XvcMPz961yBIpblougDO3NlIXerppYqweTrkypekz528br-gxVv8Wv-DhqYUGzLtkCMN0_G6dbtmLepxhvys9le8GeoAhw8o1WeZQ&atk=1jq8ah9ebhc5o804,"APIs, UI/UX, frontend/backend, integration patterns, use case implementation. Full Stack Developer for Sovereign AI Developer. Develop applications, APIs, and UI components for use cases, demos, and…",,,indeed_eg,2026-06-04 03:23:53.074962+00:00
Maintenance Engineering - Internship,RATP Dev,Cairo,https://eg.indeed.com/rc/clk?jk=b97c415e75851245&bb=6k72uT2hfzTyMevopsqiTHOHWyoeQeteeVj-uoq93hdTdH6rnefKKPHNWTYdcwsgKIqcR16_Mdz1R6RBNUVRqEvrxM3zH6SmbdoZeD1fr2uX_PofGOMvzD2-rH4-0ooRTKxOTOXGm4OCiqrVPoIhdw%3D%3D&xkcb=SoD167M3iIdK6izDUZ0ObzkdCdPP&rjs=0&qd=Xd-cji1-rrfYy0m8LpokE8dF20pwsUrmctm8cTGFOXDOAPLLNYb6wmUg8gjYJafwpsXE23qShaYtGgdtUJu_X5BBGG-ayCiM-gQi8HpsYsLtZozk31ERKPJGlDLUboAG50chrnGX4B46HyqhlSj9xMohy02t3MX0n-6xoRHLk5Oh8V2c0duIS4mZo0TAq11Zl61No7XvcMPz961yBIpblougDO3NlIXerppYqweTrkypekz528br-gxVv8Wv-DhqYUGzLtkCMN0_G6dbtmLepxhvys9le8GeoAhw8o1WeZQ&atk=1jq8ah9ebhc5o804,This internship offers the opportunity to learn about asset management by assisting with accurate data recording in Maximo and understanding RDMC’s operational and safety standards.,Internship,,indeed_eg,2026-06-04 03:23:53.021455+00:00
RAM Engineer,ALSTOM,Cairo,https://eg.indeed.com/rc/clk?jk=38e6337e2bc77cf8&bb=6k72uT2hfzTyMevopsqiTC5sQOcRpNBY20DH8sNO_n7MA4WLL-43UguU9b1TDlOk7bKkTyL9SihRHa-vZ2K6pRrkZpAdZzKtwpo5gzutjOkal0yqJZ7i7Lex6HwJ3jtek-H4gQefwdSQzMSs74rhRQ%3D%3D&xkcb=SoBB67M3iIdK6izDUZ0PbzkdCdPP&rjs=0&qd=Xd-cji1-rrfYy0m8LpokE8dF20pwsUrmctm8cTGFOXDOAPLLNYb6wmUg8gjYJafwpsXE23qShaYtGgdtUJu_X5BBGG-ayCiM-gQi8HpsYsLtZozk31ERKPJGlDLUboAG50chrnGX4B46HyqhlSj9xMohy02t3MX0n-6xoRHLk5Oh8V2c0duIS4mZo0TAq11Zl61No7XvcMPz961yBIpblougDO3NlIXerppYqweTrkypekz528br-gxVv8Wv-DhqYUGzLtkCMN0_G6dbtmLepxhvys9le8GeoAhw8o1WeZQ&atk=1jq8ah9ebhc5o804,"Experience in RAM or RAMS function, but also preferable in Railway Signaling, Integrated Logistic Support, Maintenance, Electronics engineering, Software engineering.",,,indeed_eg,2026-06-04 03:23:52.969980+00:00
Product Analyst – RGM & Finance A&I Solutions,Coca-Cola HBC,Cairo,https://eg.indeed.com/rc/clk?jk=65a0f04924f6e390&bb=6k72uT2hfzTyMevopsqiTEcCofcXplFc4ZiLN1PWVB-SRZqdDs9J4FOyxce6V-2tp_34R0BXnv1MxmmNaU_tYCO-pSyQcqmjtqTtdpU9_D9s7GyJhBzjeIcoeKdf11xvVMPgHPzKgE2hguHX3TkL3g%3D%3D&xkcb=SoDP67M3iIdK6izDUZ0IbzkdCdPP&rjs=0&qd=Xd-cji1-rrfYy0m8LpokE8dF20pwsUrmctm8cTGFOXDOAPLLNYb6wmUg8gjYJafwpsXE23qShaYtGgdtUJu_X5BBGG-ayCiM-gQi8HpsYsLtZozk31ERKPJGlDLUboAG50chrnGX4B46HyqhlSj9xMohy02t3MX0n-6xoRHLk5Oh8V2c0duIS4mZo0TAq11Zl61No7XvcMPz961yBIpblougDO3NlIXerppYqweTrkypekz528br-gxVv8Wv-DhqYUGzLtkCMN0_G6dbtmLepxhvys9le8GeoAhw8o1WeZQ&atk=1jq8ah9ebhc5o804,"3–5 years of experience in a Product Analyst, Business Analyst, or similar role within digital or data-driven environments. Bachelor's degree in Information Technology, Computer Science, or related…",,,indeed_eg,2026-06-04 03:23:52.909288+00:00
Lead AI Engineer - Data Reliability,Siemens Energy,Cairo,https://eg.indeed.com/rc/clk?jk=ac9f023ebce889a3&bb=6k72uT2hfzTyMevopsqiTEu0bm_i8kYDl11_hwoJd9Modb-VlRfwHkvEubf8_oLloe4S_FTjao_ptdPfCOmfRRsLlEwhvqkCjMuYuolnKfgWfGL7rLuiYxAZY_waEGw5zzHwNwL1cpWoLPHrenmnSQ%3D%3D&xkcb=SoB767M3iIdK6izDUZ0JbzkdCdPP&rjs=0&qd=Xd-cji1-rrfYy0m8LpokE8dF20pwsUrmctm8cTGFOXDOAPLLNYb6wmUg8gjYJafwpsXE23qShaYtGgdtUJu_X5BBGG-ayCiM-gQi8HpsYsLtZozk31ERKPJGlDLUboAG50chrnGX4B46HyqhlSj9xMohy02t3MX0n-6xoRHLk5Oh8V2c0duIS4mZo0TAq11Zl61No7XvcMPz961yBIpblougDO3NlIXerppYqweTrkypekz528br-gxVv8Wv-DhqYUGzLtkCMN0_G6dbtmLepxhvys9le8GeoAhw8o1WeZQ&atk=1jq8ah9ebhc5o804,"Industry Experience: Strong background in energy, utilities, or industrial environments, with exposure to power plant operations (preferably CCPP) and enterprise documentation systems like CMMS, DMS,…",Full-time,,indeed_eg,2026-06-04 03:23:52.859272+00:00
Software Director - CPO Platform & Digital Products,Envision Employment Solutions,Cairo,https://eg.indeed.com/rc/clk?jk=cb82f6c10656f481&bb=6k72uT2hfzTyMevopsqiTNu8c7DaQJYZiGHduYiARNwKZgnxRt759CHl5PBJHzt9DNrUCkQXgIrDMr3dwYFkU2kX3_IPOTFZVWq4y7F1cumwzkRRwJzsRrryzoofVc_SFjOtFg9olsSLqnfAeDaZFA%3D%3D&xkcb=SoDm67M3iIdK6izDUZ0KbzkdCdPP&rjs=0&qd=Xd-cji1-rrfYy0m8LpokE8dF20pwsUrmctm8cTGFOXDOAPLLNYb6wmUg8gjYJafwpsXE23qShaYtGgdtUJu_X5BBGG-ayCiM-gQi8HpsYsLtZozk31ERKPJGlDLUboAG50chrnGX4B46HyqhlSj9xMohy02t3MX0n-6xoRHLk5Oh8V2c0duIS4mZo0TAq11Zl61No7XvcMPz961yBIpblougDO3NlIXerppYqweTrkypekz528br-gxVv8Wv-DhqYUGzLtkCMN0_G6dbtmLepxhvys9le8GeoAhw8o1WeZQ&atk=1jq8ah9ebhc5o804,"12–15 years of experience in software engineering, technology leadership, digital platform development, product technology, or software delivery management.",Full-time,,indeed_eg,2026-06-04 03:23:52.806272+00:00
AI & NLP Specialist (On-Premises AI Enclave & Heuristic Modeling),Malo,مصر,https://eg.indeed.com/rc/clk?jk=d09307e7c88c5dc6&bb=6k72uT2hfzTyMevopsqiTLzS8omUqz-WRxk0IOFyu0RMm-Q2o0uD_gDMxzhAX2cWeIBfSn707V6Dr0JxMT-JbUEtoHG8C0dO0_Yzs_3wb6fMejbdXQ1VjBz-N2a_4b9rxhO23ulJoBuZbrNndAs_kw%3D%3D&xkcb=SoBS67M3iIdK6izDUZ0LbzkdCdPP&rjs=0&qd=Xd-cji1-rrfYy0m8LpokE8dF20pwsUrmctm8cTGFOXDOAPLLNYb6wmUg8gjYJafwpsXE23qShaYtGgdtUJu_X5BBGG-ayCiM-gQi8HpsYsLtZozk31ERKPJGlDLUboAG50chrnGX4B46HyqhlSj9xMohy02t3MX0n-6xoRHLk5Oh8V2c0duIS4mZo0TAq11Zl61No7XvcMPz961yBIpblougDO3NlIXerppYqweTrkypekz528br-gxVv8Wv-DhqYUGzLtkCMN0_G6dbtmLepxhvys9le8GeoAhw8o1WeZQ&atk=1jq8ah9ebhc5o804,Experience deploying AI solutions in secure enterprise or on-premises environments. Deploy and maintain localized NLP models within secure on-premises environments.,Contract,,indeed_eg,2026-06-04 03:23:52.746902+00:00
Senior Virtual Desktop Engineer,Coca-Cola HBC,Cairo,https://eg.indeed.com/rc/clk?jk=644c2ba15ab25df8&bb=4PCVMAWrDDBF0Xm5LIXAZfVa0zy-OzfIIQa3p87DraZoOQ6fSAOHkDYyOcfradhqtSh3I5vVSrleTHhPZeAmLO2RQ6EZWuIfVPuj_1b-GiyOzAJ5DmIQRhafmvbNxdpCRICZV6Hh0I3Jpi9kl9GAwA%3D%3D&xkcb=SoCn67M3iIdLS1z5Sp0TbzkdCdPP&rjs=0&qd=Xd-cji1-rrfYy0m8LpokE8dF20pwsUrmctm8cTGFOXDOAPLLNYb6wmUg8gjYJafwpsXE23qShaYtGgdtUJu_X5BBGG-ayCiM-gQi8HpsYsLtZozk31ERKPJGlDLUboAG50chrnGX4B46HyqhlSj9xMohy02t3MX0n-6xoRHLk5Oh8V2c0duIS4mZo0TAq11Zl61No7XvcMPz961yBIpblougDO3NlIXerppYqweTrkypekz528br-gxVv8Wv-DhqYUGzLtkCMN0_G6dbtmLep2afdNGhc05uCue9KcUbseU&atk=1jq8ah4d6hme4800,"Bachelor’s degree in Computer Science, Information Technology, or related field. 7+ years of experience in Virtual Desktop Infrastructure, End User Computing, or Workplace Platform Engineering.",,,indeed_eg,2026-06-04 03:23:48.950396+00:00
"Well Engineer, II",Halliburton,Cairo,https://eg.indeed.com/rc/clk?jk=61cbe4db04e87aba&bb=4PCVMAWrDDBF0Xm5LIXAZdJfCREnV6xevb1Drh0lRZWUSVp1ofUMZ1UpN6kxOuyDLR4qF62OaYM4XMR8V19XFQ3To3jcdvKbUxTnadvdjt7lUDSWa11jjo9ODfTHcxkHxVFnYQ8rSnl5RRlrDNvQCQ%3D%3D&xkcb=SoBO67M3iIdLS1z5Sp0cbzkdCdPP&rjs=0&qd=Xd-cji1-rrfYy0m8LpokE8dF20pwsUrmctm8cTGFOXDOAPLLNYb6wmUg8gjYJafwpsXE23qShaYtGgdtUJu_X5BBGG-ayCiM-gQi8HpsYsLtZozk31ERKPJGlDLUboAG50chrnGX4B46HyqhlSj9xMohy02t3MX0n-6xoRHLk5Oh8V2c0duIS4mZo0TAq11Zl61No7XvcMPz961yBIpblougDO3NlIXerppYqweTrkypekz528br-gxVv8Wv-DhqYUGzLtkCMN0_G6dbtmLep2afdNGhc05uCue9KcUbseU&atk=1jq8ah4d6hme4800,"Requires a Bachelor degree in STEM, preference in Petroleum or Mechanical Engineering, and 6+ years of well services experience. Under direct supervision, the Well Engineer II is responsible for…",,,indeed_eg,2026-06-04 03:23:48.906365+00:00
"DPS Engineer - 8 Months project - Alkhobar, KSA",DeepSource Technologies,Cairo,https://eg.indeed.com/rc/clk?jk=5ffc76647c5bdc36&bb=4PCVMAWrDDBF0Xm5LIXAZbjYEtPV1LJP0zm_L3iW7dvfChPIXWTHoYDnWYIovdL_KTMuRhmRBoO95K3aBPPJwn4CsSd8MtDhf0d_piTKGlmPzWICTeRJw8b0RQme23asJb1bN7K7OVY93Ujhqe-nPQ%3D%3D&xkcb=SoD667M3iIdLS1z5Sp0dbzkdCdPP&rjs=0&qd=Xd-cji1-rrfYy0m8LpokE8dF20pwsUrmctm8cTGFOXDOAPLLNYb6wmUg8gjYJafwpsXE23qShaYtGgdtUJu_X5BBGG-ayCiM-gQi8HpsYsLtZozk31ERKPJGlDLUboAG50chrnGX4B46HyqhlSj9xMohy02t3MX0n-6xoRHLk5Oh8V2c0duIS4mZo0TAq11Zl61No7XvcMPz961yBIpblougDO3NlIXerppYqweTrkypekz528br-gxVv8Wv-DhqYUGzLtkCMN0_G6dbtmLep2afdNGhc05uCue9KcUbseU&atk=1jq8ah4d6hme4800,Proven exposure to large-scale banking environments or highly regulated industries. The ideal candidate will possess strong expertise in Dell data protection technologies and experience working within…,Full-time,,indeed_eg,2026-06-04 03:23:48.840790+00:00
Mechanical Engineer,7 Eleven,Suez,https://eg.indeed.com/rc/clk?jk=eb240add865cbc25&bb=4PCVMAWrDDBF0Xm5LIXAZbv29NasGiOww9SzzO-l4a5qHa9Njb3vq25Ik8mb90AF8QKBL3-bE48ERkSXe5DPN1FZwh_DReRuphBGHkOGsPIoFzY_ppyywFZ3BFpK9p6qb9khIbj5j6rv3YeJkhIdkQ%3D%3D&xkcb=SoBn67M3iIdLS1z5Sp0ebzkdCdPP&rjs=0&qd=Xd-cji1-rrfYy0m8LpokE8dF20pwsUrmctm8cTGFOXDOAPLLNYb6wmUg8gjYJafwpsXE23qShaYtGgdtUJu_X5BBGG-ayCiM-gQi8HpsYsLtZozk31ERKPJGlDLUboAG50chrnGX4B46HyqhlSj9xMohy02t3MX0n-6xoRHLk5Oh8V2c0duIS4mZo0TAq11Zl61No7XvcMPz961yBIpblougDO3NlIXerppYqweTrkypekz528br-gxVv8Wv-DhqYUGzLtkCMN0_G6dbtmLep2afdNGhc05uCue9KcUbseU&atk=1jq8ah4d6hme4800,"Bachelor’s degree in mechanical engineering. Minimum 3 years professional experience in cranes repair and maintenance includingmechanisms and heavy machinery, wire ropes inspection and replacement,…","Full-time,+2",,indeed_eg,2026-06-04 03:23:48.791317+00:00
Mechanical Engineer - Internship,RATP Dev,Cairo,https://eg.indeed.com/rc/clk?jk=b74f3485ee4db7c1&bb=4PCVMAWrDDBF0Xm5LIXAZUZZp84s1x8RfOH4dlvkNrtqYGz1zviCVO-3XbBIV6HJC4vaGlVXiJTdFv1f5nJJf9P8ZG1cwHOsK51QIz3OKJ3NRWOQAk7SH1My2Eh-ZAB66O_k502UP1gyd1KdFE1Tdg%3D%3D&xkcb=SoDT67M3iIdLS1z5Sp0fbzkdCdPP&rjs=0&qd=Xd-cji1-rrfYy0m8LpokE8dF20pwsUrmctm8cTGFOXDOAPLLNYb6wmUg8gjYJafwpsXE23qShaYtGgdtUJu_X5BBGG-ayCiM-gQi8HpsYsLtZozk31ERKPJGlDLUboAG50chrnGX4B46HyqhlSj9xMohy02t3MX0n-6xoRHLk5Oh8V2c0duIS4mZo0TAq11Zl61No7XvcMPz961yBIpblougDO3NlIXerppYqweTrkypekz528br-gxVv8Wv-DhqYUGzLtkCMN0_G6dbtmLep2afdNGhc05uCue9KcUbseU&atk=1jq8ah4d6hme4800,This internship offers the opportunity to learn about asset management by assisting with accurate data recording in Maximo and understanding RDMC’s operational and safety standards.,Internship,,indeed_eg,2026-06-04 03:23:48.696235+00:00
Mechanical Design Engineer,ABB,Al Sharqia,https://eg.indeed.com/rc/clk?jk=6a110afc5e34743e&bb=4PCVMAWrDDBF0Xm5LIXAZYuDMXoldkpmmTptCrfI48XiVs0MZJ8Vby0cptYAjlgi0GgJrO0Xq5xNauvaV39l4Ib2_fGBQXdyBSJ1kAXQLJn_FtOKPiyPMfpIey3I-t72UOxI7UdhILmbHmZHNNoHCQ%3D%3D&xkcb=SoBd67M3iIdLS1z5Sp0YbzkdCdPP&rjs=0&qd=Xd-cji1-rrfYy0m8LpokE8dF20pwsUrmctm8cTGFOXDOAPLLNYb6wmUg8gjYJafwpsXE23qShaYtGgdtUJu_X5BBGG-ayCiM-gQi8HpsYsLtZozk31ERKPJGlDLUboAG50chrnGX4B46HyqhlSj9xMohy02t3MX0n-6xoRHLk5Oh8V2c0duIS4mZo0TAq11Zl61No7XvcMPz961yBIpblougDO3NlIXerppYqweTrkypekz528br-gxVv8Wv-DhqYUGzLtkCMN0_G6dbtmLep2afdNGhc05uCue9KcUbseU&atk=1jq8ah4d6hme4800,"In this role, you will have the opportunity to create and modify the standard designs of equipment, systems, or installations, including standard specifications for manufacturing, fabrication, or…",Full-time,,indeed_eg,2026-06-04 03:23:48.627634+00:00
Product Owner,MVZ Dentalzentrum Neustadt GmbH,مصر,https://eg.indeed.com/rc/clk?jk=ba552e823fd7ede7&bb=4PCVMAWrDDBF0Xm5LIXAZTMVla2D9ftbkPWRwR8qVng_cFOEyX7twyUPe3eXiMIVjsIjKuORBbQj_AaS2XvFDnyw-57zSnBEtZhyj0nEvEz6CTBuHYyt65DlFXONojUvu0wsQ4JOk5hys4S8JKe6Iw%3D%3D&xkcb=SoDp67M3iIdLS1z5Sp0ZbzkdCdPP&rjs=0&qd=Xd-cji1-rrfYy0m8LpokE8dF20pwsUrmctm8cTGFOXDOAPLLNYb6wmUg8gjYJafwpsXE23qShaYtGgdtUJu_X5BBGG-ayCiM-gQi8HpsYsLtZozk31ERKPJGlDLUboAG50chrnGX4B46HyqhlSj9xMohy02t3MX0n-6xoRHLk5Oh8V2c0duIS4mZo0TAq11Zl61No7XvcMPz961yBIpblougDO3NlIXerppYqweTrkypekz528br-gxVv8Wv-DhqYUGzLtkCMN0_G6dbtmLep2afdNGhc05uCue9KcUbseU&atk=1jq8ah4d6hme4800,"Experience with backlog and collaboration tools such as Jira or similar. 3+ years of experience as a Product Owner or in a comparable role (Product Manager, Business Analyst with PO responsibilities,…","Full-time,+1",,indeed_eg,2026-06-04 03:23:48.575086+00:00
Linux Administrator,BBI,New Cairo,https://eg.indeed.com/rc/clk?jk=dc4f7a95212a07c5&bb=4PCVMAWrDDBF0Xm5LIXAZfihaSd-co4iic3WgAWRQCkCt89RKJ-r1P0IkpHosmGy3j5TVPc3Wa343rlhqXOW_NetkDz8kC_WtU9dg8mXevKenS2mxbebv2NHVAgbG8umXvEe6qj2Y9ihShRhwhrzxA%3D%3D&xkcb=SoB067M3iIdLS1z5Sp0abzkdCdPP&rjs=0&qd=Xd-cji1-rrfYy0m8LpokE8dF20pwsUrmctm8cTGFOXDOAPLLNYb6wmUg8gjYJafwpsXE23qShaYtGgdtUJu_X5BBGG-ayCiM-gQi8HpsYsLtZozk31ERKPJGlDLUboAG50chrnGX4B46HyqhlSj9xMohy02t3MX0n-6xoRHLk5Oh8V2c0duIS4mZo0TAq11Zl61No7XvcMPz961yBIpblougDO3NlIXerppYqweTrkypekz528br-gxVv8Wv-DhqYUGzLtkCMN0_G6dbtmLep2afdNGhc05uCue9KcUbseU&atk=1jq8ah4d6hme4800,Experience with Docker or Podman. RHCSA or RHCE certificate is a plus. Bash and/or Python scripting skills. 2+ years of experience in Linux systems administration or DevOps roles.,,,indeed_eg,2026-06-04 03:23:48.506482+00:00
Senior Requirements and Configurations Engineer,COLAS,Cairo,https://eg.indeed.com/rc/clk?jk=eb02c41de55912a6&bb=4PCVMAWrDDBF0Xm5LIXAZSBvA_yqdQ9OHjp8iqoLec82nwBPXA9X542P7kRLGQwPhQ7K64XAdlPDEHbIEyWNRxT8tTqCh9DKiibBmNNIqvqDt77cwfyEWLanFvLfqJyr6WRf8EYa6RQwivbA0ZB5cQ%3D%3D&xkcb=SoDA67M3iIdLS1z5Sp0bbzkdCdPP&rjs=0&qd=Xd-cji1-rrfYy0m8LpokE8dF20pwsUrmctm8cTGFOXDOAPLLNYb6wmUg8gjYJafwpsXE23qShaYtGgdtUJu_X5BBGG-ayCiM-gQi8HpsYsLtZozk31ERKPJGlDLUboAG50chrnGX4B46HyqhlSj9xMohy02t3MX0n-6xoRHLk5Oh8V2c0duIS4mZo0TAq11Zl61No7XvcMPz961yBIpblougDO3NlIXerppYqweTrkypekz528br-gxVv8Wv-DhqYUGzLtkCMN0_G6dbtmLep2afdNGhc05uCue9KcUbseU&atk=1jq8ah4d6hme4800,Bachelor's degree in Engineering or a related technical discipline. Strong practical experience with IBM DOORS or equivalent requirements management tools.,Permanent,,indeed_eg,2026-06-04 03:23:48.388044+00:00
Technical office Engineer,Hitachi Rail,Cairo,https://eg.indeed.com/rc/clk?jk=c6891482ec7ef3d6&bb=4PCVMAWrDDBF0Xm5LIXAZUrd7aDqCYnO3UlA4c1VUdl1mqF0uaVG9jC7wdcPFDTxiaXZ-SD4HFYxK0bdIwaYvdUCL-N759hC-YxSREO4p0HbPfnUzBME_unatlrOpphOYk3ERdG5zJ1wCksFWk68CQ%3D%3D&xkcb=SoDn67M3iIdLS1z5Sp0EbzkdCdPP&rjs=0&qd=Xd-cji1-rrfYy0m8LpokE8dF20pwsUrmctm8cTGFOXDOAPLLNYb6wmUg8gjYJafwpsXE23qShaYtGgdtUJu_X5BBGG-ayCiM-gQi8HpsYsLtZozk31ERKPJGlDLUboAG50chrnGX4B46HyqhlSj9xMohy02t3MX0n-6xoRHLk5Oh8V2c0duIS4mZo0TAq11Zl61No7XvcMPz961yBIpblougDO3NlIXerppYqweTrkypekz528br-gxVv8Wv-DhqYUGzLtkCMN0_G6dbtmLep2afdNGhc05uCue9KcUbseU&atk=1jq8ah4d6hme4800,"Prepare low current systems design, installation and shop drawings submittals. Coordinate with SEM the systems requirements to ensure technical requirements are fulfilled.",Full-time,,indeed_eg,2026-06-04 03:23:48.331204+00:00
AI Engineer,BlackStone eIT,Cairo,https://eg.indeed.com/rc/clk?jk=0fe6c3b5f5fa7ebd&bb=4PCVMAWrDDBF0Xm5LIXAZbrF4p8AXklzKPjswq-kP2JO6JcEHiIRaipkUmn2G6oK4c0Qo1-vLZsgbN3qvqRl3KaMSwsmeYljrfUsVlfnlDpcRdY3FQ6orHfT5qhksZGDAoo7ESa9N4wLcBqzHV92aw%3D%3D&xkcb=SoBT67M3iIdLS1z5Sp0FbzkdCdPP&rjs=0&qd=Xd-cji1-rrfYy0m8LpokE8dF20pwsUrmctm8cTGFOXDOAPLLNYb6wmUg8gjYJafwpsXE23qShaYtGgdtUJu_X5BBGG-ayCiM-gQi8HpsYsLtZozk31ERKPJGlDLUboAG50chrnGX4B46HyqhlSj9xMohy02t3MX0n-6xoRHLk5Oh8V2c0duIS4mZo0TAq11Zl61No7XvcMPz961yBIpblougDO3NlIXerppYqweTrkypekz528br-gxVv8Wv-DhqYUGzLtkCMN0_G6dbtmLep2afdNGhc05uCue9KcUbseU&atk=1jq8ah4d6hme4800,"3+ years of experience in AI or machine learning engineering roles. Experience with cloud computing platforms (AWS, Azure, or GCP) is preferred. Proficiency in programming languages such as Python and…",Full-time,,indeed_eg,2026-06-04 03:23:48.284564+00:00
Associate Engineer - IT Operations,talabat,Maadi,https://eg.indeed.com/rc/clk?jk=f954cd4228904507&bb=4PCVMAWrDDBF0Xm5LIXAZZJMYzhEF2bNH9mElL9RMliVIoOXQaxGWYhRY0gyKXdJr1cl4TP32UhXbq_FsDRoCRvPzR1k4VO0qu_RoODLXosELAhQsoT3NRp9lUcSTc66eaNpP2TMLAJxuTkrCQKIAw%3D%3D&xkcb=SoDO67M3iIdLS1z5Sp0GbzkdCdPP&rjs=0&qd=Xd-cji1-rrfYy0m8LpokE8dF20pwsUrmctm8cTGFOXDOAPLLNYb6wmUg8gjYJafwpsXE23qShaYtGgdtUJu_X5BBGG-ayCiM-gQi8HpsYsLtZozk31ERKPJGlDLUboAG50chrnGX4B46HyqhlSj9xMohy02t3MX0n-6xoRHLk5Oh8V2c0duIS4mZo0TAq11Zl61No7XvcMPz961yBIpblougDO3NlIXerppYqweTrkypekz528br-gxVv8Wv-DhqYUGzLtkCMN0_G6dbtmLep2afdNGhc05uCue9KcUbseU&atk=1jq8ah4d6hme4800,A basic knowledge and understanding of ITIL or IT Service Management practices is desirable. Provide on-ground support for L3 engineers during office setups and remote sites to ensure proper…,Contract,,indeed_eg,2026-06-04 03:23:48.203740+00:00
Project Engineer NW,Ecolab Inc.,Cairo,https://eg.indeed.com/rc/clk?jk=950e0c2391f58c18&bb=4PCVMAWrDDBF0Xm5LIXAZbSZDlKVYUOaWfFflXKvkPwjcaqaIQRG4q1p8-P3vUgb68AH-HeIp6xxdfpq5RH2BxSdKDm8TPNqAJsGwE896WZNv6192p_uAXDJh-RkJbh1HXA3xZvtNj9XpWGF61canQ%3D%3D&xkcb=SoB667M3iIdLS1z5Sp0HbzkdCdPP&rjs=0&qd=Xd-cji1-rrfYy0m8LpokE8dF20pwsUrmctm8cTGFOXDOAPLLNYb6wmUg8gjYJafwpsXE23qShaYtGgdtUJu_X5BBGG-ayCiM-gQi8HpsYsLtZozk31ERKPJGlDLUboAG50chrnGX4B46HyqhlSj9xMohy02t3MX0n-6xoRHLk5Oh8V2c0duIS4mZo0TAq11Zl61No7XvcMPz961yBIpblougDO3NlIXerppYqweTrkypekz528br-gxVv8Wv-DhqYUGzLtkCMN0_G6dbtmLep2afdNGhc05uCue9KcUbseU&atk=1jq8ah4d6hme4800,Monitor equipment’s testing and assembly at supplier / fabricator facility or at customer site. Requires a college or bachelor's degree in Mechatronics engineering discipline more than five years…,Full-time,,indeed_eg,2026-06-04 03:23:48.147136+00:00
Modern Digital Solutions Team Leader,Vodafone,Cairo,https://eg.indeed.com/rc/clk?jk=922f81d576da315c&bb=4PCVMAWrDDBF0Xm5LIXAZQhkNL-8oLH0qdemlXXJCjPMKFyr2kFMms3yay0pLGLEhfkuoyBU1nnN5_NYAZKEhirilOMbMBbhicnHfWKAZHDGN83JeLKBmHX9CgWVX27l-wZRjkPxNJgK8BIw_997jw%3D%3D&xkcb=SoD067M3iIdLS1z5Sp0AbzkdCdPP&rjs=0&qd=Xd-cji1-rrfYy0m8LpokE8dF20pwsUrmctm8cTGFOXDOAPLLNYb6wmUg8gjYJafwpsXE23qShaYtGgdtUJu_X5BBGG-ayCiM-gQi8HpsYsLtZozk31ERKPJGlDLUboAG50chrnGX4B46HyqhlSj9xMohy02t3MX0n-6xoRHLk5Oh8V2c0duIS4mZo0TAq11Zl61No7XvcMPz961yBIpblougDO3NlIXerppYqweTrkypekz528br-gxVv8Wv-DhqYUGzLtkCMN0_G6dbtmLep2afdNGhc05uCue9KcUbseU&atk=1jq8ah4d6hme4800,"5+ years in team leadership or delivery management roles. If you require any reasonable adjustments or have an accessibility request as part of your recruitment journey, for example, extended time or…",Full-time,,indeed_eg,2026-06-04 03:23:48.085869+00:00
Hardware Electronics Lab Technician (Avelabs LLC Egypt),"Arrow Electronics, Inc.",Cairo,https://eg.indeed.com/rc/clk?jk=c972d307cebd2d64&bb=4PCVMAWrDDBF0Xm5LIXAZSefwTsk_gmp5DOF5NfUT5gKWO87SugDVK26dYtOBOrBPqKqc52xCtEzBuQ4K7ij2jp5Zf1Ly1g98ncGjBleb2s8Rdjkh9lbiqIlLrTlFAnOy82YuwyF1s0ZvBJcsLwK2g%3D%3D&xkcb=SoBA67M3iIdLS1z5Sp0BbzkdCdPP&rjs=0&qd=Xd-cji1-rrfYy0m8LpokE8dF20pwsUrmctm8cTGFOXDOAPLLNYb6wmUg8gjYJafwpsXE23qShaYtGgdtUJu_X5BBGG-ayCiM-gQi8HpsYsLtZozk31ERKPJGlDLUboAG50chrnGX4B46HyqhlSj9xMohy02t3MX0n-6xoRHLk5Oh8V2c0duIS4mZo0TAq11Zl61No7XvcMPz961yBIpblougDO3NlIXerppYqweTrkypekz528br-gxVv8Wv-DhqYUGzLtkCMN0_G6dbtmLep2afdNGhc05uCue9KcUbseU&atk=1jq8ah4d6hme4800,"Diploma or Bachelor’s degree in Electronics, Electrical Engineering, or a related field. Familiarity with PCB design tools (Altium, OrCAD, or similar) is a plus.",,,indeed_eg,2026-06-04 03:23:48.016999+00:00
Project Manager – Software Automation,OG Technologies,Cairo,https://eg.indeed.com/rc/clk?jk=128fc4fca1045484&bb=4PCVMAWrDDBF0Xm5LIXAZW2Ua72MPBjBvgQqnfx2BNGr9RbeEoQT06_xmsPEu0mY905zFNfB-jrxdj1KF-BmKdp9Q4Rx7h19Z4xoPEQXExkt7nbXKckwGNQ8SmwoZBOX42PNC8_13Chfsw_3Gtt3hg%3D%3D&xkcb=SoDd67M3iIdLS1z5Sp0CbzkdCdPP&rjs=0&qd=Xd-cji1-rrfYy0m8LpokE8dF20pwsUrmctm8cTGFOXDOAPLLNYb6wmUg8gjYJafwpsXE23qShaYtGgdtUJu_X5BBGG-ayCiM-gQi8HpsYsLtZozk31ERKPJGlDLUboAG50chrnGX4B46HyqhlSj9xMohy02t3MX0n-6xoRHLk5Oh8V2c0duIS4mZo0TAq11Zl61No7XvcMPz961yBIpblougDO3NlIXerppYqweTrkypekz528br-gxVv8Wv-DhqYUGzLtkCMN0_G6dbtmLep2afdNGhc05uCue9KcUbseU&atk=1jq8ah4d6hme4800,"Experience managing software development and automation projects. Manage project activities throughout the software development lifecycle. Knowledge of RPA platforms such as UiPath, Automation…","EGP 50,000 - EGP 60,000 a month,Full-time,+2",,indeed_eg,2026-06-04 03:23:47.966390+00:00
Azure Data Engineer,Coca-Cola HBC,Cairo,https://eg.indeed.com/rc/clk?jk=52475fdc2668ec04&bb=4PCVMAWrDDBF0Xm5LIXAZdsfEFbd7oe9o95Qwy3bdepzj0hArouGcUP7eyXM0NFjmqfyHnYjUV4J9uksIzZgZgLtDTiPi7Tr_kuBSTmtACjxJ4GkdF_OQvYGAGTlGU2G3c3W2aWgy519eiyOj6u5bQ%3D%3D&xkcb=SoBp67M3iIdLS1z5Sp0DbzkdCdPP&rjs=0&qd=Xd-cji1-rrfYy0m8LpokE8dF20pwsUrmctm8cTGFOXDOAPLLNYb6wmUg8gjYJafwpsXE23qShaYtGgdtUJu_X5BBGG-ayCiM-gQi8HpsYsLtZozk31ERKPJGlDLUboAG50chrnGX4B46HyqhlSj9xMohy02t3MX0n-6xoRHLk5Oh8V2c0duIS4mZo0TAq11Zl61No7XvcMPz961yBIpblougDO3NlIXerppYqweTrkypekz528br-gxVv8Wv-DhqYUGzLtkCMN0_G6dbtmLep2afdNGhc05uCue9KcUbseU&atk=1jq8ah4d6hme4800,"Exposure to real-time or near-real-time streaming concepts (Azure Event Hubs, Apache Kafka, or Spark Streaming). Working proficiency in Python ; exposure to Scala or C#/.",,,indeed_eg,2026-06-04 03:23:47.915411+00:00
Fixed Demand & Delivery Sr.Specialist,Vodafone,Giza,https://eg.indeed.com/rc/clk?jk=ca54c46b9bd3dc58&bb=4PCVMAWrDDBF0Xm5LIXAZSCAvtVMbIlV_jq87kpvvbuXd_uL2Fo2_Z2zn9sLnvEUeG_OKhR3049Jewq2EnogsRlslsjM1JEVC5Spy_Sk10DWMcQKiiollfskJ7VDlAq5_l9KBUQwo0nz72gDweiRCA%3D%3D&xkcb=SoCA67M3iIdLS1z5Sp0MbzkdCdPP&rjs=0&qd=Xd-cji1-rrfYy0m8LpokE8dF20pwsUrmctm8cTGFOXDOAPLLNYb6wmUg8gjYJafwpsXE23qShaYtGgdtUJu_X5BBGG-ayCiM-gQi8HpsYsLtZozk31ERKPJGlDLUboAG50chrnGX4B46HyqhlSj9xMohy02t3MX0n-6xoRHLk5Oh8V2c0duIS4mZo0TAq11Zl61No7XvcMPz961yBIpblougDO3NlIXerppYqweTrkypekz528br-gxVv8Wv-DhqYUGzLtkCMN0_G6dbtmLep2afdNGhc05uCue9KcUbseU&atk=1jq8ah4d6hme4800,"PMP® or equivalent certification preferred. If you require any reasonable adjustments or have an accessibility request as part of your recruitment journey, for example, extended time or breaks in…",Full-time,,indeed_eg,2026-06-04 03:23:47.870129+00:00
Senior Fullstack Software Engineer,SnowHeap LLC,Cairo,https://eg.indeed.com/rc/clk?jk=57c26acb5b556d79&bb=4PCVMAWrDDBF0Xm5LIXAZeAz2gqknAzXfdnPXBpeLipb3sbC75K1KQHiaiTzELaIqZogFOyB5Ve6J_FagYKvntptUCiWezad-xlVJMgPqB5bmwnVmTVbfOs4Mn7JXTfbF5CQdOv-yjK-KLr8Tw9CuA%3D%3D&xkcb=SoA067M3iIdLS1z5Sp0NbzkdCdPP&rjs=0&qd=Xd-cji1-rrfYy0m8LpokE8dF20pwsUrmctm8cTGFOXDOAPLLNYb6wmUg8gjYJafwpsXE23qShaYtGgdtUJu_X5BBGG-ayCiM-gQi8HpsYsLtZozk31ERKPJGlDLUboAG50chrnGX4B46HyqhlSj9xMohy02t3MX0n-6xoRHLk5Oh8V2c0duIS4mZo0TAq11Zl61No7XvcMPz961yBIpblougDO3NlIXerppYqweTrkypekz528br-gxVv8Wv-DhqYUGzLtkCMN0_G6dbtmLep2afdNGhc05uCue9KcUbseU&atk=1jq8ah4d6hme4800,"Participate in design reviews, testing, and continuous integration to deliver top-quality, production-grade software that meets or exceeds expectations.",,,indeed_eg,2026-06-04 03:23:47.805718+00:00
Radio Optimization Senior Engineer.Service Operation & Optimization,Etisalat Egypt,مصر,https://eg.indeed.com/rc/clk?jk=c211a497d1dceeaa&bb=4PCVMAWrDDBF0Xm5LIXAZRGdheuMb_g6aPC3bU2VaV7YZljQwPkzd49Ip9vxCT0eOV3koDDjEessCrGVLDwteF3EBKg_T3qnl9337rFIwCFZ2JhNFFqfNZeFFcr3C1_GRbozW8de9bVeKogphP8Srg%3D%3D&xkcb=SoCp67M3iIdLS1z5Sp0ObzkdCdPP&rjs=0&qd=Xd-cji1-rrfYy0m8LpokE8dF20pwsUrmctm8cTGFOXDOAPLLNYb6wmUg8gjYJafwpsXE23qShaYtGgdtUJu_X5BBGG-ayCiM-gQi8HpsYsLtZozk31ERKPJGlDLUboAG50chrnGX4B46HyqhlSj9xMohy02t3MX0n-6xoRHLk5Oh8V2c0duIS4mZo0TAq11Zl61No7XvcMPz961yBIpblougDO3NlIXerppYqweTrkypekz528br-gxVv8Wv-DhqYUGzLtkCMN0_G6dbtmLep2afdNGhc05uCue9KcUbseU&atk=1jq8ah4d6hme4800,Skill to develop software tools. Optimize the radio network to reach the optimum performance through standard guidelines in alignment with the department objectives.,,,indeed_eg,2026-06-04 03:23:47.755913+00:00
Retail Data analytics & Risk Modelling Head (3993),EGBank,Cairo,https://eg.indeed.com/rc/clk?jk=212e595114a4c16a&bb=4PCVMAWrDDBF0Xm5LIXAZa9tKvl_Lc5IVh8i7NwxX7ML3e5FPkhiJYCi3BD1r9J6sctVslK_g2M36OR0MB2zo6CY4cWVmN0RlVHa9r6elyBfwPF-2BoLT240ApLEzDL63SWtHbIgbJmt7Ah8F6ttqg%3D%3D&xkcb=SoAd67M3iIdLS1z5Sp0PbzkdCdPP&rjs=0&qd=Xd-cji1-rrfYy0m8LpokE8dF20pwsUrmctm8cTGFOXDOAPLLNYb6wmUg8gjYJafwpsXE23qShaYtGgdtUJu_X5BBGG-ayCiM-gQi8HpsYsLtZozk31ERKPJGlDLUboAG50chrnGX4B46HyqhlSj9xMohy02t3MX0n-6xoRHLk5Oh8V2c0duIS4mZo0TAq11Zl61No7XvcMPz961yBIpblougDO3NlIXerppYqweTrkypekz528br-gxVv8Wv-DhqYUGzLtkCMN0_G6dbtmLep2afdNGhc05uCue9KcUbseU&atk=1jq8ah4d6hme4800,"Bachelor’s degree in Business Administration, BIS or a related field. Creating new reporting process and quality. Reviewing generated performance of analytics solutions to impact overall business…",,,indeed_eg,2026-06-04 03:23:47.689323+00:00
"MEP Engineer (Cairo, Egypt)",CBRE Excellerate,Cairo,https://eg.indeed.com/rc/clk?jk=03f3d591bc05c090&bb=4PCVMAWrDDBF0Xm5LIXAZeAz2gqknAzXjs6Yo41PtzgPa16mtewFrhWImcqcLUdx6sNhfhfOCUuqZ4E7VXuSPBukBjcAWRARx2jDB1t-aLY35EUNLZb6RHfEIsy2RnFeajnh06HHKdIjbgbNy7W17g%3D%3D&xkcb=SoCT67M3iIdLS1z5Sp0IbzkdCdPP&rjs=0&qd=Xd-cji1-rrfYy0m8LpokE8dF20pwsUrmctm8cTGFOXDOAPLLNYb6wmUg8gjYJafwpsXE23qShaYtGgdtUJu_X5BBGG-ayCiM-gQi8HpsYsLtZozk31ERKPJGlDLUboAG50chrnGX4B46HyqhlSj9xMohy02t3MX0n-6xoRHLk5Oh8V2c0duIS4mZo0TAq11Zl61No7XvcMPz961yBIpblougDO3NlIXerppYqweTrkypekz528br-gxVv8Wv-DhqYUGzLtkCMN0_G6dbtmLep2afdNGhc05uCue9KcUbseU&atk=1jq8ah4d6hme4800,"Bachelor’s degree in mechanical, Electrical, or Engineering discipline. The main purpose of this role is to manage hard and soft services operations across the sites, ensuring effective maintenance…",Contract,,indeed_eg,2026-06-04 03:23:47.640953+00:00
Technical Support Specialist Level 2 - CA by Broadcom,"Arrow Electronics, Inc.",Cairo,https://eg.indeed.com/rc/clk?jk=65a40d050362a685&bb=4PCVMAWrDDBF0Xm5LIXAZRMTtKHNOXPGImKhlB9Vawc0S-UapP0IVCbge7U9Old6rkVzPlT14iX8zvkj8QBVTJivDB5yzml3pD8VcevhZhN-g_Dwu1wbZW9oGDYa85OU8CIo8jtqkRqkWtWoHsZdRQ%3D%3D&xkcb=SoAn67M3iIdLS1z5Sp0JbzkdCdPP&rjs=0&qd=Xd-cji1-rrfYy0m8LpokE8dF20pwsUrmctm8cTGFOXDOAPLLNYb6wmUg8gjYJafwpsXE23qShaYtGgdtUJu_X5BBGG-ayCiM-gQi8HpsYsLtZozk31ERKPJGlDLUboAG50chrnGX4B46HyqhlSj9xMohy02t3MX0n-6xoRHLk5Oh8V2c0duIS4mZo0TAq11Zl61No7XvcMPz961yBIpblougDO3NlIXerppYqweTrkypekz528br-gxVv8Wv-DhqYUGzLtkCMN0_G6dbtmLep2afdNGhc05uCue9KcUbseU&atk=1jq8ah4d6hme4800,2-3 years of experience working in IT customer support or similar roles. A very good understanding in one or more areas of the following: foundational networking knowledge.,,,indeed_eg,2026-06-04 03:23:47.589927+00:00
Enterprise Solutions Senior Principal Engineer.Core Network Development & B2B,Etisalat Egypt,مصر,https://eg.indeed.com/rc/clk?jk=44c4c90908b82001&bb=4PCVMAWrDDBF0Xm5LIXAZUPMGdzlOH08eFEWMTJM6Iatg_5ArLEwznLxt-GnORaejyd1ntgf3qYlKEaXh98epny1UQRvo3QiV02mvCMhF81e5cXks4fTza1zYYQBRC3jk23YRDCFY2IImcrAkga56w%3D%3D&xkcb=SoC667M3iIdLS1z5Sp0KbzkdCdPP&rjs=0&qd=Xd-cji1-rrfYy0m8LpokE8dF20pwsUrmctm8cTGFOXDOAPLLNYb6wmUg8gjYJafwpsXE23qShaYtGgdtUJu_X5BBGG-ayCiM-gQi8HpsYsLtZozk31ERKPJGlDLUboAG50chrnGX4B46HyqhlSj9xMohy02t3MX0n-6xoRHLk5Oh8V2c0duIS4mZo0TAq11Zl61No7XvcMPz961yBIpblougDO3NlIXerppYqweTrkypekz528br-gxVv8Wv-DhqYUGzLtkCMN0_G6dbtmLep2afdNGhc05uCue9KcUbseU&atk=1jq8ah4d6hme4800,Support Large accounts salesman / presales engineers on request • Prepare the solutions description and the requirements for implementation. Provide the optimum cost and end to end solutions for…,,,indeed_eg,2026-06-04 03:23:47.534606+00:00
HSE Engineer at Novo Nordisk Engineering,NNE,Dakahlia,https://eg.indeed.com/rc/clk?jk=7af97584dd960e76&bb=4PCVMAWrDDBF0Xm5LIXAZauCd-wDCYNuF5dbUrX3hzyYtFg2ffOVFwUKs6DrzX1stmtEXwJGqPKwvwCzRDGekCd7WmjFyuDt6qQTGGnC5yybF1izHhrzneu3P5MsW4OdxFYMeiEeFB5-6DSU1C2pug%3D%3D&xkcb=SoAO67M3iIdLS1z5Sp0LbzkdCdPP&rjs=0&qd=Xd-cji1-rrfYy0m8LpokE8dF20pwsUrmctm8cTGFOXDOAPLLNYb6wmUg8gjYJafwpsXE23qShaYtGgdtUJu_X5BBGG-ayCiM-gQi8HpsYsLtZozk31ERKPJGlDLUboAG50chrnGX4B46HyqhlSj9xMohy02t3MX0n-6xoRHLk5Oh8V2c0duIS4mZo0TAq11Zl61No7XvcMPz961yBIpblougDO3NlIXerppYqweTrkypekz528br-gxVv8Wv-DhqYUGzLtkCMN0_G6dbtmLep2afdNGhc05uCue9KcUbseU&atk=1jq8ah4d6hme4800,"We are looking for dedicated engineers , chemists, machinists and other professionals with relevant backgrounds who have experience in, or an interest in, CE marking of process equipment and machinery.",,,indeed_eg,2026-06-04 03:23:47.472726+00:00
Sovereeign AI Platform Engineer,Luxoft,مصر,https://eg.indeed.com/rc/clk?jk=d2a0e1d4568904d6&bb=omsZbs2VhvYdOoIaj3gY2hnBPNzhoS5M5j2vPxxctltJJprPYu1XS3Bql_WtibUmijjScSsAxuyRmRtVDttxnoNbTK3tvUpX_nAez6JNZGlxz-otHFC4ptl2I0ag8eQvC_TEU7odHyVCs6svtBlEcw%3D%3D&xkcb=SoAX67M3iIdMNMz5VB0TbzkdCdPP&rjs=0&qd=Xd-cji1-rrfYy0m8LpokE8dF20pwsUrmctm8cTGFOXDOAPLLNYb6wmUg8gjYJafwpsXE23qShaYtGgdtUJu_X5BBGG-ayCiM-gQi8HpsYsLtZozk31ERKPJGlDLUboAG50chrnGX4B46HyqhlSj9xMohy02t3MX0n-6xoRHLk5Oh8V2c0duIS4mZo0TAq11Zl61No7XvcMPz961yBIpblougDO3NlIXerppYqweTrkypekz528br-gxVv8Wv-DhqYUGzLtkCMN0_G6dbtmLep2oeHSOyzbXJdLHk0v_T1hU&atk=1jq8agvct25hv000,"Build and operate the Sovereign AI platform stack (infra + pipelines + runtime). GPUs, CI/CD, IaC, GitOps, Argo, monitoring, model serving, LLMOps/MLOps, automation, guardrails.",,,indeed_eg,2026-06-04 03:23:43.840367+00:00
Production Process Design Engineer,Leoni,مصر,https://eg.indeed.com/rc/clk?jk=802286782aa234a9&bb=omsZbs2VhvYdOoIaj3gY2usvyA08CcFvSQYuDsOIVkCNjgbUIMO-etMuQnddpUGPtiLFgnFe8no6RUYgYEtJlGthgbHPv3mWKSYoH2VerP12nyQwG9GnHXy5qjrZMu19O4yG-rqJI2Ivq_2T55Loqg%3D%3D&xkcb=SoD-67M3iIdMNMz5VB0cbzkdCdPP&rjs=0&qd=Xd-cji1-rrfYy0m8LpokE8dF20pwsUrmctm8cTGFOXDOAPLLNYb6wmUg8gjYJafwpsXE23qShaYtGgdtUJu_X5BBGG-ayCiM-gQi8HpsYsLtZozk31ERKPJGlDLUboAG50chrnGX4B46HyqhlSj9xMohy02t3MX0n-6xoRHLk5Oh8V2c0duIS4mZo0TAq11Zl61No7XvcMPz961yBIpblougDO3NlIXerppYqweTrkypekz528br-gxVv8Wv-DhqYUGzLtkCMN0_G6dbtmLep2oeHSOyzbXJdLHk0v_T1hU&atk=1jq8agvct25hv000,"As an innovation partner with distinctive development and systems expertise, we support our customers on the path to increasingly sustainable and connected mobility concepts from autonomous driving to…",,,indeed_eg,2026-06-04 03:23:43.790746+00:00
"Implementation Specialist - Spanish, French or Italian",Commvault,Cairo,https://eg.indeed.com/rc/clk?jk=3bc870bf6fbf3af3&bb=omsZbs2VhvYdOoIaj3gY2qiFh5-KZX_VVcHBDwSwuCygg_Ohqcxfi3tVSZ1N0FIZaihOP8ITSmp_YlBp0hmgRiPHUYjJQIO7wYG2xfhXWMNcHXZ57Wj5md0-upr_pOu8MzU71tIgCzM5kLm9tjWFwg%3D%3D&xkcb=SoBK67M3iIdMNMz5VB0dbzkdCdPP&rjs=0&qd=Xd-cji1-rrfYy0m8LpokE8dF20pwsUrmctm8cTGFOXDOAPLLNYb6wmUg8gjYJafwpsXE23qShaYtGgdtUJu_X5BBGG-ayCiM-gQi8HpsYsLtZozk31ERKPJGlDLUboAG50chrnGX4B46HyqhlSj9xMohy02t3MX0n-6xoRHLk5Oh8V2c0duIS4mZo0TAq11Zl61No7XvcMPz961yBIpblougDO3NlIXerppYqweTrkypekz528br-gxVv8Wv-DhqYUGzLtkCMN0_G6dbtmLep2oeHSOyzbXJdLHk0v_T1hU&atk=1jq8agvct25hv000,"Previous Experience with backup software . Bachelor’s degree or equivalent experience. Technical skills in Oracle, SAP, or other database platforms. For over 25 years, more than 100,000 organizations…",Full-time,,indeed_eg,2026-06-04 03:23:43.738077+00:00
Rolling Stock Engineer - Internship,RATP Dev,Cairo,https://eg.indeed.com/rc/clk?jk=dfe30699ae0ca79b&bb=omsZbs2VhvYdOoIaj3gY2k_EUKK3SWsayJxV-4FSOHwMPKCSMFa1QWXTcUTcws1F22INTjECHSJvS-t4yijffJRqRJ5hUqOOsvToDjKr0Axd0r6w68y7o2cDGgjlsOQOeewhDwCtkYN-afeN33hqZw%3D%3D&xkcb=SoDX67M3iIdMNMz5VB0ebzkdCdPP&rjs=0&qd=Xd-cji1-rrfYy0m8LpokE8dF20pwsUrmctm8cTGFOXDOAPLLNYb6wmUg8gjYJafwpsXE23qShaYtGgdtUJu_X5BBGG-ayCiM-gQi8HpsYsLtZozk31ERKPJGlDLUboAG50chrnGX4B46HyqhlSj9xMohy02t3MX0n-6xoRHLk5Oh8V2c0duIS4mZo0TAq11Zl61No7XvcMPz961yBIpblougDO3NlIXerppYqweTrkypekz528br-gxVv8Wv-DhqYUGzLtkCMN0_G6dbtmLep2oeHSOyzbXJdLHk0v_T1hU&atk=1jq8agvct25hv000,Student of Electrical or Mechanical Engineering. This internship offers the opportunity to learn about asset management by assisting with accurate data recording in Maximo and understanding RDMC’s…,Internship,,indeed_eg,2026-06-04 03:23:43.689694+00:00
Junior Electrical Engineer ( Solar Energy ),Linah Group,Dokki,https://eg.indeed.com/rc/clk?jk=5cb5bbc865e8c8a1&bb=omsZbs2VhvYdOoIaj3gY2gLQXG_2xRA3rNi6fLCpTJaMN7ZwtvSlOQCj-tmTk8q5A8YNfYt0z97bo0ZqpvZoSCBuxfYp4oAnc9Z9hBV3PLMyz0IWozPWUm3E6IaEl4hcYAhXTFBdOuzj1QCUa7_b1w%3D%3D&xkcb=SoBj67M3iIdMNMz5VB0fbzkdCdPP&rjs=0&qd=Xd-cji1-rrfYy0m8LpokE8dF20pwsUrmctm8cTGFOXDOAPLLNYb6wmUg8gjYJafwpsXE23qShaYtGgdtUJu_X5BBGG-ayCiM-gQi8HpsYsLtZozk31ERKPJGlDLUboAG50chrnGX4B46HyqhlSj9xMohy02t3MX0n-6xoRHLk5Oh8V2c0duIS4mZo0TAq11Zl61No7XvcMPz961yBIpblougDO3NlIXerppYqweTrkypekz528br-gxVv8Wv-DhqYUGzLtkCMN0_G6dbtmLep2oeHSOyzbXJdLHk0v_T1hU&atk=1jq8agvct25hv000,B.SC. in Electrical Engineering or industrial engineering or Mechatronics engineering. Relevant Experience 2-3 years in Electrical Engineering and/or Renewable energy.,Full-time,,indeed_eg,2026-06-04 03:23:43.644467+00:00
Electrical Estimator – MEP Projects,Pharaoh,مصر,https://eg.indeed.com/rc/clk?jk=0dfbcfd6ffafb3bd&bb=omsZbs2VhvYdOoIaj3gY2hAekuqGHvKeY6JS1FqIbyzHvPVX4d7VA-PiCYsjCCwT41qK0v0ThDsNF4f57bLhPVpI7J_SWByHzwDYhdHi_glevJ-A5S5fzWM1uZPaWQfqF-dX1bJK8V2Ol5RIdlW5pg%3D%3D&xkcb=SoDt67M3iIdMNMz5VB0YbzkdCdPP&rjs=0&qd=Xd-cji1-rrfYy0m8LpokE8dF20pwsUrmctm8cTGFOXDOAPLLNYb6wmUg8gjYJafwpsXE23qShaYtGgdtUJu_X5BBGG-ayCiM-gQi8HpsYsLtZozk31ERKPJGlDLUboAG50chrnGX4B46HyqhlSj9xMohy02t3MX0n-6xoRHLk5Oh8V2c0duIS4mZo0TAq11Zl61No7XvcMPz961yBIpblougDO3NlIXerppYqweTrkypekz528br-gxVv8Wv-DhqYUGzLtkCMN0_G6dbtmLep2oeHSOyzbXJdLHk0v_T1hU&atk=1jq8agvct25hv000,What is your expected monthly net salary in USD or EGP for this full-time remote contract? Familiarity with Glodon and/or Revit is considered a strong advantage. (Arabic proficiency is a major plus).,"EGP 36,381.87 - EGP 51,974.10 a month,Full-time,+1",,indeed_eg,2026-06-04 03:23:43.578840+00:00
IT Officer,SABIS Network,Cairo,https://eg.indeed.com/rc/clk?jk=ca238791573c74cf&bb=omsZbs2VhvYdOoIaj3gY2kL7Rf0-ippEVrIXvoIiHQd-kdhmzejcpxRCGODZVLx8jgoFaZ7tNwijsRt0vdiXUFW5PK4Hd5M2EuqfDGitsKLfy4CrKjV01mzdEcx2pCmwZajHKyEZg7zzUfiqpRSIfg%3D%3D&xkcb=SoBZ67M3iIdMNMz5VB0ZbzkdCdPP&rjs=0&qd=Xd-cji1-rrfYy0m8LpokE8dF20pwsUrmctm8cTGFOXDOAPLLNYb6wmUg8gjYJafwpsXE23qShaYtGgdtUJu_X5BBGG-ayCiM-gQi8HpsYsLtZozk31ERKPJGlDLUboAG50chrnGX4B46HyqhlSj9xMohy02t3MX0n-6xoRHLk5Oh8V2c0duIS4mZo0TAq11Zl61No7XvcMPz961yBIpblougDO3NlIXerppYqweTrkypekz528br-gxVv8Wv-DhqYUGzLtkCMN0_G6dbtmLep2oeHSOyzbXJdLHk0v_T1hU&atk=1jq8agvct25hv000,"Bachelor’s degree in Computer Science or equivalent. Installation of application and software maintenance (MS Office, Outlook, and other Office applications as and when requested with approval).",,,indeed_eg,2026-06-04 03:23:43.528252+00:00
"Senior Full Stack Developer, GISACC",Valeo,Cairo,https://eg.indeed.com/rc/clk?jk=6ca097b35f08a49f&bb=omsZbs2VhvYdOoIaj3gY2sBORRuUVhurmnSMEjPfzgbHJ1jqmv3kyGP_rwiJnzCcBVkmEXN_BOoA2lm93l4X1oTiNqLQ8tx-MSymuIbHjsKZGx0ed6FK-8rAt2x6rMJs8jzUULE3Tk2g9yqBwICZ1w%3D%3D&xkcb=SoDE67M3iIdMNMz5VB0abzkdCdPP&rjs=0&qd=Xd-cji1-rrfYy0m8LpokE8dF20pwsUrmctm8cTGFOXDOAPLLNYb6wmUg8gjYJafwpsXE23qShaYtGgdtUJu_X5BBGG-ayCiM-gQi8HpsYsLtZozk31ERKPJGlDLUboAG50chrnGX4B46HyqhlSj9xMohy02t3MX0n-6xoRHLk5Oh8V2c0duIS4mZo0TAq11Zl61No7XvcMPz961yBIpblougDO3NlIXerppYqweTrkypekz528br-gxVv8Wv-DhqYUGzLtkCMN0_G6dbtmLep2oeHSOyzbXJdLHk0v_T1hU&atk=1jq8agvct25hv000,"Responsible for full stack feature implementation (backend and frontend ). Excellent proficiency of developing applications using SQL or NoSQL databases. Azure, AWS , or GCP certifications are a plus.",Full-time,,indeed_eg,2026-06-04 03:23:43.479699+00:00
Automotive Senior/Expert Model Based Development Engineer (Avelabs LLC Egypt),"Arrow Electronics, Inc.",Cairo,https://eg.indeed.com/rc/clk?jk=783eb1fe3b31b53d&bb=omsZbs2VhvYdOoIaj3gY2mzmrc9c3rlVS1CYsHhQOqHbDvLMAe2qePKP5j1Ba_fk-6ruKu4nHRmiPD4Cp2G23kdTdDFsUG0Wf38r1hYDbbnrFX7irTpp2ZHeElY-37mxV8GUFabi-vl9F6vdSkxjGw%3D%3D&xkcb=SoBw67M3iIdMNMz5VB0bbzkdCdPP&rjs=0&qd=Xd-cji1-rrfYy0m8LpokE8dF20pwsUrmctm8cTGFOXDOAPLLNYb6wmUg8gjYJafwpsXE23qShaYtGgdtUJu_X5BBGG-ayCiM-gQi8HpsYsLtZozk31ERKPJGlDLUboAG50chrnGX4B46HyqhlSj9xMohy02t3MX0n-6xoRHLk5Oh8V2c0duIS4mZo0TAq11Zl61No7XvcMPz961yBIpblougDO3NlIXerppYqweTrkypekz528br-gxVv8Wv-DhqYUGzLtkCMN0_G6dbtmLep2oeHSOyzbXJdLHk0v_T1hU&atk=1jq8agvct25hv000,"Bachelors or Masters degree in Electrical Engineering, Mechatronics, Computer Science, or a related field. The ideal candidate will have extensive experience in developing models using MATLAB/Simulink…",,,indeed_eg,2026-06-04 03:23:43.426067+00:00
Junior Operations Engineer,Talent-360.me,Giza,https://eg.indeed.com/rc/clk?jk=2ab85475ba53114f&bb=omsZbs2VhvYdOoIaj3gY2mq13I62diU41JzsgAKVCJC6rcYxEluwAziuIfHu4KVezFitu8ZYDW4RGHmrpOBxjtxmK4hvMNWaJjDFqnaudalWo8loKA_ZnwalrtrPDbKQbLyv7xv3UtQP7XzVcRz7LQ%3D%3D&xkcb=SoBX67M3iIdMNMz5VB0EbzkdCdPP&rjs=0&qd=Xd-cji1-rrfYy0m8LpokE8dF20pwsUrmctm8cTGFOXDOAPLLNYb6wmUg8gjYJafwpsXE23qShaYtGgdtUJu_X5BBGG-ayCiM-gQi8HpsYsLtZozk31ERKPJGlDLUboAG50chrnGX4B46HyqhlSj9xMohy02t3MX0n-6xoRHLk5Oh8V2c0duIS4mZo0TAq11Zl61No7XvcMPz961yBIpblougDO3NlIXerppYqweTrkypekz528br-gxVv8Wv-DhqYUGzLtkCMN0_G6dbtmLep2oeHSOyzbXJdLHk0v_T1hU&atk=1jq8agvct25hv000,"Coordinate between Sales, Technical Office, Procurement, Factory, and Site Teams. Follow up on project progress from drawings and materials to production, delivery, and installation.",,,indeed_eg,2026-06-04 03:23:43.377033+00:00
Engineer - IT Operations,talabat,Maadi,https://eg.indeed.com/rc/clk?jk=6d7752a02de39b64&bb=omsZbs2VhvYdOoIaj3gY2usvyA08CcFvJVMSY-2qIQ_nn9L1eXK9Hj1idb1cgzaLdwEphrnOLY-IhYmd5ettAEUf-f7B7vSqPvBNjbYyiYyLthiDEjcW26gRUtUWvSmlgllcEdIBsVJPnOdbhv3-HQ%3D%3D&xkcb=SoDj67M3iIdMNMz5VB0FbzkdCdPP&rjs=0&qd=Xd-cji1-rrfYy0m8LpokE8dF20pwsUrmctm8cTGFOXDOAPLLNYb6wmUg8gjYJafwpsXE23qShaYtGgdtUJu_X5BBGG-ayCiM-gQi8HpsYsLtZozk31ERKPJGlDLUboAG50chrnGX4B46HyqhlSj9xMohy02t3MX0n-6xoRHLk5Oh8V2c0duIS4mZo0TAq11Zl61No7XvcMPz961yBIpblougDO3NlIXerppYqweTrkypekz528br-gxVv8Wv-DhqYUGzLtkCMN0_G6dbtmLep2oeHSOyzbXJdLHk0v_T1hU&atk=1jq8agvct25hv000,A basic knowledge and understanding of ITIL or IT Service Management practices is desirable. Provide on-ground support for L3 engineers during office setups and remote sites to ensure proper…,Contract,,indeed_eg,2026-06-04 03:23:43.315039+00:00
Customer Success Manager – Software Solutions,OG Technologies,Cairo,https://eg.indeed.com/rc/clk?jk=43c3243e69c41f89&bb=omsZbs2VhvYdOoIaj3gY2rmIdiScseOnnAYjuzD0abjuQp7vH16jsxopibFzWCAHgiNMl2zEgy0_1WP_UcIrAnyW0TBC2P9dm_GRebCdmxBtME5UHTq2UDBC3DAyd6oWo7W81FX1lWSo06gS1Zvqyw%3D%3D&xkcb=SoB-67M3iIdMNMz5VB0GbzkdCdPP&rjs=0&qd=Xd-cji1-rrfYy0m8LpokE8dF20pwsUrmctm8cTGFOXDOAPLLNYb6wmUg8gjYJafwpsXE23qShaYtGgdtUJu_X5BBGG-ayCiM-gQi8HpsYsLtZozk31ERKPJGlDLUboAG50chrnGX4B46HyqhlSj9xMohy02t3MX0n-6xoRHLk5Oh8V2c0duIS4mZo0TAq11Zl61No7XvcMPz961yBIpblougDO3NlIXerppYqweTrkypekz528br-gxVv8Wv-DhqYUGzLtkCMN0_G6dbtmLep2oeHSOyzbXJdLHk0v_T1hU&atk=1jq8agvct25hv000,Experience in B2B software environments. The Customer Success Manager is responsible for ensuring customers achieve maximum value from the company's software products and solutions.,"EGP 50,000 - EGP 60,000 a month,Full-time",,indeed_eg,2026-06-04 03:23:43.242694+00:00
Coding Specialist (Fluent in Arabic) - Freelance AI Trainer Project,Meridial,Cairo,https://eg.indeed.com/rc/clk?jk=78e12c85af702ae3&bb=omsZbs2VhvYdOoIaj3gY2uKE7ZgbUDn0mXoO5gykor_yLwG8YlVgXqL-wLA7lUcUYhk_Tikox64qjODrqmaqre5yJLLFRG3-vzXVXULvKIwU27EO4fxRWw1j0Yz9N-tz0pbkhT2PjlG5dilMACRIrQ%3D%3D&xkcb=SoDK67M3iIdMNMz5VB0HbzkdCdPP&rjs=0&qd=Xd-cji1-rrfYy0m8LpokE8dF20pwsUrmctm8cTGFOXDOAPLLNYb6wmUg8gjYJafwpsXE23qShaYtGgdtUJu_X5BBGG-ayCiM-gQi8HpsYsLtZozk31ERKPJGlDLUboAG50chrnGX4B46HyqhlSj9xMohy02t3MX0n-6xoRHLk5Oh8V2c0duIS4mZo0TAq11Zl61No7XvcMPz961yBIpblougDO3NlIXerppYqweTrkypekz528br-gxVv8Wv-DhqYUGzLtkCMN0_G6dbtmLep2oeHSOyzbXJdLHk0v_T1hU&atk=1jq8agvct25hv000,"A bachelor's, master's, or PhD in computer science, software engineering, or a closely related technical field is ideal; real-world coding experience, technical writing in Arabic, or open-source…",,,indeed_eg,2026-06-04 03:23:43.191089+00:00
STEM Specialist (Fluent in Arabic) - Freelance AI Trainer Project,Meridial,Cairo,https://eg.indeed.com/rc/clk?jk=985e28ae987d4bc9&bb=omsZbs2VhvYdOoIaj3gY2hgDIhNB-sLGxbGff2er2zcTqy7zLZpCLek0Q_MflAOwUEBzGInnM5bbkOWvkpGb-y5bUhL6fLGWtPtPnbqYbudum_-_-ZXzngwCsvHiZQQ27RqgJT1GVPSOzwNvbuYROw%3D%3D&xkcb=SoBE67M3iIdMNMz5VB0AbzkdCdPP&rjs=0&qd=Xd-cji1-rrfYy0m8LpokE8dF20pwsUrmctm8cTGFOXDOAPLLNYb6wmUg8gjYJafwpsXE23qShaYtGgdtUJu_X5BBGG-ayCiM-gQi8HpsYsLtZozk31ERKPJGlDLUboAG50chrnGX4B46HyqhlSj9xMohy02t3MX0n-6xoRHLk5Oh8V2c0duIS4mZo0TAq11Zl61No7XvcMPz961yBIpblougDO3NlIXerppYqweTrkypekz528br-gxVv8Wv-DhqYUGzLtkCMN0_G6dbtmLep2oeHSOyzbXJdLHk0v_T1hU&atk=1jq8agvct25hv000,"A bachelor's or master's degree in a STEM discipline is ideal; published research, engineering design experience, data analysis projects, or coding portfolios signal fit.",,,indeed_eg,2026-06-04 03:23:43.113789+00:00
Cyber Sec. Defense Tech Sr. Specialist,Vodafone,Giza,https://eg.indeed.com/rc/clk?jk=24ff842a6e33cac2&bb=omsZbs2VhvYdOoIaj3gY2kLhA1U6awOFG74BrMWtysUv-JBg6yDXPa0ICKMbufrldO62rFZPBEv4SWP_u3OcWmV8FLCY3khs-iUAd0jFCMJUd8kWtyNiUJVBIx7mdEcMr6klPcbXDA5qp60-4k-a7w%3D%3D&xkcb=SoDw67M3iIdMNMz5VB0BbzkdCdPP&rjs=0&qd=Xd-cji1-rrfYy0m8LpokE8dF20pwsUrmctm8cTGFOXDOAPLLNYb6wmUg8gjYJafwpsXE23qShaYtGgdtUJu_X5BBGG-ayCiM-gQi8HpsYsLtZozk31ERKPJGlDLUboAG50chrnGX4B46HyqhlSj9xMohy02t3MX0n-6xoRHLk5Oh8V2c0duIS4mZo0TAq11Zl61No7XvcMPz961yBIpblougDO3NlIXerppYqweTrkypekz528br-gxVv8Wv-DhqYUGzLtkCMN0_G6dbtmLep2oeHSOyzbXJdLHk0v_T1hU&atk=1jq8agvct25hv000,"Bachelor’s Degree in engineering or Computer Science. If you require any reasonable adjustments or have an accessibility request as part of your recruitment journey, for example, extended time or…",Full-time,,indeed_eg,2026-06-04 03:23:43.029426+00:00
Product Analyst – Data Insights & AI,Coca-Cola HBC,Cairo,https://eg.indeed.com/rc/clk?jk=0b70223b43be85f3&bb=omsZbs2VhvYdOoIaj3gY2sBORRuUVhurkAsndpG5zLLHeUDaqpET1D3S7HE2M7pC_DqtQvtUHEbZ1GU7yrDgnhfN62z8rmXlhGyosGg3XWSw0SuchXeVrXRr73gULMyAPGFEs73gvVaAZKh0nB68iA%3D%3D&xkcb=SoBt67M3iIdMNMz5VB0CbzkdCdPP&rjs=0&qd=Xd-cji1-rrfYy0m8LpokE8dF20pwsUrmctm8cTGFOXDOAPLLNYb6wmUg8gjYJafwpsXE23qShaYtGgdtUJu_X5BBGG-ayCiM-gQi8HpsYsLtZozk31ERKPJGlDLUboAG50chrnGX4B46HyqhlSj9xMohy02t3MX0n-6xoRHLk5Oh8V2c0duIS4mZo0TAq11Zl61No7XvcMPz961yBIpblougDO3NlIXerppYqweTrkypekz528br-gxVv8Wv-DhqYUGzLtkCMN0_G6dbtmLep2oeHSOyzbXJdLHk0v_T1hU&atk=1jq8agvct25hv000,"3–5 years of experience in a Product Analyst, Business Analyst, or similar role within digital or data-driven environments. Bachelor's degree in Information Technology, Computer Science, or related…",,,indeed_eg,2026-06-04 03:23:42.963857+00:00
"Multiskilled Engineer (Cairo, Egypt)",CBRE Excellerate,Cairo,https://eg.indeed.com/rc/clk?jk=bd41ba08cd90a2bc&bb=omsZbs2VhvYdOoIaj3gY2trZr10wrXNsMhwR0hV6rUi-bMx-n_5ZeXI6zOkwH6NPgonI1ZiZK4UKtODAXc8butweOrXAk30iQKk-xgySnk-qFPzLtn8VDgPHYUyFniURhE2i6ON-9JVrJbclo4kD0w%3D%3D&xkcb=SoDZ67M3iIdMNMz5VB0DbzkdCdPP&rjs=0&qd=Xd-cji1-rrfYy0m8LpokE8dF20pwsUrmctm8cTGFOXDOAPLLNYb6wmUg8gjYJafwpsXE23qShaYtGgdtUJu_X5BBGG-ayCiM-gQi8HpsYsLtZozk31ERKPJGlDLUboAG50chrnGX4B46HyqhlSj9xMohy02t3MX0n-6xoRHLk5Oh8V2c0duIS4mZo0TAq11Zl61No7XvcMPz961yBIpblougDO3NlIXerppYqweTrkypekz528br-gxVv8Wv-DhqYUGzLtkCMN0_G6dbtmLep2oeHSOyzbXJdLHk0v_T1hU&atk=1jq8agvct25hv000,A Recognised or Time Served Apprenticeship. To be the responsible person when required for the department and deputise the Shift Leader during annual leave or sickness.,Contract,,indeed_eg,2026-06-04 03:23:42.914373+00:00
"AI-Native Software Engineering Director (OTE $100,000/year USD), @Sparkrock",Ionic Partners,Gharbia,https://eg.indeed.com/rc/clk?jk=b5daf7ce5b27bbaa&bb=omsZbs2VhvYdOoIaj3gY2oYdZDnV8_9grymlv6R2nw-1FvUrk5TUzTp4NhiP94vJK5rUBVk6brend0TUOa5Tys_QJQwjAg7hfFS3rjBzD8lTDeQtJBX6nq7c0lRHnJ-v6fXcXor6kgMtKSBkE2K39w%3D%3D&xkcb=SoAw67M3iIdMNMz5VB0MbzkdCdPP&rjs=0&qd=Xd-cji1-rrfYy0m8LpokE8dF20pwsUrmctm8cTGFOXDOAPLLNYb6wmUg8gjYJafwpsXE23qShaYtGgdtUJu_X5BBGG-ayCiM-gQi8HpsYsLtZozk31ERKPJGlDLUboAG50chrnGX4B46HyqhlSj9xMohy02t3MX0n-6xoRHLk5Oh8V2c0duIS4mZo0TAq11Zl61No7XvcMPz961yBIpblougDO3NlIXerppYqweTrkypekz528br-gxVv8Wv-DhqYUGzLtkCMN0_G6dbtmLep2oeHSOyzbXJdLHk0v_T1hU&atk=1jq8agvct25hv000,"8+ years of hands-on software engineering experience delivering production software systems. Bachelor's degree or higher in Computer Science, Computer Engineering, Software Engineering, or a related…",Full-time,,indeed_eg,2026-06-04 03:23:42.847827+00:00
Full Stack Developer-VB,Vodafone,Giza,https://eg.indeed.com/rc/clk?jk=3fdc18ebc41419eb&bb=omsZbs2VhvYdOoIaj3gY2jLQ4uqqbfbOOwcmMzfpAxpf3OWzaD4vGwvHjCgpp9jnkk2pvp-hQHndUU9W3CqTgXugGyCKtyi1QOVvXBiIa9jQHMwFOlZbsPcRKYZJsKZe3oXjaKPnFH_opnSlZ_PUcQ%3D%3D&xkcb=SoCE67M3iIdMNMz5VB0NbzkdCdPP&rjs=0&qd=Xd-cji1-rrfYy0m8LpokE8dF20pwsUrmctm8cTGFOXDOAPLLNYb6wmUg8gjYJafwpsXE23qShaYtGgdtUJu_X5BBGG-ayCiM-gQi8HpsYsLtZozk31ERKPJGlDLUboAG50chrnGX4B46HyqhlSj9xMohy02t3MX0n-6xoRHLk5Oh8V2c0duIS4mZo0TAq11Zl61No7XvcMPz961yBIpblougDO3NlIXerppYqweTrkypekz528br-gxVv8Wv-DhqYUGzLtkCMN0_G6dbtmLep2oeHSOyzbXJdLHk0v_T1hU&atk=1jq8agvct25hv000,"4-7 years of experience in software development. If you require any reasonable adjustments or have an accessibility request as part of your recruitment journey, for example, extended time or breaks in…",Full-time,,indeed_eg,2026-06-04 03:23:42.755471+00:00
Junior Automation Engineer,ABB,Al Sharqia,https://eg.indeed.com/rc/clk?jk=c7b064e5541aa8fe&bb=omsZbs2VhvYdOoIaj3gY2l9JvHDkOOJ_3YmtVmvobBTUu8zFgSwh_iqBV-8EGJF_PBGvROPdBCOLCoMbhHe-ytejLHUObZFEjZhDjIuCchWVPDd4XZaJumNjkgExyaZ1rhkMzIDlDWvxJFKyIR97dg%3D%3D&xkcb=SoAZ67M3iIdMNMz5VB0ObzkdCdPP&rjs=0&qd=Xd-cji1-rrfYy0m8LpokE8dF20pwsUrmctm8cTGFOXDOAPLLNYb6wmUg8gjYJafwpsXE23qShaYtGgdtUJu_X5BBGG-ayCiM-gQi8HpsYsLtZozk31ERKPJGlDLUboAG50chrnGX4B46HyqhlSj9xMohy02t3MX0n-6xoRHLk5Oh8V2c0duIS4mZo0TAq11Zl61No7XvcMPz961yBIpblougDO3NlIXerppYqweTrkypekz528br-gxVv8Wv-DhqYUGzLtkCMN0_G6dbtmLep2oeHSOyzbXJdLHk0v_T1hU&atk=1jq8agvct25hv000,"1-2 years of experience as automation engineer . Good knowledge about design processes, trainings about SAP, customer satisfaction, communication skills, presentation skills, ISO 9001 requirements,…",Full-time,,indeed_eg,2026-06-04 03:23:42.674604+00:00
Senior Python Backend Developer (Django/FastAPI),FlyFlat,مصر,https://eg.indeed.com/rc/clk?jk=c08a3573b7ee58ab&bb=omsZbs2VhvYdOoIaj3gY2oYdZDnV8_9gd5hb2NVP2nT74L-lQCg1PFTAhtC_ckzWqfCc69r0Nze9Ypk0IDNu7hV6wH54ctbiFq8IVoK8aFRBKBsQxnrIqCbJN_s9jccHUXbA7CKr70D0DAk_rDO4Pg%3D%3D&xkcb=SoCt67M3iIdMNMz5VB0PbzkdCdPP&rjs=0&qd=Xd-cji1-rrfYy0m8LpokE8dF20pwsUrmctm8cTGFOXDOAPLLNYb6wmUg8gjYJafwpsXE23qShaYtGgdtUJu_X5BBGG-ayCiM-gQi8HpsYsLtZozk31ERKPJGlDLUboAG50chrnGX4B46HyqhlSj9xMohy02t3MX0n-6xoRHLk5Oh8V2c0duIS4mZo0TAq11Zl61No7XvcMPz961yBIpblougDO3NlIXerppYqweTrkypekz528br-gxVv8Wv-DhqYUGzLtkCMN0_G6dbtmLep2oeHSOyzbXJdLHk0v_T1hU&atk=1jq8agvct25hv000,"Experience with AWS services and/or Railway. Help define the company-wide policies, guardrails, and enablement that let teams across Ascend use AI tools effectively without creating IP, security, or…",,,indeed_eg,2026-06-04 03:23:42.626726+00:00
Newly graduated Mechanical Engineers at Novo Nordisk Engineering,NNE,Dakahlia,https://eg.indeed.com/rc/clk?jk=1b93eee4f1a349a9&bb=omsZbs2VhvYdOoIaj3gY2iqv9Ue9qbxTBhpWobeqqaFoDtERcBsvrfWcCFJ9xFaioNNWsX1bGbQW8lfZhay1-QpbsbXCs7gMIZeA3JMUXOOeW79z8QIcY3CKvbMd2c_tQzer436FP8yFr8Z3wsKE3w%3D%3D&xkcb=SoAj67M3iIdMNMz5VB0IbzkdCdPP&rjs=0&qd=Xd-cji1-rrfYy0m8LpokE8dF20pwsUrmctm8cTGFOXDOAPLLNYb6wmUg8gjYJafwpsXE23qShaYtGgdtUJu_X5BBGG-ayCiM-gQi8HpsYsLtZozk31ERKPJGlDLUboAG50chrnGX4B46HyqhlSj9xMohy02t3MX0n-6xoRHLk5Oh8V2c0duIS4mZo0TAq11Zl61No7XvcMPz961yBIpblougDO3NlIXerppYqweTrkypekz528br-gxVv8Wv-DhqYUGzLtkCMN0_G6dbtmLep2oeHSOyzbXJdLHk0v_T1hU&atk=1jq8agvct25hv000,"We are looking for newly graduated mechanical engineers , marine engineers or related educational backgrounds to ensure that our customers get the best-in-class mechanical consultancy in their projects…",,,indeed_eg,2026-06-04 03:23:42.567316+00:00
Full Stock Software Engineer,HomeFront,مصر,https://eg.indeed.com/rc/clk?jk=13eadce8909a8cc5&bb=omsZbs2VhvYdOoIaj3gY2s5-cou1PRpFDYFt6C_CBkzTp1aiurNXleK_WDkmSKb1a3zE5FTAxwwkbiDTIOsW9IiCxZLjeYhkqk9HLfXO8p6ZtE1qZ86rq1imtDkJxxqYBAF7ZQ-3QtmRDfsPNGX-HA%3D%3D&xkcb=SoCX67M3iIdMNMz5VB0JbzkdCdPP&rjs=0&qd=Xd-cji1-rrfYy0m8LpokE8dF20pwsUrmctm8cTGFOXDOAPLLNYb6wmUg8gjYJafwpsXE23qShaYtGgdtUJu_X5BBGG-ayCiM-gQi8HpsYsLtZozk31ERKPJGlDLUboAG50chrnGX4B46HyqhlSj9xMohy02t3MX0n-6xoRHLk5Oh8V2c0duIS4mZo0TAq11Zl61No7XvcMPz961yBIpblougDO3NlIXerppYqweTrkypekz528br-gxVv8Wv-DhqYUGzLtkCMN0_G6dbtmLep2oeHSOyzbXJdLHk0v_T1hU&atk=1jq8agvct25hv000,"Solid understanding of frontend and backend architecture. Design, develop, and maintain full stack applications from concept to deployment. Develop scalable backend services and APIs.","EGP 414.79 - EGP 622.19 an hour,Full-time",,indeed_eg,2026-06-04 03:23:42.502790+00:00
Software Engineer II - Backend,talabat,Cairo,https://eg.indeed.com/rc/clk?jk=f435c7d4d7719dcd&bb=omsZbs2VhvYdOoIaj3gY2hLTQ32KPTa0W3QHgZRz-z21Qn5-dZsn6L42JZ1K5V1z_sYUXQn4nzP_3HRz9A4rRL9InuWFPx5FvEGA9SRIA42Ez8z-foWYw_cB2EQhMNxawYaRL7IdqPYTyu9fHjGqMA%3D%3D&xkcb=SoAK67M3iIdMNMz5VB0KbzkdCdPP&rjs=0&qd=Xd-cji1-rrfYy0m8LpokE8dF20pwsUrmctm8cTGFOXDOAPLLNYb6wmUg8gjYJafwpsXE23qShaYtGgdtUJu_X5BBGG-ayCiM-gQi8HpsYsLtZozk31ERKPJGlDLUboAG50chrnGX4B46HyqhlSj9xMohy02t3MX0n-6xoRHLk5Oh8V2c0duIS4mZo0TAq11Zl61No7XvcMPz961yBIpblougDO3NlIXerppYqweTrkypekz528br-gxVv8Wv-DhqYUGzLtkCMN0_G6dbtmLep2oeHSOyzbXJdLHk0v_T1hU&atk=1jq8agvct25hv000,"3+ years of software engineering experience, preferably within Extreme Programming environment (TDD, Pair Programming, Simple Design, and Continuous Refactoring) with predominant languages being .",Contract,,indeed_eg,2026-06-04 03:23:42.443743+00:00
Mid-Level Full Stack TypeScript Engineer,Seha Care,مصر,https://eg.indeed.com/rc/clk?jk=80b387350a028733&bb=omsZbs2VhvYdOoIaj3gY2l9JvHDkOOJ_H96ooU4uxFag3PZxOBDcFbAxvpyoWn-zgWJiJfHw88IT2zwaEweX_Ey9uRn9JRVGaebIm64-TtnlOoBoIOO8lrshg_1apJWDWkwubUEsgx2SLYeEXhs3sA%3D%3D&xkcb=SoC-67M3iIdMNMz5VB0LbzkdCdPP&rjs=0&qd=Xd-cji1-rrfYy0m8LpokE8dF20pwsUrmctm8cTGFOXDOAPLLNYb6wmUg8gjYJafwpsXE23qShaYtGgdtUJu_X5BBGG-ayCiM-gQi8HpsYsLtZozk31ERKPJGlDLUboAG50chrnGX4B46HyqhlSj9xMohy02t3MX0n-6xoRHLk5Oh8V2c0duIS4mZo0TAq11Zl61No7XvcMPz961yBIpblougDO3NlIXerppYqweTrkypekz528br-gxVv8Wv-DhqYUGzLtkCMN0_G6dbtmLep2oeHSOyzbXJdLHk0v_T1hU&atk=1jq8agvct25hv000,Strong understanding of modern frontend development practices. Strong understanding of software engineering best practices. 3–5 years of professional software development experience.,"EGP 30,000 - EGP 40,000 a month,Full-time",,indeed_eg,2026-06-04 03:23:42.380612+00:00
