Title,Company,Location,URL,Description,Tags,Salary,Source,Scraped At
Senior School Science Teacher - DQ Campus - Required August 2026,British International School Riyadh (BISR),Riyadh,https://sa.indeed.com/rc/clk?jk=3bcb446aa7d1c286&bb=5vyIRwYY9RXlej0Tbu9ZZTrHomWt64wO3vxdAxBxIRu2CiEndbQjL1PMy_9gkFFmM151J5Z2S6o8PaTheGy4U1Bc-7TIVjpogWU8t7UMgAIIHlMtMPckD43MQzWqsTnmfHAsqXw9nuYipFR0QKw88g%3D%3D&xkcb=SoBv67M3iLExdrTF1J0CbzkdCdPP&rjs=0&qd=Xd-cji1-rrfYy0m8LpokE8dF20pwsUrmctm8cTGFOXDOAPLLNYb6wmUg8gjYJafwpsXE23qShaYtGgdtUJu_X5BBGG-ayCiM-gQi8HpsYsLtZozk31ERKPJGlDLUboAG50chrnGX4B46HyqhlSj9xMohy02t3MX0n-6xoRHLk5Oh8V2c0duIS4mZo0TAq11Zl61No7XvcMPz961yBIpblougDO3NlIXerppYqweTrkxdIR2u4KVXi5XGrbZ08pfBgjrEyAE0GkSkYu3jG0wyz-m8DBeU9On53oG-IZdphrWe7n-3RR29snHPIVTPNqKSWOxvghNOg8rM6Po_qXQU-g&atk=1jqb6flam26s7001,Certificate of Education (PGCE or B.Ed). Relevant training or qualifications for the specific post. Experience teaching within a Key Stage or subject. A school with a strong sense of community.,,,indeed_sa,2026-06-05 06:10:48.288336+00:00
Orthopedic Surgery Registrar - Riyadh (207008),Nahdi,Riyadh,https://sa.indeed.com/rc/clk?jk=dad4a6198a4f1fbd&bb=5vyIRwYY9RXlej0Tbu9ZZe0Wr2wzAHAL3oIWVnPq0bwAP3HCmV2DpR-iSO-r0_EcRxhHYQG24RfEhvEzwpYY7WVnX9CQG8ln0TstME9ZH1MIlSKKx5DoteGS0E0WTCEk6-eNWji0H25pjcuL-92Hxg%3D%3D&xkcb=SoDb67M3iLExdrTF1J0DbzkdCdPP&rjs=0&qd=Xd-cji1-rrfYy0m8LpokE8dF20pwsUrmctm8cTGFOXDOAPLLNYb6wmUg8gjYJafwpsXE23qShaYtGgdtUJu_X5BBGG-ayCiM-gQi8HpsYsLtZozk31ERKPJGlDLUboAG50chrnGX4B46HyqhlSj9xMohy02t3MX0n-6xoRHLk5Oh8V2c0duIS4mZo0TAq11Zl61No7XvcMPz961yBIpblougDO3NlIXerppYqweTrkxdIR2u4KVXi5XGrbZ08pfBgjrEyAE0GkSkYu3jG0wyz-m8DBeU9On53oG-IZdphrWe7n-3RR29snHPIVTPNqKSWOxvghNOg8rM6Po_qXQU-g&atk=1jqb6flam26s7001,Working Hours : 8 net working hours according to shift schedule approved by head of department. 2 years of clinical experience following Master’s degree or is eligible to sit the board examination in…,,,indeed_sa,2026-06-05 06:10:48.219369+00:00
Customer Strategy and Planning Assistant Manager - Skin Cleansing,Unilever,Jeddah,https://sa.indeed.com/rc/clk?jk=742bd42470709054&bb=5vyIRwYY9RXlej0Tbu9ZZfCJ4xzC_IOOrGIBHU2_Omlh_xxCD1WHm0zQ_UzshsPPDP3E00GW49t1psK-zCg685id6vrp4Mhl5WsQWY-vRbPQO6hzfWsN7rFEybtG9olecqujpOeyDKmQ7ustozzqoQ%3D%3D&xkcb=SoC867M3iLExdrTF1J0LbzkdCdPP&rjs=0&qd=Xd-cji1-rrfYy0m8LpokE8dF20pwsUrmctm8cTGFOXDOAPLLNYb6wmUg8gjYJafwpsXE23qShaYtGgdtUJu_X5BBGG-ayCiM-gQi8HpsYsLtZozk31ERKPJGlDLUboAG50chrnGX4B46HyqhlSj9xMohy02t3MX0n-6xoRHLk5Oh8V2c0duIS4mZo0TAq11Zl61No7XvcMPz961yBIpblougDO3NlIXerppYqweTrkxdIR2u4KVXi5XGrbZ08pfBgjrEyAE0GkSkYu3jG0wyz-m8DBeU9On53oG-IZdphrWe7n-3RR29snHPIVTPNqKSWOxvghNOg8rM6Po_qXQU-g&atk=1jqb6flam26s7001,3 or 4+ Years of Experience in key account management experience or trade marketing experience within FMCG industry or Retail Industry. Provide a detail analysis on actual sales vs forecast result and…,,,indeed_sa,2026-06-05 06:10:48.147224+00:00
Senior Project Manager - Stadium Experience,Egis,Riyadh,https://sa.indeed.com/rc/clk?jk=865edead2eef978b&bb=YvDWH8DyN2yYCp2GYncBwkbvmy_4LJjapyEwKfWD0ZvaZfPftvYkkrJOq_gn_FLICZ5Y5cKhbJyMGz9xmcaWwyAn-Y3-Zj07tQMUH-x9dY1QlVy2bmvCDH4lPoTI23j7JY8qAy10CcoZBr2w3_n4cg%3D%3D&xkcb=SoBw67M3iLEx8OTF6B0dbzkdCdPP&rjs=0&qd=Xd-cji1-rrfYy0m8LpokE8dF20pwsUrmctm8cTGFOXDOAPLLNYb6wmUg8gjYJafwpsXE23qShaYtGgdtUJu_X5BBGG-ayCiM-gQi8HpsYsLtZozk31ERKPJGlDLUboAG50chrnGX4B46HyqhlSj9xMohy02t3MX0n-6xoRHLk5Oh8V2c0duIS4mZo0TAq11Zl61No7XvcMPz961yBIpblougDO3NlIXerppYqweTrkxdIR2u4KVXi5XGrbZ08pfBgjrEyAE0GkSkYu3jG0wyz-m8DBeU9On53oG-IZdphrVNnlxhR3Dxzr6iWM9Uan5jWOxvghNOg8rM6Po_qXQU-g&atk=1jqb6fh85hmvh802,"15 + years of design management experience on major buildings or infrastructure, with demonstrable experience delivering FIFA stadium projects (World Cup, continental championship, or equivalent tier-…",,,indeed_sa,2026-06-05 06:10:44.671004+00:00
Senior Project Manager - Stadium Experience,Omrania,Riyadh,https://sa.indeed.com/rc/clk?jk=349770aaab22137f&bb=YvDWH8DyN2yYCp2GYncBwqEa3xFlyOwhcywUzCE2FNTFG-A-BRfpWqQDnmLVN8ovU5jCHlOliG1R_vmEjjMcKdLhv7jFrzNi5PPuupbt1q6dCm82_gappNZPg-kxLCjg3VGBtBo4mQmmciBqHfH5tw%3D%3D&xkcb=SoBK67M3iLEx8OTF6B0bbzkdCdPP&rjs=0&qd=Xd-cji1-rrfYy0m8LpokE8dF20pwsUrmctm8cTGFOXDOAPLLNYb6wmUg8gjYJafwpsXE23qShaYtGgdtUJu_X5BBGG-ayCiM-gQi8HpsYsLtZozk31ERKPJGlDLUboAG50chrnGX4B46HyqhlSj9xMohy02t3MX0n-6xoRHLk5Oh8V2c0duIS4mZo0TAq11Zl61No7XvcMPz961yBIpblougDO3NlIXerppYqweTrkxdIR2u4KVXi5XGrbZ08pfBgjrEyAE0GkSkYu3jG0wyz-m8DBeU9On53oG-IZdphrVNnlxhR3Dxzr6iWM9Uan5jWOxvghNOg8rM6Po_qXQU-g&atk=1jqb6fh85hmvh802,"15 + years of design management experience on major buildings or infrastructure, with demonstrable experience delivering FIFA stadium projects (World Cup, continental championship, or equivalent tier-…",,,indeed_sa,2026-06-05 06:10:44.574908+00:00
Senior Roads Engineer,Surbana Jurong Private Limited,Riyadh,https://sa.indeed.com/rc/clk?jk=4902761e14bd239b&bb=YvDWH8DyN2yYCp2GYncBwjht3VzTSE70la1NMQ-GpuEprcDLrx6WOUw0Rjs_2HS6-sIkaaAMapIWfiyuGFwRARBud4iq6nFrclQVk--kxysoaVPNurK0uyV_GAXfdiUrqMvFyYyAVkx6hYv-mvhDkQ%3D%3D&xkcb=SoBt67M3iLEx8OTF6B0EbzkdCdPP&rjs=0&qd=Xd-cji1-rrfYy0m8LpokE8dF20pwsUrmctm8cTGFOXDOAPLLNYb6wmUg8gjYJafwpsXE23qShaYtGgdtUJu_X5BBGG-ayCiM-gQi8HpsYsLtZozk31ERKPJGlDLUboAG50chrnGX4B46HyqhlSj9xMohy02t3MX0n-6xoRHLk5Oh8V2c0duIS4mZo0TAq11Zl61No7XvcMPz961yBIpblougDO3NlIXerppYqweTrkxdIR2u4KVXi5XGrbZ08pfBgjrEyAE0GkSkYu3jG0wyz-m8DBeU9On53oG-IZdphrVNnlxhR3Dxzr6iWM9Uan5jWOxvghNOg8rM6Po_qXQU-g&atk=1jqb6fh85hmvh802,Utilize advanced engineering software to create detailed road and highway designs. Prepare construction drawings and support engineers with quantity take-offs and BOQs.,,,indeed_sa,2026-06-05 06:10:44.527474+00:00
Senior Project Manager - Stadium Experience,Omrania- عمرانية,Riyadh,https://sa.indeed.com/rc/clk?jk=66154d1f44e0ec0f&bb=YvDWH8DyN2yYCp2GYncBwmc5P-hB1qOdoSqcNT_bVFnNZ9arfTqlsOZmt7B6ZmjKB4NN4x7nBgJXMoci6VJlEoV1iqPxc1vmH0HC7OYdRbzK4mxqkhyRjTRt33veW4STq4ZPA-D4ugr3YjVulJb0hw%3D%3D&xkcb=SoDZ67M3iLEx8OTF6B0FbzkdCdPP&rjs=0&qd=Xd-cji1-rrfYy0m8LpokE8dF20pwsUrmctm8cTGFOXDOAPLLNYb6wmUg8gjYJafwpsXE23qShaYtGgdtUJu_X5BBGG-ayCiM-gQi8HpsYsLtZozk31ERKPJGlDLUboAG50chrnGX4B46HyqhlSj9xMohy02t3MX0n-6xoRHLk5Oh8V2c0duIS4mZo0TAq11Zl61No7XvcMPz961yBIpblougDO3NlIXerppYqweTrkxdIR2u4KVXi5XGrbZ08pfBgjrEyAE0GkSkYu3jG0wyz-m8DBeU9On53oG-IZdphrVNnlxhR3Dxzr6iWM9Uan5jWOxvghNOg8rM6Po_qXQU-g&atk=1jqb6fh85hmvh802,"15 + years of design management experience on major buildings or infrastructure, with demonstrable experience delivering FIFA stadium projects (World Cup, continental championship, or equivalent tier-…",,,indeed_sa,2026-06-05 06:10:44.479415+00:00
"Health Representative , Vaccines",Pfizer,Dammam,https://sa.indeed.com/rc/clk?jk=3c562cf1c3d05c62&bb=YvDWH8DyN2yYCp2GYncBwtKwt1MFvsHQMQAgRqsoHpoPCbo5iW2SV2-H8uH-MEaS5BUEIwTbMUPK0IDQUztjChDuXaNXvA-zDhNy9ru4NwZ8YWU7Ox5vCJtlDQ6gr8XiS8jRJzHar5NkTiGm5tPZng%3D%3D&xkcb=SoDw67M3iLEx8OTF6B0HbzkdCdPP&rjs=0&qd=Xd-cji1-rrfYy0m8LpokE8dF20pwsUrmctm8cTGFOXDOAPLLNYb6wmUg8gjYJafwpsXE23qShaYtGgdtUJu_X5BBGG-ayCiM-gQi8HpsYsLtZozk31ERKPJGlDLUboAG50chrnGX4B46HyqhlSj9xMohy02t3MX0n-6xoRHLk5Oh8V2c0duIS4mZo0TAq11Zl61No7XvcMPz961yBIpblougDO3NlIXerppYqweTrkxdIR2u4KVXi5XGrbZ08pfBgjrEyAE0GkSkYu3jG0wyz-m8DBeU9On53oG-IZdphrVNnlxhR3Dxzr6iWM9Uan5jWOxvghNOg8rM6Po_qXQU-g&atk=1jqb6fh85hmvh802,"Feedback to Team, Head Office and Manager of relevant competitor activity or local issues to ensure appropriate action can be taken. Responsible for maximizing Vaccines growth through the different…",,,indeed_sa,2026-06-05 06:10:44.427045+00:00
Endodontics Registrar - Riyadh,Nahdi,Riyadh,https://sa.indeed.com/rc/clk?jk=57ef15b0949cf9a4&bb=YvDWH8DyN2yYCp2GYncBwnrFtCueVX0k_s0oc1EySfOXCCdxU6NatMsSH2CIpr60z0glfTPAUYfEem7SMYCr6C39qCU8J3grSHGZMW-hD4PWIXf-KZz5fDT3In008HcU8R1kvJvW8xivaI5HSk1MIg%3D%3D&xkcb=SoBX67M3iLEx8OTF6B0CbzkdCdPP&rjs=0&qd=Xd-cji1-rrfYy0m8LpokE8dF20pwsUrmctm8cTGFOXDOAPLLNYb6wmUg8gjYJafwpsXE23qShaYtGgdtUJu_X5BBGG-ayCiM-gQi8HpsYsLtZozk31ERKPJGlDLUboAG50chrnGX4B46HyqhlSj9xMohy02t3MX0n-6xoRHLk5Oh8V2c0duIS4mZo0TAq11Zl61No7XvcMPz961yBIpblougDO3NlIXerppYqweTrkxdIR2u4KVXi5XGrbZ08pfBgjrEyAE0GkSkYu3jG0wyz-m8DBeU9On53oG-IZdphrVNnlxhR3Dxzr6iWM9Uan5jWOxvghNOg8rM6Po_qXQU-g&atk=1jqb6fh85hmvh802,Working Hours : 8 net working hours according to shift schedule approved by head of department. Service as a Registrar in the Endodontics Registrar department is to Diagnose and treat injuries or…,,,indeed_sa,2026-06-05 06:10:44.339095+00:00
"Manager Research (Investment Solutions Group), Assistant Vice President - State Street Investment Management",State Street,Riyadh,https://sa.indeed.com/rc/clk?jk=7d932e54ed1fe40c&bb=YvDWH8DyN2yYCp2GYncBwiAfxpbjb8hhVr-U3aCXoRs5Jer47x97fq7Qr3W5ztaTK2qM80XHE2d8XAIbEneAG6t6mm2QmJXjrGgvPB_w_fMcMZ_078a6doSGRWqJH7vKbK1CYdBV0tvdpvDe43QRvA%3D%3D&xkcb=SoDj67M3iLEx8OTF6B0DbzkdCdPP&rjs=0&qd=Xd-cji1-rrfYy0m8LpokE8dF20pwsUrmctm8cTGFOXDOAPLLNYb6wmUg8gjYJafwpsXE23qShaYtGgdtUJu_X5BBGG-ayCiM-gQi8HpsYsLtZozk31ERKPJGlDLUboAG50chrnGX4B46HyqhlSj9xMohy02t3MX0n-6xoRHLk5Oh8V2c0duIS4mZo0TAq11Zl61No7XvcMPz961yBIpblougDO3NlIXerppYqweTrkxdIR2u4KVXi5XGrbZ08pfBgjrEyAE0GkSkYu3jG0wyz-m8DBeU9On53oG-IZdphrVNnlxhR3Dxzr6iWM9Uan5jWOxvghNOg8rM6Po_qXQU-g&atk=1jqb6fh85hmvh802,You will need to periodically travel and meet with existing or potential internal or external investment management teams. 3+ years experience in a role conducting manager due diligence including…,,,indeed_sa,2026-06-05 06:10:44.290661+00:00
Early Career Trainee - Service Delivery Specialist,GE HEALTHCARE,Riyadh,https://sa.indeed.com/rc/clk?jk=77f1815f8bc01e2c&bb=YvDWH8DyN2yYCp2GYncBwhbiz68p-nYR9myimwXwRj5FOLaoFzaBhWrziqD_KRMTdC_U5J9pbox-nx2JA7dB_A00fUPLZvoC0lzJjgNv1eodDoNxyQQDL8S9uamRM9Ky2opmDNJAP_zLnn10ijq26w%3D%3D&xkcb=SoC-67M3iLEx8OTF6B0NbzkdCdPP&rjs=0&qd=Xd-cji1-rrfYy0m8LpokE8dF20pwsUrmctm8cTGFOXDOAPLLNYb6wmUg8gjYJafwpsXE23qShaYtGgdtUJu_X5BBGG-ayCiM-gQi8HpsYsLtZozk31ERKPJGlDLUboAG50chrnGX4B46HyqhlSj9xMohy02t3MX0n-6xoRHLk5Oh8V2c0duIS4mZo0TAq11Zl61No7XvcMPz961yBIpblougDO3NlIXerppYqweTrkxdIR2u4KVXi5XGrbZ08pfBgjrEyAE0GkSkYu3jG0wyz-m8DBeU9On53oG-IZdphrVNnlxhR3Dxzr6iWM9Uan5jWOxvghNOg8rM6Po_qXQU-g&atk=1jqb6fh85hmvh802,"Bachelor’s degree in, Engineering, supply chain management, or a related field (or equivalent work experience). Green Belt / Black Belt certified or familiar with Six Sigma quality concepts and tools.",,,indeed_sa,2026-06-05 06:10:44.237854+00:00
Managed Services Operations Coordinator,NTT Ltd,Riyadh,https://sa.indeed.com/rc/clk?jk=fe36951d95e8dd46&bb=YvDWH8DyN2yYCp2GYncBwmqvZiS99Rv0g1ZekeCYjc-Bb707ZKmTyPa1g3uDqKfGORoz2RXsgjjRDKnF7J1a6bK16qW4Ps8miYVUxmBfInAyS9EQ0nCMe5Y2zvKUP3bPhfadlVzrIlimou70Bn2_8Q%3D%3D&xkcb=SoCX67M3iLEx8OTF6B0PbzkdCdPP&rjs=0&qd=Xd-cji1-rrfYy0m8LpokE8dF20pwsUrmctm8cTGFOXDOAPLLNYb6wmUg8gjYJafwpsXE23qShaYtGgdtUJu_X5BBGG-ayCiM-gQi8HpsYsLtZozk31ERKPJGlDLUboAG50chrnGX4B46HyqhlSj9xMohy02t3MX0n-6xoRHLk5Oh8V2c0duIS4mZo0TAq11Zl61No7XvcMPz961yBIpblougDO3NlIXerppYqweTrkxdIR2u4KVXi5XGrbZ08pfBgjrEyAE0GkSkYu3jG0wyz-m8DBeU9On53oG-IZdphrVNnlxhR3Dxzr6iWM9Uan5jWOxvghNOg8rM6Po_qXQU-g&atk=1jqb6fh85hmvh802,Bachelor’s degree or equivalent in Information Technology or Business Administration or related. NTT DATA recruiters will never ask job seekers or candidates for payment or banking information during…,,,indeed_sa,2026-06-05 06:10:44.165279+00:00
Operations Assistant (Local Hire) - DQ Campus - Required August 2026,British International School Riyadh (BISR),Riyadh,https://sa.indeed.com/rc/clk?jk=7db872f75508f2b1&bb=YvDWH8DyN2yYCp2GYncBwiuWctD7c1uTlHZCEnjeu04xjw00zzxwOL65T6amhjfjTyNssYgK0FeO9rjM0dd34ZYuQJc7yjhxIhMVy3fXlMNNd3Xm7YJAsUuPwhju9IesJvB6-lcKsuQXkham-T_clA%3D%3D&xkcb=SoAZ67M3iLEx8OTF6B0IbzkdCdPP&rjs=0&qd=Xd-cji1-rrfYy0m8LpokE8dF20pwsUrmctm8cTGFOXDOAPLLNYb6wmUg8gjYJafwpsXE23qShaYtGgdtUJu_X5BBGG-ayCiM-gQi8HpsYsLtZozk31ERKPJGlDLUboAG50chrnGX4B46HyqhlSj9xMohy02t3MX0n-6xoRHLk5Oh8V2c0duIS4mZo0TAq11Zl61No7XvcMPz961yBIpblougDO3NlIXerppYqweTrkxdIR2u4KVXi5XGrbZ08pfBgjrEyAE0GkSkYu3jG0wyz-m8DBeU9On53oG-IZdphrVNnlxhR3Dxzr6iWM9Uan5jWOxvghNOg8rM6Po_qXQU-g&atk=1jqb6fh85hmvh802,Certificate of Education (PGCE or B.Ed). Relevant training or qualifications for the specific post. Experience teaching within a Key Stage or subject. A school with a strong sense of community.,,,indeed_sa,2026-06-05 06:10:44.112293+00:00
Senior Manager Solutions Architecture,Riyadh Air,Riyadh,https://sa.indeed.com/rc/clk?jk=635c9acb2d0376a7&bb=YvDWH8DyN2yYCp2GYncBwhE4tnio4ulJFkWTjrO2NJsNddqxYoPvQ_ascgNncxcTuNJK7iJt1e3-rCByRL1oX-HGPLl12eFSC_791-q9i7iyG3RDlUArV-CQw_C8WfPXxyAkDlVI0SbFWRnava0RNQ%3D%3D&xkcb=SoCt67M3iLEx8OTF6B0JbzkdCdPP&rjs=0&qd=Xd-cji1-rrfYy0m8LpokE8dF20pwsUrmctm8cTGFOXDOAPLLNYb6wmUg8gjYJafwpsXE23qShaYtGgdtUJu_X5BBGG-ayCiM-gQi8HpsYsLtZozk31ERKPJGlDLUboAG50chrnGX4B46HyqhlSj9xMohy02t3MX0n-6xoRHLk5Oh8V2c0duIS4mZo0TAq11Zl61No7XvcMPz961yBIpblougDO3NlIXerppYqweTrkxdIR2u4KVXi5XGrbZ08pfBgjrEyAE0GkSkYu3jG0wyz-m8DBeU9On53oG-IZdphrVNnlxhR3Dxzr6iWM9Uan5jWOxvghNOg8rM6Po_qXQU-g&atk=1jqb6fh85hmvh802,"Critically, you'll have hands on experience with cloud platforms (AWS, Azure, or GCP) and modern architecture practices including full Adobe stack . Degree qualified, you will demonstrate at least 10…",,,indeed_sa,2026-06-05 06:10:44.058063+00:00
"Business Development Representative- Riyadh, KSA (Saudi National)",IFS,Riyadh,https://sa.indeed.com/rc/clk?jk=34cf4295b7794e47&bb=WubvnbDsTQ_4l-VHLX0h83ZCTlbu-d0I5ExA8H2qyjGRXsJ9BYE0PaN-0Hy7hdCEVj_R4ZuPW7AS9s3ANRAaGoKXxucfbDambuc5uRFc9lUUCFBwsDJ-P9gMIOXawR8x5WBSnvcDMONKYt0GfZIXxw%3D%3D&xkcb=SoBK67M3iLEyf4z4250TbzkdCdPP&rjs=0&qd=Xd-cji1-rrfYy0m8LpokE8dF20pwsUrmctm8cTGFOXDOAPLLNYb6wmUg8gjYJafwpsXE23qShaYtGgdtUJu_X5BBGG-ayCiM-gQi8HpsYsLtZozk31ERKPJGlDLUboAG50chrnGX4B46HyqhlSj9xMohy02t3MX0n-6xoRHLk5Oh8V2c0duIS4mZo0TAq11Zl61No7XvcMPz961yBIpblougDO3NlIXerppYqweTrkxdIR2u4KVXi5XGrbZ08pfBgjrEyAE0GkSkYu3jG0wyz-m8DBeU9On53oG-IZdphrVtMbptzsiGfPqx9Z6TgkIYWOxvghNOg8rM6Po_qXQU-g&atk=1jqb6fd21hcd3804,"Proven software telemarketing, inside sales, or software sales for enterprise accounts. Utilize your deep understanding of the BDR toolkit, including CRM software and sales intelligence tools, to…",,,indeed_sa,2026-06-05 06:10:40.495151+00:00
Endodontics Registrar - Taif (202605),Nahdi,Ta'if,https://sa.indeed.com/rc/clk?jk=2109fd4dd23cd7cd&bb=WubvnbDsTQ_4l-VHLX0h80rZtvfj44t5X1ldJWQhpY-pxLjHUrLQZdVUN54-rJym8N-P-j1dSf2ARAE73f3oDitz_LfUS-XXMkQGFnl4DR6hfUjo1PqKIWqVEUbc9cD8KClcdIwWn1WoeuZAHoQBqA%3D%3D&xkcb=SoAX67M3iLEyf4z4250dbzkdCdPP&rjs=0&qd=Xd-cji1-rrfYy0m8LpokE8dF20pwsUrmctm8cTGFOXDOAPLLNYb6wmUg8gjYJafwpsXE23qShaYtGgdtUJu_X5BBGG-ayCiM-gQi8HpsYsLtZozk31ERKPJGlDLUboAG50chrnGX4B46HyqhlSj9xMohy02t3MX0n-6xoRHLk5Oh8V2c0duIS4mZo0TAq11Zl61No7XvcMPz961yBIpblougDO3NlIXerppYqweTrkxdIR2u4KVXi5XGrbZ08pfBgjrEyAE0GkSkYu3jG0wyz-m8DBeU9On53oG-IZdphrVtMbptzsiGfPqx9Z6TgkIYWOxvghNOg8rM6Po_qXQU-g&atk=1jqb6fd21hcd3804,Service as a Registrar in the Endodontics department is to Diagnose and treat injuries or illnesses. Working Hours : 8 net working hours according to shift schedule approved by head of department.,,,indeed_sa,2026-06-05 06:10:40.447438+00:00
"Business Development Representative- Riyadh, KSA (Saudi National)",Copperleaf Technologies Inc.,Riyadh,https://sa.indeed.com/rc/clk?jk=59a673abf6b8b655&bb=WubvnbDsTQ_4l-VHLX0h8-7VkvKXrJk1JTf-E_tezgsRoCyyJPysfL4MA63Q1XsqXeUMaStXTYqY0tQSDaG_bQ2bQpf7BZEEPu5AFtdcYyEXKybymnLFPcVFGm4k_0966l7p7VrhXzbIpmtixDVxEQ%3D%3D&xkcb=SoCK67M3iLEyf4z4250ebzkdCdPP&rjs=0&qd=Xd-cji1-rrfYy0m8LpokE8dF20pwsUrmctm8cTGFOXDOAPLLNYb6wmUg8gjYJafwpsXE23qShaYtGgdtUJu_X5BBGG-ayCiM-gQi8HpsYsLtZozk31ERKPJGlDLUboAG50chrnGX4B46HyqhlSj9xMohy02t3MX0n-6xoRHLk5Oh8V2c0duIS4mZo0TAq11Zl61No7XvcMPz961yBIpblougDO3NlIXerppYqweTrkxdIR2u4KVXi5XGrbZ08pfBgjrEyAE0GkSkYu3jG0wyz-m8DBeU9On53oG-IZdphrVtMbptzsiGfPqx9Z6TgkIYWOxvghNOg8rM6Po_qXQU-g&atk=1jqb6fd21hcd3804,"Proven software telemarketing, inside sales, or software sales for enterprise accounts. Utilize your deep understanding of the BDR toolkit, including CRM software and sales intelligence tools, to…",,,indeed_sa,2026-06-05 06:10:40.386177+00:00
General Practitioner – Telemedicine (207432),Nahdi,Jeddah,https://sa.indeed.com/rc/clk?jk=ad0aea1c61db3156&bb=WubvnbDsTQ_4l-VHLX0h8_-TkYmbMmuLdCl8AIVKVg9iUpBD3Exmb08L21H5_pEpd3nQ6V9-A86jJaZhOdU1mTun0XQQBvlNxfeJh_aZKscRgsnNTlCsXYpKAIFd4L5f5N4qsFuWieZivv6SjGr3aQ%3D%3D&xkcb=SoA-67M3iLEyf4z4250fbzkdCdPP&rjs=0&qd=Xd-cji1-rrfYy0m8LpokE8dF20pwsUrmctm8cTGFOXDOAPLLNYb6wmUg8gjYJafwpsXE23qShaYtGgdtUJu_X5BBGG-ayCiM-gQi8HpsYsLtZozk31ERKPJGlDLUboAG50chrnGX4B46HyqhlSj9xMohy02t3MX0n-6xoRHLk5Oh8V2c0duIS4mZo0TAq11Zl61No7XvcMPz961yBIpblougDO3NlIXerppYqweTrkxdIR2u4KVXi5XGrbZ08pfBgjrEyAE0GkSkYu3jG0wyz-m8DBeU9On53oG-IZdphrVtMbptzsiGfPqx9Z6TgkIYWOxvghNOg8rM6Po_qXQU-g&atk=1jqb6fd21hcd3804,"Working Hours : 8 net working hours according to shift schedule approved by head of department. Responsible to examine patients; take medical histories; prescribe medications; and order, perform, and…",,,indeed_sa,2026-06-05 06:10:40.340962+00:00
Senior Project Manager,Innovative Solutions,Riyadh,https://sa.indeed.com/rc/clk?jk=254754de229a950c&bb=WubvnbDsTQ_4l-VHLX0h8wJxTvUIZYzm0bKC_hXxen3xTzf-d8RVp0nxcrpEIY5BQxiht9jpy4RCL2YEr4ex3LV64tLstBObJC4mc_WGRjBkALJfPWW82pyLv0I4QIKH5V7MfTV6n7mQ8e1AxPfwlQ%3D%3D&xkcb=SoCw67M3iLEyf4z4250YbzkdCdPP&rjs=0&qd=Xd-cji1-rrfYy0m8LpokE8dF20pwsUrmctm8cTGFOXDOAPLLNYb6wmUg8gjYJafwpsXE23qShaYtGgdtUJu_X5BBGG-ayCiM-gQi8HpsYsLtZozk31ERKPJGlDLUboAG50chrnGX4B46HyqhlSj9xMohy02t3MX0n-6xoRHLk5Oh8V2c0duIS4mZo0TAq11Zl61No7XvcMPz961yBIpblougDO3NlIXerppYqweTrkxdIR2u4KVXi5XGrbZ08pfBgjrEyAE0GkSkYu3jG0wyz-m8DBeU9On53oG-IZdphrVtMbptzsiGfPqx9Z6TgkIYWOxvghNOg8rM6Po_qXQU-g&atk=1jqb6fd21hcd3804,"Minimum 5+ years of project management experience, preferably in Cybersecurity, or IT. Bachelor’s degree in Computer Science, Information Technology, Engineering, Business Administration, or a related…",,,indeed_sa,2026-06-05 06:10:40.289263+00:00
ED V / Principle Cathodic Protection Designer,Wood,Al Khobar,https://sa.indeed.com/rc/clk?jk=3259b979c4f37854&bb=WubvnbDsTQ_4l-VHLX0h83wiHy12Q8S-UDD7UYpSBWpUSleP10P1xHYLEDxJXLcnAXtqSWM9ZYReu2XQZVl_yA-VV5lpuHSU4NQ5xjOL4qxcerop3ItETLEZ37f0u7Baftjnf5bFNjo0i2Zk-R4f5g%3D%3D&xkcb=SoAt67M3iLEyf4z4250bbzkdCdPP&rjs=0&qd=Xd-cji1-rrfYy0m8LpokE8dF20pwsUrmctm8cTGFOXDOAPLLNYb6wmUg8gjYJafwpsXE23qShaYtGgdtUJu_X5BBGG-ayCiM-gQi8HpsYsLtZozk31ERKPJGlDLUboAG50chrnGX4B46HyqhlSj9xMohy02t3MX0n-6xoRHLk5Oh8V2c0duIS4mZo0TAq11Zl61No7XvcMPz961yBIpblougDO3NlIXerppYqweTrkxdIR2u4KVXi5XGrbZ08pfBgjrEyAE0GkSkYu3jG0wyz-m8DBeU9On53oG-IZdphrVtMbptzsiGfPqx9Z6TgkIYWOxvghNOg8rM6Po_qXQU-g&atk=1jqb6fd21hcd3804,"Expert in Microsoft office and other desktop software . Should be able to prepare drawings based on calculation sheets provided by engineer . To Prepare MicroStation design drawings for tanks, vessels,…",,,indeed_sa,2026-06-05 06:10:40.202487+00:00
Associate Director – Commercial,Turner & Townsend,Riyadh,https://sa.indeed.com/rc/clk?jk=448cc58da54ac644&bb=WubvnbDsTQ_4l-VHLX0h8-FmmiR7G2fwprbc7xkG1DbXzSpQB_eg-67uJg4jbv3F5MQL1zhpgCuEuu42ExPjd5EiJhgevgzYrbl3pNuxxo7iyfN0ruaKaEmc2W54ahMirueokRmkzc_0N4SySCylXQ%3D%3D&xkcb=SoAK67M3iLEyf4z4250EbzkdCdPP&rjs=0&qd=Xd-cji1-rrfYy0m8LpokE8dF20pwsUrmctm8cTGFOXDOAPLLNYb6wmUg8gjYJafwpsXE23qShaYtGgdtUJu_X5BBGG-ayCiM-gQi8HpsYsLtZozk31ERKPJGlDLUboAG50chrnGX4B46HyqhlSj9xMohy02t3MX0n-6xoRHLk5Oh8V2c0duIS4mZo0TAq11Zl61No7XvcMPz961yBIpblougDO3NlIXerppYqweTrkxdIR2u4KVXi5XGrbZ08pfBgjrEyAE0GkSkYu3jG0wyz-m8DBeU9On53oG-IZdphrVtMbptzsiGfPqx9Z6TgkIYWOxvghNOg8rM6Po_qXQU-g&atk=1jqb6fd21hcd3804,"Experience managing large-scale or international commercial development projects. This role requires strong leadership, strategic thinking and the ability to manage both internal and external…",,,indeed_sa,2026-06-05 06:10:40.143291+00:00
Senior .NET Developer (SharePoint & Mendix),Bayt Almaloumat Alarabiya For Information...,Riyadh,https://sa.indeed.com/rc/clk?jk=6a730cdc7159bd14&bb=WubvnbDsTQ_4l-VHLX0h8xe2_aZN-wdGuNSiOcObwunG5M0aqsv4VfpuF4NrNNdfP9grLS0TgzVyaniUsW4zj2FGVKadw2h1Pu6fq7rNwHeXAcedzgyDkB8yhR4tmLkWhipYTj5pBVxRIffwZ_eA2g%3D%3D&xkcb=SoCt67M3iLEyf4z4250BbzkdCdPP&rjs=0&qd=Xd-cji1-rrfYy0m8LpokE8dF20pwsUrmctm8cTGFOXDOAPLLNYb6wmUg8gjYJafwpsXE23qShaYtGgdtUJu_X5BBGG-ayCiM-gQi8HpsYsLtZozk31ERKPJGlDLUboAG50chrnGX4B46HyqhlSj9xMohy02t3MX0n-6xoRHLk5Oh8V2c0duIS4mZo0TAq11Zl61No7XvcMPz961yBIpblougDO3NlIXerppYqweTrkxdIR2u4KVXi5XGrbZ08pfBgjrEyAE0GkSkYu3jG0wyz-m8DBeU9On53oG-IZdphrVtMbptzsiGfPqx9Z6TgkIYWOxvghNOg8rM6Po_qXQU-g&atk=1jqb6fd21hcd3804,Strong understanding of software development life cycle (SDLC). Develop RESTful APIs and backend services using C# and . Minimum 6 years of experience in software development.,,,indeed_sa,2026-06-05 06:10:39.983916+00:00
Application Support Lead - L2,ITWORX,Saudi Arabia,https://sa.indeed.com/rc/clk?jk=97ddb13b5aa5c626&bb=WubvnbDsTQ_4l-VHLX0h8yJMG1FlA-P92Ujw07YO5Zde7USP7MnsUCjKkVgOUmPqgWSTR7jtilTvVTrP9jrWH88ySZIuexn1kGuYMLz5jEsKW_snOPHdxYUAXxN68ij_fZMWPDv3cM2XxCscWYrSvA%3D%3D&xkcb=SoDZ67M3iLEyf4z4250NbzkdCdPP&rjs=0&qd=Xd-cji1-rrfYy0m8LpokE8dF20pwsUrmctm8cTGFOXDOAPLLNYb6wmUg8gjYJafwpsXE23qShaYtGgdtUJu_X5BBGG-ayCiM-gQi8HpsYsLtZozk31ERKPJGlDLUboAG50chrnGX4B46HyqhlSj9xMohy02t3MX0n-6xoRHLk5Oh8V2c0duIS4mZo0TAq11Zl61No7XvcMPz961yBIpblougDO3NlIXerppYqweTrkxdIR2u4KVXi5XGrbZ08pfBgjrEyAE0GkSkYu3jG0wyz-m8DBeU9On53oG-IZdphrVtMbptzsiGfPqx9Z6TgkIYWOxvghNOg8rM6Po_qXQU-g&atk=1jqb6fd21hcd3804,Monitoring tools (Datadog or similar). Experience in luxury hotel or resort operations. The Application Support L2 Lead is responsible for leading the Level 1 support function across a diverse…,,,indeed_sa,2026-06-05 06:10:39.919395+00:00
TPE V / Principal Cathodic Protection Engineer,Wood,Al Khobar,https://sa.indeed.com/rc/clk?jk=0e5519efab1e1335&bb=WubvnbDsTQ_4l-VHLX0h819ayKG-Q0m-TRhnQXsqH6I-Ig3zJ14gaPJjQoEuT_bX6koCFWMAh4LKCZ851wTygKikgKwWwHzfYaTlnztj60y89cKWz8jSw5sU8Ili0R_GekDZw3g_gtKS95wlst5TQA%3D%3D&xkcb=SoB-67M3iLEyf4z4250IbzkdCdPP&rjs=0&qd=Xd-cji1-rrfYy0m8LpokE8dF20pwsUrmctm8cTGFOXDOAPLLNYb6wmUg8gjYJafwpsXE23qShaYtGgdtUJu_X5BBGG-ayCiM-gQi8HpsYsLtZozk31ERKPJGlDLUboAG50chrnGX4B46HyqhlSj9xMohy02t3MX0n-6xoRHLk5Oh8V2c0duIS4mZo0TAq11Zl61No7XvcMPz961yBIpblougDO3NlIXerppYqweTrkxdIR2u4KVXi5XGrbZ08pfBgjrEyAE0GkSkYu3jG0wyz-m8DBeU9On53oG-IZdphrVtMbptzsiGfPqx9Z6TgkIYWOxvghNOg8rM6Po_qXQU-g&atk=1jqb6fd21hcd3804,Resolves most delays or changes and escalates only most serious issues. Having minimum 10+ Yrs. of experience of working in Saudi Aramco projects both onshore & offshore mainly in design consultancies…,,,indeed_sa,2026-06-05 06:10:39.870280+00:00
Lead Pipeline Engineer,KBR,Al Khobar,https://sa.indeed.com/rc/clk?jk=568b373727b5fd54&bb=WubvnbDsTQ_4l-VHLX0h8yvLIPzJsxe0DgTQhgfQ_LffXlLblm-Y93oVuCKL1q3pGIdn0ZZ-i5y9XxWxG1qb5O5WQVumLUmkn_MwZN2GTLRQoZlrWkyxI414lMq1H9I9wuRemSKPT94E6FlEWhQpYA%3D%3D&xkcb=SoDK67M3iLEyf4z4250JbzkdCdPP&rjs=0&qd=Xd-cji1-rrfYy0m8LpokE8dF20pwsUrmctm8cTGFOXDOAPLLNYb6wmUg8gjYJafwpsXE23qShaYtGgdtUJu_X5BBGG-ayCiM-gQi8HpsYsLtZozk31ERKPJGlDLUboAG50chrnGX4B46HyqhlSj9xMohy02t3MX0n-6xoRHLk5Oh8V2c0duIS4mZo0TAq11Zl61No7XvcMPz961yBIpblougDO3NlIXerppYqweTrkxdIR2u4KVXi5XGrbZ08pfBgjrEyAE0GkSkYu3jG0wyz-m8DBeU9On53oG-IZdphrVtMbptzsiGfPqx9Z6TgkIYWOxvghNOg8rM6Po_qXQU-g&atk=1jqb6fd21hcd3804,"Has Engineering Degree in Mechanical or relevant field. Minimum experience of 15 years in Onshore Pipeline design (Pre-FEED, FEED and Detail Design). Strong problem-solving and analytical mindset.",,,indeed_sa,2026-06-05 06:10:39.827635+00:00
Finance Assistant [Open to internal and external applicants],United Nations Development Programme (UNDP),Riyadh,https://sa.indeed.com/rc/clk?jk=83be73e56590b870&bb=WubvnbDsTQ_4l-VHLX0h8wM0dOxdYnm5rzpC_RuaHBEfT_Q252x3NsJErAFb9fWE1c1xn-vISH2zTpepQ-wvCymcKszb3TAgcbg2Cet7-gZtID1zXTMc-UfGk9RpjIg-RaEHTThgEHXnQKypXZAsvA%3D%3D&xkcb=SoBX67M3iLEyf4z4250KbzkdCdPP&rjs=0&qd=Xd-cji1-rrfYy0m8LpokE8dF20pwsUrmctm8cTGFOXDOAPLLNYb6wmUg8gjYJafwpsXE23qShaYtGgdtUJu_X5BBGG-ayCiM-gQi8HpsYsLtZozk31ERKPJGlDLUboAG50chrnGX4B46HyqhlSj9xMohy02t3MX0n-6xoRHLk5Oh8V2c0duIS4mZo0TAq11Zl61No7XvcMPz961yBIpblougDO3NlIXerppYqweTrkxdIR2u4KVXi5XGrbZ08pfBgjrEyAE0GkSkYu3jG0wyz-m8DBeU9On53oG-IZdphrVtMbptzsiGfPqx9Z6TgkIYWOxvghNOg8rM6Po_qXQU-g&atk=1jqb6fd21hcd3804,Knowledge of IPSAS and/or IFRS desirable. 5 years of relevant finance experience at the national or international level is required in combination of a Secondary Education with specialized…,,,indeed_sa,2026-06-05 06:10:39.779067+00:00
Senior Business Analyst,CHAMP Cargosystems,Jeddah,https://sa.indeed.com/rc/clk?jk=0dda0b407aeb4ed8&bb=WubvnbDsTQ_4l-VHLX0h83QwztSk5S0bNp1MHoiB89ryL5_3sFodfPc7R4vMMoaWBTpDeGTqvQ5od3CCEIYPZBxnRE45q0gFcc4tOW5BcXdwYHWmuxbBZC7hT4qyiLWyHE033v5MNL63nwrwMSL0GA%3D%3D&xkcb=SoDj67M3iLEyf4z4250LbzkdCdPP&rjs=0&qd=Xd-cji1-rrfYy0m8LpokE8dF20pwsUrmctm8cTGFOXDOAPLLNYb6wmUg8gjYJafwpsXE23qShaYtGgdtUJu_X5BBGG-ayCiM-gQi8HpsYsLtZozk31ERKPJGlDLUboAG50chrnGX4B46HyqhlSj9xMohy02t3MX0n-6xoRHLk5Oh8V2c0duIS4mZo0TAq11Zl61No7XvcMPz961yBIpblougDO3NlIXerppYqweTrkxdIR2u4KVXi5XGrbZ08pfBgjrEyAE0GkSkYu3jG0wyz-m8DBeU9On53oG-IZdphrVtMbptzsiGfPqx9Z6TgkIYWOxvghNOg8rM6Po_qXQU-g&atk=1jqb6fd21hcd3804,"Knowledge of all common PC software . Knowledge and experience in Agile software development, Scrum methodology and user story creation. Able to own several customer or system requirements and work…",,,indeed_sa,2026-06-05 06:10:39.733445+00:00
Credit Risk Manager,Malaa,Riyadh,https://sa.indeed.com/rc/clk?jk=bca82cc20872530b&bb=2jaQeqJHDP84O5noeDqt32yoc_gnIySzn0VL6OdqTdCaYw8AZhcdKDlfvoHXBI1pFnpVsS1-oFZbxz8ACbVxtSUWoulgza-SWaY9X70h7jG-612PU5aypIyPtGaQyXnmMnMhn9ZICbvZZnP4APC8XA%3D%3D&xkcb=SoDw67M3iLEywAzF1J0cbzkdCdPP&rjs=0&qd=Xd-cji1-rrfYy0m8LpokE8dF20pwsUrmctm8cTGFOXDOAPLLNYb6wmUg8gjYJafwpsXE23qShaYtGgdtUJu_X5BBGG-ayCiM-gQi8HpsYsLtZozk31ERKPJGlDLUboAG50chrnGX4B46HyqhlSj9xMohy02t3MX0n-6xoRHLk5Oh8V2c0duIS4mZo0TAq11Zl61No7XvcMPz961yBIpblougDO3NlIXerppYqweTrkxdIR2u4KVXi5XGrbZ08pfBgjrEyAE0GkSkYu3jG0wyz-m8DBeU9On53oG-IZdphrWJ4gxI05Ts3nuafXSeAIYsWOxvghNOg8rM6Po_qXQU-g&atk=1jqb6f8o8ha8t801,"Bachelor's degree in Finance, Economics, Business Administration, or a related field. 7+ years of experience in credit risk management, consumer lending, fintech, banking, or financial services.",,,indeed_sa,2026-06-05 06:10:36.039483+00:00
Lead Interface Engineer – Power and Lighting (P&L) Control Systems,Yokogawa,Al Khobar,https://sa.indeed.com/rc/clk?jk=51d4b71f41d0df7f&bb=2jaQeqJHDP84O5noeDqt33vifyG09tAGksWcYFC7lnsrZCRkObmXU1nnvpTNvABpKHpPqDnHg4g6VNd4A0r-1C4MH-G5E_IgkwyIYZLvfE9EBiBMyLvhZP2hdwmq3IxWFXk7dkxSv_UPL3KIKZpzTg%3D%3D&xkcb=SoBt67M3iLEywAzF1J0fbzkdCdPP&rjs=0&qd=Xd-cji1-rrfYy0m8LpokE8dF20pwsUrmctm8cTGFOXDOAPLLNYb6wmUg8gjYJafwpsXE23qShaYtGgdtUJu_X5BBGG-ayCiM-gQi8HpsYsLtZozk31ERKPJGlDLUboAG50chrnGX4B46HyqhlSj9xMohy02t3MX0n-6xoRHLk5Oh8V2c0duIS4mZo0TAq11Zl61No7XvcMPz961yBIpblougDO3NlIXerppYqweTrkxdIR2u4KVXi5XGrbZ08pfBgjrEyAE0GkSkYu3jG0wyz-m8DBeU9On53oG-IZdphrWJ4gxI05Ts3nuafXSeAIYsWOxvghNOg8rM6Po_qXQU-g&atk=1jqb6f8o8ha8t801,Bachelor's Degree or Equivalent Level. Negotiates without supervision and provides technical guidance when required on how to help the organization by obtaining consensus between two or more internal…,,,indeed_sa,2026-06-05 06:10:35.952077+00:00
Arabic (Gulf) Language Specialist - Freelance AI Trainer Project,Meridial,Riyadh,https://sa.indeed.com/rc/clk?jk=4b8bbcea08fcc8a8&bb=2jaQeqJHDP84O5noeDqt3-3lBITyreD9byrm613xTIeamGQDYq8-zCQacLIdyLx6i3Fy1cO2KZxZfpfNH-qtal-FBHfQhxZ66rAzvpsNbihH9J0Vaf1GmYCyxQT9_OCbwxCnWJPNKDekqPIaIXk1Ww%3D%3D&xkcb=SoDK67M3iLEywAzF1J0abzkdCdPP&rjs=0&qd=Xd-cji1-rrfYy0m8LpokE8dF20pwsUrmctm8cTGFOXDOAPLLNYb6wmUg8gjYJafwpsXE23qShaYtGgdtUJu_X5BBGG-ayCiM-gQi8HpsYsLtZozk31ERKPJGlDLUboAG50chrnGX4B46HyqhlSj9xMohy02t3MX0n-6xoRHLk5Oh8V2c0duIS4mZo0TAq11Zl61No7XvcMPz961yBIpblougDO3NlIXerppYqweTrkxdIR2u4KVXi5XGrbZ08pfBgjrEyAE0GkSkYu3jG0wyz-m8DBeU9On53oG-IZdphrWJ4gxI05Ts3nuafXSeAIYsWOxvghNOg8rM6Po_qXQU-g&atk=1jqb6f8o8ha8t801,"A degree in Linguistics, Middle Eastern Studies, Translation, or a related field is ideal; professional experience in teaching, translation, language documentation, or community work signals fit.",,,indeed_sa,2026-06-05 06:10:35.882473+00:00
Arabic (Gulf) Language Expert - Freelance AI Trainer Project,Meridial,Saudi Arabia,https://sa.indeed.com/rc/clk?jk=f16ec7e3b34bfba2&bb=2jaQeqJHDP84O5noeDqt3zaoR7HWtjN4jH2lCtSOxlmyyCmEVcPmlchMS-fGsJ_rhN9_UVrGr_lR5LOJYI7azgu4C7A9yG9DQxkwu6xQOhokwFacqVFHqR4dzN_UHu-siGvhLviRjEt5mS_SkEZXrQ%3D%3D&xkcb=SoB-67M3iLEywAzF1J0bbzkdCdPP&rjs=0&qd=Xd-cji1-rrfYy0m8LpokE8dF20pwsUrmctm8cTGFOXDOAPLLNYb6wmUg8gjYJafwpsXE23qShaYtGgdtUJu_X5BBGG-ayCiM-gQi8HpsYsLtZozk31ERKPJGlDLUboAG50chrnGX4B46HyqhlSj9xMohy02t3MX0n-6xoRHLk5Oh8V2c0duIS4mZo0TAq11Zl61No7XvcMPz961yBIpblougDO3NlIXerppYqweTrkxdIR2u4KVXi5XGrbZ08pfBgjrEyAE0GkSkYu3jG0wyz-m8DBeU9On53oG-IZdphrWJ4gxI05Ts3nuafXSeAIYsWOxvghNOg8rM6Po_qXQU-g&atk=1jqb6f8o8ha8t801,"A Master's degree in Linguistics, Middle Eastern Studies, Translation, or a related field is ideal; professional experience in teaching, translation, language documentation, or community work signals…",,,indeed_sa,2026-06-05 06:10:35.838825+00:00
Regulatory Affairs Officer – MENA,dLocal,Riyadh,https://sa.indeed.com/rc/clk?jk=56281a5440c14f1b&bb=2jaQeqJHDP84O5noeDqt39J8UujPksV3s_0vCuVeit1keSl97ooQBGZkNHJPUeNXOFeu7oTdDbZaMImtWXPwAMw35wKvoQ1ff-6FVuZSUdFRV0H5AddTJjGTD5mxG5s_eidfV482WN1vgLsqFTzmLg%3D%3D&xkcb=SoBZ67M3iLEywAzF1J0EbzkdCdPP&rjs=0&qd=Xd-cji1-rrfYy0m8LpokE8dF20pwsUrmctm8cTGFOXDOAPLLNYb6wmUg8gjYJafwpsXE23qShaYtGgdtUJu_X5BBGG-ayCiM-gQi8HpsYsLtZozk31ERKPJGlDLUboAG50chrnGX4B46HyqhlSj9xMohy02t3MX0n-6xoRHLk5Oh8V2c0duIS4mZo0TAq11Zl61No7XvcMPz961yBIpblougDO3NlIXerppYqweTrkxdIR2u4KVXi5XGrbZ08pfBgjrEyAE0GkSkYu3jG0wyz-m8DBeU9On53oG-IZdphrWJ4gxI05Ts3nuafXSeAIYsWOxvghNOg8rM6Po_qXQU-g&atk=1jqb6f8o8ha8t801,"5+ years of experience in a regulatory affairs, compliance, or legal advisory role — ideally within a fintech, payments company, financial institution, or law firm operating in the MENA region.",,,indeed_sa,2026-06-05 06:10:35.772406+00:00
Structural Service Engineer,NOV Inc.,Ash Sharqīyah,https://sa.indeed.com/rc/clk?jk=816d0d3567a0ac32&bb=2jaQeqJHDP84O5noeDqt33ZLn6qZfv7g12Ezr8E_-N2oQeAyyYABTo6EznEH3cLX96jrfcK9pPu6bQPlZVY7wzTPWn0EGZDd5JmR6omitWd9ZapjTUbLLAP9Y2NodZdWd5Za_hAGyvsqQOdh1nn6Kw%3D%3D&xkcb=SoDt67M3iLEywAzF1J0FbzkdCdPP&rjs=0&qd=Xd-cji1-rrfYy0m8LpokE8dF20pwsUrmctm8cTGFOXDOAPLLNYb6wmUg8gjYJafwpsXE23qShaYtGgdtUJu_X5BBGG-ayCiM-gQi8HpsYsLtZozk31ERKPJGlDLUboAG50chrnGX4B46HyqhlSj9xMohy02t3MX0n-6xoRHLk5Oh8V2c0duIS4mZo0TAq11Zl61No7XvcMPz961yBIpblougDO3NlIXerppYqweTrkxdIR2u4KVXi5XGrbZ08pfBgjrEyAE0GkSkYu3jG0wyz-m8DBeU9On53oG-IZdphrWJ4gxI05Ts3nuafXSeAIYsWOxvghNOg8rM6Po_qXQU-g&atk=1jqb6f8o8ha8t801,"Bachelor’s degree / diploma in Structural, Civil, or Mechanical Engineering or equivalent. Identifying fatigue or corrosion issues. 1 to 3 years of experience in structural inspection, maintenance, or…",,,indeed_sa,2026-06-05 06:10:35.728071+00:00
Arabic (Yemeni) Language Expert - Freelance AI Trainer Project,Meridial,Saudi Arabia,https://sa.indeed.com/rc/clk?jk=cea44b41e1efc590&bb=2jaQeqJHDP84O5noeDqt38q5YJkE5TXVdZfXpq_iuFG-EwYkBazNLLIG5Ra9QHYE89CVvOjT1hmfc3JwgvCmzSKds5FKK39ISHeBHJ4oHqLct62lC6cqAJc0CnSyhsw785jbwT_OCDSOXX-6IcSuaA%3D%3D&xkcb=SoBw67M3iLEywAzF1J0GbzkdCdPP&rjs=0&qd=Xd-cji1-rrfYy0m8LpokE8dF20pwsUrmctm8cTGFOXDOAPLLNYb6wmUg8gjYJafwpsXE23qShaYtGgdtUJu_X5BBGG-ayCiM-gQi8HpsYsLtZozk31ERKPJGlDLUboAG50chrnGX4B46HyqhlSj9xMohy02t3MX0n-6xoRHLk5Oh8V2c0duIS4mZo0TAq11Zl61No7XvcMPz961yBIpblougDO3NlIXerppYqweTrkxdIR2u4KVXi5XGrbZ08pfBgjrEyAE0GkSkYu3jG0wyz-m8DBeU9On53oG-IZdphrWJ4gxI05Ts3nuafXSeAIYsWOxvghNOg8rM6Po_qXQU-g&atk=1jqb6f8o8ha8t801,"A Master's degree in Linguistics, Arabic Studies, Translation, or a related field is ideal; professional experience in teaching, translation, language documentation, or community work signals fit.",,,indeed_sa,2026-06-05 06:10:35.682627+00:00
Associate Director-WN,WSP,Riyadh,https://sa.indeed.com/rc/clk?jk=4ded9f581f49d5fa&bb=2jaQeqJHDP84O5noeDqt384Y3MhIRfYuVgRSmVAEftxT1TxjsOhDvobzGcvbrYIpAFjrM_f69qGb8Yr2gz0J80-m8HjwiAyoPxkIA-QEmfvvNJJdEOx9fXuiKsbAGkVfbg9Hgtj6nrxoBVE6dLV3VA%3D%3D&xkcb=SoDE67M3iLEywAzF1J0HbzkdCdPP&rjs=0&qd=Xd-cji1-rrfYy0m8LpokE8dF20pwsUrmctm8cTGFOXDOAPLLNYb6wmUg8gjYJafwpsXE23qShaYtGgdtUJu_X5BBGG-ayCiM-gQi8HpsYsLtZozk31ERKPJGlDLUboAG50chrnGX4B46HyqhlSj9xMohy02t3MX0n-6xoRHLk5Oh8V2c0duIS4mZo0TAq11Zl61No7XvcMPz961yBIpblougDO3NlIXerppYqweTrkxdIR2u4KVXi5XGrbZ08pfBgjrEyAE0GkSkYu3jG0wyz-m8DBeU9On53oG-IZdphrWJ4gxI05Ts3nuafXSeAIYsWOxvghNOg8rM6Po_qXQU-g&atk=1jqb6f8o8ha8t801,"Bachelor’s degree in Mechanical, or Energy Engineering. Proven experience within water networks, water treatment, or wastewater systems. 18-22 years of experience in power, energy management, or…",,,indeed_sa,2026-06-05 06:10:35.638390+00:00
Wire lab Technician,Blue Hat HR Services,Buqayq,https://sa.indeed.com/rc/clk?jk=ba272f8c5b0a4192&bb=2jaQeqJHDP84O5noeDqt31ALlGnNF8L4x7KyGwplTJkBwWmhiQJvbYNnPELndgRRyjBjAbDcnDNvcT01eTcdH2GVFgcvG-iwkoFpx6l__WIGXz6LyEUODYcpPcqh3Bhp_QSL2tL-VkNBH7l2X8Htww%3D%3D&xkcb=SoDX67M3iLEywAzF1J0DbzkdCdPP&rjs=0&qd=Xd-cji1-rrfYy0m8LpokE8dF20pwsUrmctm8cTGFOXDOAPLLNYb6wmUg8gjYJafwpsXE23qShaYtGgdtUJu_X5BBGG-ayCiM-gQi8HpsYsLtZozk31ERKPJGlDLUboAG50chrnGX4B46HyqhlSj9xMohy02t3MX0n-6xoRHLk5Oh8V2c0duIS4mZo0TAq11Zl61No7XvcMPz961yBIpblougDO3NlIXerppYqweTrkxdIR2u4KVXi5XGrbZ08pfBgjrEyAE0GkSkYu3jG0wyz-m8DBeU9On53oG-IZdphrWJ4gxI05Ts3nuafXSeAIYsWOxvghNOg8rM6Po_qXQU-g&atk=1jqb6f8o8ha8t801,"Free food or food allowance. Collaborate with engineers and technicians to ensure timely completion of tasks. Minimum 3 years of hands-on experience in electronics repair, PCB testing, or similar…",,,indeed_sa,2026-06-05 06:10:35.552283+00:00
Senior Sustainability Engineer (Site-Based),Cundall,Riyadh,https://sa.indeed.com/rc/clk?jk=219ac0226aa99778&bb=2jaQeqJHDP84O5noeDqt35vP_J_hMqSsU6E9F8DiHdfQk2ChH1IMZutinBhPVgWR4rEJTRux-hJm24CrbcbgeY2_2vYeYOgT9-1NpLyTb80Yq1pdgFtX4CY14lH-RrFVPya8JR4HGHaXhv9kQEqOAA%3D%3D&xkcb=SoCK67M3iLEywAzF1J0NbzkdCdPP&rjs=0&qd=Xd-cji1-rrfYy0m8LpokE8dF20pwsUrmctm8cTGFOXDOAPLLNYb6wmUg8gjYJafwpsXE23qShaYtGgdtUJu_X5BBGG-ayCiM-gQi8HpsYsLtZozk31ERKPJGlDLUboAG50chrnGX4B46HyqhlSj9xMohy02t3MX0n-6xoRHLk5Oh8V2c0duIS4mZo0TAq11Zl61No7XvcMPz961yBIpblougDO3NlIXerppYqweTrkxdIR2u4KVXi5XGrbZ08pfBgjrEyAE0GkSkYu3jG0wyz-m8DBeU9On53oG-IZdphrWJ4gxI05Ts3nuafXSeAIYsWOxvghNOg8rM6Po_qXQU-g&atk=1jqb6f8o8ha8t801,"You have at least a bachelor's degree in engineering (preferably Mechanical, Environmental or Electrical) or in Architecture. You have a Mostadam AP & LEED AP BD+C credential with at least 7 years of…",,,indeed_sa,2026-06-05 06:10:35.484900+00:00
CSU Engineer – Ammonia M/F,SPIE,Al Khobar,https://sa.indeed.com/rc/clk?jk=db56314456580a6d&bb=2jaQeqJHDP84O5noeDqt3zbuc6lfwX5AkXlwW2_c-hAe1rT7wHgkW9x357_YVioXlnqKID8rThQwFBlKFBTiAzfbGcGZY2MHQJ2Qi9dzHbRu5eqhJzw5b7KQu7MrkGDyQ1sWI71kcpicIG0bumERgg%3D%3D&xkcb=SoAX67M3iLEywAzF1J0ObzkdCdPP&rjs=0&qd=Xd-cji1-rrfYy0m8LpokE8dF20pwsUrmctm8cTGFOXDOAPLLNYb6wmUg8gjYJafwpsXE23qShaYtGgdtUJu_X5BBGG-ayCiM-gQi8HpsYsLtZozk31ERKPJGlDLUboAG50chrnGX4B46HyqhlSj9xMohy02t3MX0n-6xoRHLk5Oh8V2c0duIS4mZo0TAq11Zl61No7XvcMPz961yBIpblougDO3NlIXerppYqweTrkxdIR2u4KVXi5XGrbZ08pfBgjrEyAE0GkSkYu3jG0wyz-m8DBeU9On53oG-IZdphrWJ4gxI05Ts3nuafXSeAIYsWOxvghNOg8rM6Po_qXQU-g&atk=1jqb6f8o8ha8t801,"Ammonia storage area and Jetty commissioning. 10 years of Experience of Pre-commissioning and commissioning activities such as Water Flushing, Steam blowing (Target blowing), N2 purging, Air drying/…",,,indeed_sa,2026-06-05 06:10:35.435210+00:00
Aerodrome Projects Director,Parsons,Riyadh,https://sa.indeed.com/rc/clk?jk=0452e1c6b4bf15be&bb=2jaQeqJHDP84O5noeDqt37VKR7kpJ_X4i216gvWw1qzlwpNwezD2xCCXha3wK2Lv_I1LTYGc5i1sMyb4HuwRoPFym3YrUOTq0bZKHnZwAKlibhoDQS72aC4FENLZ83GKc6RruMO3PNuKJV5vxgnrVQ%3D%3D&xkcb=SoCj67M3iLEywAzF1J0PbzkdCdPP&rjs=0&qd=Xd-cji1-rrfYy0m8LpokE8dF20pwsUrmctm8cTGFOXDOAPLLNYb6wmUg8gjYJafwpsXE23qShaYtGgdtUJu_X5BBGG-ayCiM-gQi8HpsYsLtZozk31ERKPJGlDLUboAG50chrnGX4B46HyqhlSj9xMohy02t3MX0n-6xoRHLk5Oh8V2c0duIS4mZo0TAq11Zl61No7XvcMPz961yBIpblougDO3NlIXerppYqweTrkxdIR2u4KVXi5XGrbZ08pfBgjrEyAE0GkSkYu3jG0wyz-m8DBeU9On53oG-IZdphrWJ4gxI05Ts3nuafXSeAIYsWOxvghNOg8rM6Po_qXQU-g&atk=1jqb6f8o8ha8t801,"Experience with FIDIC or similar international contract standards. Minimum 20 years of experience in airport, airfield, or major aviation infrastructure project delivery.",,,indeed_sa,2026-06-05 06:10:35.370885+00:00
CDU RAN Integration Engineer,Ericsson,Riyadh,https://sa.indeed.com/rc/clk?jk=b390f1becabc36e9&bb=2jaQeqJHDP84O5noeDqt38iF1A19gWZdkHMQ5ECgxfZHTY1ztioBSx_d9W21Zo8kfPHe8YSFRwDHBe3XTgVmgKl2N_Kistp4hAhNlZ3fugj2Hyga98m-ZcigbodGmHn0Xo4b9lMAq2S-xtuCwFfJCw%3D%3D&xkcb=SoAE67M3iLEywAzF1J0KbzkdCdPP&rjs=0&qd=Xd-cji1-rrfYy0m8LpokE8dF20pwsUrmctm8cTGFOXDOAPLLNYb6wmUg8gjYJafwpsXE23qShaYtGgdtUJu_X5BBGG-ayCiM-gQi8HpsYsLtZozk31ERKPJGlDLUboAG50chrnGX4B46HyqhlSj9xMohy02t3MX0n-6xoRHLk5Oh8V2c0duIS4mZo0TAq11Zl61No7XvcMPz961yBIpblougDO3NlIXerppYqweTrkxdIR2u4KVXi5XGrbZ08pfBgjrEyAE0GkSkYu3jG0wyz-m8DBeU9On53oG-IZdphrWJ4gxI05Ts3nuafXSeAIYsWOxvghNOg8rM6Po_qXQU-g&atk=1jqb6f8o8ha8t801,"Mentor and guide integration engineers , providing technical leadership during critical and high-risk activities. Bachelor's degree in Engineering, Telecommunications, IT, or Computer Science.",,,indeed_sa,2026-06-05 06:10:35.319739+00:00
Platform Screen Doors Project Engineer Manager,ALSTOM,Riyadh,https://sa.indeed.com/rc/clk?jk=97b2fef116572317&bb=2jaQeqJHDP84O5noeDqt32_o_5Mr9WoYngJl4a-yeR9rDzXeW7kMtD_V0W0-yN5kcpJpX8IU7W4JWpZBr-K-T10DR5kQvptVIODxB7tQREILFMQd2GZIVz966ZNYuN3FVYZMxuhO5GZqxdugFdckhg%3D%3D&xkcb=SoCw67M3iLEywAzF1J0LbzkdCdPP&rjs=0&qd=Xd-cji1-rrfYy0m8LpokE8dF20pwsUrmctm8cTGFOXDOAPLLNYb6wmUg8gjYJafwpsXE23qShaYtGgdtUJu_X5BBGG-ayCiM-gQi8HpsYsLtZozk31ERKPJGlDLUboAG50chrnGX4B46HyqhlSj9xMohy02t3MX0n-6xoRHLk5Oh8V2c0duIS4mZo0TAq11Zl61No7XvcMPz961yBIpblougDO3NlIXerppYqweTrkxdIR2u4KVXi5XGrbZ08pfBgjrEyAE0GkSkYu3jG0wyz-m8DBeU9On53oG-IZdphrWJ4gxI05Ts3nuafXSeAIYsWOxvghNOg8rM6Po_qXQU-g&atk=1jqb6f8o8ha8t801,"Degree in Electrical Engineering or equivalent. You’ll specifically take care of managing subcontractors to ensure the quality, cost, and delivery (QCD) of the PSD subsystem (Design, Factory…",,,indeed_sa,2026-06-05 06:10:35.263911+00:00
Operations Expert,AtkinsRéalis,Riyadh,https://sa.indeed.com/rc/clk?jk=4479bbb12da528aa&bb=Eq7PoR5pMUbEznZzx3WNsDUbtayowwGQqzLI2yhb6sLqMdwVtgnDkZI0t0ETkeqjBonjtapuhKxEVFlpPRSq_suWZEWqwlOy5Q5x7Jp40_kUnOV5rQm4nzpuJQ6QZyPKg7tedcCSoOuznX-xv6CA7g%3D%3D&xkcb=SoCC67M3iLEzVYTFwh0cbzkdCdPP&rjs=0&qd=Xd-cji1-rrfYy0m8LpokE8dF20pwsUrmctm8cTGFOXDOAPLLNYb6wmUg8gjYJafwpsXE23qShaYtGgdtUJu_X5BBGG-ayCiM-gQi8HpsYsLtZozk31ERKPJGlDLUboAG50chrnGX4B46HyqhlSj9xMohy02t3MX0n-6xoRHLk5Oh8V2c0duIS4mZo0TAq11Zl61No7XvcMPz961yBIpblougDO3NlIXerppYqweTrkxdIR2u4KVXi5XGrbZ08pfBgjrEyAE0GkSkYu3jG0wyz-m8DBeU9On53oG-IZdphrWbPr5AxnRUl5_N85bPmcaFWOxvghNOg8rM6Po_qXQU-g&atk=1jqb6f4buhmvo801,"Experience in metro, railway, or transportation systems. Bachelor's degree in operations management, Engineering, or related field. The Operations Expert is responsible for overseeing the commercial…",,,indeed_sa,2026-06-05 06:10:31.799874+00:00
"Account Manager, Saudi",Nozomi Networks,Saudi Arabia,https://sa.indeed.com/rc/clk?jk=6a489c427460ca6a&bb=Eq7PoR5pMUbEznZzx3WNsLhioomE07i-QCr-ZNw2XdAnllhnV8v12URxJWPqYGOqcRQM3EuW8spMBOxSA4bcYqFYogQlb_O9UXd9c4deIoXXgYEfSzqxo-Bon04eA2aOCWL5z6xHoz716wMjiDYVVw%3D%3D&xkcb=SoA267M3iLEzVYTFwh0dbzkdCdPP&rjs=0&qd=Xd-cji1-rrfYy0m8LpokE8dF20pwsUrmctm8cTGFOXDOAPLLNYb6wmUg8gjYJafwpsXE23qShaYtGgdtUJu_X5BBGG-ayCiM-gQi8HpsYsLtZozk31ERKPJGlDLUboAG50chrnGX4B46HyqhlSj9xMohy02t3MX0n-6xoRHLk5Oh8V2c0duIS4mZo0TAq11Zl61No7XvcMPz961yBIpblougDO3NlIXerppYqweTrkxdIR2u4KVXi5XGrbZ08pfBgjrEyAE0GkSkYu3jG0wyz-m8DBeU9On53oG-IZdphrWbPr5AxnRUl5_N85bPmcaFWOxvghNOg8rM6Po_qXQU-g&atk=1jqb6f4buhmvo801,"Direct Sales experience, ideally selling to industrial automation, industrial controls, and/or industrial security customers. Demonstrable experience of using AI‑enabled tools as part of day‑to‑day…",,,indeed_sa,2026-06-05 06:10:31.732360+00:00
Arabic (Yemeni) Language Specialist - Freelance AI Trainer Project,Meridial,Saudi Arabia,https://sa.indeed.com/rc/clk?jk=c158b1623cbcf17f&bb=Eq7PoR5pMUbEznZzx3WNsMgKZoOwruPOD8ATNkVBKu4fyalgbr9iTMdXpZ7MXyKZIoVikOdC_W_Di7W_YkiiYm0DWrIU_FatEEgQ8yD07RgGQpQfdcqy0rNoRxKOcT7PMF3j--8kjZbasRYkQzKe_A%3D%3D&xkcb=SoCr67M3iLEzVYTFwh0ebzkdCdPP&rjs=0&qd=Xd-cji1-rrfYy0m8LpokE8dF20pwsUrmctm8cTGFOXDOAPLLNYb6wmUg8gjYJafwpsXE23qShaYtGgdtUJu_X5BBGG-ayCiM-gQi8HpsYsLtZozk31ERKPJGlDLUboAG50chrnGX4B46HyqhlSj9xMohy02t3MX0n-6xoRHLk5Oh8V2c0duIS4mZo0TAq11Zl61No7XvcMPz961yBIpblougDO3NlIXerppYqweTrkxdIR2u4KVXi5XGrbZ08pfBgjrEyAE0GkSkYu3jG0wyz-m8DBeU9On53oG-IZdphrWbPr5AxnRUl5_N85bPmcaFWOxvghNOg8rM6Po_qXQU-g&atk=1jqb6f4buhmvo801,"A degree in Linguistics, Arabic Studies, Translation, or a related field is ideal; professional experience in teaching, translation, language documentation, or community work signals fit.",,,indeed_sa,2026-06-05 06:10:31.690781+00:00
Asst. Electric Supervisor,PULLMAN,Mecca,https://sa.indeed.com/rc/clk?jk=e8818b5b7339e702&bb=Eq7PoR5pMUbEznZzx3WNsDWbQxVkju1nrCVA1NTIJJbHNbUPwpmAnm2-R_V-cxalTmmNxLHulMB3qQqiH1fyTvKzenMs-6WcbJeZbT6jTvunr85uwnE2LgldKenFw17pjFs2kE8-dW6GA_Amzf5f_Q%3D%3D&xkcb=SoAf67M3iLEzVYTFwh0fbzkdCdPP&rjs=0&qd=Xd-cji1-rrfYy0m8LpokE8dF20pwsUrmctm8cTGFOXDOAPLLNYb6wmUg8gjYJafwpsXE23qShaYtGgdtUJu_X5BBGG-ayCiM-gQi8HpsYsLtZozk31ERKPJGlDLUboAG50chrnGX4B46HyqhlSj9xMohy02t3MX0n-6xoRHLk5Oh8V2c0duIS4mZo0TAq11Zl61No7XvcMPz961yBIpblougDO3NlIXerppYqweTrkxdIR2u4KVXi5XGrbZ08pfBgjrEyAE0GkSkYu3jG0wyz-m8DBeU9On53oG-IZdphrWbPr5AxnRUl5_N85bPmcaFWOxvghNOg8rM6Po_qXQU-g&atk=1jqb6f4buhmvo801,"Operate Maintain, Repairs and does necessary adjustment for all electrical equipment and systems including Fire Alarm, Motor Control Centers electrical interconnectivity with 3rd party systems.",,,indeed_sa,2026-06-05 06:10:31.644158+00:00
GIS Manager,AECOM,Riyadh,https://sa.indeed.com/rc/clk?jk=50f9fb6f50a9b270&bb=Eq7PoR5pMUbEznZzx3WNsIIK_1Fzl06NpEM5H-Bm6KwT4ld3_YmPmYRXyE94oyA9Dg0gUHBbvaTS3Mie41BdTXvQ3Qh9adUd-b1wKhtAcb9LJkl74ztq9IrAOBHy0v7bqRhBKuc9a0-u9EniTmlAnA%3D%3D&xkcb=SoCR67M3iLEzVYTFwh0YbzkdCdPP&rjs=0&qd=Xd-cji1-rrfYy0m8LpokE8dF20pwsUrmctm8cTGFOXDOAPLLNYb6wmUg8gjYJafwpsXE23qShaYtGgdtUJu_X5BBGG-ayCiM-gQi8HpsYsLtZozk31ERKPJGlDLUboAG50chrnGX4B46HyqhlSj9xMohy02t3MX0n-6xoRHLk5Oh8V2c0duIS4mZo0TAq11Zl61No7XvcMPz961yBIpblougDO3NlIXerppYqweTrkxdIR2u4KVXi5XGrbZ08pfBgjrEyAE0GkSkYu3jG0wyz-m8DBeU9On53oG-IZdphrWbPr5AxnRUl5_N85bPmcaFWOxvghNOg8rM6Po_qXQU-g&atk=1jqb6f4buhmvo801,"Advanced proficiency with GIS software platforms such as ArcGIS, QGIS, or equivalent systems. Experience with scripting languages such as Python or similar programming languages.",,,indeed_sa,2026-06-05 06:10:31.600308+00:00
Solar PV Technician,AGS International Trading,Riyadh,https://sa.indeed.com/rc/clk?jk=cf282f3598b9c2e5&bb=Eq7PoR5pMUbEznZzx3WNsHDabeQmG6qc6Et_WahMtLfsQ73yITShBYeKtpdqx3r5ID5BYg_ylIV1qCkqio4LupkC86rgD3GVlAQgVVvevnvUrSjKMB6emhMsMqLpBL71NZIfgpwyPE3qRHXRjJnE_A%3D%3D&xkcb=SoAl67M3iLEzVYTFwh0ZbzkdCdPP&rjs=0&qd=Xd-cji1-rrfYy0m8LpokE8dF20pwsUrmctm8cTGFOXDOAPLLNYb6wmUg8gjYJafwpsXE23qShaYtGgdtUJu_X5BBGG-ayCiM-gQi8HpsYsLtZozk31ERKPJGlDLUboAG50chrnGX4B46HyqhlSj9xMohy02t3MX0n-6xoRHLk5Oh8V2c0duIS4mZo0TAq11Zl61No7XvcMPz961yBIpblougDO3NlIXerppYqweTrkxdIR2u4KVXi5XGrbZ08pfBgjrEyAE0GkSkYu3jG0wyz-m8DBeU9On53oG-IZdphrWbPr5AxnRUl5_N85bPmcaFWOxvghNOg8rM6Po_qXQU-g&atk=1jqb6f4buhmvo801,"Diploma, Technical Certificate, or equivalent qualification in Electrical Engineering, Electronics, Renewable Energy, or a related field. Additional technical certifications related to solar energy or…",,,indeed_sa,2026-06-05 06:10:31.554531+00:00
Language Alignment & Resource Partner (Arabic) - Freelance AI Trainer Project,Meridial,Riyadh,https://sa.indeed.com/rc/clk?jk=43e9318071e4a33a&bb=Eq7PoR5pMUbEznZzx3WNsNtS1k5Tky23Q5QrNzIAZSMS2gAkmXYAkOSJAmSp2-hqjMes0u3ZKgfZ0k3tl2r2nRmjC_FOulVMLUB7wSQ-poN8WpMkPoSoIHa0lwdxEoyXsD81b1hi_lKLZUvwkVAlJA%3D%3D&xkcb=SoAM67M3iLEzVYTFwh0bbzkdCdPP&rjs=0&qd=Xd-cji1-rrfYy0m8LpokE8dF20pwsUrmctm8cTGFOXDOAPLLNYb6wmUg8gjYJafwpsXE23qShaYtGgdtUJu_X5BBGG-ayCiM-gQi8HpsYsLtZozk31ERKPJGlDLUboAG50chrnGX4B46HyqhlSj9xMohy02t3MX0n-6xoRHLk5Oh8V2c0duIS4mZo0TAq11Zl61No7XvcMPz961yBIpblougDO3NlIXerppYqweTrkxdIR2u4KVXi5XGrbZ08pfBgjrEyAE0GkSkYu3jG0wyz-m8DBeU9On53oG-IZdphrWbPr5AxnRUl5_N85bPmcaFWOxvghNOg8rM6Po_qXQU-g&atk=1jqb6f4buhmvo801,"Demonstrable work or educational experience in linguistics, education, or other fields requiring high attention to linguistic detail. Verified Arabic language proficiency of C1 or C2.",,,indeed_sa,2026-06-05 06:10:31.488830+00:00
Squadron/AOR Supply Technician,General Dynamics Information Technology,Saudi Arabia,https://sa.indeed.com/rc/clk?jk=cd98629d62907d98&bb=Eq7PoR5pMUbEznZzx3WNsH3uSau7m41xZ2bfJ9SD7LVXkW5eEquJ_gHsREzGBE5VNVXdeqiy_MEemCAao6KZVg9Qb2HFfySwkUzV0eEI45YI2nj4K6zP9iBpbBvEt_KR9fU8IZMO19oH4HE2lrZKRA%3D%3D&xkcb=SoAr67M3iLEzVYTFwh0EbzkdCdPP&rjs=0&qd=Xd-cji1-rrfYy0m8LpokE8dF20pwsUrmctm8cTGFOXDOAPLLNYb6wmUg8gjYJafwpsXE23qShaYtGgdtUJu_X5BBGG-ayCiM-gQi8HpsYsLtZozk31ERKPJGlDLUboAG50chrnGX4B46HyqhlSj9xMohy02t3MX0n-6xoRHLk5Oh8V2c0duIS4mZo0TAq11Zl61No7XvcMPz961yBIpblougDO3NlIXerppYqweTrkxdIR2u4KVXi5XGrbZ08pfBgjrEyAE0GkSkYu3jG0wyz-m8DBeU9On53oG-IZdphrWbPr5AxnRUl5_N85bPmcaFWOxvghNOg8rM6Po_qXQU-g&atk=1jqb6f4buhmvo801,"Generally, an international assignment may include allowances, premium uplifts, and/or relocation or transportation benefits, above base salary range noted. Comprehensive health and wellness packages.",,,indeed_sa,2026-06-05 06:10:31.408735+00:00
مهندس تسعير وعروض فنية (Estimation Engineer) -سعوديين فقط Saudi Nationals ONLY,Inox KItchen Equipment,Riyadh,https://sa.indeed.com/rc/clk?jk=1d702a6ff4a99d7f&bb=Eq7PoR5pMUbEznZzx3WNsFmV6_kbFpJaXiqoBlJvPBYVLOkW2t9NnTLa8L8eaAKqIAG2TlfsuvUxSKqf0TpQuVzO5Nx3bB7Q-Md6I-qmj08Lh3uHJ1lUUjwOYSX_4JTM5X0C1Yqvf4vsqJg4rVZN5A%3D%3D&xkcb=SoCf67M3iLEzVYTFwh0FbzkdCdPP&rjs=0&qd=Xd-cji1-rrfYy0m8LpokE8dF20pwsUrmctm8cTGFOXDOAPLLNYb6wmUg8gjYJafwpsXE23qShaYtGgdtUJu_X5BBGG-ayCiM-gQi8HpsYsLtZozk31ERKPJGlDLUboAG50chrnGX4B46HyqhlSj9xMohy02t3MX0n-6xoRHLk5Oh8V2c0duIS4mZo0TAq11Zl61No7XvcMPz961yBIpblougDO3NlIXerppYqweTrkxdIR2u4KVXi5XGrbZ08pfBgjrEyAE0GkSkYu3jG0wyz-m8DBeU9On53oG-IZdphrWbPr5AxnRUl5_N85bPmcaFWOxvghNOg8rM6Po_qXQU-g&atk=1jqb6f4buhmvo801,*المهام والمسؤوليات: إعداد الدراسات التقديرية والتسعير للمشاريع الكبرى وفق متطلبات المناقصات والمواصفات الفنية. * مراجعة المخططات والمواصفات الفنية وجداول الكميات (BOQ). * إعداد عروض الأسعار الفنية...,,,indeed_sa,2026-06-05 06:10:31.353991+00:00
Arabic Voice Actor - Freelance AI Trainer Project,Meridial,Riyadh,https://sa.indeed.com/rc/clk?jk=046c01af954da7a4&bb=Eq7PoR5pMUbEznZzx3WNsO3PHzW2sOjMS4-Hqq3KNeJu39qKAFOa-QP3yuvyKjehhqcPZlnipxfThNgfU5UQeMNt6odfHil5xOVBHQ7NrQI1hDfHYlx8YmlQmHRpopQVryBdzaReWf6HLsrDyOktsA%3D%3D&xkcb=SoAC67M3iLEzVYTFwh0GbzkdCdPP&rjs=0&qd=Xd-cji1-rrfYy0m8LpokE8dF20pwsUrmctm8cTGFOXDOAPLLNYb6wmUg8gjYJafwpsXE23qShaYtGgdtUJu_X5BBGG-ayCiM-gQi8HpsYsLtZozk31ERKPJGlDLUboAG50chrnGX4B46HyqhlSj9xMohy02t3MX0n-6xoRHLk5Oh8V2c0duIS4mZo0TAq11Zl61No7XvcMPz961yBIpblougDO3NlIXerppYqweTrkxdIR2u4KVXi5XGrbZ08pfBgjrEyAE0GkSkYu3jG0wyz-m8DBeU9On53oG-IZdphrWbPr5AxnRUl5_N85bPmcaFWOxvghNOg8rM6Po_qXQU-g&atk=1jqb6f4buhmvo801,"Experience in training, coaching, or linguistic annotation is a plus. Demonstrated experience in professional voice acting, dubbing, narration, or related performance work in Arabic is required.",,,indeed_sa,2026-06-05 06:10:31.303772+00:00
Account Executive,Infobip Ltd,Riyadh,https://sa.indeed.com/rc/clk?jk=7af88ec1bf91793c&bb=Eq7PoR5pMUbEznZzx3WNsNnLDMd2jD7RXVZmgRL_RzzD5ZtGhCxt0TOwaWJ0o-HTkBvi_JYWUCZO5V-FDjABFvYURXhqSPaZM41aUSAuODzpQrx6EbjU8eYCz4FLvtcj7-DQhNXXYUQOkeZSrKgcvg%3D%3D&xkcb=SoC267M3iLEzVYTFwh0HbzkdCdPP&rjs=0&qd=Xd-cji1-rrfYy0m8LpokE8dF20pwsUrmctm8cTGFOXDOAPLLNYb6wmUg8gjYJafwpsXE23qShaYtGgdtUJu_X5BBGG-ayCiM-gQi8HpsYsLtZozk31ERKPJGlDLUboAG50chrnGX4B46HyqhlSj9xMohy02t3MX0n-6xoRHLk5Oh8V2c0duIS4mZo0TAq11Zl61No7XvcMPz961yBIpblougDO3NlIXerppYqweTrkxdIR2u4KVXi5XGrbZ08pfBgjrEyAE0GkSkYu3jG0wyz-m8DBeU9On53oG-IZdphrWbPr5AxnRUl5_N85bPmcaFWOxvghNOg8rM6Po_qXQU-g&atk=1jqb6f4buhmvo801,"Proven experience as an Account Executive or in a comparable sales role, ideally within SaaS or telecommunications. Experience selling complex, multi-product platforms or enterprise solutions.",,,indeed_sa,2026-06-05 06:10:31.250444+00:00
Radio Frequency Engineer,SAIC,Jubail,https://sa.indeed.com/rc/clk?jk=3e3ed9bf42ce1401&bb=Eq7PoR5pMUbEznZzx3WNsPQP_NMV77J0WKzz2TtDTUr6HWJ-a6oXOzdfgGdRjsgKBI78dX035ZMX-u-cShNX-MaIhEKxszUTiXbRSVOD3mn_X8-R4OKrYgHkOiOLsEfAez3pXD5_vXiMjiCFvkXDHA%3D%3D&xkcb=SoCM67M3iLEzVYTFwh0BbzkdCdPP&rjs=0&qd=Xd-cji1-rrfYy0m8LpokE8dF20pwsUrmctm8cTGFOXDOAPLLNYb6wmUg8gjYJafwpsXE23qShaYtGgdtUJu_X5BBGG-ayCiM-gQi8HpsYsLtZozk31ERKPJGlDLUboAG50chrnGX4B46HyqhlSj9xMohy02t3MX0n-6xoRHLk5Oh8V2c0duIS4mZo0TAq11Zl61No7XvcMPz961yBIpblougDO3NlIXerppYqweTrkxdIR2u4KVXi5XGrbZ08pfBgjrEyAE0GkSkYu3jG0wyz-m8DBeU9On53oG-IZdphrWbPr5AxnRUl5_N85bPmcaFWOxvghNOg8rM6Po_qXQU-g&atk=1jqb6f4buhmvo801,"Soldering using a 3M workstation or portable soldering iron. Familiarity with installation and configuration capabilities of the following software : Work with engineering for system design, software…",,,indeed_sa,2026-06-05 06:10:31.191009+00:00
Associate Tech Consultant - Abha,Medtronic,Jeddah,https://sa.indeed.com/rc/clk?jk=d696a0a46a65afe8&bb=Eq7PoR5pMUbEznZzx3WNsNnLDMd2jD7RxziWzp0GfGeFA4yTL6aV_EEuEVQdzhXh16XnNfYRPcyk43iq-sKj9TjnKS1eZVhOHcmhBAbcAEbc-52oPy_1OuGxplSxZqMPAhmtDOQUJWO0PrFqjMK1QQ%3D%3D&xkcb=SoAR67M3iLEzVYTFwh0CbzkdCdPP&rjs=0&qd=Xd-cji1-rrfYy0m8LpokE8dF20pwsUrmctm8cTGFOXDOAPLLNYb6wmUg8gjYJafwpsXE23qShaYtGgdtUJu_X5BBGG-ayCiM-gQi8HpsYsLtZozk31ERKPJGlDLUboAG50chrnGX4B46HyqhlSj9xMohy02t3MX0n-6xoRHLk5Oh8V2c0duIS4mZo0TAq11Zl61No7XvcMPz961yBIpblougDO3NlIXerppYqweTrkxdIR2u4KVXi5XGrbZ08pfBgjrEyAE0GkSkYu3jG0wyz-m8DBeU9On53oG-IZdphrWbPr5AxnRUl5_N85bPmcaFWOxvghNOg8rM6Po_qXQU-g&atk=1jqb6f4buhmvo801,"2–3 years of experience in medical devices, clinical support, healthcare services, or a related industry. Bachelor’s degree in Biomedical Engineering, Medical Technology, Nursing, Clinical Sciences,…",,,indeed_sa,2026-06-05 06:10:31.136993+00:00
Engine Room Rating,POSH Fleet Services Pte Ltd,Dammam,https://sa.indeed.com/rc/clk?jk=90d4e17f76b30243&bb=Eq7PoR5pMUbEznZzx3WNsFFzjadkULfet8w4pOI9iTPhN7BJ74S27U4gRcHoDWLqh8PJRyySo_6qjI8ZL5m8kQZPZ5DU_2M2y9BNWO4Jxmqony-p80oqb8y7F_aJbjnPGKnHY0TwmS3txDOHrZtc5w%3D%3D&xkcb=SoBM67M3iLEzVYTFwh0MbzkdCdPP&rjs=0&qd=Xd-cji1-rrfYy0m8LpokE8dF20pwsUrmctm8cTGFOXDOAPLLNYb6wmUg8gjYJafwpsXE23qShaYtGgdtUJu_X5BBGG-ayCiM-gQi8HpsYsLtZozk31ERKPJGlDLUboAG50chrnGX4B46HyqhlSj9xMohy02t3MX0n-6xoRHLk5Oh8V2c0duIS4mZo0TAq11Zl61No7XvcMPz961yBIpblougDO3NlIXerppYqweTrkxdIR2u4KVXi5XGrbZ08pfBgjrEyAE0GkSkYu3jG0wyz-m8DBeU9On53oG-IZdphrWbPr5AxnRUl5_N85bPmcaFWOxvghNOg8rM6Po_qXQU-g&atk=1jqb6f4buhmvo801,"Formal technical training or certification in marine engineering, mechanical or electrical trades is advantageous (e.g., marine diesel mechanic courses). Certificate as per STCW reg III/5.",,,indeed_sa,2026-06-05 06:10:31.072530+00:00
Senior Project Manager,Star,Riyadh,https://sa.indeed.com/rc/clk?jk=59e0716a95dfc37b&bb=Eq7PoR5pMUbEznZzx3WNsLiwwsOQCgzgJLjZHZ1GhqbqWTZUaFaAG5UdKGjpzpEPRIRzY5W73ZSf5Tp0Zr0clJBSsdBb56Gzuz1eLHkWc1Ymwvf0sEHcen6AnySQhwRI0G0udROFWWS6ZQMB-BEByA%3D%3D&xkcb=SoBl67M3iLEzVYTFwh0ObzkdCdPP&rjs=0&qd=Xd-cji1-rrfYy0m8LpokE8dF20pwsUrmctm8cTGFOXDOAPLLNYb6wmUg8gjYJafwpsXE23qShaYtGgdtUJu_X5BBGG-ayCiM-gQi8HpsYsLtZozk31ERKPJGlDLUboAG50chrnGX4B46HyqhlSj9xMohy02t3MX0n-6xoRHLk5Oh8V2c0duIS4mZo0TAq11Zl61No7XvcMPz961yBIpblougDO3NlIXerppYqweTrkxdIR2u4KVXi5XGrbZ08pfBgjrEyAE0GkSkYu3jG0wyz-m8DBeU9On53oG-IZdphrWbPr5AxnRUl5_N85bPmcaFWOxvghNOg8rM6Po_qXQU-g&atk=1jqb6f4buhmvo801,"Bachelor's degree in a relevant field; PMP or equivalent is a plus. 5–9 years of project management experience, preferably on government or corporate programs in Saudi Arabia.",,,indeed_sa,2026-06-05 06:10:31.003414+00:00
Associate Tech Consultant - Riyadh,Medtronic,Riyadh,https://sa.indeed.com/rc/clk?jk=0d825c89b2902097&bb=Eq7PoR5pMUbEznZzx3WNsBg5nLMljdeJBGLEk5cmAc62YCFVYHE0nZ8rPcYm6qx5LkmneKqRTQ6y224hhtYPeb3DjCjR4ucXGQpByjeRSHVy2Mm4nQFPR00gl0TXpzM72FwtOzi3zg96xM4qPARARQ%3D%3D&xkcb=SoBf67M3iLEzVYTFwh0IbzkdCdPP&rjs=0&qd=Xd-cji1-rrfYy0m8LpokE8dF20pwsUrmctm8cTGFOXDOAPLLNYb6wmUg8gjYJafwpsXE23qShaYtGgdtUJu_X5BBGG-ayCiM-gQi8HpsYsLtZozk31ERKPJGlDLUboAG50chrnGX4B46HyqhlSj9xMohy02t3MX0n-6xoRHLk5Oh8V2c0duIS4mZo0TAq11Zl61No7XvcMPz961yBIpblougDO3NlIXerppYqweTrkxdIR2u4KVXi5XGrbZ08pfBgjrEyAE0GkSkYu3jG0wyz-m8DBeU9On53oG-IZdphrWbPr5AxnRUl5_N85bPmcaFWOxvghNOg8rM6Po_qXQU-g&atk=1jqb6f4buhmvo801,"2–3 years of experience in medical devices, clinical support, healthcare services, or a related industry. Bachelor’s degree in Biomedical Engineering, Medical Technology, Nursing, Clinical Sciences,…",,,indeed_sa,2026-06-05 06:10:30.919436+00:00
Digital Commerce & Platform Specialist,Dr Nutrition UAE,Riyadh,https://sa.indeed.com/rc/clk?jk=c25b5617c7ca6292&bb=Eq7PoR5pMUbEznZzx3WNsG2qsiRDmWO2IHXVs1K9RG2O4P-UhichwgFHHiAGCCcOhGNXejvAwpOkAJeGpmL2zoY8zMOV5UltUiCxh7lqzFYbOcE-XsNmFWEbMag9e0sXMHXntO_ZPpJA0gXu4drQaA%3D%3D&xkcb=SoDr67M3iLEzVYTFwh0JbzkdCdPP&rjs=0&qd=Xd-cji1-rrfYy0m8LpokE8dF20pwsUrmctm8cTGFOXDOAPLLNYb6wmUg8gjYJafwpsXE23qShaYtGgdtUJu_X5BBGG-ayCiM-gQi8HpsYsLtZozk31ERKPJGlDLUboAG50chrnGX4B46HyqhlSj9xMohy02t3MX0n-6xoRHLk5Oh8V2c0duIS4mZo0TAq11Zl61No7XvcMPz961yBIpblougDO3NlIXerppYqweTrkxdIR2u4KVXi5XGrbZ08pfBgjrEyAE0GkSkYu3jG0wyz-m8DBeU9On53oG-IZdphrWbPr5AxnRUl5_N85bPmcaFWOxvghNOg8rM6Po_qXQU-g&atk=1jqb6f4buhmvo801,"Experience working with Shopify, Magento, WooCommerce, or similar e-commerce platforms. 3+ years of experience in e-commerce, website management, digital platforms, or related roles.",,,indeed_sa,2026-06-05 06:10:30.868121+00:00
Contract Administrator,HanmiGlobal Saudi,Riyadh,https://sa.indeed.com/rc/clk?jk=73acc83481663dd5&bb=Eq7PoR5pMUbEznZzx3WNsKPPAzhWSWqrchcSdJMs4QnC3s8EZxo638Is_fjqMD_P_pWxN5xPmV1GOdn_EwH-BZ8_9lImrPxmnEMkT4zmDuSBEricw7TQkGAmEnfJdwfbUYiVM7oImd4KGqaEZw1l9A%3D%3D&xkcb=SoDC67M3iLEzVYTFwh0LbzkdCdPP&rjs=0&qd=Xd-cji1-rrfYy0m8LpokE8dF20pwsUrmctm8cTGFOXDOAPLLNYb6wmUg8gjYJafwpsXE23qShaYtGgdtUJu_X5BBGG-ayCiM-gQi8HpsYsLtZozk31ERKPJGlDLUboAG50chrnGX4B46HyqhlSj9xMohy02t3MX0n-6xoRHLk5Oh8V2c0duIS4mZo0TAq11Zl61No7XvcMPz961yBIpblougDO3NlIXerppYqweTrkxdIR2u4KVXi5XGrbZ08pfBgjrEyAE0GkSkYu3jG0wyz-m8DBeU9On53oG-IZdphrWbPr5AxnRUl5_N85bPmcaFWOxvghNOg8rM6Po_qXQU-g&atk=1jqb6f4buhmvo801,Resolve any contract-related disputes or issues promptly. Proficiency in MS Office suite and contract management software . Proven experience as a Contract Administrator or in a similar role.,,,indeed_sa,2026-06-05 06:10:30.794601+00:00
Senior Data Modeler,BBI,Riyadh,https://sa.indeed.com/rc/clk?jk=cf6a76c98a1c4583&bb=0wsJX_FcFv7cPhj8DmKSC9jxvozSLbIFGEC41Bf4ROcTU0tgZrJs6DKKsVqkE0XEM1Y8G5v4YWWgAdSPi0qZCLtFsKDHxy35o-TI5NBigtie3jsxXybwmHia_SaGplufi5drTzVpK8Z9XufKth-XnQ%3D%3D&xkcb=SoCD67M3iLEz1UT4250TbzkdCdPP&rjs=0&qd=Xd-cji1-rrfYy0m8LpokE8dF20pwsUrmctm8cTGFOXDOAPLLNYb6wmUg8gjYJafwpsXE23qShaYtGgdtUJu_X5BBGG-ayCiM-gQi8HpsYsLtZozk31ERKPJGlDLUboAG50chrnGX4B46HyqhlSj9xMohy02t3MX0n-6xoRHLk5Oh8V2c0duIS4mZo0TAq11Zl61No7XvcMPz961yBIpblougDO3NlIXerppYqweTrkxdIR2u4KVXi5XGrbZ08pfBgjrEyAE0GkSkYu3jG0wyz-m8DBeU9On53oG-IZdphrXNpc3CKx4TGaE-Hm-3rS95WOxvghNOg8rM6Po_qXQU-g&atk=1jqb6f0atha8t801,"Bachelor's degree in Computer Science, Information Systems, or related field. 5-8 years of experience in data modeling, data architecture, or related field.",,,indeed_sa,2026-06-05 06:10:27.306848+00:00
Assistant Facility Engineer,Lenovo,Riyadh,https://sa.indeed.com/rc/clk?jk=d2da94f171b3d247&bb=0wsJX_FcFv7cPhj8DmKSCyC6eyUyTqQ8vZg20p8pqmA8--2GDYdJiCvFqY4sbFx4gGW37ymOJDnHSeL36_lgxmLfQLN5NQFwiGttkrFRw7Qw8FS_VgHhYcRPGDpQBakuSGlnUoyIljXsfnWoj-9bmg%3D%3D&xkcb=SoBq67M3iLEz1UT4250cbzkdCdPP&rjs=0&qd=Xd-cji1-rrfYy0m8LpokE8dF20pwsUrmctm8cTGFOXDOAPLLNYb6wmUg8gjYJafwpsXE23qShaYtGgdtUJu_X5BBGG-ayCiM-gQi8HpsYsLtZozk31ERKPJGlDLUboAG50chrnGX4B46HyqhlSj9xMohy02t3MX0n-6xoRHLk5Oh8V2c0duIS4mZo0TAq11Zl61No7XvcMPz961yBIpblougDO3NlIXerppYqweTrkxdIR2u4KVXi5XGrbZ08pfBgjrEyAE0GkSkYu3jG0wyz-m8DBeU9On53oG-IZdphrXNpc3CKx4TGaE-Hm-3rS95WOxvghNOg8rM6Po_qXQU-g&atk=1jqb6f0atha8t801,"1–3 years of hands-on experience in industrial software development or automation engineering. Bachelor’s degree or higher in Computer Science, Software Engineering, Automation, or a related technical…",,,indeed_sa,2026-06-05 06:10:27.237110+00:00
Senior Big Data Engineer,BBI,Riyadh,https://sa.indeed.com/rc/clk?jk=2eaa83330b7f976d&bb=0wsJX_FcFv7cPhj8DmKSC2ONYDZcw2MVLD2zA4-qaVz4xIUC19056wGXjPcS-doblDJ935blxWlglG0jJ9mmiE48M6xx7Y4UwGDHfj_36UFeywHUq4Mmk6d_hoomzVqqo8_XPs4IR_5n8cUE_TrrQA%3D%3D&xkcb=SoBD67M3iLEz1UT4250ebzkdCdPP&rjs=0&qd=Xd-cji1-rrfYy0m8LpokE8dF20pwsUrmctm8cTGFOXDOAPLLNYb6wmUg8gjYJafwpsXE23qShaYtGgdtUJu_X5BBGG-ayCiM-gQi8HpsYsLtZozk31ERKPJGlDLUboAG50chrnGX4B46HyqhlSj9xMohy02t3MX0n-6xoRHLk5Oh8V2c0duIS4mZo0TAq11Zl61No7XvcMPz961yBIpblougDO3NlIXerppYqweTrkxdIR2u4KVXi5XGrbZ08pfBgjrEyAE0GkSkYu3jG0wyz-m8DBeU9On53oG-IZdphrXNpc3CKx4TGaE-Hm-3rS95WOxvghNOg8rM6Po_qXQU-g&atk=1jqb6f0atha8t801,"Bachelor’s degree in Computer Science, Engineering, or related field. Automation and Scheduling: Automate ETL workflows using Informatica Server, integrating with Airflow, Nifi or other workflow…",,,indeed_sa,2026-06-05 06:10:27.188533+00:00
Aircraft Engineer Ex-pat Saudi Arabia,Saab,Riyadh,https://sa.indeed.com/rc/clk?jk=3455a3321a033462&bb=0wsJX_FcFv7cPhj8DmKSC93UGDoU8MQ3NAtG9vHSRFyf-H_Cb05OMtuSizd_5kB-zp0MzkXs8YWYSgCSD1JZGwsQDvOtiTl1QJRqwCO1RtNrS9Af-c03d6GATYryHV62cpeXkcvPbH_BSZIykjwq_w%3D%3D&xkcb=SoDN67M3iLEz1UT4250ZbzkdCdPP&rjs=0&qd=Xd-cji1-rrfYy0m8LpokE8dF20pwsUrmctm8cTGFOXDOAPLLNYb6wmUg8gjYJafwpsXE23qShaYtGgdtUJu_X5BBGG-ayCiM-gQi8HpsYsLtZozk31ERKPJGlDLUboAG50chrnGX4B46HyqhlSj9xMohy02t3MX0n-6xoRHLk5Oh8V2c0duIS4mZo0TAq11Zl61No7XvcMPz961yBIpblougDO3NlIXerppYqweTrkxdIR2u4KVXi5XGrbZ08pfBgjrEyAE0GkSkYu3jG0wyz-m8DBeU9On53oG-IZdphrXNpc3CKx4TGaE-Hm-3rS95WOxvghNOg8rM6Po_qXQU-g&atk=1jqb6f0atha8t801,"You and your accompaning family has a full covered insurance plan, furnished accomodation and company car. We are searching for a certified Aircraft Technician for Ex-pat assignment in Saudi Arabia.",,,indeed_sa,2026-06-05 06:10:27.115659+00:00
Senior Full-stack Developer | SAP UI5/Fiori & GenAI Integration | Dammam,Infosys,Al Khobar,https://sa.indeed.com/rc/clk?jk=a8a08c0d627fe948&bb=0wsJX_FcFv7cPhj8DmKSCwkmXng8g9iLADFUrsSSCuMvFKNZwPiCv9teuxRW5jRqMNVCogh5ZZ_QAN3T1FYroUfX3LQ8-Z8MVZsouMlWnyngyrAndcl_WKswPG0x_minjYvXRlzizD0_jRQsWEbJ_w%3D%3D&xkcb=SoBQ67M3iLEz1UT4250abzkdCdPP&rjs=0&qd=Xd-cji1-rrfYy0m8LpokE8dF20pwsUrmctm8cTGFOXDOAPLLNYb6wmUg8gjYJafwpsXE23qShaYtGgdtUJu_X5BBGG-ayCiM-gQi8HpsYsLtZozk31ERKPJGlDLUboAG50chrnGX4B46HyqhlSj9xMohy02t3MX0n-6xoRHLk5Oh8V2c0duIS4mZo0TAq11Zl61No7XvcMPz961yBIpblougDO3NlIXerppYqweTrkxdIR2u4KVXi5XGrbZ08pfBgjrEyAE0GkSkYu3jG0wyz-m8DBeU9On53oG-IZdphrXNpc3CKx4TGaE-Hm-3rS95WOxvghNOg8rM6Po_qXQU-g&atk=1jqb6f0atha8t801,"Integrate frontend components with backend APIs, AI services, and vector databases hosted on OpenShift. Build responsive, user-friendly SAP UI5-based frontend screens.",,,indeed_sa,2026-06-05 06:10:27.068701+00:00
Senior Product Engineer - QA,Tamara,Riyadh,https://sa.indeed.com/rc/clk?jk=c69197f79311bbac&bb=0wsJX_FcFv7cPhj8DmKSCwkmXng8g9iLfkx9vGeu3_XHaCDC4j3Yc07H8OvjoV2lNeH5g0axvFVr7K2NhG2WVjYQqYPKx536buoz3oGNxg889sAUASHMtxkDU1xf6ecJCQijJDl56OMIaLvx6tTQ3g%3D%3D&xkcb=SoDq67M3iLEz1UT4250GbzkdCdPP&rjs=0&qd=Xd-cji1-rrfYy0m8LpokE8dF20pwsUrmctm8cTGFOXDOAPLLNYb6wmUg8gjYJafwpsXE23qShaYtGgdtUJu_X5BBGG-ayCiM-gQi8HpsYsLtZozk31ERKPJGlDLUboAG50chrnGX4B46HyqhlSj9xMohy02t3MX0n-6xoRHLk5Oh8V2c0duIS4mZo0TAq11Zl61No7XvcMPz961yBIpblougDO3NlIXerppYqweTrkxdIR2u4KVXi5XGrbZ08pfBgjrEyAE0GkSkYu3jG0wyz-m8DBeU9On53oG-IZdphrXNpc3CKx4TGaE-Hm-3rS95WOxvghNOg8rM6Po_qXQU-g&atk=1jqb6f0atha8t801,"You'll leverage your software quality assurance expertise to manage testing processes and design, implementing solutions that maintain high standards across our systems.",,,indeed_sa,2026-06-05 06:10:26.974873+00:00
Senior Tendering Engineer,Sulzer,Al Khobar,https://sa.indeed.com/rc/clk?jk=7149cd0a600ee435&bb=0wsJX_FcFv7cPhj8DmKSC6GmBYQKx0ZmcAEBIxiykTEVbQEEszpyuYTGXD4oyIzYn6VTa8FUZgAhYk9ti0y6p9ruFZ1G8j9JH0nKEPoXCLq_PJiFsZ-LWi3Hp-C8FfVn2rjQv0a7iKC8wnLIvg3RCQ%3D%3D&xkcb=SoD567M3iLEz1UT4250CbzkdCdPP&rjs=0&qd=Xd-cji1-rrfYy0m8LpokE8dF20pwsUrmctm8cTGFOXDOAPLLNYb6wmUg8gjYJafwpsXE23qShaYtGgdtUJu_X5BBGG-ayCiM-gQi8HpsYsLtZozk31ERKPJGlDLUboAG50chrnGX4B46HyqhlSj9xMohy02t3MX0n-6xoRHLk5Oh8V2c0duIS4mZo0TAq11Zl61No7XvcMPz961yBIpblougDO3NlIXerppYqweTrkxdIR2u4KVXi5XGrbZ08pfBgjrEyAE0GkSkYu3jG0wyz-m8DBeU9On53oG-IZdphrXNpc3CKx4TGaE-Hm-3rS95WOxvghNOg8rM6Po_qXQU-g&atk=1jqb6f0atha8t801,"Sound knowledge of pumps or rotating equipment and related accessories. 5–7 years of relevant experience in a similar or related role. Experience in at least one of the following areas: pump design,…",,,indeed_sa,2026-06-05 06:10:26.918600+00:00
"DPS Engineer - 8 Months project - Alkhobar, KSA",DeepSource Technologies,Al Khobar,https://sa.indeed.com/rc/clk?jk=6eb03431f3c5f949&bb=0wsJX_FcFv7cPhj8DmKSCwwSz8CLmoR89V11WFe5Z2tqz5QZdSl8XlT75FOuCz2vtM3TJ2mrRCRL7lnVTMVvb0-YZWKMwNIt_wIDDZKmTY2r6udMYfa8wt2_7RL19jktBf94sSh9kBP7HL3m9l1-tQ%3D%3D&xkcb=SoBN67M3iLEz1UT4250DbzkdCdPP&rjs=0&qd=Xd-cji1-rrfYy0m8LpokE8dF20pwsUrmctm8cTGFOXDOAPLLNYb6wmUg8gjYJafwpsXE23qShaYtGgdtUJu_X5BBGG-ayCiM-gQi8HpsYsLtZozk31ERKPJGlDLUboAG50chrnGX4B46HyqhlSj9xMohy02t3MX0n-6xoRHLk5Oh8V2c0duIS4mZo0TAq11Zl61No7XvcMPz961yBIpblougDO3NlIXerppYqweTrkxdIR2u4KVXi5XGrbZ08pfBgjrEyAE0GkSkYu3jG0wyz-m8DBeU9On53oG-IZdphrXNpc3CKx4TGaE-Hm-3rS95WOxvghNOg8rM6Po_qXQU-g&atk=1jqb6f0atha8t801,Proven exposure to large-scale banking environments or highly regulated industries. The ideal candidate will possess strong expertise in Dell data protection technologies and experience working within…,,,indeed_sa,2026-06-05 06:10:26.869482+00:00
Hijazi Dialect Specialist - Freelance AI Trainer Project,Meridial,Saudi Arabia,https://sa.indeed.com/rc/clk?jk=52bf9a4224310589&bb=0wsJX_FcFv7cPhj8DmKSCxv4RmasNunJ8igWJUqldUna4k0GG7RpIMMztiwTaTOilSpQ4xaCzZGmuQgcIcaQva6oizCfeY2HKwZ9mBEf4l00V0UvZl_b00-w4SKvJLTF47r4te4Yw5kUBE-inHn-WA%3D%3D&xkcb=SoCk67M3iLEz1UT4250MbzkdCdPP&rjs=0&qd=Xd-cji1-rrfYy0m8LpokE8dF20pwsUrmctm8cTGFOXDOAPLLNYb6wmUg8gjYJafwpsXE23qShaYtGgdtUJu_X5BBGG-ayCiM-gQi8HpsYsLtZozk31ERKPJGlDLUboAG50chrnGX4B46HyqhlSj9xMohy02t3MX0n-6xoRHLk5Oh8V2c0duIS4mZo0TAq11Zl61No7XvcMPz961yBIpblougDO3NlIXerppYqweTrkxdIR2u4KVXi5XGrbZ08pfBgjrEyAE0GkSkYu3jG0wyz-m8DBeU9On53oG-IZdphrXNpc3CKx4TGaE-Hm-3rS95WOxvghNOg8rM6Po_qXQU-g&atk=1jqb6f0atha8t801,"Extensive experience in teaching, translation, or community-based linguistic projects can substitute for a formal degree. A bachelor's degree in Hijazi language, linguistics, or a closely related…",,,indeed_sa,2026-06-05 06:10:26.819744+00:00
Khaleeji Dialect Specialist - Freelance AI Trainer Project,Meridial,Saudi Arabia,https://sa.indeed.com/rc/clk?jk=2125a75b2ffd90ca&bb=0wsJX_FcFv7cPhj8DmKSC3Ru_F50wIu2yGN3WH2yA8XwvNDfCYgsKji8Y_C5WNAeeq1SGC0l6PtM_nH-KS3FrcWSAiYlqpFLfLM5L-WqFGMxLW0yiiCdvDSdm3OeqMHcuc8AApZt9XV9SGf3eVdc7Q%3D%3D&xkcb=SoAQ67M3iLEz1UT4250NbzkdCdPP&rjs=0&qd=Xd-cji1-rrfYy0m8LpokE8dF20pwsUrmctm8cTGFOXDOAPLLNYb6wmUg8gjYJafwpsXE23qShaYtGgdtUJu_X5BBGG-ayCiM-gQi8HpsYsLtZozk31ERKPJGlDLUboAG50chrnGX4B46HyqhlSj9xMohy02t3MX0n-6xoRHLk5Oh8V2c0duIS4mZo0TAq11Zl61No7XvcMPz961yBIpblougDO3NlIXerppYqweTrkxdIR2u4KVXi5XGrbZ08pfBgjrEyAE0GkSkYu3jG0wyz-m8DBeU9On53oG-IZdphrXNpc3CKx4TGaE-Hm-3rS95WOxvghNOg8rM6Po_qXQU-g&atk=1jqb6f0atha8t801,"Extensive experience in teaching, translation, or community-based linguistic projects can substitute for a formal degree. A bachelor's degree in Khaleeji language, linguistics, or a closely related…",,,indeed_sa,2026-06-05 06:10:26.773074+00:00
Junior Ticketing Manager (onsite),Platinumlist,Riyadh,https://sa.indeed.com/rc/clk?jk=357ecfef4aa36912&bb=0wsJX_FcFv7cPhj8DmKSC33C4JN_JD7fovZAftlg5TnhbFh8soswmRb7M2lu55knP_ee01KVRh-Gy_5JquSWF-IeO1s1Mi-m01tLsfP06vnQVeNt98VqLfsSG1LFJltFj6h3qrSaE3NvjrtDKU03aA%3D%3D&xkcb=SoCN67M3iLEz1UT4250ObzkdCdPP&rjs=0&qd=Xd-cji1-rrfYy0m8LpokE8dF20pwsUrmctm8cTGFOXDOAPLLNYb6wmUg8gjYJafwpsXE23qShaYtGgdtUJu_X5BBGG-ayCiM-gQi8HpsYsLtZozk31ERKPJGlDLUboAG50chrnGX4B46HyqhlSj9xMohy02t3MX0n-6xoRHLk5Oh8V2c0duIS4mZo0TAq11Zl61No7XvcMPz961yBIpblougDO3NlIXerppYqweTrkxdIR2u4KVXi5XGrbZ08pfBgjrEyAE0GkSkYu3jG0wyz-m8DBeU9On53oG-IZdphrXNpc3CKx4TGaE-Hm-3rS95WOxvghNOg8rM6Po_qXQU-g&atk=1jqb6f0atha8t801,Problem-Solving: Resolves customer or software-related issues promptly and efficiently. Ability to learn software functionality quickly. Create and periodically check the events built to ensure that…,,,indeed_sa,2026-06-05 06:10:26.723608+00:00
Data & Operations Analyst I BWS-KSA - Riyadh,Balich Wonder Studio s.r.l,Riyadh,https://sa.indeed.com/rc/clk?jk=7064b20a382ed82e&bb=0wsJX_FcFv7cPhj8DmKSC_TIdgU4uSSWYZY1hnJktTJOw4cjIm_jyfYRhBf8r0G3rVncJ9r384FH131gta8KqCd1WOBTqfMu7mr0Q57staAygTZuuFo4qdV5R8JSnoUJ2HYeiNB-QExDspX4TWXQ9g%3D%3D&xkcb=SoCe67M3iLEz1UT4250KbzkdCdPP&rjs=0&qd=Xd-cji1-rrfYy0m8LpokE8dF20pwsUrmctm8cTGFOXDOAPLLNYb6wmUg8gjYJafwpsXE23qShaYtGgdtUJu_X5BBGG-ayCiM-gQi8HpsYsLtZozk31ERKPJGlDLUboAG50chrnGX4B46HyqhlSj9xMohy02t3MX0n-6xoRHLk5Oh8V2c0duIS4mZo0TAq11Zl61No7XvcMPz961yBIpblougDO3NlIXerppYqweTrkxdIR2u4KVXi5XGrbZ08pfBgjrEyAE0GkSkYu3jG0wyz-m8DBeU9On53oG-IZdphrXNpc3CKx4TGaE-Hm-3rS95WOxvghNOg8rM6Po_qXQU-g&atk=1jqb6f0atha8t801,"Events, media, or related industries are a plus. Comfort with at least one social media management platform such as Emplifi or Sprout Social. — Own the operational running of the company's social…",,,indeed_sa,2026-06-05 06:10:26.671937+00:00
IT Security Manager,bTranz,Riyadh,https://sa.indeed.com/rc/clk?jk=ef627a618e91be46&bb=UQvdATOf1slQguBBxAEnLehpori1_FuZWCdsa8A7lP4k_MIGM0s0y2S6R_SzknDDHvUjHsPhysImIcdWfjmeA7mqAZDX8NYHcBwbgU6b8PMhVkHxypum2K3xl_x8GVhUlCAYTvO_o8_IaEsx8n72qw%3D%3D&xkcb=SoAr67M3iLE0WVz42B0TbzkdCdPP&rjs=0&qd=Xd-cji1-rrfYy0m8LpokE8dF20pwsUrmctm8cTGFOXDOAPLLNYb6wmUg8gjYJafwpsXE23qShaYtGgdtUJu_X5BBGG-ayCiM-gQi8HpsYsLtZozk31ERKPJGlDLUboAG50chrnGX4B46HyqhlSj9xMohy02t3MX0n-6xoRHLk5Oh8V2c0duIS4mZo0TAq11Zl61No7XvcMPz961yBIpblougDO3NlIXerppYqweTrkxdIR2u4KVXi5XGrbZ08pfBgjrEyAE0GkSkYu3jG0wyz-m8DBeU9On53oG-IZdphrXvQyG6gUQXlqI-nVMDzR1cWOxvghNOg8rM6Po_qXQU-g&atk=1jqb6erv026sf002,"Background in security consulting, cloud security architecture, or enterprise risk/GRC in regulated industries. We are seeking an experienced ITSM Security Account Manager to serve as a trusted…",,,indeed_sa,2026-06-05 06:10:23.168283+00:00
Site Engineer,Alomar Holding Company,Riyadh,https://sa.indeed.com/rc/clk?jk=7e0fcc492e6087a6&bb=UQvdATOf1slQguBBxAEnLbhQrQRENVHsXfw5b3tK1qqb_-PN7yHhsvXiZhzkwVo2C1O6_H8TIfV-AaTo7hyEydVhZqOJwfKZ2qah3-qcpFUHUn3LM0fRVxP2j4VbIJh8Rw_i25-1m6YAOr_bVhI9wA%3D%3D&xkcb=SoDC67M3iLE0WVz42B0cbzkdCdPP&rjs=0&qd=Xd-cji1-rrfYy0m8LpokE8dF20pwsUrmctm8cTGFOXDOAPLLNYb6wmUg8gjYJafwpsXE23qShaYtGgdtUJu_X5BBGG-ayCiM-gQi8HpsYsLtZozk31ERKPJGlDLUboAG50chrnGX4B46HyqhlSj9xMohy02t3MX0n-6xoRHLk5Oh8V2c0duIS4mZo0TAq11Zl61No7XvcMPz961yBIpblougDO3NlIXerppYqweTrkxdIR2u4KVXi5XGrbZ08pfBgjrEyAE0GkSkYu3jG0wyz-m8DBeU9On53oG-IZdphrXvQyG6gUQXlqI-nVMDzR1cWOxvghNOg8rM6Po_qXQU-g&atk=1jqb6erv026sf002,Saudi Council of Engineers registration or eligibility to register. Experience delivering projects for reputable or well-known real estate developers. Bachelor’s degree in Civil Engineering.,,,indeed_sa,2026-06-05 06:10:23.074055+00:00
Senior Data Engineer,BBI,Riyadh,https://sa.indeed.com/rc/clk?jk=75e3b0878754b4c2&bb=UQvdATOf1slQguBBxAEnLba4jCl-GY7E5crUifcK6ZguPqvO3Pv_a84XVkG99oqnjIae7C_OoFRbLuDcYzTeeX9TC0V-EI_axZRAeY5rVoUeMsT_dHzPZ_PlvuFbE285NJCRyn-epWl4PKuw_Pu4kg%3D%3D&xkcb=SoB267M3iLE0WVz42B0dbzkdCdPP&rjs=0&qd=Xd-cji1-rrfYy0m8LpokE8dF20pwsUrmctm8cTGFOXDOAPLLNYb6wmUg8gjYJafwpsXE23qShaYtGgdtUJu_X5BBGG-ayCiM-gQi8HpsYsLtZozk31ERKPJGlDLUboAG50chrnGX4B46HyqhlSj9xMohy02t3MX0n-6xoRHLk5Oh8V2c0duIS4mZo0TAq11Zl61No7XvcMPz961yBIpblougDO3NlIXerppYqweTrkxdIR2u4KVXi5XGrbZ08pfBgjrEyAE0GkSkYu3jG0wyz-m8DBeU9On53oG-IZdphrXvQyG6gUQXlqI-nVMDzR1cWOxvghNOg8rM6Po_qXQU-g&atk=1jqb6erv026sf002,"Bachelor's or Master's degree in Computer Science, Data Science, or a related field. 5+ years of experience as a Data Engineer or similar role. Design, develop, and maintain scalable data pipelines…",,,indeed_sa,2026-06-05 06:10:23.029936+00:00
Early Career Trainee - Manufacturing Engineer,GE Vernova,Dammam,https://sa.indeed.com/rc/clk?jk=04eef564b6f4783b&bb=UQvdATOf1slQguBBxAEnLRi9OsZ8o9jeIRqd2370k5ah7zeGeeKPxq4GpaSr0AVscf_u0m3m2ZHbFKTkR5n3W2tIYYz07hO2FncgaARMQ5jdbn0z0x7AqFKp_Gg9uluTVPvXW0drBsUb4j7eYjLuwg%3D%3D&xkcb=SoBf67M3iLE0WVz42B0fbzkdCdPP&rjs=0&qd=Xd-cji1-rrfYy0m8LpokE8dF20pwsUrmctm8cTGFOXDOAPLLNYb6wmUg8gjYJafwpsXE23qShaYtGgdtUJu_X5BBGG-ayCiM-gQi8HpsYsLtZozk31ERKPJGlDLUboAG50chrnGX4B46HyqhlSj9xMohy02t3MX0n-6xoRHLk5Oh8V2c0duIS4mZo0TAq11Zl61No7XvcMPz961yBIpblougDO3NlIXerppYqweTrkxdIR2u4KVXi5XGrbZ08pfBgjrEyAE0GkSkYu3jG0wyz-m8DBeU9On53oG-IZdphrXvQyG6gUQXlqI-nVMDzR1cWOxvghNOg8rM6Po_qXQU-g&atk=1jqb6erv026sf002,"Bachelor’s degree in Mechanical, Electrical, Industrial, or Control Engineering from an accredited university or related technical fields. Openness to coaching and feedback from senior engineers .",,,indeed_sa,2026-06-05 06:10:22.959727+00:00
Project Engineer - Saudi National,Yellow Door Energy,Riyadh,https://sa.indeed.com/rc/clk?jk=388e60d7f3e51193&bb=UQvdATOf1slQguBBxAEnLeOFEf66gO-MA2tFQ2zFdW5mvgj0xzAgoYqrwOhrnm_WRWYr-D63DpF2vVcs_qXMcbPklFCm11FKyXzCt_itCzMA5ugb11Z3XTYYKI87dWlHXwrwnR7ymUBWVZUTftkfLg%3D%3D&xkcb=SoDR67M3iLE0WVz42B0YbzkdCdPP&rjs=0&qd=Xd-cji1-rrfYy0m8LpokE8dF20pwsUrmctm8cTGFOXDOAPLLNYb6wmUg8gjYJafwpsXE23qShaYtGgdtUJu_X5BBGG-ayCiM-gQi8HpsYsLtZozk31ERKPJGlDLUboAG50chrnGX4B46HyqhlSj9xMohy02t3MX0n-6xoRHLk5Oh8V2c0duIS4mZo0TAq11Zl61No7XvcMPz961yBIpblougDO3NlIXerppYqweTrkxdIR2u4KVXi5XGrbZ08pfBgjrEyAE0GkSkYu3jG0wyz-m8DBeU9On53oG-IZdphrXvQyG6gUQXlqI-nVMDzR1cWOxvghNOg8rM6Po_qXQU-g&atk=1jqb6erv026sf002,"2–4 years’ experience in project engineering, site engineering, or construction coordination for EPC or infrastructure projects. At least 2 years’ experience in solar PV or renewable energy projects.",,,indeed_sa,2026-06-05 06:10:22.908885+00:00
Irrigation Engineer,HanmiGlobal Saudi,Riyadh,https://sa.indeed.com/rc/clk?jk=2f1325f6294c4c80&bb=UQvdATOf1slQguBBxAEnLWhFpvwI5W_9MCBXDo2T9GSaj24JmGYRYazIIwon5FEsIphw25a8fJHWkSGmgcEdWUa19mrzNOJZBmyopodn07kP7t4t766mORaVm3JxuenDVhCci6a2j2NxfN1yj6wO2Q%3D%3D&xkcb=SoD467M3iLE0WVz42B0abzkdCdPP&rjs=0&qd=Xd-cji1-rrfYy0m8LpokE8dF20pwsUrmctm8cTGFOXDOAPLLNYb6wmUg8gjYJafwpsXE23qShaYtGgdtUJu_X5BBGG-ayCiM-gQi8HpsYsLtZozk31ERKPJGlDLUboAG50chrnGX4B46HyqhlSj9xMohy02t3MX0n-6xoRHLk5Oh8V2c0duIS4mZo0TAq11Zl61No7XvcMPz961yBIpblougDO3NlIXerppYqweTrkxdIR2u4KVXi5XGrbZ08pfBgjrEyAE0GkSkYu3jG0wyz-m8DBeU9On53oG-IZdphrXvQyG6gUQXlqI-nVMDzR1cWOxvghNOg8rM6Po_qXQU-g&atk=1jqb6erv026sf002,"Proficiency in irrigation design software and AutoCAD is required. Bachelor’s degree in Agricultural Engineering, Irrigation Engineering, Civil Engineering or related field.",,,indeed_sa,2026-06-05 06:10:22.844569+00:00
Data Analytics / Customer Intelligence Specialist,TAWANTECH,Riyadh,https://sa.indeed.com/rc/clk?jk=b1beda6bb60210dc&bb=UQvdATOf1slQguBBxAEnLTviupN2yq-rD6pIlW8rtjHXZg2_MSSUvQCYrwT75nf9gybbP4hXc17PtPPhcCcVEo9cA9eV-poyaBfJIXv3Pa0LF0eeZ1NhgOw9wlOKbseDnWLEXmhdm3bBO-Ec18vzuA%3D%3D&xkcb=SoBM67M3iLE0WVz42B0bbzkdCdPP&rjs=0&qd=Xd-cji1-rrfYy0m8LpokE8dF20pwsUrmctm8cTGFOXDOAPLLNYb6wmUg8gjYJafwpsXE23qShaYtGgdtUJu_X5BBGG-ayCiM-gQi8HpsYsLtZozk31ERKPJGlDLUboAG50chrnGX4B46HyqhlSj9xMohy02t3MX0n-6xoRHLk5Oh8V2c0duIS4mZo0TAq11Zl61No7XvcMPz961yBIpblougDO3NlIXerppYqweTrkxdIR2u4KVXi5XGrbZ08pfBgjrEyAE0GkSkYu3jG0wyz-m8DBeU9On53oG-IZdphrXvQyG6gUQXlqI-nVMDzR1cWOxvghNOg8rM6Po_qXQU-g&atk=1jqb6erv026sf002,"Dashboards in Power BI or Tableau. Statistical teams, or sophisticated commercial analysis environments. Develop, maintain, and refresh corporate dashboards utilizing Power BI or Tableau to provide…",,,indeed_sa,2026-06-05 06:10:22.799060+00:00
Interior Designer,Proger,Riyadh,https://sa.indeed.com/rc/clk?jk=62580bcbe4b5500e&bb=UQvdATOf1slQguBBxAEnLeFUmI4c7r9I2ojn-SJDeW-CpiEBb3CtQe4bitJLAHANWHhZVP7dGRyra0yVmvr8xwz2ADlRSfrOcEWjZz6b_v1zUJbD_fqpxQemmsTECLhS5s2VvGjo-zW2AIJirJ_PwQ%3D%3D&xkcb=SoBr67M3iLE0WVz42B0EbzkdCdPP&rjs=0&qd=Xd-cji1-rrfYy0m8LpokE8dF20pwsUrmctm8cTGFOXDOAPLLNYb6wmUg8gjYJafwpsXE23qShaYtGgdtUJu_X5BBGG-ayCiM-gQi8HpsYsLtZozk31ERKPJGlDLUboAG50chrnGX4B46HyqhlSj9xMohy02t3MX0n-6xoRHLk5Oh8V2c0duIS4mZo0TAq11Zl61No7XvcMPz961yBIpblougDO3NlIXerppYqweTrkxdIR2u4KVXi5XGrbZ08pfBgjrEyAE0GkSkYu3jG0wyz-m8DBeU9On53oG-IZdphrXvQyG6gUQXlqI-nVMDzR1cWOxvghNOg8rM6Po_qXQU-g&atk=1jqb6erv026sf002,"The role requires at least five years of relevant experience, including work on government or semi-public projects, with proven ability in multidisciplinary coordination and fit-out management.",,,indeed_sa,2026-06-05 06:10:22.755796+00:00
Senior Project Engineer,Saudi Arabia - FLS Al -Rushaid Co. Ltd.,Al Khobar,https://sa.indeed.com/rc/clk?jk=870746c9474ac4db&bb=UQvdATOf1slQguBBxAEnLZgEr2-IMWEj7rYtT1LrStr9wAFUz8kE5nzZJ92uFjeuuuw2OFU8CM8tfAR8k0OCjayioSouqHEDFMyyflEwW8ExMj-PFFZlm5BrNcSzD7b-acSskF0n8WHuZBG5aADchg%3D%3D&xkcb=SoDf67M3iLE0WVz42B0FbzkdCdPP&rjs=0&qd=Xd-cji1-rrfYy0m8LpokE8dF20pwsUrmctm8cTGFOXDOAPLLNYb6wmUg8gjYJafwpsXE23qShaYtGgdtUJu_X5BBGG-ayCiM-gQi8HpsYsLtZozk31ERKPJGlDLUboAG50chrnGX4B46HyqhlSj9xMohy02t3MX0n-6xoRHLk5Oh8V2c0duIS4mZo0TAq11Zl61No7XvcMPz961yBIpblougDO3NlIXerppYqweTrkxdIR2u4KVXi5XGrbZ08pfBgjrEyAE0GkSkYu3jG0wyz-m8DBeU9On53oG-IZdphrXvQyG6gUQXlqI-nVMDzR1cWOxvghNOg8rM6Po_qXQU-g&atk=1jqb6erv026sf002,"BS or BA Degree in relevant field. Coordinate internal and external teams, including functional leads, engineers , manufacturing, and suppliers, to meet project requirements and objectives.",,,indeed_sa,2026-06-05 06:10:22.706820+00:00
Business Development Director – Artificial Intelligence,Front End,Al Khobar,https://sa.indeed.com/rc/clk?jk=974c930768fd69c8&bb=UQvdATOf1slQguBBxAEnLUx_ADHQvl6yb_5jggokN2ps6fLDYtwnffH5CPk1vwjmHvYJXOOLIIZFvyddv1lsZ2OlabY92Rffi8XPs4MQ_9Zv1Muy3wwx6bJbYN8YJtVNzVHEA7rOrNz7A23X23k7Gw%3D%3D&xkcb=SoBC67M3iLE0WVz42B0GbzkdCdPP&rjs=0&qd=Xd-cji1-rrfYy0m8LpokE8dF20pwsUrmctm8cTGFOXDOAPLLNYb6wmUg8gjYJafwpsXE23qShaYtGgdtUJu_X5BBGG-ayCiM-gQi8HpsYsLtZozk31ERKPJGlDLUboAG50chrnGX4B46HyqhlSj9xMohy02t3MX0n-6xoRHLk5Oh8V2c0duIS4mZo0TAq11Zl61No7XvcMPz961yBIpblougDO3NlIXerppYqweTrkxdIR2u4KVXi5XGrbZ08pfBgjrEyAE0GkSkYu3jG0wyz-m8DBeU9On53oG-IZdphrXvQyG6gUQXlqI-nVMDzR1cWOxvghNOg8rM6Po_qXQU-g&atk=1jqb6erv026sf002,"Candidates whose experience is purely in AI , SaaS, or software sales — without genuine oil & gas, subsurface, or industrial domain depth — will not be a fit for this role.",,,indeed_sa,2026-06-05 06:10:22.664044+00:00
Principal Process Engineer,Worley,Al Khobar,https://sa.indeed.com/rc/clk?jk=3ae2331b6b9d744a&bb=UQvdATOf1slQguBBxAEnLZJfF3bC43jTNfv9uB6tL0j4bwSTAXNgPiNp33PXXNOhhgUQ26WaNVw2YkJWDFf7HlGXtvBjXzupvTLwUvMx0856GymGoW6NVE4l3EcXVPp05BjXMpvLONaaQmi6JtRJiQ%3D%3D&xkcb=SoD267M3iLE0WVz42B0HbzkdCdPP&rjs=0&qd=Xd-cji1-rrfYy0m8LpokE8dF20pwsUrmctm8cTGFOXDOAPLLNYb6wmUg8gjYJafwpsXE23qShaYtGgdtUJu_X5BBGG-ayCiM-gQi8HpsYsLtZozk31ERKPJGlDLUboAG50chrnGX4B46HyqhlSj9xMohy02t3MX0n-6xoRHLk5Oh8V2c0duIS4mZo0TAq11Zl61No7XvcMPz961yBIpblougDO3NlIXerppYqweTrkxdIR2u4KVXi5XGrbZ08pfBgjrEyAE0GkSkYu3jG0wyz-m8DBeU9On53oG-IZdphrXvQyG6gUQXlqI-nVMDzR1cWOxvghNOg8rM6Po_qXQU-g&atk=1jqb6erv026sf002,Bachelor’s degree in Chemical or Process Engineering. Mentor engineers and drive technical excellence within the process team. Extensive experience in process engineering within industrial or oil and…,,,indeed_sa,2026-06-05 06:10:22.617591+00:00
Project Manager,Star,Riyadh,https://sa.indeed.com/rc/clk?jk=1f33d3dadf3bf76f&bb=UQvdATOf1slQguBBxAEnLfaMa-yL5Vn3cYoIdNdhQikY81tlhoEeFbUzzSDjzrjDqHk9K2pA1QpTp706to7uD6A6VX-1ZYjy6RvAXgNg0q0J3cIbYkNOriezZ3m_Sdaxz_4wknxBLN0KAQv0GF3C2A%3D%3D&xkcb=SoAM67M3iLE0WVz42B0MbzkdCdPP&rjs=0&qd=Xd-cji1-rrfYy0m8LpokE8dF20pwsUrmctm8cTGFOXDOAPLLNYb6wmUg8gjYJafwpsXE23qShaYtGgdtUJu_X5BBGG-ayCiM-gQi8HpsYsLtZozk31ERKPJGlDLUboAG50chrnGX4B46HyqhlSj9xMohy02t3MX0n-6xoRHLk5Oh8V2c0duIS4mZo0TAq11Zl61No7XvcMPz961yBIpblougDO3NlIXerppYqweTrkxdIR2u4KVXi5XGrbZ08pfBgjrEyAE0GkSkYu3jG0wyz-m8DBeU9On53oG-IZdphrXvQyG6gUQXlqI-nVMDzR1cWOxvghNOg8rM6Po_qXQU-g&atk=1jqb6erv026sf002,"Approximately 3 years of experience in project management or structured program delivery. Experience on government, corporate, or institutional programs is preferred.",,,indeed_sa,2026-06-05 06:10:22.569191+00:00
Road Engineer,HanmiGlobal Saudi,Riyadh,https://sa.indeed.com/rc/clk?jk=3e9185e2fcdb6f95&bb=UQvdATOf1slQguBBxAEnLTlYkA1sDFfw3gcFBDDTNEABZw4Sl_fmLLaf50_KfVfq3dbyYS23LEmh1JT1RrsO_ofA4_gJ6rTIWTVFIX9jm9aSu2_9K-eDi0j792IR8Mi3gOjm5czTxyRHPtwM4aX3cw%3D%3D&xkcb=SoC467M3iLE0WVz42B0NbzkdCdPP&rjs=0&qd=Xd-cji1-rrfYy0m8LpokE8dF20pwsUrmctm8cTGFOXDOAPLLNYb6wmUg8gjYJafwpsXE23qShaYtGgdtUJu_X5BBGG-ayCiM-gQi8HpsYsLtZozk31ERKPJGlDLUboAG50chrnGX4B46HyqhlSj9xMohy02t3MX0n-6xoRHLk5Oh8V2c0duIS4mZo0TAq11Zl61No7XvcMPz961yBIpblougDO3NlIXerppYqweTrkxdIR2u4KVXi5XGrbZ08pfBgjrEyAE0GkSkYu3jG0wyz-m8DBeU9On53oG-IZdphrXvQyG6gUQXlqI-nVMDzR1cWOxvghNOg8rM6Po_qXQU-g&atk=1jqb6erv026sf002,Bachelor’s degree in Civil Engineering or related field. Experience with projects in Saudi Arabia or Middle East is preferred. Collaborate with senior engineers and project teams to ensure smooth…,,,indeed_sa,2026-06-05 06:10:22.519178+00:00
Creative Designer,Star,Riyadh,https://sa.indeed.com/rc/clk?jk=972e9a420292fd94&bb=UQvdATOf1slQguBBxAEnLac3bFsA2ooYqEwEsSb_hKWwUTmSoQZrAFN56t64uH4sIx20044cEwuAewxHI0_h6nVrNdM30Zj0YObe9BSgvLhjvfQRLqrgCxEQrrgdL72q72uAOKqvsJxFaMzTqKFw5Q%3D%3D&xkcb=SoAl67M3iLE0WVz42B0ObzkdCdPP&rjs=0&qd=Xd-cji1-rrfYy0m8LpokE8dF20pwsUrmctm8cTGFOXDOAPLLNYb6wmUg8gjYJafwpsXE23qShaYtGgdtUJu_X5BBGG-ayCiM-gQi8HpsYsLtZozk31ERKPJGlDLUboAG50chrnGX4B46HyqhlSj9xMohy02t3MX0n-6xoRHLk5Oh8V2c0duIS4mZo0TAq11Zl61No7XvcMPz961yBIpblougDO3NlIXerppYqweTrkxdIR2u4KVXi5XGrbZ08pfBgjrEyAE0GkSkYu3jG0wyz-m8DBeU9On53oG-IZdphrXvQyG6gUQXlqI-nVMDzR1cWOxvghNOg8rM6Po_qXQU-g&atk=1jqb6erv026sf002,"Proficiency with standard design tools such as Adobe Creative Suite, Figma, or equivalent, used alongside AI tools. Designing social media content, digital campaigns, and marketing materials across…",,,indeed_sa,2026-06-05 06:10:22.452892+00:00
Product Engineer II - QA,Tamara,Riyadh,https://sa.indeed.com/rc/clk?jk=f8d0b0974ec651ea&bb=UQvdATOf1slQguBBxAEnLYG5c99_yxYupFq8OJnAghVHieoeJP8M0URxMBRjRUXtPrL7e3EP50KU7gyUOPEI61OD2yWYAkIsXqO2tvL9qrJfsE7B1c-5JTTTDktOvlr1uGT1B_NigkuRv2f2ZZVaag%3D%3D&xkcb=SoCR67M3iLE0WVz42B0PbzkdCdPP&rjs=0&qd=Xd-cji1-rrfYy0m8LpokE8dF20pwsUrmctm8cTGFOXDOAPLLNYb6wmUg8gjYJafwpsXE23qShaYtGgdtUJu_X5BBGG-ayCiM-gQi8HpsYsLtZozk31ERKPJGlDLUboAG50chrnGX4B46HyqhlSj9xMohy02t3MX0n-6xoRHLk5Oh8V2c0duIS4mZo0TAq11Zl61No7XvcMPz961yBIpblougDO3NlIXerppYqweTrkxdIR2u4KVXi5XGrbZ08pfBgjrEyAE0GkSkYu3jG0wyz-m8DBeU9On53oG-IZdphrXvQyG6gUQXlqI-nVMDzR1cWOxvghNOg8rM6Po_qXQU-g&atk=1jqb6erv026sf002,"You'll leverage your software quality assurance expertise to manage testing processes and design, implementing solutions that maintain high standards across our systems.",,,indeed_sa,2026-06-05 06:10:22.379164+00:00
BIM Coordinator Engineer,KEO International Consultants,Riyadh,https://sa.indeed.com/rc/clk?jk=cb73d35e3f32db74&bb=UQvdATOf1slQguBBxAEnLbWuFEF-l8UMgcZzcLdbzqP0-8401YhworvU-XU-aGVflTe60ZpXidpaa8-hGfIrSFOzdMeVjqt9Ae3nxBTE33VRXUxLmzT3BFlJyk7JUt-QA_OLCcLzHBH2bi-tc1ArjQ%3D%3D&xkcb=SoCr67M3iLE0WVz42B0JbzkdCdPP&rjs=0&qd=Xd-cji1-rrfYy0m8LpokE8dF20pwsUrmctm8cTGFOXDOAPLLNYb6wmUg8gjYJafwpsXE23qShaYtGgdtUJu_X5BBGG-ayCiM-gQi8HpsYsLtZozk31ERKPJGlDLUboAG50chrnGX4B46HyqhlSj9xMohy02t3MX0n-6xoRHLk5Oh8V2c0duIS4mZo0TAq11Zl61No7XvcMPz961yBIpblougDO3NlIXerppYqweTrkxdIR2u4KVXi5XGrbZ08pfBgjrEyAE0GkSkYu3jG0wyz-m8DBeU9On53oG-IZdphrXvQyG6gUQXlqI-nVMDzR1cWOxvghNOg8rM6Po_qXQU-g&atk=1jqb6erv026sf002,Experience working with contractors or on-site project environments. Proven experience working on airport or aviation-related projects is highly preferred. BIM 360 / ACC (Autodesk Construction Cloud).,,,indeed_sa,2026-06-05 06:10:22.328824+00:00
Landscape Engineer,Dyarco For Operations Services,Riyadh,https://sa.indeed.com/rc/clk?jk=048e6565f7ac3dfe&bb=UQvdATOf1slQguBBxAEnLf6VQalwikcAlv6Ym7uth6W52XOOjyWkkgAf4kKcydLLQPbytx0O7DIx_TIQ530hWjWyU_D8SvcV2qCNWx3IZk3_1H6DD7YEygRfNHiujdCNMhmRtIajnDvUcGq6v80K5g%3D%3D&xkcb=SoA267M3iLE0WVz42B0KbzkdCdPP&rjs=0&qd=Xd-cji1-rrfYy0m8LpokE8dF20pwsUrmctm8cTGFOXDOAPLLNYb6wmUg8gjYJafwpsXE23qShaYtGgdtUJu_X5BBGG-ayCiM-gQi8HpsYsLtZozk31ERKPJGlDLUboAG50chrnGX4B46HyqhlSj9xMohy02t3MX0n-6xoRHLk5Oh8V2c0duIS4mZo0TAq11Zl61No7XvcMPz961yBIpblougDO3NlIXerppYqweTrkxdIR2u4KVXi5XGrbZ08pfBgjrEyAE0GkSkYu3jG0wyz-m8DBeU9On53oG-IZdphrXvQyG6gUQXlqI-nVMDzR1cWOxvghNOg8rM6Po_qXQU-g&atk=1jqb6erv026sf002,"Bachelor’s degree in Landscape Engineering, or related field. Proficient in AutoCAD, MS Office, and landscape design software . Coordinate with architects, civil engineers , and contractors to ensure…",,,indeed_sa,2026-06-05 06:10:22.267840+00:00
Data Scientist,Ericsson,Riyadh,https://sa.indeed.com/rc/clk?jk=603040ca681c4d37&bb=UQvdATOf1slQguBBxAEnLTjiCTRZxSzg22lKFq9YchI7ZFpZZe6rvdqhSbo2e8idlcKd61mkM7IsS3C10T5xyjmwFsp76eM3qIIfqMkCBW879DYZ2Z5QFqSBYGtnmgyUkF5z8hGGdNrcJKRGTCda7g%3D%3D&xkcb=SoCC67M3iLE0WVz42B0LbzkdCdPP&rjs=0&qd=Xd-cji1-rrfYy0m8LpokE8dF20pwsUrmctm8cTGFOXDOAPLLNYb6wmUg8gjYJafwpsXE23qShaYtGgdtUJu_X5BBGG-ayCiM-gQi8HpsYsLtZozk31ERKPJGlDLUboAG50chrnGX4B46HyqhlSj9xMohy02t3MX0n-6xoRHLk5Oh8V2c0duIS4mZo0TAq11Zl61No7XvcMPz961yBIpblougDO3NlIXerppYqweTrkxdIR2u4KVXi5XGrbZ08pfBgjrEyAE0GkSkYu3jG0wyz-m8DBeU9On53oG-IZdphrXvQyG6gUQXlqI-nVMDzR1cWOxvghNOg8rM6Po_qXQU-g&atk=1jqb6erv026sf002,"Education: bachelor’s degree or equivalent. Development of scientific methods, processes, and systems to extract knowledge or insights. Hands-on experience working in the related domains and/or…",,,indeed_sa,2026-06-05 06:10:22.191206+00:00
Document controller,AtkinsRéalis,Riyadh,https://sa.indeed.com/rc/clk?jk=f3afecaf81ae4ec2&bb=MB62lSO6p1FpTCPDRJXaYg127OPDnXiDYIc798HsuusjkxXR5DdaY5ZmZFAik3I38ouYmsnakhAwODp0an7msfTfltb24cyZxOUni9HTnhOqsdXskzl5-s-DE2jc9_QmhpdaShE4lxy4MRlmgnSIww%3D%3D&xkcb=SoCE67M3iLE1LrTF6B0cbzkdCdPP&rjs=0&qd=Xd-cji1-rrfYy0m8LpokE8dF20pwsUrmctm8cTGFOXDOAPLLNYb6wmUg8gjYJafwpsXE23qShaYtGgdtUJu_X5BBGG-ayCiM-gQi8HpsYsLtZozk31ERKPJGlDLUboAG50chrnGX4B46HyqhlSj9xMohy02t3MX0n-6xoRHLk5Oh8V2c0duIS4mZo0TAq11Zl61No7XvcMPz961yBIpblougDO3NlIXerppYqweTrkxdIR2u4KVXi5XGrbZ08pfBgjrEyAE0GkSkYu3jG0wyz-m8DBeU9On53oG-IZdphrUn_9wpf1FsM_Ri7wpcqDFQWOxvghNOg8rM6Po_qXQU-g&atk=1jqb6eni326pt001,"Degree or Diploma in Office Administration or equivalent. Plans, organizes, and implements systems for efficient document processing of all communications, the Contractor documents, design documents,…",,,indeed_sa,2026-06-05 06:10:18.636224+00:00
Automated Operations Engineer,Ericsson,Riyadh,https://sa.indeed.com/rc/clk?jk=2008e663426cf3c8&bb=MB62lSO6p1FpTCPDRJXaYqP6vKULrMiiAhrIwsX1ahBv158lB8wiihs9ZMjrQuO3C_4nilYbxrqqp7EkFVowr1lpDpdokfwHnnZzca0vI64ND3lSP9F6QDTebfeO4YBO0JoLECh48vWvPxjz2EqAjw%3D%3D&xkcb=SoAZ67M3iLE1LrTF6B0fbzkdCdPP&rjs=0&qd=Xd-cji1-rrfYy0m8LpokE8dF20pwsUrmctm8cTGFOXDOAPLLNYb6wmUg8gjYJafwpsXE23qShaYtGgdtUJu_X5BBGG-ayCiM-gQi8HpsYsLtZozk31ERKPJGlDLUboAG50chrnGX4B46HyqhlSj9xMohy02t3MX0n-6xoRHLk5Oh8V2c0duIS4mZo0TAq11Zl61No7XvcMPz961yBIpblougDO3NlIXerppYqweTrkxdIR2u4KVXi5XGrbZ08pfBgjrEyAE0GkSkYu3jG0wyz-m8DBeU9On53oG-IZdphrUn_9wpf1FsM_Ri7wpcqDFQWOxvghNOg8rM6Po_qXQU-g&atk=1jqb6eni326pt001,Ownership of timely updates to all the affected partners regarding any new factors affecting any Automation application designed or deployed or both. We encourage people from all backgrounds to apply…,,,indeed_sa,2026-06-05 06:10:18.536386+00:00
Reporting Specialist,Parsons,Riyadh,https://sa.indeed.com/rc/clk?jk=a91223b393fcb35e&bb=MB62lSO6p1FpTCPDRJXaYn7iED23RrYjB-h57aLaLRwHd9cG_3JaBZ3YyZrp7z8A42vsJ31nBRDKD6ZqShI4R5O2x_65kcs3jts63DYT2hRT5xCRrYCYsvQEOQsAOeNIBhhRKEbdntuxNyETR7yQfQ%3D%3D&xkcb=SoCX67M3iLE1LrTF6B0YbzkdCdPP&rjs=0&qd=Xd-cji1-rrfYy0m8LpokE8dF20pwsUrmctm8cTGFOXDOAPLLNYb6wmUg8gjYJafwpsXE23qShaYtGgdtUJu_X5BBGG-ayCiM-gQi8HpsYsLtZozk31ERKPJGlDLUboAG50chrnGX4B46HyqhlSj9xMohy02t3MX0n-6xoRHLk5Oh8V2c0duIS4mZo0TAq11Zl61No7XvcMPz961yBIpblougDO3NlIXerppYqweTrkxdIR2u4KVXi5XGrbZ08pfBgjrEyAE0GkSkYu3jG0wyz-m8DBeU9On53oG-IZdphrUn_9wpf1FsM_Ri7wpcqDFQWOxvghNOg8rM6Po_qXQU-g&atk=1jqb6eni326pt001,"Experience working within PMO or project controls environments. Experience on airport, transportation, or major infrastructure projects. Experience supporting infrastructure, construction, aviation,…",,,indeed_sa,2026-06-05 06:10:18.486700+00:00
System Engineer,Prime Gate,Riyadh,https://sa.indeed.com/rc/clk?jk=5db95a2dbb55e2a4&bb=MB62lSO6p1FpTCPDRJXaYmWbX5icFQDxe8kkmJ0K7f1N4QoQNSpUykfCRBoQeTKnBYpNSqueEm5RmwIVK6Y-aizlJ80QKe2EFFWzk3pJaJMrq8M40r8Ugq0Ns8yaNojiAZEJiI2eccvN425In-UrfA%3D%3D&xkcb=SoAj67M3iLE1LrTF6B0ZbzkdCdPP&rjs=0&qd=Xd-cji1-rrfYy0m8LpokE8dF20pwsUrmctm8cTGFOXDOAPLLNYb6wmUg8gjYJafwpsXE23qShaYtGgdtUJu_X5BBGG-ayCiM-gQi8HpsYsLtZozk31ERKPJGlDLUboAG50chrnGX4B46HyqhlSj9xMohy02t3MX0n-6xoRHLk5Oh8V2c0duIS4mZo0TAq11Zl61No7XvcMPz961yBIpblougDO3NlIXerppYqweTrkxdIR2u4KVXi5XGrbZ08pfBgjrEyAE0GkSkYu3jG0wyz-m8DBeU9On53oG-IZdphrUn_9wpf1FsM_Ri7wpcqDFQWOxvghNOg8rM6Po_qXQU-g&atk=1jqb6eni326pt001,"Bachelor's degree in Computer Science, Computer Engineering, Computer Networks Engineering, Information Systems, or an equivalent related field. The role includes managing enterprise environments,…",,,indeed_sa,2026-06-05 06:10:18.439710+00:00
AI & Digital Transformation Manager,Exceptional Interior Decorations,Riyadh,https://sa.indeed.com/rc/clk?jk=290c763f91c6a5f7&bb=MB62lSO6p1FpTCPDRJXaYt7XR6SaGV8CP6Cg6YoYqk82S90bhtjFKCLcjlGy-MVyClDdpXR0kNO_dGXhbfVQhBVMTK1nMBL38nYEpVC6scpaVuKMDS9oCwWntJ4TCYKCJH5zpjdvOumMf-uCwU0FdA%3D%3D&xkcb=SoC-67M3iLE1LrTF6B0abzkdCdPP&rjs=0&qd=Xd-cji1-rrfYy0m8LpokE8dF20pwsUrmctm8cTGFOXDOAPLLNYb6wmUg8gjYJafwpsXE23qShaYtGgdtUJu_X5BBGG-ayCiM-gQi8HpsYsLtZozk31ERKPJGlDLUboAG50chrnGX4B46HyqhlSj9xMohy02t3MX0n-6xoRHLk5Oh8V2c0duIS4mZo0TAq11Zl61No7XvcMPz961yBIpblougDO3NlIXerppYqweTrkxdIR2u4KVXi5XGrbZ08pfBgjrEyAE0GkSkYu3jG0wyz-m8DBeU9On53oG-IZdphrUn_9wpf1FsM_Ri7wpcqDFQWOxvghNOg8rM6Po_qXQU-g&atk=1jqb6eni326pt001,"Minimum 5 years of experience in AI implementation, digital transformation, automation, or business process optimization. Experience within construction, consultancy, hospitality, architecture, or…",,,indeed_sa,2026-06-05 06:10:18.378375+00:00
Agile Coach,CodeNinja,Riyadh,https://sa.indeed.com/rc/clk?jk=8cb7bea816987bea&bb=MB62lSO6p1FpTCPDRJXaYk7qMkdfAl7lZ-ZUmfuZF8JDGBHUxDsRvXqgxKqCY3EQhFSY0QPnRSdKSk5dEvF52K3sPEsc6E0HdSdfROgOqttc4QNJCyAQboPhBHl1f0FOFRtPVwS6vcvDjQXURb4buQ%3D%3D&xkcb=SoAK67M3iLE1LrTF6B0bbzkdCdPP&rjs=0&qd=Xd-cji1-rrfYy0m8LpokE8dF20pwsUrmctm8cTGFOXDOAPLLNYb6wmUg8gjYJafwpsXE23qShaYtGgdtUJu_X5BBGG-ayCiM-gQi8HpsYsLtZozk31ERKPJGlDLUboAG50chrnGX4B46HyqhlSj9xMohy02t3MX0n-6xoRHLk5Oh8V2c0duIS4mZo0TAq11Zl61No7XvcMPz961yBIpblougDO3NlIXerppYqweTrkxdIR2u4KVXi5XGrbZ08pfBgjrEyAE0GkSkYu3jG0wyz-m8DBeU9On53oG-IZdphrUn_9wpf1FsM_Ri7wpcqDFQWOxvghNOg8rM6Po_qXQU-g&atk=1jqb6eni326pt001,"Proven experience leading Agile transformations across multiple teams or departments. Bachelor's degree in Computer Science, Business Administration, Engineering, or a related field.",,,indeed_sa,2026-06-05 06:10:18.308282+00:00
Data Scientist | GenAI /LLMs | Dammam,Infosys,Al Khobar,https://sa.indeed.com/rc/clk?jk=02e1e30d4577045b&bb=MB62lSO6p1FpTCPDRJXaYrCmBylBZm2nRnbMPlqoBpewZ0TzYD971KpBvypRWUM0Q9YmUEa5pX0MFmkzbr2_D_uD209fUWlqjkgy9gurM4bXYCm9GY7zbMeeLmkSOVOE0loEakyi4AGsbGPM3ZmRkQ%3D%3D&xkcb=SoAt67M3iLE1LrTF6B0EbzkdCdPP&rjs=0&qd=Xd-cji1-rrfYy0m8LpokE8dF20pwsUrmctm8cTGFOXDOAPLLNYb6wmUg8gjYJafwpsXE23qShaYtGgdtUJu_X5BBGG-ayCiM-gQi8HpsYsLtZozk31ERKPJGlDLUboAG50chrnGX4B46HyqhlSj9xMohy02t3MX0n-6xoRHLk5Oh8V2c0duIS4mZo0TAq11Zl61No7XvcMPz961yBIpblougDO3NlIXerppYqweTrkxdIR2u4KVXi5XGrbZ08pfBgjrEyAE0GkSkYu3jG0wyz-m8DBeU9On53oG-IZdphrUn_9wpf1FsM_Ri7wpcqDFQWOxvghNOg8rM6Po_qXQU-g&atk=1jqb6eni326pt001,"Experience in enterprise assessment, audit, or performance management systems. Today, the corporate landscape is dynamic and the world ahead is full of possibilities! Strong hands-on expertise in:",,,indeed_sa,2026-06-05 06:10:18.257466+00:00
AI & Innovation Lead,Amadeus IT Group,Jeddah,https://sa.indeed.com/rc/clk?jk=4807085257cdf994&bb=MB62lSO6p1FpTCPDRJXaYv1Bf_LScBYVl0UcYaP_MNNcdTbT7uIsgW32ovPaGdyrQlWE4xvkgPYfyM2k8APFa4aeJgcH5MSDiHzR-x1noxHfx04770GOacS3e5SltGzY7soqhrn91U6Kw1Z1JCXx9Q%3D%3D&xkcb=SoCZ67M3iLE1LrTF6B0FbzkdCdPP&rjs=0&qd=Xd-cji1-rrfYy0m8LpokE8dF20pwsUrmctm8cTGFOXDOAPLLNYb6wmUg8gjYJafwpsXE23qShaYtGgdtUJu_X5BBGG-ayCiM-gQi8HpsYsLtZozk31ERKPJGlDLUboAG50chrnGX4B46HyqhlSj9xMohy02t3MX0n-6xoRHLk5Oh8V2c0duIS4mZo0TAq11Zl61No7XvcMPz961yBIpblougDO3NlIXerppYqweTrkxdIR2u4KVXi5XGrbZ08pfBgjrEyAE0GkSkYu3jG0wyz-m8DBeU9On53oG-IZdphrUn_9wpf1FsM_Ri7wpcqDFQWOxvghNOg8rM6Po_qXQU-g&atk=1jqb6eni326pt001,"Experience in aviation or travel technology domains is an advantage. Experience building prototypes or proof of concepts in real-world environments. Relevant academic background in computer science,…",,,indeed_sa,2026-06-05 06:10:18.210459+00:00
Data Modeler / Big Data Engineer,TAWANTECH,Riyadh,https://sa.indeed.com/rc/clk?jk=c437a30a59596472&bb=MB62lSO6p1FpTCPDRJXaYrlHhcVnGU27sThR5gAOqeXk_E-HLnyZ7_FPINnUC7urmlRuVswDVkbs9RG7gVPy-20JLvlx2XNrwNB7X0-1eu0qcsiQxj0cxASAV7SVgeZ1XbWA5_HIOYhTmy8eJ62xmQ%3D%3D&xkcb=SoAE67M3iLE1LrTF6B0GbzkdCdPP&rjs=0&qd=Xd-cji1-rrfYy0m8LpokE8dF20pwsUrmctm8cTGFOXDOAPLLNYb6wmUg8gjYJafwpsXE23qShaYtGgdtUJu_X5BBGG-ayCiM-gQi8HpsYsLtZozk31ERKPJGlDLUboAG50chrnGX4B46HyqhlSj9xMohy02t3MX0n-6xoRHLk5Oh8V2c0duIS4mZo0TAq11Zl61No7XvcMPz961yBIpblougDO3NlIXerppYqweTrkxdIR2u4KVXi5XGrbZ08pfBgjrEyAE0GkSkYu3jG0wyz-m8DBeU9On53oG-IZdphrUn_9wpf1FsM_Ri7wpcqDFQWOxvghNOg8rM6Po_qXQU-g&atk=1jqb6eni326pt001,"Banking or Financial Services experience. We are seeking a Data Modeler / Big Data Engineer to design scalable data architectures and support the bank’s enterprise data platform, analytics, and…",,,indeed_sa,2026-06-05 06:10:18.157317+00:00
Cyber Security Engineer,Tamara,Riyadh,https://sa.indeed.com/rc/clk?jk=966c5d13b10a10e8&bb=MB62lSO6p1FpTCPDRJXaYnHOzMyUKsh8SZ4Ca2J3D2dQ8Pu-iTAQemuU8Nfrq8DAaVwe5tqLkTh9XxXCFNHPQhdbd7lhG58YLqIP6wCqGuY6pG8vB2AjJfIAa_UxfYBIzsyWeDUVKAX-4hmMczzD8A%3D%3D&xkcb=SoCw67M3iLE1LrTF6B0HbzkdCdPP&rjs=0&qd=Xd-cji1-rrfYy0m8LpokE8dF20pwsUrmctm8cTGFOXDOAPLLNYb6wmUg8gjYJafwpsXE23qShaYtGgdtUJu_X5BBGG-ayCiM-gQi8HpsYsLtZozk31ERKPJGlDLUboAG50chrnGX4B46HyqhlSj9xMohy02t3MX0n-6xoRHLk5Oh8V2c0duIS4mZo0TAq11Zl61No7XvcMPz961yBIpblougDO3NlIXerppYqweTrkxdIR2u4KVXi5XGrbZ08pfBgjrEyAE0GkSkYu3jG0wyz-m8DBeU9On53oG-IZdphrUn_9wpf1FsM_Ri7wpcqDFQWOxvghNOg8rM6Po_qXQU-g&atk=1jqb6eni326pt001,"Experience with scripting or automation (Python, Bash, or similar) for basic security or operational tasks. Entry-level or early-career security certifications (or active pursuit of them) such as eJPT…",,,indeed_sa,2026-06-05 06:10:18.106794+00:00
Irrigation Inspector,HanmiGlobal Saudi,Riyadh,https://sa.indeed.com/rc/clk?jk=72d623a786bc79ff&bb=MB62lSO6p1FpTCPDRJXaYqnf6mCm6ji01SJ5WvS2oWdAUltlfN7-k9JS8su74_OvkSrHBGPTCJ11No2EMnithIL6vrevCKUf6bVToiCg9bRqRYTQyuYqkuO5M87Y4EOL3N9cBMY_smNybgskjSjSUw%3D%3D&xkcb=SoA-67M3iLE1LrTF6B0AbzkdCdPP&rjs=0&qd=Xd-cji1-rrfYy0m8LpokE8dF20pwsUrmctm8cTGFOXDOAPLLNYb6wmUg8gjYJafwpsXE23qShaYtGgdtUJu_X5BBGG-ayCiM-gQi8HpsYsLtZozk31ERKPJGlDLUboAG50chrnGX4B46HyqhlSj9xMohy02t3MX0n-6xoRHLk5Oh8V2c0duIS4mZo0TAq11Zl61No7XvcMPz961yBIpblougDO3NlIXerppYqweTrkxdIR2u4KVXi5XGrbZ08pfBgjrEyAE0GkSkYu3jG0wyz-m8DBeU9On53oG-IZdphrUn_9wpf1FsM_Ri7wpcqDFQWOxvghNOg8rM6Po_qXQU-g&atk=1jqb6eni326pt001,"Bachelor’s degree or diploma in Agricultural Engineering, Irrigation Engineering, Civil Engineering, or related field. Minimum of 7 years of experience in irrigation inspection or related roles.",,,indeed_sa,2026-06-05 06:10:18.061215+00:00
"Delivery Manager (Data, BI & AI Projects)",Datamatics Technologies,Riyadh,https://sa.indeed.com/rc/clk?jk=55cdc6cb99da715b&bb=MB62lSO6p1FpTCPDRJXaYviTJNhM3a74zwS_3pIsLmq77waF72H4fZqf7eJqM11h-aNYlwYGubnTuyVJByjWmS9mCbwyl7zIPX0SVom2gV7Z0XN6MJXoT4qv0uwmzaytDEY_ibz6vOxcKNkJP0JDBA%3D%3D&xkcb=SoAX67M3iLE1LrTF6B0CbzkdCdPP&rjs=0&qd=Xd-cji1-rrfYy0m8LpokE8dF20pwsUrmctm8cTGFOXDOAPLLNYb6wmUg8gjYJafwpsXE23qShaYtGgdtUJu_X5BBGG-ayCiM-gQi8HpsYsLtZozk31ERKPJGlDLUboAG50chrnGX4B46HyqhlSj9xMohy02t3MX0n-6xoRHLk5Oh8V2c0duIS4mZo0TAq11Zl61No7XvcMPz961yBIpblougDO3NlIXerppYqweTrkxdIR2u4KVXi5XGrbZ08pfBgjrEyAE0GkSkYu3jG0wyz-m8DBeU9On53oG-IZdphrUn_9wpf1FsM_Ri7wpcqDFQWOxvghNOg8rM6Po_qXQU-g&atk=1jqb6eni326pt001,"Experience managing distributed or cross-functional technical teams. PMP, Scrum Master, or Agile certifications are a plus. Exposure to enterprise-scale analytics or AI transformation projects is…",,,indeed_sa,2026-06-05 06:10:17.992209+00:00
Network Engineer,Prime Gate,Riyadh,https://sa.indeed.com/rc/clk?jk=814a12c023fd188b&bb=MB62lSO6p1FpTCPDRJXaYmushJ1CsFWo7mGAAVvafrTjj4o8fl8l0fPR5d5dx2gaGI3l2dgF7Y9UPjpPUC1Y6rJzfM86pMliFhGXfbK6gBBLk_f8QHENFvTzp_Bndj3v9qtibKSePmwlAif0v8czcA%3D%3D&xkcb=SoD-67M3iLE1LrTF6B0NbzkdCdPP&rjs=0&qd=Xd-cji1-rrfYy0m8LpokE8dF20pwsUrmctm8cTGFOXDOAPLLNYb6wmUg8gjYJafwpsXE23qShaYtGgdtUJu_X5BBGG-ayCiM-gQi8HpsYsLtZozk31ERKPJGlDLUboAG50chrnGX4B46HyqhlSj9xMohy02t3MX0n-6xoRHLk5Oh8V2c0duIS4mZo0TAq11Zl61No7XvcMPz961yBIpblougDO3NlIXerppYqweTrkxdIR2u4KVXi5XGrbZ08pfBgjrEyAE0GkSkYu3jG0wyz-m8DBeU9On53oG-IZdphrUn_9wpf1FsM_Ri7wpcqDFQWOxvghNOg8rM6Po_qXQU-g&atk=1jqb6eni326pt001,"Professional certifications in networking such as CCNP or equivalent are required. Bachelor's degree in Computer Science, Computer Engineering, Computer Network Engineering, Information Systems, or a…",,,indeed_sa,2026-06-05 06:10:17.925842+00:00
Facility Engineer,HanmiGlobal Saudi,Riyadh,https://sa.indeed.com/rc/clk?jk=638fa0ef40e90cec&bb=MB62lSO6p1FpTCPDRJXaYvTONZwLQdnjhw7DkbmLGKXP5KZdpDNRMi2wdTQ69qrYTQbCAYlldXrAwqaTmSkJGEB4viYCkghP10kiScVOUn4tQ9ixf-kcu_And2f7JoW5Xwofh3BhkYJy31GFhwXyJg%3D%3D&xkcb=SoBj67M3iLE1LrTF6B0ObzkdCdPP&rjs=0&qd=Xd-cji1-rrfYy0m8LpokE8dF20pwsUrmctm8cTGFOXDOAPLLNYb6wmUg8gjYJafwpsXE23qShaYtGgdtUJu_X5BBGG-ayCiM-gQi8HpsYsLtZozk31ERKPJGlDLUboAG50chrnGX4B46HyqhlSj9xMohy02t3MX0n-6xoRHLk5Oh8V2c0duIS4mZo0TAq11Zl61No7XvcMPz961yBIpblougDO3NlIXerppYqweTrkxdIR2u4KVXi5XGrbZ08pfBgjrEyAE0GkSkYu3jG0wyz-m8DBeU9On53oG-IZdphrUn_9wpf1FsM_Ri7wpcqDFQWOxvghNOg8rM6Po_qXQU-g&atk=1jqb6eni326pt001,"Minimum 12 years of experience in facility engineering or related field, preferably within construction or infrastructure sectors. Experience with preventive maintenance planning and facility…",,,indeed_sa,2026-06-05 06:10:17.870061+00:00
Site Engineer,HanmiGlobal Saudi,Riyadh,https://sa.indeed.com/rc/clk?jk=b8d091ec4afbd77e&bb=MB62lSO6p1FpTCPDRJXaYo0kB_LHZostYX91wQ2vHWbFH0XVhw_75DdtQQbcpd6nfbzarYPq13sKedeKbSV-ItF3uGsj65XrfIvw0iVGcs-dF9d777sAPCe3SsXdk7SNZ9ejYXgo4B9e2vxH7opYUw%3D%3D&xkcb=SoDX67M3iLE1LrTF6B0PbzkdCdPP&rjs=0&qd=Xd-cji1-rrfYy0m8LpokE8dF20pwsUrmctm8cTGFOXDOAPLLNYb6wmUg8gjYJafwpsXE23qShaYtGgdtUJu_X5BBGG-ayCiM-gQi8HpsYsLtZozk31ERKPJGlDLUboAG50chrnGX4B46HyqhlSj9xMohy02t3MX0n-6xoRHLk5Oh8V2c0duIS4mZo0TAq11Zl61No7XvcMPz961yBIpblougDO3NlIXerppYqweTrkxdIR2u4KVXi5XGrbZ08pfBgjrEyAE0GkSkYu3jG0wyz-m8DBeU9On53oG-IZdphrUn_9wpf1FsM_Ri7wpcqDFQWOxvghNOg8rM6Po_qXQU-g&atk=1jqb6eni326pt001,Bachelor’s degree in Civil Engineering or related field. Experience working in Saudi Arabia or the Middle East is an advantage. HanmiGlobal Saudi is seeking a skilled and detail-oriented Site Engineer…,,,indeed_sa,2026-06-05 06:10:17.827863+00:00
System Analysis & Design,Bupa Arabia,Jeddah,https://sa.indeed.com/rc/clk?jk=93049c234cd90c51&bb=MB62lSO6p1FpTCPDRJXaYlWn5RL23brejhAMQ5W_HuGGNF2mclU4pi02he9bEQdPHnTlnPU4Uu2CLeeIxklJ2ZOSGsst-FuOZt7tDhZDSmzKHdG1SvKpVoNJBiTROwofsVlutAi2thc-ImsgR_FOYw%3D%3D&xkcb=SoBZ67M3iLE1LrTF6B0IbzkdCdPP&rjs=0&qd=Xd-cji1-rrfYy0m8LpokE8dF20pwsUrmctm8cTGFOXDOAPLLNYb6wmUg8gjYJafwpsXE23qShaYtGgdtUJu_X5BBGG-ayCiM-gQi8HpsYsLtZozk31ERKPJGlDLUboAG50chrnGX4B46HyqhlSj9xMohy02t3MX0n-6xoRHLk5Oh8V2c0duIS4mZo0TAq11Zl61No7XvcMPz961yBIpblougDO3NlIXerppYqweTrkxdIR2u4KVXi5XGrbZ08pfBgjrEyAE0GkSkYu3jG0wyz-m8DBeU9On53oG-IZdphrUn_9wpf1FsM_Ri7wpcqDFQWOxvghNOg8rM6Po_qXQU-g&atk=1jqb6eni326pt001,Basic knowledge of software engineering principles and SDLC/Agile frameworks. Ensure timely escalation when quality concerns or delays may impact application-related delivery.,,,indeed_sa,2026-06-05 06:10:17.779920+00:00
Telecom Engineer,HanmiGlobal Saudi,Riyadh,https://sa.indeed.com/rc/clk?jk=8dfbd853e2d58006&bb=B3RIGFalWK7kEwC_8VHgPOGCJnMGwqx6ZRkf27DvFDcMWL5GSbQ4FRc8tJ-u1qkCkTc3-2Adn3h0A_a4YCeIHgcQZcU8yArQVsaIUWSzotnPuEmY3ORZbRRW9uoqihESiu4-YZ2gEGOsLwepEIUSZg%3D%3D&xkcb=SoCh67M3iLE1vMzDYB0cbzkdCdPP&rjs=0&qd=Xd-cji1-rrfYy0m8LpokE8dF20pwsUrmctm8cTGFOXDOAPLLNYb6wmUg8gjYJafwpsXE23qShaYtGgdtUJu_X5BBGG-ayCiM-gQi8HpsYsLtZozk31ERKPJGlDLUboAG50chrnGX4B46HyqhlSj9xMohy02t3MX0n-6xoRHLk5Oh8V2c0duIS4mZo0TAq11Zl61No7XvcMPz961yBIpblougDO3NlIXerppYqweTrkxdIR2u4KVXi5XGrbZ08pfBgjrEyAE0GkSkYu3jG0wyz-m8DBeU9On53oG-IZdphrWk1Uc7JPrd7pIy8Uuq7iJ5WOxvghNOg8rM6Po_qXQU-g&atk=1jqb6ej3v26s7001,Experience in Saudi Arabia or the Middle East is preferred. Minimum 12 years of experience in telecom engineering within construction or infrastructure projects.,,,indeed_sa,2026-06-05 06:10:13.986700+00:00
AI Technical Intern,Lockheed Martin Corporation,Riyadh,https://sa.indeed.com/rc/clk?jk=8c4425de81ca20fb&bb=B3RIGFalWK7kEwC_8VHgPB6dsVBuP4YtHJJ2kIQWHSX5iw5lXlymBpU0m3VlUB1Gy7eCZujFbhALdGy0uMi_2T2N0f8DtvYVgePd_5sN7sEyrRXVUA1w6udkhtqcfaaxhzZCgnB2_eZhlQCRGx2P_g%3D%3D&xkcb=SoCI67M3iLE1vMzDYB0ebzkdCdPP&rjs=0&qd=Xd-cji1-rrfYy0m8LpokE8dF20pwsUrmctm8cTGFOXDOAPLLNYb6wmUg8gjYJafwpsXE23qShaYtGgdtUJu_X5BBGG-ayCiM-gQi8HpsYsLtZozk31ERKPJGlDLUboAG50chrnGX4B46HyqhlSj9xMohy02t3MX0n-6xoRHLk5Oh8V2c0duIS4mZo0TAq11Zl61No7XvcMPz961yBIpblougDO3NlIXerppYqweTrkxdIR2u4KVXi5XGrbZ08pfBgjrEyAE0GkSkYu3jG0wyz-m8DBeU9On53oG-IZdphrWk1Uc7JPrd7pIy8Uuq7iJ5WOxvghNOg8rM6Po_qXQU-g&atk=1jqb6ej3v26s7001,"Enrolled in a University in the KSA (or recently graduated). Junior, senior, graduate student, or recent graduate in Computer Science, Computer/electrical Engineering, Industrial Engineering,…",,,indeed_sa,2026-06-05 06:10:13.940839+00:00
Technical Support Engineer,ENGIE,Jubail,https://sa.indeed.com/rc/clk?jk=123a1d94f8b179a2&bb=B3RIGFalWK7kEwC_8VHgPAIu3vqUios9SDngk6wLoWq6qQA_UX0tJSX1hGeI2lcqZw6PJa0PFgGIyJuyVmOQ2DwffRKRQPaQccJovhqshheI9LR_V613jBLGT9NHPskmyw5cnaEMt4IqFR0mGslWjg%3D%3D&xkcb=SoA867M3iLE1vMzDYB0fbzkdCdPP&rjs=0&qd=Xd-cji1-rrfYy0m8LpokE8dF20pwsUrmctm8cTGFOXDOAPLLNYb6wmUg8gjYJafwpsXE23qShaYtGgdtUJu_X5BBGG-ayCiM-gQi8HpsYsLtZozk31ERKPJGlDLUboAG50chrnGX4B46HyqhlSj9xMohy02t3MX0n-6xoRHLk5Oh8V2c0duIS4mZo0TAq11Zl61No7XvcMPz961yBIpblougDO3NlIXerppYqweTrkxdIR2u4KVXi5XGrbZ08pfBgjrEyAE0GkSkYu3jG0wyz-m8DBeU9On53oG-IZdphrWk1Uc7JPrd7pIy8Uuq7iJ5WOxvghNOg8rM6Po_qXQU-g&atk=1jqb6ej3v26s7001,In full partnership with the operations and maintenance teams develop plans to eliminate or reduce the losses using good engineering practices and or RCA techniques. Ensures the compliance of IMS.,,,indeed_sa,2026-06-05 06:10:13.896083+00:00
Technical Support Engineer - Jeddah,ALANTECH Information Technology Company,Jeddah,https://sa.indeed.com/rc/clk?jk=3d199fa89750b9e8&bb=B3RIGFalWK7kEwC_8VHgPKbbXTW-YqyyPy-IfsGytrWJnem0pbLGrlSRB6JitdyQgyD5i9HCjRcKn4oj4SSoSuc5roNZMnPr6YlKsydBW-5zOg4ZLGYQ4xhgz79ewJr32UgcYLGBk7ucaCNwiK4tdg%3D%3D&xkcb=SoAG67M3iLE1vMzDYB0ZbzkdCdPP&rjs=0&qd=Xd-cji1-rrfYy0m8LpokE8dF20pwsUrmctm8cTGFOXDOAPLLNYb6wmUg8gjYJafwpsXE23qShaYtGgdtUJu_X5BBGG-ayCiM-gQi8HpsYsLtZozk31ERKPJGlDLUboAG50chrnGX4B46HyqhlSj9xMohy02t3MX0n-6xoRHLk5Oh8V2c0duIS4mZo0TAq11Zl61No7XvcMPz961yBIpblougDO3NlIXerppYqweTrkxdIR2u4KVXi5XGrbZ08pfBgjrEyAE0GkSkYu3jG0wyz-m8DBeU9On53oG-IZdphrWk1Uc7JPrd7pIy8Uuq7iJ5WOxvghNOg8rM6Po_qXQU-g&atk=1jqb6ej3v26s7001,"Ensure proper integration of new hardware and software into existing client environments. Diagnose and resolve IT hardware, software , and network-related issues reported by clients.",,,indeed_sa,2026-06-05 06:10:13.826354+00:00
Procurement Officer,AL HADA CONTRACTING COMPANY,Riyadh,https://sa.indeed.com/rc/clk?jk=9a03bc2ddd086aba&bb=B3RIGFalWK7kEwC_8VHgPBWuQS2Bx75a7vSMZhr2W7qtgyavKGHD8o6jf1N5JD-d0nC-jby2VDjaHClznnN7BhdwAPsx_xswCH40c32RfyL00CkrNbeO-NFRMU9C0YoI1i_zTr-7ORGGa893qQFxyQ%3D%3D&xkcb=SoAv67M3iLE1vMzDYB0bbzkdCdPP&rjs=0&qd=Xd-cji1-rrfYy0m8LpokE8dF20pwsUrmctm8cTGFOXDOAPLLNYb6wmUg8gjYJafwpsXE23qShaYtGgdtUJu_X5BBGG-ayCiM-gQi8HpsYsLtZozk31ERKPJGlDLUboAG50chrnGX4B46HyqhlSj9xMohy02t3MX0n-6xoRHLk5Oh8V2c0duIS4mZo0TAq11Zl61No7XvcMPz961yBIpblougDO3NlIXerppYqweTrkxdIR2u4KVXi5XGrbZ08pfBgjrEyAE0GkSkYu3jG0wyz-m8DBeU9On53oG-IZdphrWk1Uc7JPrd7pIy8Uuq7iJ5WOxvghNOg8rM6Po_qXQU-g&atk=1jqb6ej3v26s7001,"Monitor inventory levels and coordinate with project teams to avoid shortages or delays. Collaborate with project managers, engineers , and finance teams to align procurement activities with project…",,,indeed_sa,2026-06-05 06:10:13.775818+00:00
مهندس برمجيات,super triple,Mecca,https://sa.indeed.com/rc/clk?jk=d51b87874e0d4f39&bb=B3RIGFalWK7kEwC_8VHgPMN1ldzawrJV62LA0xVjbPHooxue2yHqA0KRbkUViO4GUOXCfAhM7cAIZsag0NmORYFBxvbuZufb7NDfqksVJgdVVFg2vjVPipQLdmXqPMnWjpo4sLcnjYSydGrAR0oBlA%3D%3D&xkcb=SoCV67M3iLE1vMzDYB0HbzkdCdPP&rjs=0&qd=Xd-cji1-rrfYy0m8LpokE8dF20pwsUrmctm8cTGFOXDOAPLLNYb6wmUg8gjYJafwpsXE23qShaYtGgdtUJu_X5BBGG-ayCiM-gQi8HpsYsLtZozk31ERKPJGlDLUboAG50chrnGX4B46HyqhlSj9xMohy02t3MX0n-6xoRHLk5Oh8V2c0duIS4mZo0TAq11Zl61No7XvcMPz961yBIpblougDO3NlIXerppYqweTrkxdIR2u4KVXi5XGrbZ08pfBgjrEyAE0GkSkYu3jG0wyz-m8DBeU9On53oG-IZdphrWk1Uc7JPrd7pIy8Uuq7iJ5WOxvghNOg8rM6Po_qXQU-g&atk=1jqb6ej3v26s7001,النماذج القياسية - كتابة الأكواد: كتابة أكواد برمجية نظيفة، فعالة، وقابلة للتطوير باستخدام لغة Python ولغة XML - تكامل الأنظمة: بناء وتكامل واجهات برمجة التطبيقات (APIs) لربط Odoo بالتطبيقات الخارجية...,,,indeed_sa,2026-06-05 06:10:13.682068+00:00
Technical Support Engineer,Nozomi Networks,Riyadh,https://sa.indeed.com/rc/clk?jk=fd7947172ebefdee&bb=B3RIGFalWK7kEwC_8VHgPEh1RWJmoK7gLgYY7sdKDt9YXgyW6nfzOTIzbQ2TeD-xyswMZJSkOjXT27jUNjLfKEFi-Zj7udQYL3B7p7hCGF1y__3QNazQDXNFt5Pe-8gNsEajUXJw5RhwSdZU71IMSg%3D%3D&xkcb=SoCv67M3iLE1vMzDYB0BbzkdCdPP&rjs=0&qd=Xd-cji1-rrfYy0m8LpokE8dF20pwsUrmctm8cTGFOXDOAPLLNYb6wmUg8gjYJafwpsXE23qShaYtGgdtUJu_X5BBGG-ayCiM-gQi8HpsYsLtZozk31ERKPJGlDLUboAG50chrnGX4B46HyqhlSj9xMohy02t3MX0n-6xoRHLk5Oh8V2c0duIS4mZo0TAq11Zl61No7XvcMPz961yBIpblougDO3NlIXerppYqweTrkxdIR2u4KVXi5XGrbZ08pfBgjrEyAE0GkSkYu3jG0wyz-m8DBeU9On53oG-IZdphrWk1Uc7JPrd7pIy8Uuq7iJ5WOxvghNOg8rM6Po_qXQU-g&atk=1jqb6ej3v26s7001,"Bachelor's Degree (or equivalent) in Computer Engineering (CE), or Computer Science (CS) or equivalent education/training/experience. Proven experience working in customer-facing roles as Technical…",,,indeed_sa,2026-06-05 06:10:13.617456+00:00
Planning Engineer (J26-376),PROJECTTECH,Riyadh,https://sa.indeed.com/rc/clk?jk=49adf6ca5fe12565&bb=B3RIGFalWK7kEwC_8VHgPCTiKGFfx1vWDNDvkvoXOqHLBtKs5iepMJ-mxHETMG9QG2GfBERSMpH-RBDA9SpL1Kv1Dr6FPUPgB3YUGTMih_9k1VsC_3lQlS7j4SxnWuXw8pbhIfMI1uPoVrkvhQL5eQ%3D%3D&xkcb=SoCG67M3iLE1vMzDYB0DbzkdCdPP&rjs=0&qd=Xd-cji1-rrfYy0m8LpokE8dF20pwsUrmctm8cTGFOXDOAPLLNYb6wmUg8gjYJafwpsXE23qShaYtGgdtUJu_X5BBGG-ayCiM-gQi8HpsYsLtZozk31ERKPJGlDLUboAG50chrnGX4B46HyqhlSj9xMohy02t3MX0n-6xoRHLk5Oh8V2c0duIS4mZo0TAq11Zl61No7XvcMPz961yBIpblougDO3NlIXerppYqweTrkxdIR2u4KVXi5XGrbZ08pfBgjrEyAE0GkSkYu3jG0wyz-m8DBeU9On53oG-IZdphrWk1Uc7JPrd7pIy8Uuq7iJ5WOxvghNOg8rM6Po_qXQU-g&atk=1jqb6ej3v26s7001,"Degree in Engineering, Construction Management, or related field. Proven experience as a Planning Engineer in construction or infrastructure projects. MS Excel and reporting tools.",,,indeed_sa,2026-06-05 06:10:13.572490+00:00
Surveyor,HanmiGlobal Saudi,Riyadh,https://sa.indeed.com/rc/clk?jk=49f61846d72f401e&bb=B3RIGFalWK7kEwC_8VHgPN-FyObwSC0BxjSZqKh8Te8KPnjj0x4u47dgMsrRHM6qVfmn_IQEYkPUUufxWsXUVdpukzx49tK92zpi9ipMKz-3wkoAiXexJPJNiXlAGFscnhqymSXzzNMyZUnNRqGn_Q%3D%3D&xkcb=SoDy67M3iLE1vMzDYB0PbzkdCdPP&rjs=0&qd=Xd-cji1-rrfYy0m8LpokE8dF20pwsUrmctm8cTGFOXDOAPLLNYb6wmUg8gjYJafwpsXE23qShaYtGgdtUJu_X5BBGG-ayCiM-gQi8HpsYsLtZozk31ERKPJGlDLUboAG50chrnGX4B46HyqhlSj9xMohy02t3MX0n-6xoRHLk5Oh8V2c0duIS4mZo0TAq11Zl61No7XvcMPz961yBIpblougDO3NlIXerppYqweTrkxdIR2u4KVXi5XGrbZ08pfBgjrEyAE0GkSkYu3jG0wyz-m8DBeU9On53oG-IZdphrWk1Uc7JPrd7pIy8Uuq7iJ5WOxvghNOg8rM6Po_qXQU-g&atk=1jqb6ej3v26s7001,"Bachelor’s degree or diploma in Surveying, Civil Engineering, or a related field. Experience working on projects in Saudi Arabia or similar environments is advantageous.",,,indeed_sa,2026-06-05 06:10:13.475651+00:00
IT Manager,Applus,Riyadh,https://sa.indeed.com/rc/clk?jk=ad21670a15101d68&bb=B3RIGFalWK7kEwC_8VHgPA6MoryuWJAhLs1i_ob9VvMBM_GMcVrnwnFXDCdIHiVgzl3B8CsxsPgdTw0qJyRFWUgs3MDHkoRESUXMcdjfAxk0UdQs58Aui0HKN6xbRHFmtNtg2Kf7cmFqwpjLUcIesw%3D%3D&xkcb=SoB867M3iLE1vMzDYB0IbzkdCdPP&rjs=0&qd=Xd-cji1-rrfYy0m8LpokE8dF20pwsUrmctm8cTGFOXDOAPLLNYb6wmUg8gjYJafwpsXE23qShaYtGgdtUJu_X5BBGG-ayCiM-gQi8HpsYsLtZozk31ERKPJGlDLUboAG50chrnGX4B46HyqhlSj9xMohy02t3MX0n-6xoRHLk5Oh8V2c0duIS4mZo0TAq11Zl61No7XvcMPz961yBIpblougDO3NlIXerppYqweTrkxdIR2u4KVXi5XGrbZ08pfBgjrEyAE0GkSkYu3jG0wyz-m8DBeU9On53oG-IZdphrWk1Uc7JPrd7pIy8Uuq7iJ5WOxvghNOg8rM6Po_qXQU-g&atk=1jqb6ej3v26s7001,Participates in projects with other Divisions or Departments both nationally and internationally. Master of Science in Information Technology or an MBA with a focus on technology management is…,,,indeed_sa,2026-06-05 06:10:13.427849+00:00
AI Software Engineer / LLM Engineer,TAWANTECH,Riyadh,https://sa.indeed.com/rc/clk?jk=2eff4db6eca37532&bb=B3RIGFalWK7kEwC_8VHgPCTiKGFfx1vWHHfFpxgDRy04ZwcCUrF_p9-3hTi2SNqlraAQLa4s1SPvORs5rmRrZIatfw2Gas6vu4y94spII4VeQtDuNf8O4hl7mG_2_1OG0-Mh2Cim2CAfUCxPdPNPZw%3D%3D&xkcb=SoDh67M3iLE1vMzDYB0LbzkdCdPP&rjs=0&qd=Xd-cji1-rrfYy0m8LpokE8dF20pwsUrmctm8cTGFOXDOAPLLNYb6wmUg8gjYJafwpsXE23qShaYtGgdtUJu_X5BBGG-ayCiM-gQi8HpsYsLtZozk31ERKPJGlDLUboAG50chrnGX4B46HyqhlSj9xMohy02t3MX0n-6xoRHLk5Oh8V2c0duIS4mZo0TAq11Zl61No7XvcMPz961yBIpblougDO3NlIXerppYqweTrkxdIR2u4KVXi5XGrbZ08pfBgjrEyAE0GkSkYu3jG0wyz-m8DBeU9On53oG-IZdphrWk1Uc7JPrd7pIy8Uuq7iJ5WOxvghNOg8rM6Po_qXQU-g&atk=1jqb6ej3v26s7001,Banking or Financial Services experience. 4+ years of software engineering experience. Experience developing AI copilots or customer-facing AI solutions.,,,indeed_sa,2026-06-05 06:10:13.313439+00:00
Physical Education Teaching Assistant (Local Hire) - Al Waha Campus - Required August 2026,British International School Riyadh (BISR),Riyadh,https://sa.indeed.com/rc/clk?jk=d392f8ba043f1d66&bb=X7LPyDpnD8kknjUc_rQ9PVGHD_gHYR3SVL3CPDeX4BKgz7sRjRYwc5IREheAcbLcr87VEIbNMfR5fiz_BeR-d-wWwJZyd5D1rZb81Ak0a1K8J-EIbwuNFvj2nQfhizRgduUlzFp40NIldwk9NT15EQ%3D%3D&xkcb=SoAp67M3iLCI_ezFwh0IbzkdCdPP&rjs=0&qd=Xd-cji1-rrfYy0m8LpokE8dF20pwsUrmctm8cTGFOXDOAPLLNYb6wmUg8gjYJafwpsXE23qShaYtGgdtUJu_X5BBGG-ayCiM-gQi8HpsYsLtZozk31ERKPJGlDLUboAG50chrnGX4B46HyqhlSj9xMohy02t3MX0n-6xoRHLk5Oh8V2c0duIS4mZo0TAq11Zl61No7XvcMPz961yBIpblougDO3NlIXerppYqweTrkxdIR2u4KVXi5XGrbZ08pfBgjrEyAE0GkSkYu3jG0wyz60znuYtJlxdE33mYAPk40uc0LGaaIq4WxXJEZR6xWcpe-gH5vV3MHWRwvMRdiDkCQ&atk=1jqb51p4khmvo800,Certificate of Education (PGCE or B.Ed). Relevant training or qualifications for the specific post. Experience teaching within a Key Stage or subject. Willingness to collaborate with colleagues.,,,indeed_sa,2026-06-05 05:45:44.761338+00:00
Facilities and Maintenance Officer (Local Hire) - Al Hamra Campus - Required August 2026,British International School Riyadh (BISR),Riyadh,https://sa.indeed.com/rc/clk?jk=47906779b91c3ed1&bb=X7LPyDpnD8kknjUc_rQ9PVPM085loljrem8eEfH7MNtCeDf1VjvqZD4MBbGEEffM1_cHA-PBlm-JTRrl9KGmxMcYNSei2NBq17waT4wGr-bixiSb5pxoDYYCHta6i4tufALldUZbLJPEI37jLKO-lg%3D%3D&xkcb=SoAA67M3iLCI_ezFwh0KbzkdCdPP&rjs=0&qd=Xd-cji1-rrfYy0m8LpokE8dF20pwsUrmctm8cTGFOXDOAPLLNYb6wmUg8gjYJafwpsXE23qShaYtGgdtUJu_X5BBGG-ayCiM-gQi8HpsYsLtZozk31ERKPJGlDLUboAG50chrnGX4B46HyqhlSj9xMohy02t3MX0n-6xoRHLk5Oh8V2c0duIS4mZo0TAq11Zl61No7XvcMPz961yBIpblougDO3NlIXerppYqweTrkxdIR2u4KVXi5XGrbZ08pfBgjrEyAE0GkSkYu3jG0wyz60znuYtJlxdE33mYAPk40uc0LGaaIq4WxXJEZR6xWcpe-gH5vV3MHWRwvMRdiDkCQ&atk=1jqb51p4khmvo800,Certificate of Education (PGCE or B.Ed). Relevant training or qualifications for the specific post. Experience teaching within a Key Stage or subject. A school with a strong sense of community.,,,indeed_sa,2026-06-05 05:45:44.694646+00:00
Orthopedic Surgery Registrar-(207181)-Abha,Nahdi,Abha,https://sa.indeed.com/rc/clk?jk=f9ef725f74b94dc5&bb=X7LPyDpnD8kknjUc_rQ9PeyWaSEVEqaoTrWEvMU7FFVh2EJrZ7DgNSIgbSt3SVhknNvw2NztOPlah9V4yDEDdtULIxPJDnZHHdqXkdUBAGRnI7M-G5hTJ_gIpsjwY7gqvpUE9Z3cJaQYWXUs60M0iw%3D%3D&xkcb=SoC067M3iLCI_ezFwh0LbzkdCdPP&rjs=0&qd=Xd-cji1-rrfYy0m8LpokE8dF20pwsUrmctm8cTGFOXDOAPLLNYb6wmUg8gjYJafwpsXE23qShaYtGgdtUJu_X5BBGG-ayCiM-gQi8HpsYsLtZozk31ERKPJGlDLUboAG50chrnGX4B46HyqhlSj9xMohy02t3MX0n-6xoRHLk5Oh8V2c0duIS4mZo0TAq11Zl61No7XvcMPz961yBIpblougDO3NlIXerppYqweTrkxdIR2u4KVXi5XGrbZ08pfBgjrEyAE0GkSkYu3jG0wyz60znuYtJlxdE33mYAPk40uc0LGaaIq4WxXJEZR6xWcpe-gH5vV3MHWRwvMRdiDkCQ&atk=1jqb51p4khmvo800,Working Hours : 8 net working hours according to shift schedule approved by head of department. 2 years of clinical experience following Master’s degree or is eligible to sit the board examination in…,,,indeed_sa,2026-06-05 05:45:44.648349+00:00
"Sr. Delivery Consultant Security, Professional Services",AWS EMEA SARL (Saudi Arabia Branch) - H11,Jeddah,https://sa.indeed.com/rc/clk?jk=37af27f95df02612&bb=0cCFxE5cVSOJSqYKNaPqrgI2nhaHDY-0edNdHwAc4RbbQQAdkdzn7Rld2kzeHf-5eGWC4vTTKmVE4Bj6dbGLBIbmSmmPpJnEtIQo138fBClVdpCaBwowT59FJevYmPNUtPbvyqAc0fPHVll9OPM63Q%3D%3D&xkcb=SoCX67M3iLCJVCTDah0TbzkdCdPP&rjs=0&qd=Xd-cji1-rrfYy0m8LpokE8dF20pwsUrmctm8cTGFOXDOAPLLNYb6wmUg8gjYJafwpsXE23qShaYtGgdtUJu_X5BBGG-ayCiM-gQi8HpsYsLtZozk31ERKPJGlDLUboAG50chrnGX4B46HyqhlSj9xMohy02t3MX0n-6xoRHLk5Oh8V2c0duIS4mZo0TAq11Zl61No7XvcMPz961yBIpblougDO3NlIXerppYqweTrkxdIR2u4KVXi5XGrbZ08pfBgjrEyAE0GkSkYu3jG0wyz60znuYtJlxdE33mYAPk40vKw1hOrGDl9iPJ1YaNliQie-gH5vV3MHWRwvMRdiDkCQ&atk=1jqb51kcq26s7009,"Experience in external or internal customer facing, complex and large scale project management. Experience in cloud based solution (AWS or equivalent), system, network and operating system.",,,indeed_sa,2026-06-05 05:45:41.048020+00:00
Senior ITS Operations Manager,AtkinsRéalis,Riyadh,https://sa.indeed.com/rc/clk?jk=6cfe4f380431de74&bb=0cCFxE5cVSOJSqYKNaPqrp0VWU5zSOmvND_dEuP-7LfJIIpZ9MsnIEta_U0udTH8TvU72Irp5GeSQTz2R-_b_GmO87y1fqe_bhmGdZhAbTs0qHmv_Dxp5mU3uKYE9tpYoZRv6U4o-8O6aqd1UfaW3g%3D%3D&xkcb=SoB-67M3iLCJVCTDah0cbzkdCdPP&rjs=0&qd=Xd-cji1-rrfYy0m8LpokE8dF20pwsUrmctm8cTGFOXDOAPLLNYb6wmUg8gjYJafwpsXE23qShaYtGgdtUJu_X5BBGG-ayCiM-gQi8HpsYsLtZozk31ERKPJGlDLUboAG50chrnGX4B46HyqhlSj9xMohy02t3MX0n-6xoRHLk5Oh8V2c0duIS4mZo0TAq11Zl61No7XvcMPz961yBIpblougDO3NlIXerppYqweTrkxdIR2u4KVXi5XGrbZ08pfBgjrEyAE0GkSkYu3jG0wyz60znuYtJlxdE33mYAPk40vKw1hOrGDl9iPJ1YaNliQie-gH5vV3MHWRwvMRdiDkCQ&atk=1jqb51kcq26s7009,He shall be responsible for all ITS-related technical deliverables on behalf of the Employer and shall ensure that no scope or responsibility gaps exist across Contractors or systems.,,,indeed_sa,2026-06-05 05:45:40.989675+00:00
"Core/Reservation Agent, Four Seasons Riyadh",Four Seasons,Riyadh,https://sa.indeed.com/rc/clk?jk=e5dcbd5cee9e17e2&bb=0cCFxE5cVSOJSqYKNaPqrkWKGIX3ZDtqCeD3nF2H9NTLOcLAWqqdLdf4BGSzy8LOocbG96UQ_lc7oYVNAkkW3oidjC1pHSBoGiCKpOBiCbfQv9MQZY2vANlB1XOyTQa1vvrjZyQDfbDz4OWQ6lWKhw%3D%3D&xkcb=SoDK67M3iLCJVCTDah0dbzkdCdPP&rjs=0&qd=Xd-cji1-rrfYy0m8LpokE8dF20pwsUrmctm8cTGFOXDOAPLLNYb6wmUg8gjYJafwpsXE23qShaYtGgdtUJu_X5BBGG-ayCiM-gQi8HpsYsLtZozk31ERKPJGlDLUboAG50chrnGX4B46HyqhlSj9xMohy02t3MX0n-6xoRHLk5Oh8V2c0duIS4mZo0TAq11Zl61No7XvcMPz961yBIpblougDO3NlIXerppYqweTrkxdIR2u4KVXi5XGrbZ08pfBgjrEyAE0GkSkYu3jG0wyz60znuYtJlxdE33mYAPk40vKw1hOrGDl9iPJ1YaNliQie-gH5vV3MHWRwvMRdiDkCQ&atk=1jqb51kcq26s7009,"College education or equivalent experience. With your unwavering dedication and enthusiasm, you will play a key role in ensuring that every guest receives the utmost care and attention.",,,indeed_sa,2026-06-05 05:45:40.895148+00:00
Coating Technician Cum Applicator,Blue Hat HR Services,Buqayq,https://sa.indeed.com/rc/clk?jk=2e3bb019f87f629f&bb=0cCFxE5cVSOJSqYKNaPqrnuqu0jYsQy1yurdzOjSbvToyAc02nErEW_XJ39xWBLlI827csjf_8zQm8x4MPHJ1gm7LkwXkacdQ0wf81ovKT1fQAtU6dhmwgj94ZcXLk-9hW5pPikWnO-nab0zFU8hRg%3D%3D&xkcb=SoBX67M3iLCJVCTDah0ebzkdCdPP&rjs=0&qd=Xd-cji1-rrfYy0m8LpokE8dF20pwsUrmctm8cTGFOXDOAPLLNYb6wmUg8gjYJafwpsXE23qShaYtGgdtUJu_X5BBGG-ayCiM-gQi8HpsYsLtZozk31ERKPJGlDLUboAG50chrnGX4B46HyqhlSj9xMohy02t3MX0n-6xoRHLk5Oh8V2c0duIS4mZo0TAq11Zl61No7XvcMPz961yBIpblougDO3NlIXerppYqweTrkxdIR2u4KVXi5XGrbZ08pfBgjrEyAE0GkSkYu3jG0wyz60znuYtJlxdE33mYAPk40vKw1hOrGDl9iPJ1YaNliQie-gH5vV3MHWRwvMRdiDkCQ&atk=1jqb51kcq26s7009,"Collaborate with engineers and supervisors for project success. Annual or semi-annual vacation, as per your choice with free air tickets. We are hiring experienced Coating Technicians for offshore…",,,indeed_sa,2026-06-05 05:45:40.758836+00:00
Senior Manager - Planning - 20013123 (RS8),Qiddiya Investment Company,Riyadh,https://sa.indeed.com/rc/clk?jk=09cefb88a4b1b1f8&bb=0cCFxE5cVSOJSqYKNaPqrptDY2-RFoU87BFKD63IJcke2a6_ktvUNkXDY3U18CMR32kHAIFQ0IrVfV3-ke9ZlYgLkwoSE8hbkRZZ3h9L0tTr8xPi5HBR9p0i09VVd_x7ah7Pd7F_yFFKCJpR-K_OXg%3D%3D&xkcb=SoDj67M3iLCJVCTDah0fbzkdCdPP&rjs=0&qd=Xd-cji1-rrfYy0m8LpokE8dF20pwsUrmctm8cTGFOXDOAPLLNYb6wmUg8gjYJafwpsXE23qShaYtGgdtUJu_X5BBGG-ayCiM-gQi8HpsYsLtZozk31ERKPJGlDLUboAG50chrnGX4B46HyqhlSj9xMohy02t3MX0n-6xoRHLk5Oh8V2c0duIS4mZo0TAq11Zl61No7XvcMPz961yBIpblougDO3NlIXerppYqweTrkxdIR2u4KVXi5XGrbZ08pfBgjrEyAE0GkSkYu3jG0wyz60znuYtJlxdE33mYAPk40vKw1hOrGDl9iPJ1YaNliQie-gH5vV3MHWRwvMRdiDkCQ&atk=1jqb51kcq26s7009,"Excellent working knowledge in scheduling tools such as Primavera P6, Microsoft Project, or similar software . Bachelor’s degree in Engineering, Construction Management, or related fields.",,,indeed_sa,2026-06-05 05:45:40.698425+00:00
Field Service Technician - Saudi,"OSI Systems, Inc.",Riyadh,https://sa.indeed.com/rc/clk?jk=54d3ed17329d4b2b&bb=0cCFxE5cVSOJSqYKNaPqrkNDnJfXU5gafLeSS0RWWEk75TZuhL7XdR2ok3GPpbW9Q1KfM-YDR8lcH2c7M8s7eJ_z2WH-9J6dKc4cRTOa7qk6Gxa3U2VCqMCjHZuhOZqo1WQZ4h5Ybt-t_l7UYXHyrQ%3D%3D&xkcb=SoBt67M3iLCJVCTDah0YbzkdCdPP&rjs=0&qd=Xd-cji1-rrfYy0m8LpokE8dF20pwsUrmctm8cTGFOXDOAPLLNYb6wmUg8gjYJafwpsXE23qShaYtGgdtUJu_X5BBGG-ayCiM-gQi8HpsYsLtZozk31ERKPJGlDLUboAG50chrnGX4B46HyqhlSj9xMohy02t3MX0n-6xoRHLk5Oh8V2c0duIS4mZo0TAq11Zl61No7XvcMPz961yBIpblougDO3NlIXerppYqweTrkxdIR2u4KVXi5XGrbZ08pfBgjrEyAE0GkSkYu3jG0wyz60znuYtJlxdE33mYAPk40vKw1hOrGDl9iPJ1YaNliQie-gH5vV3MHWRwvMRdiDkCQ&atk=1jqb51kcq26s7009,Experience gained within an electrical or mechanical discipline. Provide clear and concise oral and written reports to escalate complex technical issues (Level 3) to engineering teams or site…,,,indeed_sa,2026-06-05 05:45:40.649041+00:00
Associate Procurement - Tamkeen Program (Saudi National),Parsons,Riyadh,https://sa.indeed.com/rc/clk?jk=e8223e468d503165&bb=0cCFxE5cVSOJSqYKNaPqroT8zqHxmWcBmXaUEjYIq2AfeEx5GsBBAq9JCKTMeNUbJza0pJ4YznM-Pu4_diIe2ziQ9ExRRKCRRQm9DfF_n26CEOvZJMvU8OfFPMIUN0YhdAiElE5oABv_oydzTsVRTw%3D%3D&xkcb=SoDZ67M3iLCJVCTDah0ZbzkdCdPP&rjs=0&qd=Xd-cji1-rrfYy0m8LpokE8dF20pwsUrmctm8cTGFOXDOAPLLNYb6wmUg8gjYJafwpsXE23qShaYtGgdtUJu_X5BBGG-ayCiM-gQi8HpsYsLtZozk31ERKPJGlDLUboAG50chrnGX4B46HyqhlSj9xMohy02t3MX0n-6xoRHLk5Oh8V2c0duIS4mZo0TAq11Zl61No7XvcMPz961yBIpblougDO3NlIXerppYqweTrkxdIR2u4KVXi5XGrbZ08pfBgjrEyAE0GkSkYu3jG0wyz60znuYtJlxdE33mYAPk40vKw1hOrGDl9iPJ1YaNliQie-gH5vV3MHWRwvMRdiDkCQ&atk=1jqb51kcq26s7009,"Willingness to travel or relocate to supplier, client, or construction site locations is expected. Familiarity with CAD and other PC software packages typically associated with engineering is also…",,,indeed_sa,2026-06-05 05:45:40.596359+00:00
SITE ENGINEER - Architectural Fitout Finishes Works,CONMARBLE CONCRETE,Riyadh,https://sa.indeed.com/rc/clk?jk=63d4581949dbafae&bb=0cCFxE5cVSOJSqYKNaPqrra_ixITj45uIVfVY4fDx3vwGGQY8aOE9012sa0Ll08ID8_ikJzFGDZpDx4n4kSeivrRqcCbsAPL5pQGVFUo_pwR4MY5Ku3ByG123cv3HZemoTWSY8eNiEtPd5WrWhca7g%3D%3D&xkcb=SoBE67M3iLCJVCTDah0abzkdCdPP&rjs=0&qd=Xd-cji1-rrfYy0m8LpokE8dF20pwsUrmctm8cTGFOXDOAPLLNYb6wmUg8gjYJafwpsXE23qShaYtGgdtUJu_X5BBGG-ayCiM-gQi8HpsYsLtZozk31ERKPJGlDLUboAG50chrnGX4B46HyqhlSj9xMohy02t3MX0n-6xoRHLk5Oh8V2c0duIS4mZo0TAq11Zl61No7XvcMPz961yBIpblougDO3NlIXerppYqweTrkxdIR2u4KVXi5XGrbZ08pfBgjrEyAE0GkSkYu3jG0wyz60znuYtJlxdE33mYAPk40vKw1hOrGDl9iPJ1YaNliQie-gH5vV3MHWRwvMRdiDkCQ&atk=1jqb51kcq26s7009,"Degree or diploma in Civil Engineering or a related field. Hands-on experience with resin-based microcements, lime plasters, or natural finish systems or equivalent is a strong plus.",,,indeed_sa,2026-06-05 05:45:40.534850+00:00
Senior Resident Engineer (Museums),AtkinsRéalis,Riyadh,https://sa.indeed.com/rc/clk?jk=7e2c56174f6f4fef&bb=0cCFxE5cVSOJSqYKNaPqruq9N_fBGaKd-bR2gB-EK0MuLaULCVTKJQ0-djxq4sUlfdMRb7PMAGQ-Yk5F17Ro71yGy83AgJp_nOSAJgkSwzO4k2f8CtHHdeO3t0zDihuJ5VzusIbV2f0if_sc_6xofQ%3D%3D&xkcb=SoDw67M3iLCJVCTDah0bbzkdCdPP&rjs=0&qd=Xd-cji1-rrfYy0m8LpokE8dF20pwsUrmctm8cTGFOXDOAPLLNYb6wmUg8gjYJafwpsXE23qShaYtGgdtUJu_X5BBGG-ayCiM-gQi8HpsYsLtZozk31ERKPJGlDLUboAG50chrnGX4B46HyqhlSj9xMohy02t3MX0n-6xoRHLk5Oh8V2c0duIS4mZo0TAq11Zl61No7XvcMPz961yBIpblougDO3NlIXerppYqweTrkxdIR2u4KVXi5XGrbZ08pfBgjrEyAE0GkSkYu3jG0wyz60znuYtJlxdE33mYAPk40vKw1hOrGDl9iPJ1YaNliQie-gH5vV3MHWRwvMRdiDkCQ&atk=1jqb51kcq26s7009,"Bachelor's degree or a related field. Follow up with owners/engineers for timely approval of material submittals and drawings, conducting meetings and visiting their offices to address comments and…",,,indeed_sa,2026-06-05 05:45:40.463513+00:00
Field Service Technician - Saudi,Rapiscan,Riyadh,https://sa.indeed.com/rc/clk?jk=dc5c430523a5badd&bb=0cCFxE5cVSOJSqYKNaPqrnl0GNc5aWN3qgxtTQol9mPxpTxNvd0NUR7InZCXSel72fP1PYtfZw5p4u8B9Nae-ZG8a1_W7UZpkglnTN94Co8wW75YsrZPkX0UgZNI_WbRg5jpX-8DPFmUZnLH5G42yg%3D%3D&xkcb=SoBj67M3iLCJVCTDah0FbzkdCdPP&rjs=0&qd=Xd-cji1-rrfYy0m8LpokE8dF20pwsUrmctm8cTGFOXDOAPLLNYb6wmUg8gjYJafwpsXE23qShaYtGgdtUJu_X5BBGG-ayCiM-gQi8HpsYsLtZozk31ERKPJGlDLUboAG50chrnGX4B46HyqhlSj9xMohy02t3MX0n-6xoRHLk5Oh8V2c0duIS4mZo0TAq11Zl61No7XvcMPz961yBIpblougDO3NlIXerppYqweTrkxdIR2u4KVXi5XGrbZ08pfBgjrEyAE0GkSkYu3jG0wyz60znuYtJlxdE33mYAPk40vKw1hOrGDl9iPJ1YaNliQie-gH5vV3MHWRwvMRdiDkCQ&atk=1jqb51kcq26s7009,Experience gained within an electrical or mechanical discipline. Provide clear and concise oral and written reports to escalate complex technical issues (Level 3) to engineering teams or site…,,,indeed_sa,2026-06-05 05:45:40.415358+00:00
Prosthodontics Registrar-(207140)-Abha,Nahdi,Abha,https://sa.indeed.com/rc/clk?jk=18cbd366628e2054&bb=0cCFxE5cVSOJSqYKNaPqrlx9hxXHKpXurGmn6vTwx6LfNd7UVrolVh86OBvXa90jyOD7vPnwCUo41-Mf_DknunXM2r165aEOI42jAitYhKeGNtLguVrkFsCTGSIASgL-R8rZXb13FKPo6Tsf4lhX4Q%3D%3D&xkcb=SoD-67M3iLCJVCTDah0GbzkdCdPP&rjs=0&qd=Xd-cji1-rrfYy0m8LpokE8dF20pwsUrmctm8cTGFOXDOAPLLNYb6wmUg8gjYJafwpsXE23qShaYtGgdtUJu_X5BBGG-ayCiM-gQi8HpsYsLtZozk31ERKPJGlDLUboAG50chrnGX4B46HyqhlSj9xMohy02t3MX0n-6xoRHLk5Oh8V2c0duIS4mZo0TAq11Zl61No7XvcMPz961yBIpblougDO3NlIXerppYqweTrkxdIR2u4KVXi5XGrbZ08pfBgjrEyAE0GkSkYu3jG0wyz60znuYtJlxdE33mYAPk40vKw1hOrGDl9iPJ1YaNliQie-gH5vV3MHWRwvMRdiDkCQ&atk=1jqb51kcq26s7009,Working Hours : 8 net working hours according to shift schedule approved by head of department. Service as a Registrar in the Prosthodontics Registrar department is to Diagnose and treat injuries or…,,,indeed_sa,2026-06-05 05:45:40.362879+00:00
Saudi National Architectural Engineer (Fresh Graduate),Diyar Alwatan Trading & Contracting Company (DACO),Dammam,https://sa.indeed.com/rc/clk?jk=e76ca5b0f9eac4a0&bb=0cCFxE5cVSOJSqYKNaPqrmEL_8VsHMBiCbxp1H4u3FA7D_8Z2aKidAwZbBtlKO0LB4jluOovC2LbHjm4SUsG0Tys-YjCZQYOapildtp8nWPjEMBnnHHsg7p8Ot9padYnxnHifJnWjY4I6eW6CMVsVw%3D%3D&xkcb=SoBK67M3iLCJVCTDah0HbzkdCdPP&rjs=0&qd=Xd-cji1-rrfYy0m8LpokE8dF20pwsUrmctm8cTGFOXDOAPLLNYb6wmUg8gjYJafwpsXE23qShaYtGgdtUJu_X5BBGG-ayCiM-gQi8HpsYsLtZozk31ERKPJGlDLUboAG50chrnGX4B46HyqhlSj9xMohy02t3MX0n-6xoRHLk5Oh8V2c0duIS4mZo0TAq11Zl61No7XvcMPz961yBIpblougDO3NlIXerppYqweTrkxdIR2u4KVXi5XGrbZ08pfBgjrEyAE0GkSkYu3jG0wyz60znuYtJlxdE33mYAPk40vKw1hOrGDl9iPJ1YaNliQie-gH5vV3MHWRwvMRdiDkCQ&atk=1jqb51kcq26s7009,Bachelor's Degree in Architecture or Architectural Engineering. This is an excellent opportunity for a newly graduated engineer seeking hands-on experience in both site and office-based engineering…,,,indeed_sa,2026-06-05 05:45:40.309724+00:00
Senior Cloud Presales Consultant,Advansys ME,Riyadh,https://sa.indeed.com/rc/clk?jk=fa29c39b116a6a75&bb=0cCFxE5cVSOJSqYKNaPqrhttjkkHOByinj-SKE9tighKRBDjvQmg_sCraX7VuKhu1aasYJpWjw2UHD_0QgWNFtnUmdK9nSA0K4GGRNETMcY1Wo0L2v9fcrkgasclIjmvfQSFYy3DQfMc8dy4l9D8SQ%3D%3D&xkcb=SoDt67M3iLCJVCTDah0CbzkdCdPP&rjs=0&qd=Xd-cji1-rrfYy0m8LpokE8dF20pwsUrmctm8cTGFOXDOAPLLNYb6wmUg8gjYJafwpsXE23qShaYtGgdtUJu_X5BBGG-ayCiM-gQi8HpsYsLtZozk31ERKPJGlDLUboAG50chrnGX4B46HyqhlSj9xMohy02t3MX0n-6xoRHLk5Oh8V2c0duIS4mZo0TAq11Zl61No7XvcMPz961yBIpblougDO3NlIXerppYqweTrkxdIR2u4KVXi5XGrbZ08pfBgjrEyAE0GkSkYu3jG0wyz60znuYtJlxdE33mYAPk40vKw1hOrGDl9iPJ1YaNliQie-gH5vV3MHWRwvMRdiDkCQ&atk=1jqb51kcq26s7009,"Bachelors (or equivalent Degree level) education in a technology field. At least 2x associate level of public cloud certifications from AWS , Azure or GCP.",,,indeed_sa,2026-06-05 05:45:40.228365+00:00
Customer Success Service Support (HiAgent Direction),PlentyTechJobs,Riyadh,https://sa.indeed.com/rc/clk?jk=b6b2b330bac73e2d&bb=0cCFxE5cVSOJSqYKNaPqrlCnFxBuMc5Dsgp2QkEV7S8MPyM-13Gmz3-Q9pWHLg8n8EUonTT1IWnx-zpfWz4PkffL7DNPBUHY3Pp5TzcTfOVImN20HoisbvwBDXnA_l4P5IUxZZsP8gNIWUKGwD7GHQ%3D%3D&xkcb=SoBZ67M3iLCJVCTDah0DbzkdCdPP&rjs=0&qd=Xd-cji1-rrfYy0m8LpokE8dF20pwsUrmctm8cTGFOXDOAPLLNYb6wmUg8gjYJafwpsXE23qShaYtGgdtUJu_X5BBGG-ayCiM-gQi8HpsYsLtZozk31ERKPJGlDLUboAG50chrnGX4B46HyqhlSj9xMohy02t3MX0n-6xoRHLk5Oh8V2c0duIS4mZo0TAq11Zl61No7XvcMPz961yBIpblougDO3NlIXerppYqweTrkxdIR2u4KVXi5XGrbZ08pfBgjrEyAE0GkSkYu3jG0wyz60znuYtJlxdE33mYAPk40vKw1hOrGDl9iPJ1YaNliQie-gH5vV3MHWRwvMRdiDkCQ&atk=1jqb51kcq26s7009,Background in AI product deployment or enterprise SaaS implementation. Experience in AI/LLM application development or Agent-based systems. Hands-on experience with HiAgent or similar cloud AI agent…,,,indeed_sa,2026-06-05 05:45:40.176580+00:00
Senior Cloud Presales Consultant,Advansys,Riyadh,https://sa.indeed.com/rc/clk?jk=3c443f6cb6e2ec30&bb=0cCFxE5cVSOJSqYKNaPqrtyXQSw9oq7PnZ11sIAl3RHbJsEHYZo8cbGq_X8WnCo8eFgBuUSBx8nzBmLzpDMyh_lZJDRZjyAYcJ7GPY-cMxoua_J3AT9nMC7uXkaIoNx0YGqoflIdhqY__dYyUHX2DQ%3D%3D&xkcb=SoCw67M3iLCJVCTDah0MbzkdCdPP&rjs=0&qd=Xd-cji1-rrfYy0m8LpokE8dF20pwsUrmctm8cTGFOXDOAPLLNYb6wmUg8gjYJafwpsXE23qShaYtGgdtUJu_X5BBGG-ayCiM-gQi8HpsYsLtZozk31ERKPJGlDLUboAG50chrnGX4B46HyqhlSj9xMohy02t3MX0n-6xoRHLk5Oh8V2c0duIS4mZo0TAq11Zl61No7XvcMPz961yBIpblougDO3NlIXerppYqweTrkxdIR2u4KVXi5XGrbZ08pfBgjrEyAE0GkSkYu3jG0wyz60znuYtJlxdE33mYAPk40vKw1hOrGDl9iPJ1YaNliQie-gH5vV3MHWRwvMRdiDkCQ&atk=1jqb51kcq26s7009,"Bachelors (or equivalent Degree level) education in a technology field. At least 2x associate level of public cloud certifications from AWS , Azure or GCP.",,,indeed_sa,2026-06-05 05:45:40.122536+00:00
Customer Success Services Support (MaaS Service & Model Optimization),PlentyTechJobs,Riyadh,https://sa.indeed.com/rc/clk?jk=5e561d5a5e68c7a3&bb=0cCFxE5cVSOJSqYKNaPqrokLKdLTR272542uXd1LylW2MZPROPVTkwv2JZWbA_AF-srz8VVu7cOSPR3619Us25ruZ8zQ-e8UAtJiRDxHdZRXQ0E-wubJ3ClFXNxFm6W5tf1tw3-RvXbEpEVu7BmPTg%3D%3D&xkcb=SoCZ67M3iLCJVCTDah0ObzkdCdPP&rjs=0&qd=Xd-cji1-rrfYy0m8LpokE8dF20pwsUrmctm8cTGFOXDOAPLLNYb6wmUg8gjYJafwpsXE23qShaYtGgdtUJu_X5BBGG-ayCiM-gQi8HpsYsLtZozk31ERKPJGlDLUboAG50chrnGX4B46HyqhlSj9xMohy02t3MX0n-6xoRHLk5Oh8V2c0duIS4mZo0TAq11Zl61No7XvcMPz961yBIpblougDO3NlIXerppYqweTrkxdIR2u4KVXi5XGrbZ08pfBgjrEyAE0GkSkYu3jG0wyz60znuYtJlxdE33mYAPk40vKw1hOrGDl9iPJ1YaNliQie-gH5vV3MHWRwvMRdiDkCQ&atk=1jqb51kcq26s7009,"Overseas work or study experience. Experience with MaaS platforms or AI-focused organizations is preferred. Knowledge of TensorFlow, PyTorch, or similar deep learning frameworks.",,,indeed_sa,2026-06-05 05:45:40.067002+00:00
GYN & Hernia Tech Consultant - Abha-South Region,Medtronic,Jeddah,https://sa.indeed.com/rc/clk?jk=989031ae5cd67d2c&bb=0cCFxE5cVSOJSqYKNaPqrkIfqxdH0wld0iWXq6qpnJy45RHAWFGbMh72jzvzawtMKNG8rU2EH1Ji4IhxF19LYlbbzJcpqne-XVrB1hOHmRMo2zlc2JjKkAY-O16HZ6H0uhiVeU87CP_UDyTxrBCtHw%3D%3D&xkcb=SoCj67M3iLCJVCTDah0IbzkdCdPP&rjs=0&qd=Xd-cji1-rrfYy0m8LpokE8dF20pwsUrmctm8cTGFOXDOAPLLNYb6wmUg8gjYJafwpsXE23qShaYtGgdtUJu_X5BBGG-ayCiM-gQi8HpsYsLtZozk31ERKPJGlDLUboAG50chrnGX4B46HyqhlSj9xMohy02t3MX0n-6xoRHLk5Oh8V2c0duIS4mZo0TAq11Zl61No7XvcMPz961yBIpblougDO3NlIXerppYqweTrkxdIR2u4KVXi5XGrbZ08pfBgjrEyAE0GkSkYu3jG0wyz60znuYtJlxdE33mYAPk40vKw1hOrGDl9iPJ1YaNliQie-gH5vV3MHWRwvMRdiDkCQ&atk=1jqb51kcq26s7009,"5 years of experience with a proven track record in medical devices, clinical support, healthcare services, or a related industry, preferably surgery sales discipline (GYN or GS specialties).",,,indeed_sa,2026-06-05 05:45:40.011089+00:00
FIT-OUT SUPERVISOR,IMAR OVERSEAS SAUDI CO.W.L.L,Riyadh,https://sa.indeed.com/rc/clk?jk=816a846324bec749&bb=0cCFxE5cVSOJSqYKNaPqri9wUjSAGiPOambejkau9Lbys95gbkeNvS93XgSZdMkTKZdyBn043qi2SXfd55qXnPGF8RU7VG9aD_v6CltLo7TXZa4bYw0nAknO8tWUNZ0TBrshXOLtSwe3wFPvAOa_Og%3D%3D&xkcb=SoAX67M3iLCJVCTDah0JbzkdCdPP&rjs=0&qd=Xd-cji1-rrfYy0m8LpokE8dF20pwsUrmctm8cTGFOXDOAPLLNYb6wmUg8gjYJafwpsXE23qShaYtGgdtUJu_X5BBGG-ayCiM-gQi8HpsYsLtZozk31ERKPJGlDLUboAG50chrnGX4B46HyqhlSj9xMohy02t3MX0n-6xoRHLk5Oh8V2c0duIS4mZo0TAq11Zl61No7XvcMPz961yBIpblougDO3NlIXerppYqweTrkxdIR2u4KVXi5XGrbZ08pfBgjrEyAE0GkSkYu3jG0wyz60znuYtJlxdE33mYAPk40vKw1hOrGDl9iPJ1YaNliQie-gH5vV3MHWRwvMRdiDkCQ&atk=1jqb51kcq26s7009,"Coordinate with engineers , contractors, and other stakeholders. The ideal candidate will have a strong background in construction and contracting projects (Fit-out) and proven leadership in…",,,indeed_sa,2026-06-05 05:45:39.936918+00:00
General Manager - Operations,Future Pipe Industries,Dammam,https://sa.indeed.com/rc/clk?jk=d05b2d153e01c3a2&bb=0cCFxE5cVSOJSqYKNaPqrpUTyK3w39AgKRLK-lHoVhapDIbfMtyGf4ePd5-S9obhcuivN1fCT4IGC1seclIbIwRLCohdm_t8ivOlQdxxpvwuqDHet_2qg3-5jIpGTATuBHcs9sfYg_zqgfrINb0rDg%3D%3D&xkcb=SoCK67M3iLCJVCTDah0KbzkdCdPP&rjs=0&qd=Xd-cji1-rrfYy0m8LpokE8dF20pwsUrmctm8cTGFOXDOAPLLNYb6wmUg8gjYJafwpsXE23qShaYtGgdtUJu_X5BBGG-ayCiM-gQi8HpsYsLtZozk31ERKPJGlDLUboAG50chrnGX4B46HyqhlSj9xMohy02t3MX0n-6xoRHLk5Oh8V2c0duIS4mZo0TAq11Zl61No7XvcMPz961yBIpblougDO3NlIXerppYqweTrkxdIR2u4KVXi5XGrbZ08pfBgjrEyAE0GkSkYu3jG0wyz60znuYtJlxdE33mYAPk40vKw1hOrGDl9iPJ1YaNliQie-gH5vV3MHWRwvMRdiDkCQ&atk=1jqb51kcq26s7009,Six Sigma experience (Green Belt or above preferred). Strong ability to write and/or review financial statements. Drive RFT (Right First Time) performance to meet or exceed group standards.,,,indeed_sa,2026-06-05 05:45:39.886197+00:00
Sr. Splunk Engineer,DXC Technology,Riyadh,https://sa.indeed.com/rc/clk?jk=241dd1bdf812faeb&bb=DCwDrjQTuzFFT4geQPEO5RiTH4okYB-FduHpYh6fWOCbfdM9HepCPVPRUKc9BtRG0qFKD9lV6_fzd-O16rRAxLwmc3D0oKIfMmuNrzFfmztAYx5yRNqX_ERRMR-7rHCITDAde-tlgnRrESy4Nj8GXA%3D%3D&xkcb=SoAe67M3iLCJ27T43J0ZbzkdCdPP&rjs=0&qd=Xd-cji1-rrfYy0m8LpokE8dF20pwsUrmctm8cTGFOXDOAPLLNYb6wmUg8gjYJafwpsXE23qShaYtGgdtUJu_X5BBGG-ayCiM-gQi8HpsYsLtZozk31ERKPJGlDLUboAG50chrnGX4B46HyqhlSj9xMohy02t3MX0n-6xoRHLk5Oh8V2c0duIS4mZo0TAq11Zl61No7XvcMPz961yBIpblougDO3NlIXerppYqweTrkxdIR2u4KVXi5XGrbZ08pfBgjrEyAE0GkSkYu3jG0wyz60znuYtJlxdE33mYAPk40sHt6lbP9VBCLZDaBwFsmnSe-gH5vV3MHWRwvMRdiDkCQ&atk=1jqb51fto26pt001,Provide technical guidance and mentoring to junior Splunk engineers and analysts. 5+ years of hands-on experience in SIEM engineering with at least 3 years focused on Splunk Enterprise or Splunk Cloud…,,,indeed_sa,2026-06-05 05:45:36.253567+00:00
Terminal Systems Integration Lead (AIRPORTS / AVIATION),Parsons,Riyadh,https://sa.indeed.com/rc/clk?jk=34025ae150bbff2f&bb=DCwDrjQTuzFFT4geQPEO5UCh3ZFd0_RgbKSWjVl6DEfwAOUVdxYE7fUkKc9OAcSQMOA1k0qX_VbglCAo9r18R_vOfUu-JXDQr8K2v5Yq0y-fjzIaxIwnvBqNt0LOz7v0-q090udqVLdc4b4QqyhOFA%3D%3D&xkcb=SoCD67M3iLCJ27T43J0abzkdCdPP&rjs=0&qd=Xd-cji1-rrfYy0m8LpokE8dF20pwsUrmctm8cTGFOXDOAPLLNYb6wmUg8gjYJafwpsXE23qShaYtGgdtUJu_X5BBGG-ayCiM-gQi8HpsYsLtZozk31ERKPJGlDLUboAG50chrnGX4B46HyqhlSj9xMohy02t3MX0n-6xoRHLk5Oh8V2c0duIS4mZo0TAq11Zl61No7XvcMPz961yBIpblougDO3NlIXerppYqweTrkxdIR2u4KVXi5XGrbZ08pfBgjrEyAE0GkSkYu3jG0wyz60znuYtJlxdE33mYAPk40sHt6lbP9VBCLZDaBwFsmnSe-gH5vV3MHWRwvMRdiDkCQ&atk=1jqb51fto26pt001,"Provides technical guidance and integration support to systems engineers , testing teams, operational stakeholders, and specialist consultants. Minimum 15 years of professional experience in systems…",,,indeed_sa,2026-06-05 05:45:36.201097+00:00
Business Development Manager – Geoscience,Front End,Al Khobar,https://sa.indeed.com/rc/clk?jk=8ac9c9c37066d21c&bb=DCwDrjQTuzFFT4geQPEO5QuHHysM9kBOtK1WZmRukxiC6AuTKTlhMoUMB-81fdIk8w8pQDCiPuN2p51wT3rbtagwrqNnwlMYm9d1kIWfSj7YxDaU4RYX8_yEDRB3C7bP4y7oY2AlpPmXwAsGWxxZkw%3D%3D&xkcb=SoA367M3iLCJ27T43J0bbzkdCdPP&rjs=0&qd=Xd-cji1-rrfYy0m8LpokE8dF20pwsUrmctm8cTGFOXDOAPLLNYb6wmUg8gjYJafwpsXE23qShaYtGgdtUJu_X5BBGG-ayCiM-gQi8HpsYsLtZozk31ERKPJGlDLUboAG50chrnGX4B46HyqhlSj9xMohy02t3MX0n-6xoRHLk5Oh8V2c0duIS4mZo0TAq11Zl61No7XvcMPz961yBIpblougDO3NlIXerppYqweTrkxdIR2u4KVXi5XGrbZ08pfBgjrEyAE0GkSkYu3jG0wyz60znuYtJlxdE33mYAPk40sHt6lbP9VBCLZDaBwFsmnSe-gH5vV3MHWRwvMRdiDkCQ&atk=1jqb51fto26pt001,"Sell Front End's full geoscience portfolio, including: Experience working with international principals, survey contractors, or technology partners. Demonstrated track record of winning contracts and…",,,indeed_sa,2026-06-05 05:45:36.159482+00:00
Project Manager - Substation,"Hill International, Inc",Dammam,https://sa.indeed.com/rc/clk?jk=5f2a74d8ea4598d1&bb=DCwDrjQTuzFFT4geQPEO5diigbcepx1cNV1O5cZjjLWGJHD6Kt5ZJk5o9TvCX53vKviyz9F0qIeA9KaTJSdLIYFTMjEYrwbWR5lzpbLZfusU-2J9UFz3bOYb0Wp6d6J72-jByXwKpeegzwmAPdnRSQ%3D%3D&xkcb=SoAQ67M3iLCJ27T43J0EbzkdCdPP&rjs=0&qd=Xd-cji1-rrfYy0m8LpokE8dF20pwsUrmctm8cTGFOXDOAPLLNYb6wmUg8gjYJafwpsXE23qShaYtGgdtUJu_X5BBGG-ayCiM-gQi8HpsYsLtZozk31ERKPJGlDLUboAG50chrnGX4B46HyqhlSj9xMohy02t3MX0n-6xoRHLk5Oh8V2c0duIS4mZo0TAq11Zl61No7XvcMPz961yBIpblougDO3NlIXerppYqweTrkxdIR2u4KVXi5XGrbZ08pfBgjrEyAE0GkSkYu3jG0wyz60znuYtJlxdE33mYAPk40sHt6lbP9VBCLZDaBwFsmnSe-gH5vV3MHWRwvMRdiDkCQ&atk=1jqb51fto26pt001,Minimum 10 years in Project Management or PMC roles. The Project Manager (Substation) is responsible for leading the PMC oversight and delivery of the Airport Substation and Medium Voltage Network…,,,indeed_sa,2026-06-05 05:45:36.119365+00:00
Terminal Systems Lead - (AIRPORTS / AVIATION),Parsons,Riyadh,https://sa.indeed.com/rc/clk?jk=1de54cabb7b7e712&bb=DCwDrjQTuzFFT4geQPEO5aZQ3S_3K5VT5gTC5ycLOdrSuq3eNa2222eh_w1VdEei3dhTvF4cCL6WCZLqkRZrFs7gzC67_T58IERA3dz__DWsLDQ4CRXjiDLXpyq1bSu--HiqCoQpwfFmBSkZp_5J-Q%3D%3D&xkcb=SoCk67M3iLCJ27T43J0FbzkdCdPP&rjs=0&qd=Xd-cji1-rrfYy0m8LpokE8dF20pwsUrmctm8cTGFOXDOAPLLNYb6wmUg8gjYJafwpsXE23qShaYtGgdtUJu_X5BBGG-ayCiM-gQi8HpsYsLtZozk31ERKPJGlDLUboAG50chrnGX4B46HyqhlSj9xMohy02t3MX0n-6xoRHLk5Oh8V2c0duIS4mZo0TAq11Zl61No7XvcMPz961yBIpblougDO3NlIXerppYqweTrkxdIR2u4KVXi5XGrbZ08pfBgjrEyAE0GkSkYu3jG0wyz60znuYtJlxdE33mYAPk40sHt6lbP9VBCLZDaBwFsmnSe-gH5vV3MHWRwvMRdiDkCQ&atk=1jqb51fto26pt001,"Provides technical guidance and mentoring to systems engineers , integration teams, testing personnel, and specialist consultants. Minimum 15 years of professional experience in airport systems…",,,indeed_sa,2026-06-05 05:45:36.072939+00:00
Drilling Services Applications Engineer,Baker Hughes,Dhahran,https://sa.indeed.com/rc/clk?jk=4157fa750684d375&bb=DCwDrjQTuzFFT4geQPEO5VbObpki_pdUWti4crCdAf2VZPZChDllsbgLSdESMTrH1foI14BgQIzZ0dZe43bySWxAGEYPpKr5xZGcbNEax8VpSz47wTcr1Sx0jIGUFQhLfIPlOO0FJQIRFS8wAm5nuw%3D%3D&xkcb=SoAD67M3iLCJ27T43J0AbzkdCdPP&rjs=0&qd=Xd-cji1-rrfYy0m8LpokE8dF20pwsUrmctm8cTGFOXDOAPLLNYb6wmUg8gjYJafwpsXE23qShaYtGgdtUJu_X5BBGG-ayCiM-gQi8HpsYsLtZozk31ERKPJGlDLUboAG50chrnGX4B46HyqhlSj9xMohy02t3MX0n-6xoRHLk5Oh8V2c0duIS4mZo0TAq11Zl61No7XvcMPz961yBIpblougDO3NlIXerppYqweTrkxdIR2u4KVXi5XGrbZ08pfBgjrEyAE0GkSkYu3jG0wyz60znuYtJlxdE33mYAPk40sHt6lbP9VBCLZDaBwFsmnSe-gH5vV3MHWRwvMRdiDkCQ&atk=1jqb51fto26pt001,Safety net of life insurance and disability programs. Have a bachelor's degree in engineering or a relevant field. Working with the assigned Service Delivery Coordinator/Salesperson to understand the…,,,indeed_sa,2026-06-05 05:45:36.031298+00:00
Senior AI/ML Process Engineer,Yokogawa,Al Khobar,https://sa.indeed.com/rc/clk?jk=7e5cee95edd72e4a&bb=DCwDrjQTuzFFT4geQPEO5fdGLj5Z_zgPU7nAgGGwzsFDqs8yDnO54Xx5ozkNKhReyfqEy-_9PHiImkqwvrn6PFLxGnbLshx5A8qpzfy0RMK3Pg5UULVfRj-_C446SNJLVCkB9tH1-RPwlcvWguQbXw%3D%3D&xkcb=SoC367M3iLCJ27T43J0BbzkdCdPP&rjs=0&qd=Xd-cji1-rrfYy0m8LpokE8dF20pwsUrmctm8cTGFOXDOAPLLNYb6wmUg8gjYJafwpsXE23qShaYtGgdtUJu_X5BBGG-ayCiM-gQi8HpsYsLtZozk31ERKPJGlDLUboAG50chrnGX4B46HyqhlSj9xMohy02t3MX0n-6xoRHLk5Oh8V2c0duIS4mZo0TAq11Zl61No7XvcMPz961yBIpblougDO3NlIXerppYqweTrkxdIR2u4KVXi5XGrbZ08pfBgjrEyAE0GkSkYu3jG0wyz60znuYtJlxdE33mYAPk40sHt6lbP9VBCLZDaBwFsmnSe-gH5vV3MHWRwvMRdiDkCQ&atk=1jqb51fto26pt001,"Master's or Ph.D. preferred, with a minimum of 15 years of industrial process experience spanning APC/RTO-related software development, engineering, and business development.",,,indeed_sa,2026-06-05 05:45:35.988288+00:00
Category Specialist,Hitachi,Dammam,https://sa.indeed.com/rc/clk?jk=5d8d5060af11b6e8&bb=DCwDrjQTuzFFT4geQPEO5SEi_wem3ztZWBX41c3hYnxz9kSHLVXk5AoONf3IUKLIPsu2PUQCxcx0kFW_EWtub4r5-R973UReq64qCtpPYzErAlZX5P5WmudV3IW7I1NFUAfBEQegnaLxa_6pIVNWvA%3D%3D&xkcb=SoAq67M3iLCJ27T43J0CbzkdCdPP&rjs=0&qd=Xd-cji1-rrfYy0m8LpokE8dF20pwsUrmctm8cTGFOXDOAPLLNYb6wmUg8gjYJafwpsXE23qShaYtGgdtUJu_X5BBGG-ayCiM-gQi8HpsYsLtZozk31ERKPJGlDLUboAG50chrnGX4B46HyqhlSj9xMohy02t3MX0n-6xoRHLk5Oh8V2c0duIS4mZo0TAq11Zl61No7XvcMPz961yBIpblougDO3NlIXerppYqweTrkxdIR2u4KVXi5XGrbZ08pfBgjrEyAE0GkSkYu3jG0wyz60znuYtJlxdE33mYAPk40sHt6lbP9VBCLZDaBwFsmnSe-gH5vV3MHWRwvMRdiDkCQ&atk=1jqb51fto26pt001,"Bachelor’s degree or above in Engineering, Economics, Business Administration, or Supply Chain Management, or equivalent work experience. Qualified individuals with a disability may request a…",,,indeed_sa,2026-06-05 05:45:35.940167+00:00
Senior Software Engineer - Frontend (React),CodeNinja,Riyadh,https://sa.indeed.com/rc/clk?jk=9776495636a35c49&bb=DCwDrjQTuzFFT4geQPEO5fASf1DdubIrA57QiPpQezINXu90y-3HP9JNXGFbV_YA8fg7zNBXUzFrrPwFuv3yoU2mKeqdiSTyW75SiW1VZvP6HlJ56RYB2sy36jE3-X0vrZ0vNcqqtWVO4cqcpsRCVg%3D%3D&xkcb=SoCe67M3iLCJ27T43J0DbzkdCdPP&rjs=0&qd=Xd-cji1-rrfYy0m8LpokE8dF20pwsUrmctm8cTGFOXDOAPLLNYb6wmUg8gjYJafwpsXE23qShaYtGgdtUJu_X5BBGG-ayCiM-gQi8HpsYsLtZozk31ERKPJGlDLUboAG50chrnGX4B46HyqhlSj9xMohy02t3MX0n-6xoRHLk5Oh8V2c0duIS4mZo0TAq11Zl61No7XvcMPz961yBIpblougDO3NlIXerppYqweTrkxdIR2u4KVXi5XGrbZ08pfBgjrEyAE0GkSkYu3jG0wyz60znuYtJlxdE33mYAPk40sHt6lbP9VBCLZDaBwFsmnSe-gH5vV3MHWRwvMRdiDkCQ&atk=1jqb51fto26pt001,You will collaborate closely with designers and backend engineers to ensure seamless integration and optimal functionality. Exposure to cloud platforms and frontend deployment practices.,,,indeed_sa,2026-06-05 05:45:35.894090+00:00
Contract Engineer (Oil & Gas EPC),BEEHIVE,Jubail,https://sa.indeed.com/rc/clk?jk=5f09030a59c235fd&bb=DCwDrjQTuzFFT4geQPEO5TmYfZ-TAjUD_Zk-ECWNxlp-EiwYN7d1y-dplgWgtVoVlIBOZSr1MZiLcc8byKtqcrA9O8c-b3yrhRG0ZigJfUhN4PqVtIZ-6m8LJbHHXVEbAevsUAdWE2CA7I9j86sKgg%3D%3D&xkcb=SoDD67M3iLCJ27T43J0NbzkdCdPP&rjs=0&qd=Xd-cji1-rrfYy0m8LpokE8dF20pwsUrmctm8cTGFOXDOAPLLNYb6wmUg8gjYJafwpsXE23qShaYtGgdtUJu_X5BBGG-ayCiM-gQi8HpsYsLtZozk31ERKPJGlDLUboAG50chrnGX4B46HyqhlSj9xMohy02t3MX0n-6xoRHLk5Oh8V2c0duIS4mZo0TAq11Zl61No7XvcMPz961yBIpblougDO3NlIXerppYqweTrkxdIR2u4KVXi5XGrbZ08pfBgjrEyAE0GkSkYu3jG0wyz60znuYtJlxdE33mYAPk40sHt6lbP9VBCLZDaBwFsmnSe-gH5vV3MHWRwvMRdiDkCQ&atk=1jqb51fto26pt001,"Bachelor's Degree in Mechanical Engineering or a related field. Qualification:* Bachelor's Degree in Mechanical Engineering or related discipline. Experience working on refinery, petrochemical, gas…",,,indeed_sa,2026-06-05 05:45:35.852911+00:00
Machinist,GE Vernova,Dammam,https://sa.indeed.com/rc/clk?jk=e1048a2b83a12982&bb=DCwDrjQTuzFFT4geQPEO5QuHHysM9kBOl2O19fa1qIV3BoPFLnlobkc713UYAUnpvgZhO4NCp5Mcc7khVIecjOktLaE2CsR4PFglvUqEYvTzPVfb7-zzhiU-R6SJqJzB8yIjcHw-digb1aZHMgyElQ%3D%3D&xkcb=SoBe67M3iLCJ27T43J0ObzkdCdPP&rjs=0&qd=Xd-cji1-rrfYy0m8LpokE8dF20pwsUrmctm8cTGFOXDOAPLLNYb6wmUg8gjYJafwpsXE23qShaYtGgdtUJu_X5BBGG-ayCiM-gQi8HpsYsLtZozk31ERKPJGlDLUboAG50chrnGX4B46HyqhlSj9xMohy02t3MX0n-6xoRHLk5Oh8V2c0duIS4mZo0TAq11Zl61No7XvcMPz961yBIpblougDO3NlIXerppYqweTrkxdIR2u4KVXi5XGrbZ08pfBgjrEyAE0GkSkYu3jG0wyz60znuYtJlxdE33mYAPk40sHt6lbP9VBCLZDaBwFsmnSe-gH5vV3MHWRwvMRdiDkCQ&atk=1jqb51fto26pt001,"Diploma or Technical college degree or equivalent ( Mechanical , Electrical or similar discipline). Will be required to perform efficiently with little or no supervision.",,,indeed_sa,2026-06-05 05:45:35.802316+00:00
Quality Assurance Supervisor,Nestlé,Medina,https://sa.indeed.com/rc/clk?jk=91e3fa507203220c&bb=DCwDrjQTuzFFT4geQPEO5SqxQ4sev0nr1Eww3zY7xVyQCMY62cMp2QztEEtPEHfvXMbvog0hnfmSkuStJfSmdVcuwaZfWirsy0H3dTiQyu4_c4HpfrBTKPtPiZryYxtJtlVCuB2mc8Lr2SO_d94SHg%3D%3D&xkcb=SoDq67M3iLCJ27T43J0PbzkdCdPP&rjs=0&qd=Xd-cji1-rrfYy0m8LpokE8dF20pwsUrmctm8cTGFOXDOAPLLNYb6wmUg8gjYJafwpsXE23qShaYtGgdtUJu_X5BBGG-ayCiM-gQi8HpsYsLtZozk31ERKPJGlDLUboAG50chrnGX4B46HyqhlSj9xMohy02t3MX0n-6xoRHLk5Oh8V2c0duIS4mZo0TAq11Zl61No7XvcMPz961yBIpblougDO3NlIXerppYqweTrkxdIR2u4KVXi5XGrbZ08pfBgjrEyAE0GkSkYu3jG0wyz60znuYtJlxdE33mYAPk40sHt6lbP9VBCLZDaBwFsmnSe-gH5vV3MHWRwvMRdiDkCQ&atk=1jqb51fto26pt001,Bachelor Degree of food safety or chemical or biochemical. As a Quality Supervisor you will be responsible for evaluating product and process quality in order to ensure that the requirements of the…,,,indeed_sa,2026-06-05 05:45:35.756281+00:00
AI & Digital Transformation Manager,Exceptional Interior Decoration,Riyadh,https://sa.indeed.com/rc/clk?jk=982e328bf7943208&bb=DCwDrjQTuzFFT4geQPEO5XMid_5s6qcVzfyiVH3rpodfLO47UG4GS_uT2JxGp1eAo4RFynKKkZGXT3Ez3Fy_ov5IZURf1_ZvJ295JvA6f91R4kXTLfbgXma-ey-xqXyTUaY2Yrs6fOEEaHMncGfKoQ%3D%3D&xkcb=SoBk67M3iLCJ27T43J0IbzkdCdPP&rjs=0&qd=Xd-cji1-rrfYy0m8LpokE8dF20pwsUrmctm8cTGFOXDOAPLLNYb6wmUg8gjYJafwpsXE23qShaYtGgdtUJu_X5BBGG-ayCiM-gQi8HpsYsLtZozk31ERKPJGlDLUboAG50chrnGX4B46HyqhlSj9xMohy02t3MX0n-6xoRHLk5Oh8V2c0duIS4mZo0TAq11Zl61No7XvcMPz961yBIpblougDO3NlIXerppYqweTrkxdIR2u4KVXi5XGrbZ08pfBgjrEyAE0GkSkYu3jG0wyz60znuYtJlxdE33mYAPk40sHt6lbP9VBCLZDaBwFsmnSe-gH5vV3MHWRwvMRdiDkCQ&atk=1jqb51fto26pt001,"Minimum 5 years of experience in AI implementation, digital transformation, automation, or business process optimization. Experience within construction, consultancy, hospitality, architecture, or…",,,indeed_sa,2026-06-05 05:45:35.696478+00:00
SUPERVISOR - INSTRUMENTATION,Chevron Phillips Chemical Company,Jubail,https://sa.indeed.com/rc/clk?jk=ab2d5bf61a3b4abb&bb=DCwDrjQTuzFFT4geQPEO5aBx4bOPm155XNyO0daUrD1p0kg0JwquqwiRw4HEhm8EnTs319LfwuGRUiPw22XKyDvZSLOBLCxV4c3Ok_wkuUwtZ9aj3CtvMhk-0bqQ2Aczu5I6MZ8Hl83gWP9_heg9Cw%3D%3D&xkcb=SoBN67M3iLCJ27T43J0KbzkdCdPP&rjs=0&qd=Xd-cji1-rrfYy0m8LpokE8dF20pwsUrmctm8cTGFOXDOAPLLNYb6wmUg8gjYJafwpsXE23qShaYtGgdtUJu_X5BBGG-ayCiM-gQi8HpsYsLtZozk31ERKPJGlDLUboAG50chrnGX4B46HyqhlSj9xMohy02t3MX0n-6xoRHLk5Oh8V2c0duIS4mZo0TAq11Zl61No7XvcMPz961yBIpblougDO3NlIXerppYqweTrkxdIR2u4KVXi5XGrbZ08pfBgjrEyAE0GkSkYu3jG0wyz60znuYtJlxdE33mYAPk40sHt6lbP9VBCLZDaBwFsmnSe-gH5vV3MHWRwvMRdiDkCQ&atk=1jqb51fto26pt001,Applies for and obtain the type of work permit (general or hot work or confined space permit) needed to carry out the maintenance job. Plans and supervise execution of maintenance tasks to achieve…,,,indeed_sa,2026-06-05 05:45:35.655538+00:00
Enterprise AI Architect,Riyadh Air,Riyadh,https://sa.indeed.com/rc/clk?jk=ced860a925d6743a&bb=DCwDrjQTuzFFT4geQPEO5b4h6TdsRTKZJzd9EUxEpv1dYfM2yF7ZgO6LhfchkRkayUWQ3VTFZaUYlKbx71jRDrbwjrSOiFrvUHjbBiqnDAGjOFtMqSK8O_wDs5Ao5ussL1sgQPgEIhKjoaTzWRMqTw%3D%3D&xkcb=SoD567M3iLCJ27T43J0LbzkdCdPP&rjs=0&qd=Xd-cji1-rrfYy0m8LpokE8dF20pwsUrmctm8cTGFOXDOAPLLNYb6wmUg8gjYJafwpsXE23qShaYtGgdtUJu_X5BBGG-ayCiM-gQi8HpsYsLtZozk31ERKPJGlDLUboAG50chrnGX4B46HyqhlSj9xMohy02t3MX0n-6xoRHLk5Oh8V2c0duIS4mZo0TAq11Zl61No7XvcMPz961yBIpblougDO3NlIXerppYqweTrkxdIR2u4KVXi5XGrbZ08pfBgjrEyAE0GkSkYu3jG0wyz60znuYtJlxdE33mYAPk40sHt6lbP9VBCLZDaBwFsmnSe-gH5vV3MHWRwvMRdiDkCQ&atk=1jqb51fto26pt001,"You are expected to demonstrate deep expertise across cloud platforms (AWS, Azure or GCP) and AI services and solid experience with Generative AI , LLMs, and modern architectures (including RAG and…",,,indeed_sa,2026-06-05 05:45:35.609384+00:00
Systems Engineer,Partner One Capital,Riyadh,https://sa.indeed.com/rc/clk?jk=629e367674e8a953&bb=DCwDrjQTuzFFT4geQPEO5TnQMSAeGfhSN-Z59b5EkGmnWfTSV9vWVe1oqZONKRBC70_JmNbtwQlGsQR8JffnReZ79tZuGRm0RTSy-TGcUOdKqpYpOyEyLcnrrRDSAfn1j-2-btXHxcZhuc61MMwmww%3D%3D&xkcb=SoAH67M3iLCJ24z43J0ObzkdCdPP&rjs=0&qd=Xd-cji1-rrfYy0m8LpokE8dF20pwsUrmctm8cTGFOXDOAPLLNYb6wmUg8gjYJafwpsXE23qShaYtGgdtUJu_X5BBGG-ayCiM-gQi8HpsYsLtZozk31ERKPJGlDLUboAG50chrnGX4B46HyqhlSj9xMohy02t3MX0n-6xoRHLk5Oh8V2c0duIS4mZo0TAq11Zl61No7XvcMPz961yBIpblougDO3NlIXerppYqweTrkxdIR2u4KVXi5XGrbZ08pfBgjrEyAE0GkSkYu3jG0wyz60znuYtJlxdE33mYAPk40sHt6lbP9VBCLZDaBwFsmnSe-gH5vV3MHWRwvMRdiDkCQ&atk=1jqb51fto26pt001,"Exposure to threat hunting, detection engineering, or SOC operations. Hands-on experience with one or more Threat Detection & Response platforms: SIEM, NDR, EDR. Fluency in French is a plus.",,,indeed_sa,2026-06-05 05:45:35.567623+00:00
Technical Project Manager,Takamul Technologies,Al Khobar,https://sa.indeed.com/rc/clk?jk=d9e00e3f47fabb01&bb=DCwDrjQTuzFFT4geQPEO5S_SHGyAmcMAZfqYhLBgzJyC6Vea3mP4tc2bRuNZrRvzQb22RJ6AScXj2eqmWoxTI72cEJBu-MKSVJ3mzIMLaGQz6QOSHUE7nQ55vDAIeWV11FquvIBouxTJQlnLy5L33w%3D%3D&xkcb=SoCz67M3iLCJ24z43J0PbzkdCdPP&rjs=0&qd=Xd-cji1-rrfYy0m8LpokE8dF20pwsUrmctm8cTGFOXDOAPLLNYb6wmUg8gjYJafwpsXE23qShaYtGgdtUJu_X5BBGG-ayCiM-gQi8HpsYsLtZozk31ERKPJGlDLUboAG50chrnGX4B46HyqhlSj9xMohy02t3MX0n-6xoRHLk5Oh8V2c0duIS4mZo0TAq11Zl61No7XvcMPz961yBIpblougDO3NlIXerppYqweTrkxdIR2u4KVXi5XGrbZ08pfBgjrEyAE0GkSkYu3jG0wyz60znuYtJlxdE33mYAPk40sHt6lbP9VBCLZDaBwFsmnSe-gH5vV3MHWRwvMRdiDkCQ&atk=1jqb51fto26pt001,"3–5 years of experience in software project delivery, Scrum delivery management, or a similar role. Proven experience managing multiple concurrent software projects.",,,indeed_sa,2026-06-05 05:45:35.526276+00:00
Junior CAD operator,IMAR OVERSEAS SAUDI CO.W.L.L,Riyadh,https://sa.indeed.com/rc/clk?jk=2e94a7face9eb5ce&bb=DCwDrjQTuzFFT4geQPEO5Sw_dzLXH3xVYHEga471CJWF_2tr7KRwEvPq2LY40_F8SbxJYMj2tUPJFIdC3hiBoeuurq1xdghJVIsv4KYZh84gGu3UOlwA_dDox1vWYsWvCZstOnN9Eod4maaHnLWh5w%3D%3D&xkcb=SoA967M3iLCJ24z43J0IbzkdCdPP&rjs=0&qd=Xd-cji1-rrfYy0m8LpokE8dF20pwsUrmctm8cTGFOXDOAPLLNYb6wmUg8gjYJafwpsXE23qShaYtGgdtUJu_X5BBGG-ayCiM-gQi8HpsYsLtZozk31ERKPJGlDLUboAG50chrnGX4B46HyqhlSj9xMohy02t3MX0n-6xoRHLk5Oh8V2c0duIS4mZo0TAq11Zl61No7XvcMPz961yBIpblougDO3NlIXerppYqweTrkxdIR2u4KVXi5XGrbZ08pfBgjrEyAE0GkSkYu3jG0wyz60znuYtJlxdE33mYAPk40sHt6lbP9VBCLZDaBwFsmnSe-gH5vV3MHWRwvMRdiDkCQ&atk=1jqb51fto26pt001,"Diploma or Bachelor’s degree in Architecture, Civil Engineering or Drafting. Coordinate with project engineers , designers, and site teams to ensure drawing accuracy.",,,indeed_sa,2026-06-05 05:45:35.473951+00:00
Network Engineer,Parsons,Riyadh,https://sa.indeed.com/rc/clk?jk=e49cb231a1a3c75b&bb=DCwDrjQTuzFFT4geQPEO5SLr4YQaM_2fR5QbPRvTcvTVJvdT4Oq6d2CGCUrFkOILLCIJYH79NDv-OYpDllPFfHOsJ1z6Pyp_U0vdosp3xHMGn79S3sV-xmHfSgKUEWoQW24jzlr1AJcVv4TSNl1cMg%3D%3D&xkcb=SoCJ67M3iLCJ24z43J0JbzkdCdPP&rjs=0&qd=Xd-cji1-rrfYy0m8LpokE8dF20pwsUrmctm8cTGFOXDOAPLLNYb6wmUg8gjYJafwpsXE23qShaYtGgdtUJu_X5BBGG-ayCiM-gQi8HpsYsLtZozk31ERKPJGlDLUboAG50chrnGX4B46HyqhlSj9xMohy02t3MX0n-6xoRHLk5Oh8V2c0duIS4mZo0TAq11Zl61No7XvcMPz961yBIpblougDO3NlIXerppYqweTrkxdIR2u4KVXi5XGrbZ08pfBgjrEyAE0GkSkYu3jG0wyz60znuYtJlxdE33mYAPk40sHt6lbP9VBCLZDaBwFsmnSe-gH5vV3MHWRwvMRdiDkCQ&atk=1jqb51fto26pt001,Experience supporting operational technology (OT) or mission-critical infrastructure environments preferred. Experience working on large-scale transportation or smart mobility programs within the Gulf…,,,indeed_sa,2026-06-05 05:45:35.434956+00:00
Cashier,Calo Inc.,Riyadh,https://sa.indeed.com/rc/clk?jk=ab053a3b3d8f5be5&bb=DCwDrjQTuzFFT4geQPEO5XDCUrhpuC88NFRNRizycsiq4ihiheP_ZIUOC_2KhVooJoAMvDvaStMFV6R3BTejkRfzmO74STDmYK9EDPGrUOMtXrTLFG-5ayiW8iKNL2kKu4UWORAR1lp8mg50Khqlzw%3D%3D&xkcb=SoCg67M3iLCJ24z43J0LbzkdCdPP&rjs=0&qd=Xd-cji1-rrfYy0m8LpokE8dF20pwsUrmctm8cTGFOXDOAPLLNYb6wmUg8gjYJafwpsXE23qShaYtGgdtUJu_X5BBGG-ayCiM-gQi8HpsYsLtZozk31ERKPJGlDLUboAG50chrnGX4B46HyqhlSj9xMohy02t3MX0n-6xoRHLk5Oh8V2c0duIS4mZo0TAq11Zl61No7XvcMPz961yBIpblougDO3NlIXerppYqweTrkxdIR2u4KVXi5XGrbZ08pfBgjrEyAE0GkSkYu3jG0wyz60znuYtJlxdE33mYAPk40sHt6lbP9VBCLZDaBwFsmnSe-gH5vV3MHWRwvMRdiDkCQ&atk=1jqb51fto26pt001,"Ensure accuracy of orders before serving customers or dispatching deliveries. Experience in cafés, restaurants, or quick-service restaurants is a plus. Comfortable using POS systems and technology.",,,indeed_sa,2026-06-05 05:45:35.380272+00:00
